Name,FitNum,RedChiSq,lf,AlignMag,Temp,pA,pB,pC,dwB,dwC,kexAB,kexAC,kexBC,k12,k21,k13,k31,k23,k32,tau1,tau2,tau3,dG12,dG13,ddG12,ddG21,ddG13,ddG31,ddG23,ddG32,R1,R1b,R1c,R2,R2b,R2c,pA_err,pB_err,pC_err,dwB_err,dwC_err,kexAB_err,kexAC_err,kexBC_err,k12_err,k21_err,k13_err,k31_err,k23_err,k32_err,tau1_err,tau2_err,tau3_err,dG12_err,dG13_err,ddG12_err,ddG21_err,ddG13_err,ddG31_err,ddG23_err,ddG32_err,R1_err,R1b_err,R1c_err,R2_err,R2b_err,R2c_err
G7C1p_pH5.3HS_25C,1,0.9917139024524136,176.090091,auto,298.15,0.995,0.005,0.0,0.5140513565303104,0.0,1506.172908501557,0.0,0.0,7.53086454251,1498.64204396,0.0,0.0,0.0,0.0,0.132786879163,0.000667270749564,0.0,3.13620237989,0.0,16.256930907,13.1207285271,0.0,0.0,0.0,0.0,1.5512204383487018,1.5512204383487018,1.5512204383487018,21.424071108975106,21.424071108975106,21.424071108975106,0.005,0.005,0.0,0.05388031766338871,0.0,259.0288639420596,0.0,0.0,7.60440767285,257.842626126,0.0,0.0,0.0,0.0,0.134083617766,0.000114804494574,0.0,0.606892972034,0.0,0.598270695894,0.101937500159,0.0,0.0,0.0,0.0,0.03770701766036935,0.03770701766036935,0.03770701766036935,0.068388429762051,0.068388429762051,0.068388429762051
