Name,FitNum,N,DF,K,ChiSq,RedChiSq,Rsq,AdjRsq,AIC,BIC,RSS,TSS,SDR
G7C8_pH5.3HS_25C,1,280,270,10,267.7627536621517,0.9917139024524136,0.9742188881062399,0.9732604824596317,8.305130435983203,43.83518260150469,267.7627536621517,10386.004869206554,0.995848333057004
