Name,FitNum,RedChiSq,lf,AlignMag,Temp,pA,pB,pC,dwB,dwC,kexAB,kexAC,kexBC,k12,k21,k13,k31,k23,k32,tau1,tau2,tau3,dG12,dG13,ddG12,ddG21,ddG13,ddG31,ddG23,ddG32,R1,R1b,R1c,R2,R2b,R2c,pA_err,pB_err,pC_err,dwB_err,dwC_err,kexAB_err,kexAC_err,kexBC_err,k12_err,k21_err,k13_err,k31_err,k23_err,k32_err,tau1_err,tau2_err,tau3_err,dG12_err,dG13_err,ddG12_err,ddG21_err,ddG13_err,ddG31_err,ddG23_err,ddG32_err,R1_err,R1b_err,R1c_err,R2_err,R2b_err,R2c_err
gc8,1,0.5632389448140401,150.7,auto,298.15,0.92,0.08,0.0,2.701944881523952,0.0,65.33979743276628,0.0,0.0,5.22718379462,60.1126136381,0.0,0.0,0.0,0.0,0.191307602581,0.0166354437027,0.0,1.44705336996,0.0,16.4732691213,15.0262157513,0.0,0.0,0.0,0.0,1.7305060015238567,1.7305060015238567,1.7305060015238567,22.726429328729754,22.726429328729754,22.726429328729754,0.08,0.08,0.0,0.0423043227472719,0.0,1.8569807291328893,0.0,0.0,4.82944180378,5.1205610216,0.0,0.0,0.0,0.0,0.17675080303,0.00141705375038,0.0,0.549723629768,0.0,0.547401952338,0.0504695125941,0.0,0.0,0.0,0.0,0.10962577459723158,0.10962577459723158,0.10962577459723158,0.13173677496995662,0.13173677496995662,0.13173677496995662
