Name,FitNum,N,DF,K,ChiSq,RedChiSq,Rsq,AdjRsq,AIC,BIC,RSS,TSS,SDR
ac1p,1,196,189,7,88.70755164016444,0.4693521250802351,0.9829600292170916,0.9823255622198556,-140.78710410670953,-118.43604617294697,88.70755164016441,5205.8511584503685,0.685092785745285
