Name,FitNum,N,DF,K,ChiSq,RedChiSq,Rsq,AdjRsq,AIC,BIC,RSS,TSS,SDR
gc1p,1,308,301,7,128.71030301797052,0.4276089801261479,0.9538735357659115,0.9527972516004495,-254.74097005016847,-228.63027156935345,128.71030301797043,2790.378693774901,0.6539181754058742
