Name,FitNum,N,DF,K,ChiSq,RedChiSq,Rsq,AdjRsq,AIC,BIC,RSS,TSS,SDR
gc1p,1,216,209,7,36.517537924358194,0.1747250618390344,0.9867380462793447,0.9862917305291303,-369.39846508745643,-346.30997777212883,36.51753792435819,2753.556428679341,0.4180012701404559
