Name,FitNum,N,DF,K,ChiSq,RedChiSq,Rsq,AdjRsq,AIC,BIC,RSS,TSS,SDR
ac8,1,219,212,7,143.09725206104622,0.6749870380238029,0.9915215440334342,0.9912402682430742,-78.6640412669882,-55.471344845476494,143.09725206104622,16877.749041257106,0.8215759478123753
