Name,FitNum,RedChiSq,lf,AlignMag,Temp,pA,pB,pC,dwB,dwC,kexAB,kexAC,kexBC,k12,k21,k13,k31,k23,k32,tau1,tau2,tau3,dG12,dG13,ddG12,ddG21,ddG13,ddG31,ddG23,ddG32,R1,R1b,R1c,R2,R2b,R2c,pA_err,pB_err,pC_err,dwB_err,dwC_err,kexAB_err,kexAC_err,kexBC_err,k12_err,k21_err,k13_err,k31_err,k23_err,k32_err,tau1_err,tau2_err,tau3_err,dG12_err,dG13_err,ddG12_err,ddG21_err,ddG13_err,ddG31_err,ddG23_err,ddG32_err,R1_err,R1b_err,R1c_err,R2_err,R2b_err,R2c_err
ac1p,1,0.6749870380238029,150.7,auto,298.15,0.95,0.05,0.0,2.114543849935223,0.0,2959.9621732340283,0.0,0.0,147.998108662,2811.96406457,0.0,0.0,0.0,0.0,0.00675684310457,0.000355623321293,0.0,1.7445351892,0.0,14.4923989623,12.7478637731,0.0,0.0,0.0,0.0,3.0450330892344932,3.0450330892344932,3.0450330892344932,15.273823528567336,15.273823528567336,15.273823528567336,0.05,0.05,0.0,0.02991761553545903,0.0,115.5811406228405,0.0,0.0,140.911358136,178.547223201,0.0,0.0,0.0,0.0,0.00643329801432,2.25805006978e-05,0.0,0.565367204157,0.0,0.564114172785,0.0376201488619,0.0,0.0,0.0,0.0,0.2759978436214047,0.2759978436214047,0.2759978436214047,0.6227473521942738,0.6227473521942738,0.6227473521942738
