Name,FitNum,N,DF,K,ChiSq,RedChiSq,Rsq,AdjRsq,AIC,BIC,RSS,TSS,SDR
ac1p,1,219,212,7,143.09725206104622,0.6749870380238029,0.9910591692801914,0.9907625540430414,-78.6640412669882,-55.471344845476494,143.09725206104622,16004.916829933014,0.8215759478123753
