Name,FitNum,N,DF,K,ChiSq,RedChiSq,Rsq,AdjRsq,AIC,BIC,RSS,TSS,SDR
A16_C8_Off,1,105,101,4,90.79205678233409,0.8989312552706346,0.9898013265035693,0.9893933795637121,-6.865797618505999,3.350043782124093,90.79205678233411,8902.33978115971,0.9481198527984923
