Name,FitNum,RedChiSq,lf,AlignMag,Temp,pA,pB,pC,dwB,dwC,kexAB,kexAC,kexBC,k12,k21,k13,k31,k23,k32,tau1,tau2,tau3,dG12,dG13,ddG12,ddG21,ddG13,ddG31,ddG23,ddG32,R1,R1b,R1c,R2,R2b,R2c,pA_err,pB_err,pC_err,dwB_err,dwC_err,kexAB_err,kexAC_err,kexBC_err,k12_err,k21_err,k13_err,k31_err,k23_err,k32_err,tau1_err,tau2_err,tau3_err,dG12_err,dG13_err,ddG12_err,ddG21_err,ddG13_err,ddG31_err,ddG23_err,ddG32_err,R1_err,R1b_err,R1c_err,R2_err,R2b_err,R2c_err
A6RNAm6A_C2_37,1,1.8675549749993408,150.88,auto,298.15,0.9,0.1,0.0,0.20633603856037472,0.0,1608.1870566616938,0.0,0.0,160.818705666,1447.368351,0.0,0.0,0.0,0.0,0.00621818211916,0.000690909124351,0.0,1.30182205197,0.0,14.4431764051,13.1413543532,0.0,0.0,0.0,0.0,4.729938706641627,4.729938706641627,4.729938706641627,20.901563171611212,20.901563171611212,20.901563171611212,0.1,0.1,0.0,0.016474579292492728,0.0,470.0830371590819,0.0,0.0,153.026659814,447.436708456,0.0,0.0,0.0,0.0,0.0059168965194,0.000213586337043,0.0,0.592783664533,0.0,0.563777464433,0.183159612183,0.0,0.0,0.0,0.0,0.06185961845451007,0.06185961845451007,0.06185961845451007,0.10922767051715683,0.10922767051715683,0.10922767051715683
