Name,FitNum,RedChiSq,lf,AlignMag,Temp,pA,pB,pC,dwB,dwC,kexAB,kexAC,kexBC,k12,k21,k13,k31,k23,k32,tau1,tau2,tau3,dG12,dG13,ddG12,ddG21,ddG13,ddG31,ddG23,ddG32,R1,R1b,R1c,R2,R2b,R2c,pA_err,pB_err,pC_err,dwB_err,dwC_err,kexAB_err,kexAC_err,kexBC_err,k12_err,k21_err,k13_err,k31_err,k23_err,k32_err,tau1_err,tau2_err,tau3_err,dG12_err,dG13_err,ddG12_err,ddG21_err,ddG13_err,ddG31_err,ddG23_err,ddG32_err,R1_err,R1b_err,R1c_err,R2_err,R2b_err,R2c_err
gc1p,1,0.46271728044023747,176.04,auto,298.15,0.9,0.1,0.0,4.076037671325507,0.0,36.03785849326085,0.0,0.0,3.60378584933,32.4340726439,0.0,0.0,0.0,0.0,0.27748596665,0.0308317740722,0.0,1.30182205197,0.0,16.6936069379,15.3917848859,0.0,0.0,0.0,0.0,0.7409063313275218,0.7409063313275218,0.7409063313275218,22.306928001459116,22.306928001459116,22.306928001459116,0.1,0.1,0.0,0.007878667477039034,0.0,1.7598037717151238,0.0,0.0,3.26810839789,3.62740402386,0.0,0.0,0.0,0.0,0.251639319266,0.00344820407107,0.0,0.541367876316,0.0,0.537297293578,0.0662630803663,0.0,0.0,0.0,0.0,0.1397780366484317,0.1397780366484317,0.1397780366484317,0.16394879527354386,0.16394879527354386,0.16394879527354386
