Name,FitNum,N,DF,K,ChiSq,RedChiSq,Rsq,AdjRsq,AIC,BIC,RSS,TSS,SDR
gc1p,1,196,189,7,87.45356600320488,0.46271728044023747,0.9861230078412672,0.9856063113247187,-143.57756478994517,-121.22650685618261,87.45356600320488,6302.054869157659,0.6802332544357395
