Name,FitNum,RedChiSq,lf,AlignMag,Temp,pA,pB,pC,dwB,dwC,kexAB,kexAC,kexBC,k12,k21,k13,k31,k23,k32,tau1,tau2,tau3,dG12,dG13,ddG12,ddG21,ddG13,ddG31,ddG23,ddG32,R1,R1b,R1c,R2,R2b,R2c,pA_err,pB_err,pC_err,dwB_err,dwC_err,kexAB_err,kexAC_err,kexBC_err,k12_err,k21_err,k13_err,k31_err,k23_err,k32_err,tau1_err,tau2_err,tau3_err,dG12_err,dG13_err,ddG12_err,ddG21_err,ddG13_err,ddG31_err,ddG23_err,ddG32_err,R1_err,R1b_err,R1c_err,R2_err,R2b_err,R2c_err
gc8,1,0.23743222429623556,176.04,avg,298.15,0.991,0.009,0.0,3.055681142413649,0.0,376.53861305297164,0.0,0.0,3.38884751748,373.149765535,0.0,0.0,0.0,0.0,0.295085569605,0.0026798891286,0.0,2.78556109659,0.0,16.7300417991,13.9444807025,0.0,0.0,0.0,0.0,1.2363700991916942,1.2363700991916942,1.2363700991916942,27.650236925254973,27.650236925254973,27.650236925254973,0.009,0.009,0.0,0.04999975627161781,0.0,9.092017178561786,0.0,0.0,3.3594830887,9.6157650254,0.0,0.0,0.0,0.0,0.292528647481,6.90585564694e-05,0.0,0.587549263145,0.0,0.587350857173,0.0152678486031,0.0,0.0,0.0,0.0,0.06504295301025799,0.06504295301025799,0.06504295301025799,0.09584488049459804,0.09584488049459804,0.09584488049459804
