Name,FitNum,N,DF,K,ChiSq,RedChiSq,Rsq,AdjRsq,AIC,BIC,RSS,TSS,SDR
gc1p,1,190,183,7,43.450097046211106,0.23743222429623556,0.9871646569899655,0.986670989951118,-265.7127029026338,-243.59891901289504,43.45009704621111,3385.1917328771365,0.48727017587395555
