Name,FitNum,RedChiSq,lf,AlignMag,Temp,pA,pB,pC,dwB,dwC,kexAB,kexAC,kexBC,k12,k21,k13,k31,k23,k32,tau1,tau2,tau3,dG12,dG13,ddG12,ddG21,ddG13,ddG31,ddG23,ddG32,R1,R1b,R1c,R2,R2b,R2c,pA_err,pB_err,pC_err,dwB_err,dwC_err,kexAB_err,kexAC_err,kexBC_err,k12_err,k21_err,k13_err,k31_err,k23_err,k32_err,tau1_err,tau2_err,tau3_err,dG12_err,dG13_err,ddG12_err,ddG21_err,ddG13_err,ddG31_err,ddG23_err,ddG32_err,R1_err,R1b_err,R1c_err,R2_err,R2b_err,R2c_err
G_C1p_Off_clean,1,0.2649037717581863,150.88,avg,298.15,0.9993,0.0007,0.0,4.12,0.0,822.264025832464,0.0,0.0,0.575584818083,821.688441014,0.0,0.0,0.0,0.0,1.73736340602,0.00121700628862,0.0,4.30364923193,0.0,17.7804334687,13.4767842368,0.0,0.0,0.0,0.0,2.253008749106071,2.253008749106071,2.253008749106071,11.879641048221462,11.879641048221462,11.879641048221462,0.0007,0.0007,0.0,4.12,0.0,111.96486847480989,0.0,0.0,0.580497282519,111.887971495,0.0,0.0,0.0,0.0,1.75219134393,0.000165717756431,0.0,0.602963242803,0.0,0.597541449777,0.0806776795027,0.0,0.0,0.0,0.0,0.04750426362987422,0.04750426362987422,0.04750426362987422,0.0661339950665509,0.0661339950665509,0.0661339950665509
