Name,FitNum,N,DF,K,ChiSq,RedChiSq,Rsq,AdjRsq,AIC,BIC,RSS,TSS,SDR
G_C1p_Off_clean,1,253,248,5,65.6961353960302,0.2649037717581863,0.9401014707756371,0.9388889499411358,-331.13239489715255,-313.46544745351497,65.6961353960302,1096.790459577916,0.5146880334320842
