Name,FitNum,N,DF,K,ChiSq,RedChiSq,Rsq,AdjRsq,AIC,BIC,RSS,TSS,SDR
G_C8_Off_clean,1,253,248,5,65.6961353960302,0.2649037717581863,0.9810525429527954,0.9806689911907063,-331.13239489715255,-313.46544745351497,65.6961353960302,3467.2798166191255,0.5146880334320842
