Name,FitNum,RedChiSq,lf,AlignMag,Temp,pA,pB,pC,dwB,dwC,kexAB,kexAC,kexBC,k12,k21,k13,k31,k23,k32,tau1,tau2,tau3,dG12,dG13,ddG12,ddG21,ddG13,ddG31,ddG23,ddG32,R1,R1b,R1c,R2,R2b,R2c,pA_err,pB_err,pC_err,dwB_err,dwC_err,kexAB_err,kexAC_err,kexBC_err,k12_err,k21_err,k13_err,k31_err,k23_err,k32_err,tau1_err,tau2_err,tau3_err,dG12_err,dG13_err,ddG12_err,ddG21_err,ddG13_err,ddG31_err,ddG23_err,ddG32_err,R1_err,R1b_err,R1c_err,R2_err,R2b_err,R2c_err
G10_C8_Off,1,0.17069945903289716,176.04,auto,298.15,0.975,0.025,0.0,3.323339866511822,0.0,2954.696369217051,0.0,0.0,73.8674092304,2880.82895999,0.0,0.0,0.0,0.0,0.0135377700453,0.000347122308853,0.0,2.17060440196,0.0,14.9041330709,12.7335286689,0.0,0.0,0.0,0.0,0.43968523400189297,0.43968523400189297,0.43968523400189297,31.26190130432037,31.26190130432037,31.26190130432037,0.025,0.025,0.0,0.025182436881953728,0.0,87.96159593775963,0.0,0.0,72.0779488349,112.007191511,0.0,0.0,0.0,0.0,0.0132098134594,1.34961830311e-05,0.0,0.578590382616,0.0,0.578131626128,0.0230359225273,0.0,0.0,0.0,0.0,0.20228166636996792,0.20228166636996792,0.20228166636996792,0.5130782350223301,0.5130782350223301,0.5130782350223301
