Name,FitNum,N,DF,K,ChiSq,RedChiSq,Rsq,AdjRsq,AIC,BIC,RSS,TSS,SDR
G_C1p_Off_reduce_new_trunc,1,190,185,5,49.395674871806705,0.2670036479557119,0.9743554646328669,0.9736586022587601,-245.63454199384086,-229.72550858956018,49.3956748718067,1926.1676674834212,0.5167239572109192
