Name,FitNum,N,DF,K,ChiSq,RedChiSq,Rsq,AdjRsq,AIC,BIC,RSS,TSS,SDR
gc1p,1,190,183,7,28.67484233344649,0.1566931275051721,0.9915293299180206,0.9912035349148675,-344.6753578206067,-322.5615739308679,28.674842333446495,3385.1917328771365,0.3958448275589465
