Name,FitNum,RedChiSq,lf,AlignMag,Temp,pA,pB,pC,dwB,dwC,kexAB,kexAC,kexBC,k12,k21,k13,k31,k23,k32,tau1,tau2,tau3,dG12,dG13,ddG12,ddG21,ddG13,ddG31,ddG23,ddG32,R1,R1b,R1c,R2,R2b,R2c,pA_err,pB_err,pC_err,dwB_err,dwC_err,kexAB_err,kexAC_err,kexBC_err,k12_err,k21_err,k13_err,k31_err,k23_err,k32_err,tau1_err,tau2_err,tau3_err,dG12_err,dG13_err,ddG12_err,ddG21_err,ddG13_err,ddG31_err,ddG23_err,ddG32_err,R1_err,R1b_err,R1c_err,R2_err,R2b_err,R2c_err
G_C1p_Off_clean,1,0.2530284483806358,150.88,avg,298.15,0.9995,0.0005,0.0,4.12,0.0,4775.366153067357,0.0,0.0,2.38768307653,4772.97846999,0.0,0.0,0.0,0.0,0.418816052192,0.000209512782487,0.0,4.50312246865,0.0,16.9375100664,12.4343875977,0.0,0.0,0.0,0.0,2.365752098140318,2.365752098140318,2.365752098140318,11.522225771244623,11.522225771244623,11.522225771244623,0.0005,0.0005,0.0,4.12,0.0,652.9208765635468,0.0,0.0,2.40871515787,652.598779719,0.0,0.0,0.0,0.0,0.422505224077,2.86462189273e-05,0.0,0.603168454839,0.0,0.597703694219,0.0810091280656,0.0,0.0,0.0,0.0,0.04679681995764425,0.04679681995764425,0.04679681995764425,0.05076888470994356,0.05076888470994356,0.05076888470994356
