Name,FitNum,RedChiSq,lf,AlignMag,Temp,pA,pB,pC,dwB,dwC,kexAB,kexAC,kexBC,k12,k21,k13,k31,k23,k32,tau1,tau2,tau3,dG12,dG13,ddG12,ddG21,ddG13,ddG31,ddG23,ddG32,R1,R1b,R1c,R2,R2b,R2c,pA_err,pB_err,pC_err,dwB_err,dwC_err,kexAB_err,kexAC_err,kexBC_err,k12_err,k21_err,k13_err,k31_err,k23_err,k32_err,tau1_err,tau2_err,tau3_err,dG12_err,dG13_err,ddG12_err,ddG21_err,ddG13_err,ddG31_err,ddG23_err,ddG32_err,R1_err,R1b_err,R1c_err,R2_err,R2b_err,R2c_err
A16_C8_Off,1,0.7366220905727892,176.04,auto,298.15,0.97,0.03,0.0,1.985089732291554,0.0,5770.357541562957,0.0,0.0,173.110726247,5597.24681532,0.0,0.0,0.0,0.0,0.0057766495565,0.000178659264634,0.0,2.05953545938,0.0,14.3995376833,12.3400022239,0.0,0.0,0.0,0.0,1.7343455795825293,1.7343455795825293,1.7343455795825293,22.503021828542543,22.503021828542543,22.503021828542543,0.03,0.03,0.0,0.1140935883749459,0.0,475.4155715741309,0.0,0.0,168.602026324,490.800785487,0.0,0.0,0.0,0.0,0.00562619568243,1.56659354697e-05,0.0,0.579387332762,0.0,0.577053377312,0.0519526813343,0.0,0.0,0.0,0.0,0.2486704383996751,0.2486704383996751,0.2486704383996751,1.2025356083629417,1.2025356083629417,1.2025356083629417
