Name,FitNum,N,DF,K,ChiSq,RedChiSq,Rsq,AdjRsq,AIC,BIC,RSS,TSS,SDR
A16_C8_Off,1,120,116,4,95.46265979761118,0.8229539637725102,0.9923618908266886,0.9920962174641386,-19.10296214963062,-8.30082126545896,95.4626597976112,12498.20572494175,0.9071681011656606
