Name,FitNum,RedChiSq,lf,AlignMag,Temp,pA,pB,pC,dwB,dwC,kexAB,kexAC,kexBC,k12,k21,k13,k31,k23,k32,tau1,tau2,tau3,dG12,dG13,ddG12,ddG21,ddG13,ddG31,ddG23,ddG32,R1,R1b,R1c,R2,R2b,R2c,pA_err,pB_err,pC_err,dwB_err,dwC_err,kexAB_err,kexAC_err,kexBC_err,k12_err,k21_err,k13_err,k31_err,k23_err,k32_err,tau1_err,tau2_err,tau3_err,dG12_err,dG13_err,ddG12_err,ddG21_err,ddG13_err,ddG31_err,ddG23_err,ddG32_err,R1_err,R1b_err,R1c_err,R2_err,R2b_err,R2c_err
A16_C8_Off,1,0.8229539637725102,150.7,auto,298.15,0.998,0.002,0.0,3.735616945741165,0.0,2018.955659845913,0.0,0.0,4.03791131969,2014.91774853,0.0,0.0,0.0,0.0,0.247652788986,0.000496298174321,0.0,3.68087436261,0.0,16.6262161581,12.9453417955,0.0,0.0,0.0,0.0,3.0163775179539787,3.0163775179539787,3.0163775179539787,29.814380259937586,29.814380259937586,29.814380259937586,0.002,0.002,0.0,0.36597357436353467,0.0,497.192785715477,0.0,0.0,4.15071584391,496.214763933,0.0,0.0,0.0,0.0,0.254571305224,0.000122223590313,0.0,0.626271317645,0.0,0.60903661319,0.145911504339,0.0,0.0,0.0,0.0,0.12276773411300806,0.12276773411300806,0.12276773411300806,0.37701299314095393,0.37701299314095393,0.37701299314095393
