Name,FitNum,N,DF,K,ChiSq,RedChiSq,Rsq,AdjRsq,AIC,BIC,RSS,TSS,SDR
gc8,1,196,189,7,34.46196828513364,0.18233845653509864,0.9968127330911931,0.9966940582594822,-326.102884431002,-303.75182649723945,34.46196828513365,10812.388567117056,0.4270110730825357
