Name,FitNum,N,DF,K,ChiSq,RedChiSq,Rsq,AdjRsq,AIC,BIC,RSS,TSS,SDR
gc1p,1,196,189,7,34.46196828513364,0.18233845653509864,0.9945316299206167,0.9943280203963843,-326.102884431002,-303.75182649723945,34.46196828513365,6302.054869157659,0.4270110730825357
