Name,FitNum,RedChiSq,lf,AlignMag,Temp,pA,pB,pC,dwB,dwC,kexAB,kexAC,kexBC,k12,k21,k13,k31,k23,k32,tau1,tau2,tau3,dG12,dG13,ddG12,ddG21,ddG13,ddG31,ddG23,ddG32,R1,R1b,R1c,R2,R2b,R2c,pA_err,pB_err,pC_err,dwB_err,dwC_err,kexAB_err,kexAC_err,kexBC_err,k12_err,k21_err,k13_err,k31_err,k23_err,k32_err,tau1_err,tau2_err,tau3_err,dG12_err,dG13_err,ddG12_err,ddG21_err,ddG13_err,ddG31_err,ddG23_err,ddG32_err,R1_err,R1b_err,R1c_err,R2_err,R2b_err,R2c_err
gc1p,1,0.18233845653509864,176.04,auto,298.15,0.994,0.006,0.0,2.8009475499130296,0.0,2651.896645513894,0.0,0.0,15.9113798731,2635.98526564,0.0,0.0,0.0,0.0,0.0628481004147,0.000379364791236,0.0,3.02758387661,0.0,15.8137376684,12.7861537918,0.0,0.0,0.0,0.0,1.2188760473343125,1.2188760473343125,1.2188760473343125,20.476723546710126,20.476723546710126,20.476723546710126,0.006,0.006,0.0,0.04755648950261329,0.0,131.21859027368873,0.0,0.0,15.835783315,131.386721724,0.0,0.0,0.0,0.0,0.0625495028003,1.89088675524e-05,0.0,0.590408821733,0.0,0.58966979456,0.0295315113644,0.0,0.0,0.0,0.0,0.09121599843046042,0.09121599843046042,0.09121599843046042,0.19080253971829164,0.19080253971829164,0.19080253971829164
