Name,FitNum,N,DF,K,ChiSq,RedChiSq,Rsq,AdjRsq,AIC,BIC,RSS,TSS,SDR
A16_C8_Off,1,120,116,4,112.29698466401314,0.9680774540001132,0.9910149514950046,0.9907024280687439,0.3864582326404167,11.188599116812078,112.29698466401314,12498.20572494175,0.9839092712237817
