Name,FitNum,RedChiSq,lf,AlignMag,Temp,pA,pB,pC,dwB,dwC,kexAB,kexAC,kexBC,k12,k21,k13,k31,k23,k32,tau1,tau2,tau3,dG12,dG13,ddG12,ddG21,ddG13,ddG31,ddG23,ddG32,R1,R1b,R1c,R2,R2b,R2c,pA_err,pB_err,pC_err,dwB_err,dwC_err,kexAB_err,kexAC_err,kexBC_err,k12_err,k21_err,k13_err,k31_err,k23_err,k32_err,tau1_err,tau2_err,tau3_err,dG12_err,dG13_err,ddG12_err,ddG21_err,ddG13_err,ddG31_err,ddG23_err,ddG32_err,R1_err,R1b_err,R1c_err,R2_err,R2b_err,R2c_err
A16_C8_Off,1,0.9680774540001132,150.7,auto,298.15,0.97,0.03,0.0,1.028799886616771,0.0,3354.109422910195,0.0,0.0,100.623282687,3253.48614022,0.0,0.0,0.0,0.0,0.00993805780624,0.000307362612564,0.0,2.05953545938,0.0,14.7209889547,12.6614534953,0.0,0.0,0.0,0.0,3.3116243171963125,3.3116243171963125,3.3116243171963125,27.80026985681537,27.80026985681537,27.80026985681537,0.03,0.03,0.0,0.08168714202084613,0.0,451.6563174986728,0.0,0.0,98.5868220651,448.85764433,0.0,0.0,0.0,0.0,0.00973692678723,4.24043786525e-05,0.0,0.586220530345,0.0,0.580493767998,0.0817404154275,0.0,0.0,0.0,0.0,0.10003154904068022,0.10003154904068022,0.10003154904068022,0.5099821399562378,0.5099821399562378,0.5099821399562378
