Name,FitNum,RedChiSq,lf,AlignMag,Temp,pA,pB,pC,dwB,dwC,kexAB,kexAC,kexBC,k12,k21,k13,k31,k23,k32,tau1,tau2,tau3,dG12,dG13,ddG12,ddG21,ddG13,ddG31,ddG23,ddG32,R1,R1b,R1c,R2,R2b,R2c,pA_err,pB_err,pC_err,dwB_err,dwC_err,kexAB_err,kexAC_err,kexBC_err,k12_err,k21_err,k13_err,k31_err,k23_err,k32_err,tau1_err,tau2_err,tau3_err,dG12_err,dG13_err,ddG12_err,ddG21_err,ddG13_err,ddG31_err,ddG23_err,ddG32_err,R1_err,R1b_err,R1c_err,R2_err,R2b_err,R2c_err
gc8,1,1.0939942627462516,150.88,auto,298.15,0.9,0.1,0.0,0.6448361086143644,0.0,6706.187302693294,0.0,0.0,670.618730269,6035.56857242,0.0,0.0,0.0,0.0,0.00149116025972,0.000165684473302,0.0,1.30182205197,0.0,13.5971537544,12.2953317024,0.0,0.0,0.0,0.0,3.51668814442763,3.51668814442763,3.51668814442763,18.22486266319846,18.22486266319846,18.22486266319846,0.1,0.1,0.0,0.05560173675070628,0.0,802.9851390257745,0.0,0.0,612.556957411,943.956637177,0.0,0.0,0.0,0.0,0.00136205648676,2.59128790227e-05,0.0,0.549063583508,0.0,0.541187769911,0.0926639975063,0.0,0.0,0.0,0.0,0.09450135198362383,0.09450135198362383,0.09450135198362383,0.4076011642593262,0.4076011642593262,0.4076011642593262
