Name,FitNum,N,DF,K,ChiSq,RedChiSq,Rsq,AdjRsq,AIC,BIC,RSS,TSS,SDR
G_C8_Off,1,199,192,7,60.16982457882008,0.3133845030146879,0.984745985705288,0.9841869380609792,-223.44424889901072,-200.97750256049426,60.16982457882007,3944.5239408015236,0.5598075589117102
