Name,FitNum,N,DF,K,ChiSq,RedChiSq,Rsq,AdjRsq,AIC,BIC,RSS,TSS,SDR
G_C1p_Off,1,199,192,7,60.16982457882008,0.3133845030146879,0.9692801510817325,0.9681542927444138,-223.44424889901072,-200.97750256049426,60.16982457882007,1958.6627765945875,0.5598075589117102
