Name,FitNum,RedChiSq,lf,AlignMag,Temp,pA,pB,pC,dwB,dwC,kexAB,kexAC,kexBC,k12,k21,k13,k31,k23,k32,tau1,tau2,tau3,dG12,dG13,ddG12,ddG21,ddG13,ddG31,ddG23,ddG32,R1,R1b,R1c,R2,R2b,R2c,pA_err,pB_err,pC_err,dwB_err,dwC_err,kexAB_err,kexAC_err,kexBC_err,k12_err,k21_err,k13_err,k31_err,k23_err,k32_err,tau1_err,tau2_err,tau3_err,dG12_err,dG13_err,ddG12_err,ddG21_err,ddG13_err,ddG31_err,ddG23_err,ddG32_err,R1_err,R1b_err,R1c_err,R2_err,R2b_err,R2c_err
G_C8_Off,1,0.3133845030146879,150.88,auto,298.15,0.9997,0.0003,0.0,5.84107623761038,0.0,3637.7496222646605,0.0,0.0,1.09132488668,3636.65829738,0.0,0.0,0.0,0.0,0.916317415836,0.000274977718066,0.0,4.80589740444,0.0,17.4013847559,12.5954873514,0.0,0.0,0.0,0.0,2.5101740046924093,2.5101740046924093,2.5101740046924093,20.227483264883816,20.227483264883816,20.227483264883816,0.0003,0.0003,0.0,1.0040925109556764,0.0,1178.8021748803346,0.0,0.0,1.1468815718,1178.44903925,0.0,0.0,0.0,0.0,0.96296489796,8.91057672102e-05,0.0,0.651575200124,0.0,0.622646700696,0.191993040315,0.0,0.0,0.0,0.0,0.04202956866903597,0.04202956866903597,0.04202956866903597,0.13823337912389666,0.13823337912389666,0.13823337912389666
