Name,FitNum,RedChiSq,lf,AlignMag,Temp,pA,pB,pC,dwB,dwC,kexAB,kexAC,kexBC,k12,k21,k13,k31,k23,k32,tau1,tau2,tau3,dG12,dG13,ddG12,ddG21,ddG13,ddG31,ddG23,ddG32,R1,R1b,R1c,R2,R2b,R2c,pA_err,pB_err,pC_err,dwB_err,dwC_err,kexAB_err,kexAC_err,kexBC_err,k12_err,k21_err,k13_err,k31_err,k23_err,k32_err,tau1_err,tau2_err,tau3_err,dG12_err,dG13_err,ddG12_err,ddG21_err,ddG13_err,ddG31_err,ddG23_err,ddG32_err,R1_err,R1b_err,R1c_err,R2_err,R2b_err,R2c_err
A16_C1p_Off,1,0.132966120156,150.88,avg,298.15,0.994726111365,0.00527388863507,0.0,2.7811364298,0.0,3390.43234708,0.0,0.0,17.8807626232,3372.55158446,0.0,0.0,0.0,0.0,0.0559260262591,0.000296511402408,0.0,3.10444202028,0.0,15.7446001179,12.6401580976,0.0,0.0,0.0,0.0,1.93160827329,1.93160827329,1.93160827329,20.0051512872,20.0051512872,20.0051512872,0.000371761850086,0.000371761850086,0.0,0.102512010238,0.0,172.978596875,0.0,0.0,1.55056759075,172.070895033,0.0,0.0,0.0,0.0,0.00484974190555,1.51283030436e-05,0.0,0.059611719562,0.0,0.0513785496183,0.0302291539454,0.0,0.0,0.0,0.0,0.0521786903356,0.0521786903356,0.0521786903356,0.155727999525,0.155727999525,0.155727999525
