Name,FitNum,RedChiSq,lf,AlignMag,Temp,pA,pB,pC,dwB,dwC,kexAB,kexAC,kexBC,k12,k21,k13,k31,k23,k32,tau1,tau2,tau3,dG12,dG13,ddG12,ddG21,ddG13,ddG31,ddG23,ddG32,R1,R1b,R1c,R2,R2b,R2c,pA_err,pB_err,pC_err,dwB_err,dwC_err,kexAB_err,kexAC_err,kexBC_err,k12_err,k21_err,k13_err,k31_err,k23_err,k32_err,tau1_err,tau2_err,tau3_err,dG12_err,dG13_err,ddG12_err,ddG21_err,ddG13_err,ddG31_err,ddG23_err,ddG32_err,R1_err,R1b_err,R1c_err,R2_err,R2b_err,R2c_err
hpGBCm6A_m6A_C2_65C,1,19.039458977910748,150.88,auto,298.15,0.9925,0.0075,0.0,3.633894791023443,0.0,2134.473346841959,0.0,0.0,16.0085501013,2118.46479674,0.0,0.0,0.0,0.0,0.0624666190049,0.000472039942103,0.0,2.89447995867,0.0,15.8101303888,12.9156504302,0.0,0.0,0.0,0.0,5.202585430080681,5.202585430080681,5.202585430080681,11.69659265395251,11.69659265395251,11.69659265395251,0.0075,0.0075,0.0,0.1941999542455499,0.0,303.4652311882648,0.0,0.0,16.051122359,301.608053392,0.0,0.0,0.0,0.0,0.0626327392958,6.72048212838e-05,0.0,0.600019247375,0.0,0.594060370247,0.0843526746601,0.0,0.0,0.0,0.0,0.28615767001402953,0.28615767001402953,0.28615767001402953,0.6249785061585098,0.6249785061585098,0.6249785061585098
