Name,FitNum,RedChiSq,lf,AlignMag,Temp,pA,pB,pC,dwB,dwC,kexAB,kexAC,kexBC,k12,k21,k13,k31,k23,k32,tau1,tau2,tau3,dG12,dG13,ddG12,ddG21,ddG13,ddG31,ddG23,ddG32,R1,R1b,R1c,R2,R2b,R2c,pA_err,pB_err,pC_err,dwB_err,dwC_err,kexAB_err,kexAC_err,kexBC_err,k12_err,k21_err,k13_err,k31_err,k23_err,k32_err,tau1_err,tau2_err,tau3_err,dG12_err,dG13_err,ddG12_err,ddG21_err,ddG13_err,ddG31_err,ddG23_err,ddG32_err,R1_err,R1b_err,R1c_err,R2_err,R2b_err,R2c_err
gc1p,1,2.1738202828413318,150.88,auto,298.15,0.9999,0.0001,0.0,8.079648215106731,0.0,4853.515316574653,0.0,0.0,0.485351531657,4853.02996504,0.0,0.0,0.0,0.0,2.06036230397,0.00020605683608,0.0,5.45692695108,0.0,17.8814599172,12.4245329661,0.0,0.0,0.0,0.0,2.931459104541697,2.931459104541697,2.931459104541697,15.259529322050273,15.259529322050273,15.259529322050273,0.0001,0.0001,0.0,10.798074778673577,0.0,13904.04856053589,0.0,0.0,1.472665836,13902.6581642,0.0,0.0,0.0,0.0,6.25160317196,0.000590298797874,0.0,2.47239028605,0.0,1.79773214079,1.69731342907,0.0,0.0,0.0,0.0,0.20167414154756844,0.20167414154756844,0.20167414154756844,0.5937124690047942,0.5937124690047942,0.5937124690047942
