Name,FitNum,N,DF,K,ChiSq,RedChiSq,Rsq,AdjRsq,AIC,BIC,RSS,TSS,SDR
gc1p,1,190,183,7,30.177579300080453,0.16490480491847243,0.9910854150425235,0.9907425463903128,-334.9703332332953,-312.85654934355654,30.17757930008045,3385.1917328771365,0.4060847262807017
