Name,FitNum,N,DF,K,ChiSq,RedChiSq,Rsq,AdjRsq,AIC,BIC,RSS,TSS,SDR
gc1p,1,190,183,7,26.612781954941603,0.14542503800514536,0.9921384713023853,0.9918361048140155,-358.85478034614636,-336.7409964564076,26.612781954941596,3385.1917328771365,0.38134634914359067
