Name,FitNum,RedChiSq,lf,AlignMag,Temp,pA,pB,pC,dwB,dwC,kexAB,kexAC,kexBC,k12,k21,k13,k31,k23,k32,tau1,tau2,tau3,dG12,dG13,ddG12,ddG21,ddG13,ddG31,ddG23,ddG32,R1,R1b,R1c,R2,R2b,R2c,pA_err,pB_err,pC_err,dwB_err,dwC_err,kexAB_err,kexAC_err,kexBC_err,k12_err,k21_err,k13_err,k31_err,k23_err,k32_err,tau1_err,tau2_err,tau3_err,dG12_err,dG13_err,ddG12_err,ddG21_err,ddG13_err,ddG31_err,ddG23_err,ddG32_err,R1_err,R1b_err,R1c_err,R2_err,R2b_err,R2c_err
gc1p,1,0.14542503800514536,176.04,auto,298.15,0.995,0.005,0.0,3.5764360460233933,0.0,709.6390309865035,0.0,0.0,3.54819515493,706.090835832,0.0,0.0,0.0,0.0,0.281833426949,0.00141624837663,0.0,3.13620237989,0.0,16.7028176173,13.5666152374,0.0,0.0,0.0,0.0,1.1770022199721972,1.1770022199721972,1.1770022199721972,18.26483677314664,18.26483677314664,18.26483677314664,0.005,0.005,0.0,0.06512420599162679,0.0,16.512993140686582,0.0,0.0,3.53146406281,16.805457193,0.0,0.0,0.0,0.0,0.280504474954,3.37077048169e-05,0.0,0.589859541926,0.0,0.589690957548,0.0141015526328,0.0,0.0,0.0,0.0,0.05522189894504337,0.05522189894504337,0.05522189894504337,0.07543696652024655,0.07543696652024655,0.07543696652024655
