Name,FitNum,RedChiSq,lf,AlignMag,Temp,pA,pB,pC,dwB,dwC,kexAB,kexAC,kexBC,k12,k21,k13,k31,k23,k32,tau1,tau2,tau3,dG12,dG13,ddG12,ddG21,ddG13,ddG31,ddG23,ddG32,R1,R1b,R1c,R2,R2b,R2c,pA_err,pB_err,pC_err,dwB_err,dwC_err,kexAB_err,kexAC_err,kexBC_err,k12_err,k21_err,k13_err,k31_err,k23_err,k32_err,tau1_err,tau2_err,tau3_err,dG12_err,dG13_err,ddG12_err,ddG21_err,ddG13_err,ddG31_err,ddG23_err,ddG32_err,R1_err,R1b_err,R1c_err,R2_err,R2b_err,R2c_err
A16_C8_Off,1,0.14464740057546027,170.4,auto,298.15,0.997,0.003,0.0,2.83657218880602,0.0,3284.657198091056,0.0,0.0,9.85397159427,3274.8032265,0.0,0.0,0.0,0.0,0.101481924362,0.000305361858663,0.0,3.44004850013,0.0,16.097632653,12.6575841529,0.0,0.0,0.0,0.0,1.685217730358295,1.685217730358295,1.685217730358295,23.383835113890814,23.383835113890814,23.383835113890814,0.003,0.003,0.0,0.08755723894988415,0.0,281.1619327791488,0.0,0.0,9.86059672379,280.490555308,0.0,0.0,0.0,0.0,0.101550153795,2.61545843773e-05,0.0,0.595050939018,0.0,0.592883094694,0.0507469807298,0.0,0.0,0.0,0.0,0.06251641146127102,0.06251641146127102,0.06251641146127102,0.1694526076415793,0.1694526076415793,0.1694526076415793
