Name,FitNum,N,DF,K,ChiSq,RedChiSq,Rsq,AdjRsq,AIC,BIC,RSS,TSS,SDR
gc8,1,196,189,7,186.31807221952093,0.9858099059233911,0.9827680931865364,0.9821264796349712,4.666506138422022,27.017564072184577,186.31807221952096,10812.388567117056,0.9928796029345106
