Name,FitNum,RedChiSq,lf,AlignMag,Temp,pA,pB,pC,dwB,dwC,kexAB,kexAC,kexBC,k12,k21,k13,k31,k23,k32,tau1,tau2,tau3,dG12,dG13,ddG12,ddG21,ddG13,ddG31,ddG23,ddG32,R1,R1b,R1c,R2,R2b,R2c,pA_err,pB_err,pC_err,dwB_err,dwC_err,kexAB_err,kexAC_err,kexBC_err,k12_err,k21_err,k13_err,k31_err,k23_err,k32_err,tau1_err,tau2_err,tau3_err,dG12_err,dG13_err,ddG12_err,ddG21_err,ddG13_err,ddG31_err,ddG23_err,ddG32_err,R1_err,R1b_err,R1c_err,R2_err,R2b_err,R2c_err
gc1p,1,0.17815694892347061,176.04,avg,298.15,0.995,0.005,0.0,3.5743057498698856,0.0,750.429802163704,0.0,0.0,3.75214901082,746.677653153,0.0,0.0,0.0,0.0,0.266513935645,0.00133926600827,0.0,3.13620237989,0.0,16.6697038353,13.5335014554,0.0,0.0,0.0,0.0,1.1598670836984792,1.1598670836984792,1.1598670836984792,18.16905420611367,18.16905420611367,18.16905420611367,0.005,0.005,0.0,0.06945104822299844,0.0,18.98900755589607,0.0,0.0,3.73464248205,19.2593909132,0.0,0.0,0.0,0.0,0.265270452545,3.45442875932e-05,0.0,0.589918354001,0.0,0.589720372726,0.0152822243184,0.0,0.0,0.0,0.0,0.06109503548740611,0.06109503548740611,0.06109503548740611,0.08455593664202002,0.08455593664202002,0.08455593664202002
