Name,FitNum,N,DF,K,ChiSq,RedChiSq,Rsq,AdjRsq,AIC,BIC,RSS,TSS,SDR
G_C1p_Off_clean,1,253,248,5,62.21665121234662,0.25087359359817185,0.943273894599439,0.9421255928706826,-344.9000055688525,-327.23305812521494,62.21665121234661,1096.790459577916,0.5008728317628854
