Name,FitNum,N,DF,K,ChiSq,RedChiSq,Rsq,AdjRsq,AIC,BIC,RSS,TSS,SDR
gc1p,1,308,301,7,1008.793659596651,3.351473952148342,0.6384742824165106,0.6300386823395625,379.4145007013629,405.5251991821779,1008.7936595966509,2790.378693774901,1.8307031305343697
