Name,FitNum,RedChiSq,lf,AlignMag,Temp,pA,pB,pC,dwB,dwC,kexAB,kexAC,kexBC,k12,k21,k13,k31,k23,k32,tau1,tau2,tau3,dG12,dG13,ddG12,ddG21,ddG13,ddG31,ddG23,ddG32,R1,R1b,R1c,R2,R2b,R2c,pA_err,pB_err,pC_err,dwB_err,dwC_err,kexAB_err,kexAC_err,kexBC_err,k12_err,k21_err,k13_err,k31_err,k23_err,k32_err,tau1_err,tau2_err,tau3_err,dG12_err,dG13_err,ddG12_err,ddG21_err,ddG13_err,ddG31_err,ddG23_err,ddG32_err,R1_err,R1b_err,R1c_err,R2_err,R2b_err,R2c_err
gc8,1,3.351473952148342,150.88,auto,298.15,0.998,0.002,0.0,4.345086773631075,0.0,1767.4790243020282,0.0,0.0,3.5349580486,1763.94406625,0.0,0.0,0.0,0.0,0.282888788566,0.000566911399931,0.0,3.68087436261,0.0,16.7050321092,13.0241577466,0.0,0.0,0.0,0.0,3.657479011430523,3.657479011430523,3.657479011430523,20.65803105630903,20.65803105630903,20.65803105630903,0.002,0.002,0.0,0.3163880510076408,0.0,279.55529852583834,0.0,0.0,3.57192515584,279.018492082,0.0,0.0,0.0,0.0,0.285847120755,8.96733445118e-05,0.0,0.605971736599,0.0,0.598680705662,0.0937185052407,0.0,0.0,0.0,0.0,0.11397577137076426,0.11397577137076426,0.11397577137076426,0.3322429498497434,0.3322429498497434,0.3322429498497434
