Name,FitNum,N,DF,K,ChiSq,RedChiSq,Rsq,AdjRsq,AIC,BIC,RSS,TSS,SDR
ac1p,1,196,189,7,22.958283115312163,0.12147239743551409,0.995589907890846,0.9954257023335903,-405.71368540457087,-383.3626274708083,22.958283115312163,5205.8511584503685,0.3485289047346204
