Name,FitNum,RedChiSq,lf,AlignMag,Temp,pA,pB,pC,dwB,dwC,kexAB,kexAC,kexBC,k12,k21,k13,k31,k23,k32,tau1,tau2,tau3,dG12,dG13,ddG12,ddG21,ddG13,ddG31,ddG23,ddG32,R1,R1b,R1c,R2,R2b,R2c,pA_err,pB_err,pC_err,dwB_err,dwC_err,kexAB_err,kexAC_err,kexBC_err,k12_err,k21_err,k13_err,k31_err,k23_err,k32_err,tau1_err,tau2_err,tau3_err,dG12_err,dG13_err,ddG12_err,ddG21_err,ddG13_err,ddG31_err,ddG23_err,ddG32_err,R1_err,R1b_err,R1c_err,R2_err,R2b_err,R2c_err
c15_c6,1,0.864615944910477,176.002098,auto,298.15,0.999,0.001,0.0,6.999999999982874,0.0,6660.78457485602,0.0,0.0,6.66078457486,6654.12379028,0.0,0.0,0.0,0.0,0.15013246394,0.000150282746687,0.0,4.0921468707,0.0,16.3296717803,12.2375249096,0.0,0.0,0.0,0.0,1.7510966109326895,1.7510966109326895,1.7510966109326895,31.21446413136231,31.21446413136231,31.21446413136231,0.001,0.001,0.0,1.5916108041411774,0.0,2442.3070960734453,0.0,0.0,7.08817830856,2439.8738627,0.0,0.0,0.0,0.0,0.159765814726,5.51043168438e-05,0.0,0.66687998994,0.0,0.630501932327,0.217246943164,0.0,0.0,0.0,0.0,0.09118436294364644,0.09118436294364644,0.09118436294364644,0.9504446249933951,0.9504446249933951,0.9504446249933951
