Name,FitNum,N,DF,K,ChiSq,RedChiSq,Rsq,AdjRsq,AIC,BIC,RSS,TSS,SDR
G_C8_Off,1,98,95,3,277.80834485196635,2.9242983668628035,0.9790321826014408,0.9783629969397847,108.36779019465737,115.86737348173293,277.8083448519663,13249.273377927046,1.710058001023007
