Name,FitNum,RedChiSq,lf,AlignMag,Temp,pA,pB,pC,dwB,dwC,kexAB,kexAC,kexBC,k12,k21,k13,k31,k23,k32,tau1,tau2,tau3,dG12,dG13,ddG12,ddG21,ddG13,ddG31,ddG23,ddG32,R1,R1b,R1c,R2,R2b,R2c,pA_err,pB_err,pC_err,dwB_err,dwC_err,kexAB_err,kexAC_err,kexBC_err,k12_err,k21_err,k13_err,k31_err,k23_err,k32_err,tau1_err,tau2_err,tau3_err,dG12_err,dG13_err,ddG12_err,ddG21_err,ddG13_err,ddG31_err,ddG23_err,ddG32_err,R1_err,R1b_err,R1c_err,R2_err,R2b_err,R2c_err
G_C8_Off,1,2.9242983668628035,150.88,auto,298.15,0.8,0.2,0.0,4.27,0.0,10.000000000004928,0.0,0.0,2.0,8.0,0.0,0.0,0.0,0.0,0.5,0.125,0.0,0.82135826644,0.0,17.0424843167,16.2211260503,0.0,0.0,0.0,0.0,1.2200538675429138,1.2200538675429138,1.2200538675429138,28.463039340301,28.463039340301,28.463039340301,0.2,0.2,0.0,4.27,0.0,3.855253743045703,0.0,0.0,1.82058212035,3.49747167407,0.0,0.0,0.0,0.0,0.455145530087,0.0546479949072,0.0,0.598309753923,0.0,0.539333570207,0.259024828321,0.0,0.0,0.0,0.0,0.4015587650894423,0.4015587650894423,0.4015587650894423,0.7468168147271762,0.7468168147271762,0.7468168147271762
