Name,FitNum,RedChiSq,lf,AlignMag,Temp,pA,pB,pC,dwB,dwC,kexAB,kexAC,kexBC,k12,k21,k13,k31,k23,k32,tau1,tau2,tau3,dG12,dG13,ddG12,ddG21,ddG13,ddG31,ddG23,ddG32,R1,R1b,R1c,R2,R2b,R2c,pA_err,pB_err,pC_err,dwB_err,dwC_err,kexAB_err,kexAC_err,kexBC_err,k12_err,k21_err,k13_err,k31_err,k23_err,k32_err,tau1_err,tau2_err,tau3_err,dG12_err,dG13_err,ddG12_err,ddG21_err,ddG13_err,ddG31_err,ddG23_err,ddG32_err,R1_err,R1b_err,R1c_err,R2_err,R2b_err,R2c_err
A16_C8_Off,1,0.4778940422713349,150.7,auto,298.15,0.997,0.003,0.0,3.637955320533659,0.0,2154.3711822832906,0.0,0.0,6.46311354685,2147.90806874,0.0,0.0,0.0,0.0,0.154724188698,0.000465569273916,0.0,3.44004850013,0.0,16.3475210391,12.907472539,0.0,0.0,0.0,0.0,2.254245619571327,2.254245619571327,2.254245619571327,26.744606653926233,26.744606653926233,26.744606653926233,0.003,0.003,0.0,0.13046572732999895,0.0,274.0361662462755,0.0,0.0,6.49598491192,273.290035143,0.0,0.0,0.0,0.0,0.155511115193,5.9236912921e-05,0.0,0.600250716244,0.0,0.595498123537,0.0753850596325,0.0,0.0,0.0,0.0,0.10334611181429341,0.10334611181429341,0.10334611181429341,0.23973213612290104,0.23973213612290104,0.23973213612290104
