Name,FitNum,N,DF,K,ChiSq,RedChiSq,Rsq,AdjRsq,AIC,BIC,RSS,TSS,SDR
A16_C8_Off,1,105,101,4,48.267298269404826,0.4778940422713349,0.9945781334507637,0.9943612587887943,-73.20663769309223,-62.99079629246215,48.267298269404826,8902.33978115971,0.6912988082380404
