Name,FitNum,N,DF,K,ChiSq,RedChiSq,Rsq,AdjRsq,AIC,BIC,RSS,TSS,SDR
c15_c6,1,138,134,4,63.213009695599474,0.4717388783253692,0.996739939418886,0.9966418924841156,-99.44185878959584,-88.03359592866627,63.21300969559946,19390.13344162995,0.6868324965560155
