Name,FitNum,RedChiSq,lf,AlignMag,Temp,pA,pB,pC,dwB,dwC,kexAB,kexAC,kexBC,k12,k21,k13,k31,k23,k32,tau1,tau2,tau3,dG12,dG13,ddG12,ddG21,ddG13,ddG31,ddG23,ddG32,R1,R1b,R1c,R2,R2b,R2c,pA_err,pB_err,pC_err,dwB_err,dwC_err,kexAB_err,kexAC_err,kexBC_err,k12_err,k21_err,k13_err,k31_err,k23_err,k32_err,tau1_err,tau2_err,tau3_err,dG12_err,dG13_err,ddG12_err,ddG21_err,ddG13_err,ddG31_err,ddG23_err,ddG32_err,R1_err,R1b_err,R1c_err,R2_err,R2b_err,R2c_err
T8_N3_Off,1,1.0948826485512937,176.04,auto,298.15,0.9925,0.0075,0.0,0.6339605318528388,0.0,1280.0089946646397,0.0,0.0,9.60006745998,1270.4089272,0.0,0.0,0.0,0.0,0.104165934684,0.000787148121039,0.0,2.89447995867,0.0,16.1130991451,13.2186191864,0.0,0.0,0.0,0.0,1.5153449200323437,1.5153449200323437,1.5153449200323437,7.93737123655686,7.93737123655686,7.93737123655686,0.0075,0.0075,0.0,0.055072704631978504,0.0,378.63870908107526,0.0,0.0,9.94251743797,375.919694333,0.0,0.0,0.0,0.0,0.107881702536,0.00023292065627,0.0,0.638173783282,0.0,0.61361964092,0.175318892155,0.0,0.0,0.0,0.0,0.07032961009092233,0.07032961009092233,0.07032961009092233,0.15541775481297573,0.15541775481297573,0.15541775481297573
