Name,FitNum,N,DF,K,ChiSq,RedChiSq,Rsq,AdjRsq,AIC,BIC,RSS,TSS,SDR
G_C1p_Off_clean,1,253,248,5,1221.0291884517578,4.923504792144184,-0.11327480813577995,-0.13581073542597788,408.23715228722784,425.9040997308654,1221.0291884517583,1096.790459577916,2.2188972017973674
