Name,FitNum,N,DF,K,ChiSq,RedChiSq,Rsq,AdjRsq,AIC,BIC,RSS,TSS,SDR
G_C1p_Off,1,199,192,7,60.16982432579441,0.3133845016968459,0.9692801512109154,0.9681542928783311,-223.4442497358439,-200.97750339732744,60.169824325794394,1958.6627765945875,0.559807557734661
