Name,FitNum,N,DF,K,ChiSq,RedChiSq,Rsq,AdjRsq,AIC,BIC,RSS,TSS,SDR
G_C8_Off,1,199,192,7,60.16982432579441,0.3133845016968459,0.9847459857694341,0.9841869381274762,-223.4442497358439,-200.97750339732744,60.169824325794394,3944.5239408015236,0.559807557734661
