Name,FitNum,N,DF,K,ChiSq,RedChiSq,Rsq,AdjRsq,AIC,BIC,RSS,TSS,SDR
gc8,1,196,189,7,96.6841100519626,0.511556137841072,0.9910580248340315,0.9907250789501922,-123.9107114263404,-101.55965349257785,96.68411005196259,10812.388567117056,0.7152315274378443
