Name,FitNum,RedChiSq,lf,AlignMag,Temp,pA,pB,pC,dwB,dwC,kexAB,kexAC,kexBC,k12,k21,k13,k31,k23,k32,tau1,tau2,tau3,dG12,dG13,ddG12,ddG21,ddG13,ddG31,ddG23,ddG32,R1,R1b,R1c,R2,R2b,R2c,pA_err,pB_err,pC_err,dwB_err,dwC_err,kexAB_err,kexAC_err,kexBC_err,k12_err,k21_err,k13_err,k31_err,k23_err,k32_err,tau1_err,tau2_err,tau3_err,dG12_err,dG13_err,ddG12_err,ddG21_err,ddG13_err,ddG31_err,ddG23_err,ddG32_err,R1_err,R1b_err,R1c_err,R2_err,R2b_err,R2c_err
G_C1p_Off,1,0.4037325396330811,150.88,auto,298.15,0.976,0.024,0.0,0.4676511049643169,0.0,3840.7719024407684,0.0,0.0,92.1785256586,3748.59337678,0.0,0.0,0.0,0.0,0.0108485137168,0.000266766730741,0.0,2.19539817638,0.0,14.7729240799,12.5775259035,0.0,0.0,0.0,0.0,2.273124438674581,2.273124438674581,2.273124438674581,13.9863883211207,13.9863883211207,13.9863883211207,0.024,0.024,0.0,0.058499487273060397,0.0,792.7166186381456,0.0,0.0,91.9824816026,778.90771712,0.0,0.0,0.0,0.0,0.0108254412428,5.54305693788e-05,0.0,0.603906265001,0.0,0.591224660251,0.123110430181,0.0,0.0,0.0,0.0,0.03930146497406848,0.03930146497406848,0.03930146497406848,0.12098733294609715,0.12098733294609715,0.12098733294609715
