Name,FitNum,N,DF,K,ChiSq,RedChiSq,Rsq,AdjRsq,AIC,BIC,RSS,TSS,SDR
G_C8_Off,1,199,192,7,77.51664760955157,0.4037325396330811,0.9803482882160426,0.979628068412442,-173.03322117546023,-150.56647483694377,77.51664760955157,3944.5239408015236,0.6353995118294324
