Name,FitNum,N,DF,K,ChiSq,RedChiSq,Rsq,AdjRsq,AIC,BIC,RSS,TSS,SDR
G10_C8_Off,1,97,93,4,1620.4568121401296,17.424266797205696,0.9587767626218786,0.9569844479532645,281.5627647079597,291.4268260132776,1620.4568121401292,39309.30502319453,4.1742384691349015
