Name,FitNum,RedChiSq,lf,AlignMag,Temp,pA,pB,pC,dwB,dwC,kexAB,kexAC,kexBC,k12,k21,k13,k31,k23,k32,tau1,tau2,tau3,dG12,dG13,ddG12,ddG21,ddG13,ddG31,ddG23,ddG32,R1,R1b,R1c,R2,R2b,R2c,pA_err,pB_err,pC_err,dwB_err,dwC_err,kexAB_err,kexAC_err,kexBC_err,k12_err,k21_err,k13_err,k31_err,k23_err,k32_err,tau1_err,tau2_err,tau3_err,dG12_err,dG13_err,ddG12_err,ddG21_err,ddG13_err,ddG31_err,ddG23_err,ddG32_err,R1_err,R1b_err,R1c_err,R2_err,R2b_err,R2c_err
G10_C8_Off,1,17.424266797205696,176.04,auto,298.15,0.9995,0.0005,0.0,6.921754123665899,0.0,4746.760191935381,0.0,0.0,2.37338009597,4744.38681184,0.0,0.0,0.0,0.0,0.421340012794,0.000210775394094,0.0,4.50312246865,0.0,16.9410699113,12.4379474427,0.0,0.0,0.0,0.0,4.095290852323305,4.095290852323305,4.095290852323305,56.14055658348988,56.14055658348988,56.14055658348988,0.0005,0.0005,0.0,17.104259589024785,0.0,44937.18874922274,0.0,0.0,22.5934733083,44914.7202175,0.0,0.0,0.0,0.0,4.01096071757,0.00199539334163,0.0,7.95440437859,0.0,5.64017890875,5.6090044478,0.0,0.0,0.0,0.0,2.279876001947635,2.279876001947635,2.279876001947635,8.169883085060256,8.169883085060256,8.169883085060256
