Name,FitNum,RedChiSq,lf,AlignMag,Temp,pA,pB,pC,dwB,dwC,kexAB,kexAC,kexBC,k12,k21,k13,k31,k23,k32,tau1,tau2,tau3,dG12,dG13,ddG12,ddG21,ddG13,ddG31,ddG23,ddG32,R1,R1b,R1c,R2,R2b,R2c,pA_err,pB_err,pC_err,dwB_err,dwC_err,kexAB_err,kexAC_err,kexBC_err,k12_err,k21_err,k13_err,k31_err,k23_err,k32_err,tau1_err,tau2_err,tau3_err,dG12_err,dG13_err,ddG12_err,ddG21_err,ddG13_err,ddG31_err,ddG23_err,ddG32_err,R1_err,R1b_err,R1c_err,R2_err,R2b_err,R2c_err
T8_N3_Off,1,0.22550104567053547,176.04,auto,298.15,0.99,0.01,0.0,-0.6866795745379954,0.0,508.9215381429637,0.0,0.0,5.08921538143,503.832322762,0.0,0.0,0.0,0.0,0.196493943575,0.00198478730884,0.0,2.72253843054,0.0,16.4891174911,13.7665790606,0.0,0.0,0.0,0.0,1.435654081337684,1.435654081337684,1.435654081337684,7.945151482335332,7.945151482335332,7.945151482335332,0.01,0.01,0.0,0.025582125249366944,0.0,71.22908680545498,0.0,0.0,5.08867853553,70.6965755906,0.0,0.0,0.0,0.0,0.196473216025,0.000278500722704,0.0,0.598227155008,0.0,0.592422249474,0.0831360771116,0.0,0.0,0.0,0.0,0.033350344195397855,0.033350344195397855,0.033350344195397855,0.054877741794138,0.054877741794138,0.054877741794138
