Name,FitNum,N,DF,K,ChiSq,RedChiSq,Rsq,AdjRsq,AIC,BIC,RSS,TSS,SDR
ac8,1,209,202,7,34.66330202760602,0.17160050508715852,0.9962550182571036,0.996124596007351,-360.9432010171031,-338.10407518369766,34.66330202760602,9255.93351512513,0.4142469131896562
