Name,FitNum,N,DF,K,ChiSq,RedChiSq,Rsq,AdjRsq,AIC,BIC,RSS,TSS,SDR
ac1p,1,209,202,7,34.66330202760602,0.17160050508715852,0.9934043729478071,0.9931746744932531,-360.9432010171031,-338.10407518369766,34.66330202760602,5255.497582459783,0.4142469131896562
