Name,FitNum,RedChiSq,lf,AlignMag,Temp,pA,pB,pC,dwB,dwC,kexAB,kexAC,kexBC,k12,k21,k13,k31,k23,k32,tau1,tau2,tau3,dG12,dG13,ddG12,ddG21,ddG13,ddG31,ddG23,ddG32,R1,R1b,R1c,R2,R2b,R2c,pA_err,pB_err,pC_err,dwB_err,dwC_err,kexAB_err,kexAC_err,kexBC_err,k12_err,k21_err,k13_err,k31_err,k23_err,k32_err,tau1_err,tau2_err,tau3_err,dG12_err,dG13_err,ddG12_err,ddG21_err,ddG13_err,ddG31_err,ddG23_err,ddG32_err,R1_err,R1b_err,R1c_err,R2_err,R2b_err,R2c_err
ac1p,1,0.17160050508715852,150.7,auto,298.15,0.9945,0.0055,0.0,2.7469081328247453,0.0,3524.9784756616923,0.0,0.0,19.3873816161,3505.59109405,0.0,0.0,0.0,0.0,0.0515799410049,0.000285258597815,0.0,3.07943474608,0.0,15.6966698785,12.6172351324,0.0,0.0,0.0,0.0,1.958612495030384,1.958612495030384,1.958612495030384,19.902567911142985,19.902567911142985,19.902567911142985,0.0055,0.0055,0.0,0.054839327727692594,0.0,153.63032444817864,0.0,0.0,19.2995517756,153.997156618,0.0,0.0,0.0,0.0,0.051346270565,1.25311286416e-05,0.0,0.590374638587,0.0,0.589800640125,0.0260272702152,0.0,0.0,0.0,0.0,0.055004448473899556,0.055004448473899556,0.055004448473899556,0.14732680995221206,0.14732680995221206,0.14732680995221206
