Name,FitNum,RedChiSq,lf,AlignMag,Temp,pA,pB,pC,dwB,dwC,kexAB,kexAC,kexBC,k12,k21,k13,k31,k23,k32,tau1,tau2,tau3,dG12,dG13,ddG12,ddG21,ddG13,ddG31,ddG23,ddG32,R1,R1b,R1c,R2,R2b,R2c,pA_err,pB_err,pC_err,dwB_err,dwC_err,kexAB_err,kexAC_err,kexBC_err,k12_err,k21_err,k13_err,k31_err,k23_err,k32_err,tau1_err,tau2_err,tau3_err,dG12_err,dG13_err,ddG12_err,ddG21_err,ddG13_err,ddG31_err,ddG23_err,ddG32_err,R1_err,R1b_err,R1c_err,R2_err,R2b_err,R2c_err
ra16_c8_15c,1,0.9102018120512674,150.784186,auto,298.15,0.9,0.1,0.0,0.47134255134210135,0.0,5073.583412386038,0.0,0.0,507.358341239,4566.22507115,0.0,0.0,0.0,0.0,0.00197099351429,0.000218999279365,0.0,1.30182205197,0.0,13.7624470591,12.4606250072,0.0,0.0,0.0,0.0,1.8991454121045173,1.8991454121045173,1.8991454121045173,33.788855484837,33.788855484837,33.788855484837,0.1,0.1,0.0,0.0413221135402196,0.0,693.016638023296,0.0,0.0,464.62991668,774.660317775,0.0,0.0,0.0,0.0,0.00180500147112,3.71532389889e-05,0.0,0.551818941036,0.0,0.542587195552,0.100515068071,0.0,0.0,0.0,0.0,0.05306838356236042,0.05306838356236042,0.05306838356236042,0.24745333797712038,0.24745333797712038,0.24745333797712038
