Name,FitNum,RedChiSq,lf,AlignMag,Temp,pA,pB,pC,dwB,dwC,kexAB,kexAC,kexBC,k12,k21,k13,k31,k23,k32,tau1,tau2,tau3,dG12,dG13,ddG12,ddG21,ddG13,ddG31,ddG23,ddG32,R1,R1b,R1c,R2,R2b,R2c,pA_err,pB_err,pC_err,dwB_err,dwC_err,kexAB_err,kexAC_err,kexBC_err,k12_err,k21_err,k13_err,k31_err,k23_err,k32_err,tau1_err,tau2_err,tau3_err,dG12_err,dG13_err,ddG12_err,ddG21_err,ddG13_err,ddG31_err,ddG23_err,ddG32_err,R1_err,R1b_err,R1c_err,R2_err,R2b_err,R2c_err
ra16_c8_15c,1,0.5395298138960879,150.784195,avg,298.15,0.99688760908,0.0031123909198654165,0.0,2.9112369227345134,0.0,5172.644124529311,0.0,0.0,16.0992906049,5156.54483392,0.0,0.0,0.0,0.0,0.0621145381211,0.000193928305136,0.0,3.41819075295,0.0,15.8067815179,12.3885907649,0.0,0.0,0.0,0.0,1.8351825006673732,1.8351825006673732,1.8351825006673732,33.59002579865156,33.59002579865156,33.59002579865156,0.000739314798038,0.0007393147980375691,0.0,0.3747391787586324,0.0,576.6790236831133,0.0,0.0,4.21370822228,574.896813663,0.0,0.0,0.0,0.0,0.0162573958336,2.16208271803e-05,0.0,0.168555056374,0.0,0.155072538242,0.0660553927587,0.0,0.0,0.0,0.0,0.043689002903871225,0.043689002903871225,0.043689002903871225,0.20912445403234076,0.20912445403234076,0.20912445403234076
