Name,FitNum,RedChiSq,lf,AlignMag,Temp,pA,pB,pC,dwB,dwC,kexAB,kexAC,kexBC,k12,k21,k13,k31,k23,k32,tau1,tau2,tau3,dG12,dG13,ddG12,ddG21,ddG13,ddG31,ddG23,ddG32,R1,R1b,R1c,R2,R2b,R2c,pA_err,pB_err,pC_err,dwB_err,dwC_err,kexAB_err,kexAC_err,kexBC_err,k12_err,k21_err,k13_err,k31_err,k23_err,k32_err,tau1_err,tau2_err,tau3_err,dG12_err,dG13_err,ddG12_err,ddG21_err,ddG13_err,ddG31_err,ddG23_err,ddG32_err,R1_err,R1b_err,R1c_err,R2_err,R2b_err,R2c_err
gc8,1,1.1993230478519201,176.04,auto,298.15,0.999,0.001,0.0,3.9233766634966214,0.0,2573.5135074762115,0.0,0.0,2.57351350748,2570.93999397,0.0,0.0,0.0,0.0,0.388573829939,0.000388962792732,0.0,4.0921468707,0.0,16.8931041538,12.8009572831,0.0,0.0,0.0,0.0,2.1615021913682133,2.1615021913682133,2.1615021913682133,28.212346926439025,28.212346926439025,28.212346926439025,0.001,0.001,0.0,0.5470546962901857,0.0,979.2026887874108,0.0,0.0,2.75110468381,978.226864533,0.0,0.0,0.0,0.0,0.415388254403,0.00014799795174,0.0,0.672294547418,0.0,0.63337051196,0.225436805041,0.0,0.0,0.0,0.0,0.16105451287997632,0.16105451287997632,0.16105451287997632,0.3800351827320243,0.3800351827320243,0.3800351827320243
