Name,FitNum,N,DF,K,ChiSq,RedChiSq,Rsq,AdjRsq,AIC,BIC,RSS,TSS,SDR
G10_C8_Off,1,97,93,4,15.875049691431835,0.17069945904765413,0.9995961503343276,0.9995785916532114,-167.13156083668179,-157.2674995313639,15.875049691431832,39309.30502319453,0.41315791054711043
