Name,FitNum,RedChiSq,lf,AlignMag,Temp,pA,pB,pC,dwB,dwC,kexAB,kexAC,kexBC,k12,k21,k13,k31,k23,k32,tau1,tau2,tau3,dG12,dG13,ddG12,ddG21,ddG13,ddG31,ddG23,ddG32,R1,R1b,R1c,R2,R2b,R2c,pA_err,pB_err,pC_err,dwB_err,dwC_err,kexAB_err,kexAC_err,kexBC_err,k12_err,k21_err,k13_err,k31_err,k23_err,k32_err,tau1_err,tau2_err,tau3_err,dG12_err,dG13_err,ddG12_err,ddG21_err,ddG13_err,ddG31_err,ddG23_err,ddG32_err,R1_err,R1b_err,R1c_err,R2_err,R2b_err,R2c_err
G_C8_Off_clean,1,0.2880549344520091,150.88,avg,298.15,0.9998,0.0002,0.0,4.27,0.0,2918.8879037758884,0.0,0.0,0.583777580755,2918.3041262,0.0,0.0,0.0,0.0,1.71298116434,0.000342664765822,0.0,5.04618856049,0.0,17.7720596112,12.7258710507,0.0,0.0,0.0,0.0,2.6837174338610263,2.6837174338610263,2.6837174338610263,16.769315565186385,16.769315565186385,16.769315565186385,0.0002,0.0002,0.0,4.27,0.0,1780.860020351878,0.0,0.0,0.683753222321,1780.50394401,0.0,0.0,0.0,0.0,2.00634013622,0.000209065244963,0.0,0.78245749233,0.0,0.693951548649,0.361484405516,0.0,0.0,0.0,0.0,0.04628531866012267,0.04628531866012267,0.04628531866012267,0.08688821144956874,0.08688821144956874,0.08688821144956874
