Name,FitNum,N,DF,K,ChiSq,RedChiSq,Rsq,AdjRsq,AIC,BIC,RSS,TSS,SDR
G_C1p_Off_clean,1,253,248,5,71.43762374409825,0.2880549344520091,0.9348666619769924,0.9335481733530449,-309.93489818820467,-292.2679507445671,71.43762374409822,1096.790459577916,0.5367074943132516
