Name,FitNum,N,DF,K,ChiSq,RedChiSq,Rsq,AdjRsq,AIC,BIC,RSS,TSS,SDR
gc8,1,212,205,7,47.08960813220631,0.2297054055229576,0.9866611521429178,0.9862034465791943,-304.41217400343686,-281.4650896885759,47.08960813220631,3530.260531999712,0.4792759179459757
