Name,FitNum,RedChiSq,lf,AlignMag,Temp,pA,pB,pC,dwB,dwC,kexAB,kexAC,kexBC,k12,k21,k13,k31,k23,k32,tau1,tau2,tau3,dG12,dG13,ddG12,ddG21,ddG13,ddG31,ddG23,ddG32,R1,R1b,R1c,R2,R2b,R2c,pA_err,pB_err,pC_err,dwB_err,dwC_err,kexAB_err,kexAC_err,kexBC_err,k12_err,k21_err,k13_err,k31_err,k23_err,k32_err,tau1_err,tau2_err,tau3_err,dG12_err,dG13_err,ddG12_err,ddG21_err,ddG13_err,ddG31_err,ddG23_err,ddG32_err,R1_err,R1b_err,R1c_err,R2_err,R2b_err,R2c_err
G10_C8_Off,1,15.462992400654606,176.04,auto,298.15,0.9985,0.0015,0.0,6.662249214640522,0.0,4610.809527723728,0.0,0.0,6.91621429159,4603.89331343,0.0,0.0,0.0,0.0,0.144587769817,0.000217207465925,0.0,3.85161836479,0.0,16.3073758264,12.4557574616,0.0,0.0,0.0,0.0,3.6324252135814334,3.6324252135814334,3.6324252135814334,53.463948344789436,53.463948344789436,53.463948344789436,0.0015,0.0015,0.0,5.259596093268128,0.0,13915.637113561266,0.0,0.0,21.9861748593,13894.765374,0.0,0.0,0.0,0.0,0.459634686794,0.000655542292371,0.0,2.59709895809,0.0,1.88346872168,1.78814668653,0.0,0.0,0.0,0.0,2.14540984760823,2.14540984760823,2.14540984760823,7.463556315348884,7.463556315348884,7.463556315348884
