Name,FitNum,RedChiSq,lf,AlignMag,Temp,pA,pB,pC,dwB,dwC,kexAB,kexAC,kexBC,k12,k21,k13,k31,k23,k32,tau1,tau2,tau3,dG12,dG13,ddG12,ddG21,ddG13,ddG31,ddG23,ddG32,R1,R1b,R1c,R2,R2b,R2c,pA_err,pB_err,pC_err,dwB_err,dwC_err,kexAB_err,kexAC_err,kexBC_err,k12_err,k21_err,k13_err,k31_err,k23_err,k32_err,tau1_err,tau2_err,tau3_err,dG12_err,dG13_err,ddG12_err,ddG21_err,ddG13_err,ddG31_err,ddG23_err,ddG32_err,R1_err,R1b_err,R1c_err,R2_err,R2b_err,R2c_err
g10c1p,1,2.06378312564132,176.04,auto,298.15,0.993,0.007,0.0,4.509726057789013,0.0,2939.664941718394,0.0,0.0,20.577654592,2919.08728713,0.0,0.0,0.0,0.0,0.048596403226,0.000342572832409,0.0,2.93565558864,0.0,15.6613676605,12.7257120719,0.0,0.0,0.0,0.0,1.69903035595834,1.69903035595834,1.69903035595834,16.631331758711138,16.631331758711138,16.631331758711138,0.007,0.007,0.0,0.12315773643144746,0.0,310.8487258750197,0.0,0.0,20.5496454238,309.348414057,0.0,0.0,0.0,0.0,0.0485302564829,3.63039374918e-05,0.0,0.595000468643,0.0,0.59167829134,0.0627881934986,0.0,0.0,0.0,0.0,0.29460970347619814,0.29460970347619814,0.29460970347619814,0.7103954662618495,0.7103954662618495,0.7103954662618495
