Name,FitNum,RedChiSq,lf,AlignMag,Temp,pA,pB,pC,dwB,dwC,kexAB,kexAC,kexBC,k12,k21,k13,k31,k23,k32,tau1,tau2,tau3,dG12,dG13,ddG12,ddG21,ddG13,ddG31,ddG23,ddG32,R1,R1b,R1c,R2,R2b,R2c,pA_err,pB_err,pC_err,dwB_err,dwC_err,kexAB_err,kexAC_err,kexBC_err,k12_err,k21_err,k13_err,k31_err,k23_err,k32_err,tau1_err,tau2_err,tau3_err,dG12_err,dG13_err,ddG12_err,ddG21_err,ddG13_err,ddG31_err,ddG23_err,ddG32_err,R1_err,R1b_err,R1c_err,R2_err,R2b_err,R2c_err
G7C1p_pH5.3HS_25C,1,0.7947402876187335,176.090091,auto,298.15,0.998632618101,0.0013673818988424835,0.0,4.355107322997563,0.0,549.2003679888269,0.0,0.0,0.750966642026,548.449401347,0.0,0.0,0.0,0.0,1.33161707064,0.00182332225643,0.0,3.90654171751,0.0,17.6228475545,13.716305837,0.0,0.0,0.0,0.0,1.231437081703793,1.231437081703793,1.231437081703793,21.165447901725905,21.165447901725905,21.165447901725905,0.000356096191454,0.0003560961914539745,0.0,0.17275478801340838,0.0,165.6738972679848,0.0,0.0,0.299102978031,165.44747305,0.0,0.0,0.0,0.0,0.53037060388,0.000550030794348,0.0,0.296027006225,0.0,0.235981124746,0.17873135477,0.0,0.0,0.0,0.0,0.03964666316223292,0.03964666316223292,0.03964666316223292,0.05526558167995334,0.05526558167995334,0.05526558167995334
