Name,FitNum,RedChiSq,lf,AlignMag,Temp,pA,pB,pC,dwB,dwC,kexAB,kexAC,kexBC,k12,k21,k13,k31,k23,k32,tau1,tau2,tau3,dG12,dG13,ddG12,ddG21,ddG13,ddG31,ddG23,ddG32,R1,R1b,R1c,R2,R2b,R2c,pA_err,pB_err,pC_err,dwB_err,dwC_err,kexAB_err,kexAC_err,kexBC_err,k12_err,k21_err,k13_err,k31_err,k23_err,k32_err,tau1_err,tau2_err,tau3_err,dG12_err,dG13_err,ddG12_err,ddG21_err,ddG13_err,ddG31_err,ddG23_err,ddG32_err,R1_err,R1b_err,R1c_err,R2_err,R2b_err,R2c_err
A16_C8_Off,1,0.21972884891494338,176.04,auto,298.15,0.99,0.01,0.0,3.1419452069973444,0.0,3774.2922352046703,0.0,0.0,37.742922352,3736.54931285,0.0,0.0,0.0,0.0,0.0264950337092,0.000267626603123,0.0,2.72253843054,0.0,15.301971026,12.5794325954,0.0,0.0,0.0,0.0,0.8208251087397659,0.8208251087397659,0.8208251087397659,25.9560632894136,25.9560632894136,25.9560632894136,0.01,0.01,0.0,0.06826171720420318,0.0,189.38339453272664,0.0,0.0,37.4153596344,191.17703277,0.0,0.0,0.0,0.0,0.0262650890015,1.36928635464e-05,0.0,0.588124461719,0.0,0.587342700996,0.0303139251676,0.0,0.0,0.0,0.0,0.1491418054414096,0.1491418054414096,0.1491418054414096,0.43588272310839143,0.43588272310839143,0.43588272310839143
