Name,FitNum,RedChiSq,lf,AlignMag,Temp,pA,pB,pC,dwB,dwC,kexAB,kexAC,kexBC,k12,k21,k13,k31,k23,k32,tau1,tau2,tau3,dG12,dG13,ddG12,ddG21,ddG13,ddG31,ddG23,ddG32,R1,R1b,R1c,R2,R2b,R2c,pA_err,pB_err,pC_err,dwB_err,dwC_err,kexAB_err,kexAC_err,kexBC_err,k12_err,k21_err,k13_err,k31_err,k23_err,k32_err,tau1_err,tau2_err,tau3_err,dG12_err,dG13_err,ddG12_err,ddG21_err,ddG13_err,ddG31_err,ddG23_err,ddG32_err,R1_err,R1b_err,R1c_err,R2_err,R2b_err,R2c_err
A16_C8_Off,1,0.5357175464403622,150.7,auto,298.15,0.95,0.05,0.0,2.561813452191575,0.0,60.072573250389375,0.0,0.0,3.00362866252,57.0689445879,0.0,0.0,0.0,0.0,0.332930635694,0.0175226650365,0.0,1.7445351892,0.0,16.8015362146,15.0570010254,0.0,0.0,0.0,0.0,2.130224597153282,2.130224597153282,2.130224597153282,27.986872282069392,27.986872282069392,27.986872282069392,0.05,0.05,0.0,0.04944652309625204,0.0,3.8744439463384377,0.0,0.0,2.86395597793,4.65965966005,0.0,0.0,0.0,0.0,0.317448923107,0.00143071956205,0.0,0.56700091099,0.0,0.564933428556,0.0483761755812,0.0,0.0,0.0,0.0,0.09236273402795066,0.09236273402795066,0.09236273402795066,0.12129167439978329,0.12129167439978329,0.12129167439978329
