Name,FitNum,N,DF,K,ChiSq,RedChiSq,Rsq,AdjRsq,AIC,BIC,RSS,TSS,SDR
ac1p,1,195,188,7,846.1738367509834,4.5009246635690605,0.9642388512510425,0.9629001986240762,300.8053563231097,323.1174227517725,846.1738367509832,23661.819218703065,2.1215382776582326
