Name,FitNum,RedChiSq,lf,AlignMag,Temp,pA,pB,pC,dwB,dwC,kexAB,kexAC,kexBC,k12,k21,k13,k31,k23,k32,tau1,tau2,tau3,dG12,dG13,ddG12,ddG21,ddG13,ddG31,ddG23,ddG32,R1,R1b,R1c,R2,R2b,R2c,pA_err,pB_err,pC_err,dwB_err,dwC_err,kexAB_err,kexAC_err,kexBC_err,k12_err,k21_err,k13_err,k31_err,k23_err,k32_err,tau1_err,tau2_err,tau3_err,dG12_err,dG13_err,ddG12_err,ddG21_err,ddG13_err,ddG31_err,ddG23_err,ddG32_err,R1_err,R1b_err,R1c_err,R2_err,R2b_err,R2c_err
ac1p,1,4.5009246635690605,176.04,auto,298.15,0.9875,0.0125,0.0,4.334262568268598,0.0,2961.0682531742573,0.0,0.0,37.0133531647,2924.05490001,0.0,0.0,0.0,0.0,0.0270172765907,0.00034199084292,0.0,2.58883121367,0.0,15.3135358702,12.7247046565,0.0,0.0,0.0,0.0,2.048942049417611,2.048942049417611,2.048942049417611,22.79584656341817,22.79584656341817,22.79584656341817,0.0125,0.0125,0.0,0.21962835831232444,0.0,460.2499421636703,0.0,0.0,37.003583137,455.964389174,0.0,0.0,0.0,0.0,0.0270101451228,5.33285629469e-05,0.0,0.599490367395,0.0,0.592328356891,0.0923894919426,0.0,0.0,0.0,0.0,0.8093783995527466,0.8093783995527466,0.8093783995527466,1.749759675860594,1.749759675860594,1.749759675860594
