Name,FitNum,RedChiSq,lf,AlignMag,Temp,pA,pB,pC,dwB,dwC,kexAB,kexAC,kexBC,k12,k21,k13,k31,k23,k32,tau1,tau2,tau3,dG12,dG13,ddG12,ddG21,ddG13,ddG31,ddG23,ddG32,R1,R1b,R1c,R2,R2b,R2c,pA_err,pB_err,pC_err,dwB_err,dwC_err,kexAB_err,kexAC_err,kexBC_err,k12_err,k21_err,k13_err,k31_err,k23_err,k32_err,tau1_err,tau2_err,tau3_err,dG12_err,dG13_err,ddG12_err,ddG21_err,ddG13_err,ddG31_err,ddG23_err,ddG32_err,R1_err,R1b_err,R1c_err,R2_err,R2b_err,R2c_err
G_C1p_Off_clean,1,0.3186003062266278,150.88,avg,298.15,0.9999,0.0001,0.0,4.12,0.0,2824.2936339182684,0.0,0.0,0.282429363392,2824.01120455,0.0,0.0,0.0,0.0,3.54070833142,0.000354106243767,0.0,5.45692695108,0.0,18.202257797,12.7453308459,0.0,0.0,0.0,0.0,2.4162637837571634,2.4162637837571634,2.4162637837571634,12.074298951709869,12.074298951709869,12.074298951709869,0.0001,0.0001,0.0,4.12,0.0,3696.6456103567807,0.0,0.0,0.465190586016,3696.27595658,0.0,0.0,0.0,0.0,5.83191550562,0.000463480595544,0.0,1.24648771089,0.0,0.975884108625,0.775488117202,0.0,0.0,0.0,0.0,0.055902674971430345,0.055902674971430345,0.055902674971430345,0.09097463517272093,0.09097463517272093,0.09097463517272093
