Name,FitNum,N,DF,K,ChiSq,RedChiSq,Rsq,AdjRsq,AIC,BIC,RSS,TSS,SDR
G_C8_Off_clean,1,253,248,5,79.0128759442037,0.3186003062266278,0.9772118547901774,0.9767505563041486,-284.43600171518955,-266.76905427155197,79.0128759442037,3467.2798166191255,0.5644469029294322
