Name,FitNum,RedChiSq,lf,AlignMag,Temp,pA,pB,pC,dwB,dwC,kexAB,kexAC,kexBC,k12,k21,k13,k31,k23,k32,tau1,tau2,tau3,dG12,dG13,ddG12,ddG21,ddG13,ddG31,ddG23,ddG32,R1,R1b,R1c,R2,R2b,R2c,pA_err,pB_err,pC_err,dwB_err,dwC_err,kexAB_err,kexAC_err,kexBC_err,k12_err,k21_err,k13_err,k31_err,k23_err,k32_err,tau1_err,tau2_err,tau3_err,dG12_err,dG13_err,ddG12_err,ddG21_err,ddG13_err,ddG31_err,ddG23_err,ddG32_err,R1_err,R1b_err,R1c_err,R2_err,R2b_err,R2c_err
ac1p,1,8.969562115165811,150.7,auto,298.15,0.9997,0.0003,0.0,7.295628185557586,0.0,4442.301322917662,0.0,0.0,1.33269039688,4440.96863252,0.0,0.0,0.0,0.0,0.750361826231,0.0002251761007,0.0,4.80589740444,0.0,17.2830019759,12.4771045715,0.0,0.0,0.0,0.0,5.3994502225961005,5.3994502225961005,5.3994502225961005,31.814677776545054,31.814677776545054,31.814677776545054,0.0003,0.0003,0.0,17.479893722031225,0.0,31626.635104991572,0.0,0.0,9.58107314977,31617.1471425,0.0,0.0,0.0,0.0,5.39455492646,0.00160312456536,0.0,5.99469998337,0.0,4.25953374661,4.21815127184,0.0,0.0,0.0,0.0,1.1916301712124273,1.1916301712124273,1.1916301712124273,3.280343514156871,3.280343514156871,3.280343514156871
