Name,FitNum,N,DF,K,ChiSq,RedChiSq,Rsq,AdjRsq,AIC,BIC,RSS,TSS,SDR
ac8,1,219,212,7,1901.547168415152,8.969562115165811,0.8873340773247143,0.8835963452928327,487.8667629753472,511.059459396859,1901.5471684151519,16877.749041257106,2.994922722736901
