Name,FitNum,N,DF,K,ChiSq,RedChiSq,Rsq,AdjRsq,AIC,BIC,RSS,TSS,SDR
ac1p,1,219,212,7,1901.547168415152,8.969562115165811,0.8811898125669229,0.8772482423677213,487.8667629753472,511.059459396859,1901.5471684151519,16004.916829933014,2.994922722736901
