Name,FitNum,RedChiSq,lf,AlignMag,Temp,pA,pB,pC,dwB,dwC,kexAB,kexAC,kexBC,k12,k21,k13,k31,k23,k32,tau1,tau2,tau3,dG12,dG13,ddG12,ddG21,ddG13,ddG31,ddG23,ddG32,R1,R1b,R1c,R2,R2b,R2c,pA_err,pB_err,pC_err,dwB_err,dwC_err,kexAB_err,kexAC_err,kexBC_err,k12_err,k21_err,k13_err,k31_err,k23_err,k32_err,tau1_err,tau2_err,tau3_err,dG12_err,dG13_err,ddG12_err,ddG21_err,ddG13_err,ddG31_err,ddG23_err,ddG32_err,R1_err,R1b_err,R1c_err,R2_err,R2b_err,R2c_err
T8_N3_Off,1,0.15711470546736833,176.04,auto,298.15,0.95,0.05,0.0,-0.4678325704595678,0.0,148.87661087371472,0.0,0.0,7.44383054369,141.43278033,0.0,0.0,0.0,0.0,0.134339436414,0.00707049665337,0.0,1.7445351892,0.0,16.263818112,14.5192829228,0.0,0.0,0.0,0.0,1.4716625567496933,1.4716625567496933,1.4716625567496933,8.016940567734231,8.016940567734231,8.016940567734231,0.05,0.05,0.0,0.02601195914051443,0.0,18.18071509554679,0.0,0.0,7.13953436269,18.6670166916,0.0,0.0,0.0,0.0,0.128847777621,0.00093320005969,0.0,0.573619854378,0.0,0.568264578199,0.0781991464163,0.0,0.0,0.0,0.0,0.027650241416484457,0.027650241416484457,0.027650241416484457,0.03455708945687595,0.03455708945687595,0.03455708945687595
