Name,FitNum,N,DF,K,ChiSq,RedChiSq,Rsq,AdjRsq,AIC,BIC,RSS,TSS,SDR
ac1p,1,195,188,7,56.08479906353273,0.2983233992741103,0.9976297342759173,0.9975410077514865,-228.39734463501247,-206.08527820634967,56.084799063532714,23661.819218703065,0.5461898930537896
