param,fitval,fiterror
pB,0.00100,0.00000
pC,0.00000,0.00000
dwB,2.80642,0.18160
dwC,0.00000,0.00000
kexAB,329.00636,201.82171
kexAC,-0.00000,0.00000
kexBC,0.00000,0.00000
R1,3.36437,0.00632
R2,19.09329,0.29589
rchi2,58.81346,0.0