Name,FitNum,RedChiSq,lf,AlignMag,Temp,pA,pB,pC,dwB,dwC,kexAB,kexAC,kexBC,k12,k21,k13,k31,k23,k32,tau1,tau2,tau3,dG12,dG13,ddG12,ddG21,ddG13,ddG31,ddG23,ddG32,R1,R1b,R1c,R2,R2b,R2c,pA_err,pB_err,pC_err,dwB_err,dwC_err,kexAB_err,kexAC_err,kexBC_err,k12_err,k21_err,k13_err,k31_err,k23_err,k32_err,tau1_err,tau2_err,tau3_err,dG12_err,dG13_err,ddG12_err,ddG21_err,ddG13_err,ddG31_err,ddG23_err,ddG32_err,R1_err,R1b_err,R1c_err,R2_err,R2b_err,R2c_err
A16_C8_Off,1,0.3729804734601462,150.7,auto,298.15,0.994,0.006,0.0,2.4597333556822796,0.0,2159.895068636602,0.0,0.0,12.9593704118,2146.93569822,0.0,0.0,0.0,0.0,0.0771642424147,0.0004657801353,0.0,3.02758387661,0.0,15.9353246976,12.907740821,0.0,0.0,0.0,0.0,2.4222656061471914,2.4222656061471914,2.4222656061471914,26.3068964877331,26.3068964877331,26.3068964877331,0.006,0.006,0.0,0.05642512795799727,0.0,181.73817855424258,0.0,0.0,12.9279180734,181.106464334,0.0,0.0,0.0,0.0,0.0769769651175,3.92912528916e-05,0.0,0.593156186441,0.0,0.591046790858,0.0499795211065,0.0,0.0,0.0,0.0,0.07877451433861475,0.07877451433861475,0.07877451433861475,0.20264620721619542,0.20264620721619542,0.20264620721619542
