Name,FitNum,N,DF,K,ChiSq,RedChiSq,Rsq,AdjRsq,AIC,BIC,RSS,TSS,SDR
A16_C8_Off,1,105,101,4,37.671027819474766,0.3729804734601462,0.9957684127155875,0.995599149224211,-99.23224961975755,-89.01640821912747,37.67102781947478,8902.33978115971,0.6107212731354185
