Name,FitNum,RedChiSq,lf,AlignMag,Temp,pA,pB,pC,dwB,dwC,kexAB,kexAC,kexBC,k12,k21,k13,k31,k23,k32,tau1,tau2,tau3,dG12,dG13,ddG12,ddG21,ddG13,ddG31,ddG23,ddG32,R1,R1b,R1c,R2,R2b,R2c,pA_err,pB_err,pC_err,dwB_err,dwC_err,kexAB_err,kexAC_err,kexBC_err,k12_err,k21_err,k13_err,k31_err,k23_err,k32_err,tau1_err,tau2_err,tau3_err,dG12_err,dG13_err,ddG12_err,ddG21_err,ddG13_err,ddG31_err,ddG23_err,ddG32_err,R1_err,R1b_err,R1c_err,R2_err,R2b_err,R2c_err
ac8,1,0.3764081954655959,150.7,auto,298.15,0.998,0.002,0.0,3.8736860193348877,0.0,2948.3576089654885,0.0,0.0,5.89671521793,2942.46089375,0.0,0.0,0.0,0.0,0.169585941162,0.000339851585496,0.0,3.68087436261,0.0,16.4018612054,12.7209868428,0.0,0.0,0.0,0.0,2.1003241585909733,2.1003241585909733,2.1003241585909733,30.899942413462444,30.899942413462444,30.899942413462444,0.002,0.002,0.0,0.2130191179792652,0.0,332.34337568150124,0.0,0.0,5.92235189831,331.730892643,0.0,0.0,0.0,0.0,0.170323236489,3.83146195969e-05,0.0,0.598797895749,0.0,0.595060647775,0.0667962979714,0.0,0.0,0.0,0.0,0.1220620039473748,0.1220620039473748,0.1220620039473748,0.23540058610177886,0.23540058610177886,0.23540058610177886
