Name,FitNum,N,DF,K,ChiSq,RedChiSq,Rsq,AdjRsq,AIC,BIC,RSS,TSS,SDR
ac1p,1,209,202,7,76.03445548405037,0.3764081954655959,0.9855323964494218,0.9850285495596006,-196.77264550141848,-173.93351966801308,76.03445548405034,5255.497582459783,0.6135211450843367
