Name,FitNum,N,DF,K,ChiSq,RedChiSq,Rsq,AdjRsq,AIC,BIC,RSS,TSS,SDR
ac8,1,209,202,7,76.03445548405037,0.3764081954655959,0.9917853282589161,0.9914992451634554,-196.77264550141848,-173.93351966801308,76.03445548405034,9255.93351512513,0.6135211450843367
