Name,FitNum,RedChiSq,lf,AlignMag,Temp,pA,pB,pC,dwB,dwC,kexAB,kexAC,kexBC,k12,k21,k13,k31,k23,k32,tau1,tau2,tau3,dG12,dG13,ddG12,ddG21,ddG13,ddG31,ddG23,ddG32,R1,R1b,R1c,R2,R2b,R2c,pA_err,pB_err,pC_err,dwB_err,dwC_err,kexAB_err,kexAC_err,kexBC_err,k12_err,k21_err,k13_err,k31_err,k23_err,k32_err,tau1_err,tau2_err,tau3_err,dG12_err,dG13_err,ddG12_err,ddG21_err,ddG13_err,ddG31_err,ddG23_err,ddG32_err,R1_err,R1b_err,R1c_err,R2_err,R2b_err,R2c_err
gc1p,1,0.16604337045133083,150.88,auto,298.15,0.992,0.008,0.0,3.9058766358151518,0.0,610.5041496151777,0.0,0.0,4.88403319692,605.620116418,0.0,0.0,0.0,0.0,0.204748813057,0.0016512001053,0.0,2.85594331299,0.0,16.5134996109,13.6575562979,0.0,0.0,0.0,0.0,2.2079079452019847,2.2079079452019847,2.2079079452019847,13.425877192400009,13.425877192400009,13.425877192400009,0.008,0.008,0.0,0.020094420959463382,0.0,6.735412937316521,0.0,0.0,4.84541809121,8.25336363647,0.0,0.0,0.0,0.0,0.203129987643,2.25024805751e-05,0.0,0.587855783541,0.0,0.587800329216,0.00807435544017,0.0,0.0,0.0,0.0,0.027511086328708703,0.027511086328708703,0.027511086328708703,0.056532897085924516,0.056532897085924516,0.056532897085924516
