Name,FitNum,N,DF,K,ChiSq,RedChiSq,Rsq,AdjRsq,AIC,BIC,RSS,TSS,SDR
gc1p,1,308,301,7,49.97905450585058,0.16604337045133083,0.9820887915259138,0.9816708633281851,-546.0966987602677,-519.9860002794527,49.979054505850556,2790.378693774901,0.4074841965663586
