Name,FitNum,RedChiSq,lf,AlignMag,Temp,pA,pB,pC,dwB,dwC,kexAB,kexAC,kexBC,k12,k21,k13,k31,k23,k32,tau1,tau2,tau3,dG12,dG13,ddG12,ddG21,ddG13,ddG31,ddG23,ddG32,R1,R1b,R1c,R2,R2b,R2c,pA_err,pB_err,pC_err,dwB_err,dwC_err,kexAB_err,kexAC_err,kexBC_err,k12_err,k21_err,k13_err,k31_err,k23_err,k32_err,tau1_err,tau2_err,tau3_err,dG12_err,dG13_err,ddG12_err,ddG21_err,ddG13_err,ddG31_err,ddG23_err,ddG32_err,R1_err,R1b_err,R1c_err,R2_err,R2b_err,R2c_err
gc1p,1,0.6122448703502645,150.88,auto,298.15,0.9925,0.0075,0.0,2.2404315129457077,0.0,5195.260014544845,0.0,0.0,38.9644501091,5156.29556444,0.0,0.0,0.0,0.0,0.0256644196749,0.000193937680163,0.0,2.89447995867,0.0,15.2830993653,12.3886194066,0.0,0.0,0.0,0.0,2.820620027776779,2.820620027776779,2.820620027776779,12.085607896956041,12.085607896956041,12.085607896956041,0.0075,0.0075,0.0,0.11534355835971007,0.0,382.35841303123607,0.0,0.0,38.7794969338,381.456204639,0.0,0.0,0.0,0.0,0.0255425979656,1.43472635513e-05,0.0,0.591299171532,0.0,0.589672392109,0.0438312701038,0.0,0.0,0.0,0.0,0.09329107527067312,0.09329107527067312,0.09329107527067312,0.3137314772820597,0.3137314772820597,0.3137314772820597
