Name,FitNum,N,DF,K,ChiSq,RedChiSq,Rsq,AdjRsq,AIC,BIC,RSS,TSS,SDR
gc8,1,212,205,7,125.51019842180422,0.6122448703502645,0.9644473269652115,0.9632273823022531,-96.58122289240556,-73.6341385775446,125.51019842180419,3530.260531999712,0.7824607787935854
