Name,FitNum,N,DF,K,ChiSq,RedChiSq,Rsq,AdjRsq,AIC,BIC,RSS,TSS,SDR
A16_C8_Off,1,105,101,4,87.64428109468714,0.8677651593533381,0.9901549162075153,0.9897611128558159,-10.570768738394678,-0.35492733776458607,87.6442810946871,8902.33978115971,0.9315391346332894
