Name,FitNum,N,DF,K,ChiSq,RedChiSq,Rsq,AdjRsq,AIC,BIC,RSS,TSS,SDR
gc1p,1,220,213,7,29.60266322342684,0.1389796395466049,0.9926052201049629,0.9923610528442777,-426.73960548037854,-403.5125145427045,29.602663223426838,4003.1838193445337,0.37279973115146536
