Name,FitNum,N,DF,K,ChiSq,RedChiSq,Rsq,AdjRsq,AIC,BIC,RSS,TSS,SDR
ac8,1,209,202,7,76.03445570634581,0.3764081965660684,0.9917853282348995,0.9914992451386024,-196.77264489038308,-173.93351905697767,76.0344557063458,9255.93351512513,0.6135211459811865
