Name,FitNum,RedChiSq,lf,AlignMag,Temp,pA,pB,pC,dwB,dwC,kexAB,kexAC,kexBC,k12,k21,k13,k31,k23,k32,tau1,tau2,tau3,dG12,dG13,ddG12,ddG21,ddG13,ddG31,ddG23,ddG32,R1,R1b,R1c,R2,R2b,R2c,pA_err,pB_err,pC_err,dwB_err,dwC_err,kexAB_err,kexAC_err,kexBC_err,k12_err,k21_err,k13_err,k31_err,k23_err,k32_err,tau1_err,tau2_err,tau3_err,dG12_err,dG13_err,ddG12_err,ddG21_err,ddG13_err,ddG31_err,ddG23_err,ddG32_err,R1_err,R1b_err,R1c_err,R2_err,R2b_err,R2c_err
ac1p,1,0.3764081965660684,150.7,auto,298.15,0.998,0.002,0.0,4.395275194511517,0.0,2948.0988295642596,0.0,0.0,5.89619765913,2942.20263191,0.0,0.0,0.0,0.0,0.169600827145,0.000339881417125,0.0,3.68087436261,0.0,16.4019132105,12.7210388479,0.0,0.0,0.0,0.0,1.8189122554946264,1.8189122554946264,1.8189122554946264,21.006732694016407,21.006732694016407,21.006732694016407,0.002,0.002,0.0,0.1693980406712391,0.0,332.3224741380163,0.0,0.0,5.92183394538,331.710027022,0.0,0.0,0.0,0.0,0.170338240577,3.83189359007e-05,0.0,0.598798266429,0.0,0.595060834279,0.0667979594385,0.0,0.0,0.0,0.0,0.09535435838973022,0.09535435838973022,0.09535435838973022,0.2056345328150334,0.2056345328150334,0.2056345328150334
