Name,FitNum,N,DF,K,ChiSq,RedChiSq,Rsq,AdjRsq,AIC,BIC,RSS,TSS,SDR
g10c8,1,180,173,7,2727.1880015167153,15.764092494316273,0.7216066370189748,0.7102766745720726,503.9036674559678,525.6032026215016,2727.188001516715,9796.167452823202,3.9704020570108853
