Name,FitNum,RedChiSq,lf,AlignMag,Temp,pA,pB,pC,dwB,dwC,kexAB,kexAC,kexBC,k12,k21,k13,k31,k23,k32,tau1,tau2,tau3,dG12,dG13,ddG12,ddG21,ddG13,ddG31,ddG23,ddG32,R1,R1b,R1c,R2,R2b,R2c,pA_err,pB_err,pC_err,dwB_err,dwC_err,kexAB_err,kexAC_err,kexBC_err,k12_err,k21_err,k13_err,k31_err,k23_err,k32_err,tau1_err,tau2_err,tau3_err,dG12_err,dG13_err,ddG12_err,ddG21_err,ddG13_err,ddG31_err,ddG23_err,ddG32_err,R1_err,R1b_err,R1c_err,R2_err,R2b_err,R2c_err
g10c8,1,15.764092494316273,176.04,auto,298.15,0.999,0.001,0.0,5.904368765135051,0.0,4433.403413271716,0.0,0.0,4.43340341327,4428.97000986,0.0,0.0,0.0,0.0,0.225560344228,0.000225786130359,0.0,4.0921468707,0.0,16.5708543857,12.478707515,0.0,0.0,0.0,0.0,2.6280105428773686,2.6280105428773686,2.6280105428773686,32.15596899129842,32.15596899129842,32.15596899129842,0.001,0.001,0.0,5.500331283290815,0.0,6767.365223441253,0.0,0.0,8.08783203774,6760.59930896,0.0,0.0,0.0,0.0,0.411488422874,0.000344651138634,0.0,1.40932900178,0.0,1.08086647825,0.904398082404,0.0,0.0,0.0,0.0,1.560406921124144,1.560406921124144,1.560406921124144,3.146255119566896,3.146255119566896,3.146255119566896
