Name,FitNum,N,DF,K,ChiSq,RedChiSq,Rsq,AdjRsq,AIC,BIC,RSS,TSS,SDR
ac1p,1,219,212,7,343.0351162080558,1.618090170792716,0.9785668916712833,0.9778558406840747,112.80948477483132,136.00218119634303,343.0351162080557,16004.916829933014,1.272041733117556
