Name,FitNum,N,DF,K,ChiSq,RedChiSq,Rsq,AdjRsq,AIC,BIC,RSS,TSS,SDR
ac8,1,219,212,7,343.0351162080558,1.618090170792716,0.9796753041315215,0.9790010251216668,112.80948477483132,136.00218119634303,343.0351162080557,16877.749041257106,1.272041733117556
