Name,FitNum,N,DF,K,ChiSq,RedChiSq,Rsq,AdjRsq,AIC,BIC,RSS,TSS,SDR
gc8,1,190,183,7,27.17492186980975,0.14849684081863251,0.9962893887498916,0.9961466729325797,-354.88322308895073,-332.76943919921194,27.174921869809754,7323.570171630386,0.38535287830588805
