Name,FitNum,RedChiSq,lf,AlignMag,Temp,pA,pB,pC,dwB,dwC,kexAB,kexAC,kexBC,k12,k21,k13,k31,k23,k32,tau1,tau2,tau3,dG12,dG13,ddG12,ddG21,ddG13,ddG31,ddG23,ddG32,R1,R1b,R1c,R2,R2b,R2c,pA_err,pB_err,pC_err,dwB_err,dwC_err,kexAB_err,kexAC_err,kexBC_err,k12_err,k21_err,k13_err,k31_err,k23_err,k32_err,tau1_err,tau2_err,tau3_err,dG12_err,dG13_err,ddG12_err,ddG21_err,ddG13_err,ddG31_err,ddG23_err,ddG32_err,R1_err,R1b_err,R1c_err,R2_err,R2b_err,R2c_err
G_C1p_Off,1,0.22119168223989413,150.88,auto,298.15,0.9994,0.0006,0.0,4.430032684423443,0.0,2462.824136019766,0.0,0.0,1.47769448161,2461.34644154,0.0,0.0,0.0,0.0,0.676729873762,0.000406281693273,0.0,4.39504044577,0.0,17.2218081741,12.8267677284,0.0,0.0,0.0,0.0,2.168024333548765,2.168024333548765,2.168024333548765,13.935612272833968,13.935612272833968,13.935612272833968,0.0006,0.0006,0.0,0.31904715852773374,0.0,400.7413261969301,0.0,0.0,1.49625397436,400.503604185,0.0,0.0,0.0,0.0,0.685229440714,6.61090530469e-05,0.0,0.607623134454,0.0,0.599926217028,0.0964075082451,0.0,0.0,0.0,0.0,0.03260995938687442,0.03260995938687442,0.03260995938687442,0.08246703580153285,0.08246703580153285,0.08246703580153285
