Name,FitNum,N,DF,K,ChiSq,RedChiSq,Rsq,AdjRsq,AIC,BIC,RSS,TSS,SDR
G_C1p_Off,1,199,192,7,42.46880299005967,0.22119168223989413,0.9783174503045912,0.9775228018864348,-292.77609062610605,-270.30934428758957,42.46880299005968,1958.6627765945875,0.47031019789059875
