Name,FitNum,RedChiSq,lf,AlignMag,Temp,pA,pB,pC,dwB,dwC,kexAB,kexAC,kexBC,k12,k21,k13,k31,k23,k32,tau1,tau2,tau3,dG12,dG13,ddG12,ddG21,ddG13,ddG31,ddG23,ddG32,R1,R1b,R1c,R2,R2b,R2c,pA_err,pB_err,pC_err,dwB_err,dwC_err,kexAB_err,kexAC_err,kexBC_err,k12_err,k21_err,k13_err,k31_err,k23_err,k32_err,tau1_err,tau2_err,tau3_err,dG12_err,dG13_err,ddG12_err,ddG21_err,ddG13_err,ddG31_err,ddG23_err,ddG32_err,R1_err,R1b_err,R1c_err,R2_err,R2b_err,R2c_err
c15_c6,1,0.41655397587364507,176.002098,auto,298.15,0.994,0.006,0.0,2.384293008761469,0.0,4949.133223911912,0.0,0.0,29.6947993435,4919.43842457,0.0,0.0,0.0,0.0,0.033675930537,0.00020327523463,0.0,3.02758387661,0.0,15.4440643009,12.4164804243,0.0,0.0,0.0,0.0,1.8874240881742597,1.8874240881742597,1.8874240881742597,29.69571246668595,29.69571246668595,29.69571246668595,0.006,0.006,0.0,0.14668722069804482,0.0,520.5027061405568,0.0,0.0,29.6819213227,518.22100184,0.0,0.0,0.0,0.0,0.0336613259819,2.14133172626e-05,0.0,0.59550749695,0.0,0.592227800503,0.062413229651,0.0,0.0,0.0,0.0,0.05482846280446944,0.05482846280446944,0.05482846280446944,0.3535867864579246,0.3535867864579246,0.3535867864579246
