Name,FitNum,N,DF,K,ChiSq,RedChiSq,Rsq,AdjRsq,AIC,BIC,RSS,TSS,SDR
c15_c6,1,138,134,4,55.81823276706844,0.41655397587364507,0.997121307445609,0.997034730225928,-116.61037827234243,-105.20211541141286,55.818232767068395,19390.13344162995,0.6454099285521139
