Name,FitNum,N,DF,K,ChiSq,RedChiSq,Rsq,AdjRsq,AIC,BIC,RSS,TSS,SDR
hpGBCm6A_m6AC2_55C,1,91,87,4,2408.143350585767,27.67980862742261,-0.5170198014375094,-0.5875788619694866,306.5585327284546,316.13685447545225,2408.1433505857676,1587.4172165082093,5.2611603879203885
