Name,FitNum,RedChiSq,lf,AlignMag,Temp,pA,pB,pC,dwB,dwC,kexAB,kexAC,kexBC,k12,k21,k13,k31,k23,k32,tau1,tau2,tau3,dG12,dG13,ddG12,ddG21,ddG13,ddG31,ddG23,ddG32,R1,R1b,R1c,R2,R2b,R2c,pA_err,pB_err,pC_err,dwB_err,dwC_err,kexAB_err,kexAC_err,kexBC_err,k12_err,k21_err,k13_err,k31_err,k23_err,k32_err,tau1_err,tau2_err,tau3_err,dG12_err,dG13_err,ddG12_err,ddG21_err,ddG13_err,ddG31_err,ddG23_err,ddG32_err,R1_err,R1b_err,R1c_err,R2_err,R2b_err,R2c_err
hpGBCm6A_m6AC2_55C,1,0.5878909905529912,150.7,auto,298.15,0.991,0.009,0.0,2.6736595944010433,0.0,783.2969027547775,0.0,0.0,7.04967212479,776.24723063,0.0,0.0,0.0,0.0,0.141850568693,0.0012882493625,0.0,2.78556109659,0.0,16.2960519282,13.5104908316,0.0,0.0,0.0,0.0,4.549514788009358,4.549514788009358,4.549514788009358,13.512084754737904,13.512084754737904,13.512084754737904,0.009,0.009,0.0,0.02844969082119477,0.0,12.967780292891531,0.0,0.0,6.98748792953,14.6274185497,0.0,0.0,0.0,0.0,0.140599324194,2.42754651843e-05,0.0,0.587364640305,0.0,0.58725852182,0.0111646419651,0.0,0.0,0.0,0.0,0.03578345406121763,0.03578345406121763,0.03578345406121763,0.05220169244818662,0.05220169244818662,0.05220169244818662
