Name,FitNum,RedChiSq,lf,AlignMag,Temp,pA,pB,pC,dwB,dwC,kexAB,kexAC,kexBC,k12,k21,k13,k31,k23,k32,tau1,tau2,tau3,dG12,dG13,ddG12,ddG21,ddG13,ddG31,ddG23,ddG32,R1,R1b,R1c,R2,R2b,R2c,pA_err,pB_err,pC_err,dwB_err,dwC_err,kexAB_err,kexAC_err,kexBC_err,k12_err,k21_err,k13_err,k31_err,k23_err,k32_err,tau1_err,tau2_err,tau3_err,dG12_err,dG13_err,ddG12_err,ddG21_err,ddG13_err,ddG31_err,ddG23_err,ddG32_err,R1_err,R1b_err,R1c_err,R2_err,R2b_err,R2c_err
ac8,1,0.11149569138924804,150.7,auto,298.15,0.978,0.022,0.0,2.5554250111885763,0.0,2333.2467744280793,0.0,0.0,51.3314290374,2281.91534539,0.0,0.0,0.0,0.0,0.0194812421698,0.000438228351468,0.0,2.24816395606,0.0,15.1197788577,12.8716149017,0.0,0.0,0.0,0.0,2.3064874722523414,2.3064874722523414,2.3064874722523414,26.223014804742427,26.223014804742427,26.223014804742427,0.022,0.022,0.0,0.02261300248287237,0.0,43.5926505610684,0.0,0.0,50.2239949935,65.8722613245,0.0,0.0,0.0,0.0,0.0190609501343,1.26503783525e-05,0.0,0.57995461971,0.0,0.579702369877,0.0171033120438,0.0,0.0,0.0,0.0,0.1363105915064436,0.1363105915064436,0.1363105915064436,0.25086486508744965,0.25086486508744965,0.25086486508744965
