Name,FitNum,N,DF,K,ChiSq,RedChiSq,Rsq,AdjRsq,AIC,BIC,RSS,TSS,SDR
ac1p,1,219,212,7,23.637086574520584,0.11149569138924804,0.9985231359321834,0.998474140441782,-473.01899249540975,-449.826296073898,23.637086574520584,16004.916829933014,0.333909705443325
