Name,FitNum,N,DF,K,ChiSq,RedChiSq,Rsq,AdjRsq,AIC,BIC,RSS,TSS,SDR
ac8,1,219,212,7,23.637086574520584,0.11149569138924804,0.9985995119066683,0.9985530502163682,-473.01899249540975,-449.826296073898,23.637086574520584,16877.749041257106,0.333909705443325
