Name,FitNum,N,DF,K,ChiSq,RedChiSq,Rsq,AdjRsq,AIC,BIC,RSS,TSS,SDR
ac8,1,196,189,7,113.67072296197702,0.601432396624217,0.9883852026004837,0.9879527367398634,-92.18677725153965,-69.8357193177771,113.67072296197702,9786.715949665248,0.7755207261087333
