Name,FitNum,N,DF,K,ChiSq,RedChiSq,Rsq,AdjRsq,AIC,BIC,RSS,TSS,SDR
G_C1p_Off,1,199,192,7,79.65944995235088,0.4148929685018275,0.9593296758869079,0.9578391404482082,-167.60689880079852,-145.14015246228206,79.65944995235085,1958.6627765945875,0.6441218584257387
