Name,FitNum,N,DF,K,ChiSq,RedChiSq,Rsq,AdjRsq,AIC,BIC,RSS,TSS,SDR
G_C8_Off,1,199,192,7,79.65944995235088,0.4148929685018275,0.9798050535000267,0.9790649245707083,-167.60689880079852,-145.14015246228206,79.65944995235085,3944.5239408015236,0.6441218584257387
