Name,FitNum,RedChiSq,lf,AlignMag,Temp,pA,pB,pC,dwB,dwC,kexAB,kexAC,kexBC,k12,k21,k13,k31,k23,k32,tau1,tau2,tau3,dG12,dG13,ddG12,ddG21,ddG13,ddG31,ddG23,ddG32,R1,R1b,R1c,R2,R2b,R2c,pA_err,pB_err,pC_err,dwB_err,dwC_err,kexAB_err,kexAC_err,kexBC_err,k12_err,k21_err,k13_err,k31_err,k23_err,k32_err,tau1_err,tau2_err,tau3_err,dG12_err,dG13_err,ddG12_err,ddG21_err,ddG13_err,ddG31_err,ddG23_err,ddG32_err,R1_err,R1b_err,R1c_err,R2_err,R2b_err,R2c_err
G_C1p_Off,1,0.4148929685018275,150.88,auto,298.15,0.95,0.05,0.0,0.3249126510242293,0.0,3905.599284227492,0.0,0.0,195.279964211,3710.31932002,0.0,0.0,0.0,0.0,0.00512085304828,0.000269518581488,0.0,1.7445351892,0.0,14.328141602,12.5836064128,0.0,0.0,0.0,0.0,2.2733935321621996,2.2733935321621996,2.2733935321621996,14.001925897694527,14.001925897694527,14.001925897694527,0.05,0.05,0.0,0.042948874202016804,0.0,842.8740739821708,0.0,0.0,190.493047285,821.99795328,0.0,0.0,0.0,0.0,0.00499532507496,5.97101497866e-05,0.0,0.592679145796,0.0,0.577961112099,0.131261276708,0.0,0.0,0.0,0.0,0.039842649152466214,0.039842649152466214,0.039842649152466214,0.12414035177591691,0.12414035177591691,0.12414035177591691
