Name,FitNum,N,DF,K,ChiSq,RedChiSq,Rsq,AdjRsq,AIC,BIC,RSS,TSS,SDR
c15_c6,1,138,134,4,77.02827241965018,0.5748378538779864,0.9960274501126293,0.9959079749280467,-72.1644477054783,-60.75618484454873,77.0282724196502,19390.13344162995,0.7581806208800027
