Name,FitNum,RedChiSq,lf,AlignMag,Temp,pA,pB,pC,dwB,dwC,kexAB,kexAC,kexBC,k12,k21,k13,k31,k23,k32,tau1,tau2,tau3,dG12,dG13,ddG12,ddG21,ddG13,ddG31,ddG23,ddG32,R1,R1b,R1c,R2,R2b,R2c,pA_err,pB_err,pC_err,dwB_err,dwC_err,kexAB_err,kexAC_err,kexBC_err,k12_err,k21_err,k13_err,k31_err,k23_err,k32_err,tau1_err,tau2_err,tau3_err,dG12_err,dG13_err,ddG12_err,ddG21_err,ddG13_err,ddG31_err,ddG23_err,ddG32_err,R1_err,R1b_err,R1c_err,R2_err,R2b_err,R2c_err
c15_c6,1,0.5748378538779864,176.002098,auto,298.15,0.998,0.002,0.0,4.8301335457086765,0.0,5958.2562824030765,0.0,0.0,11.9165125648,5946.33976984,0.0,0.0,0.0,0.0,0.0839171691014,0.000168170679562,0.0,3.68087436261,0.0,15.9850306496,12.304156287,0.0,0.0,0.0,0.0,1.7367803029708087,1.7367803029708087,1.7367803029708087,30.16805469665637,30.16805469665637,30.16805469665637,0.002,0.002,0.0,0.49248902152639734,0.0,990.4072627755586,0.0,0.0,12.0565343624,988.497991902,0.0,0.0,0.0,0.0,0.0849032153797,2.79560848317e-05,0.0,0.60748414121,0.0,0.599446582662,0.0984925192947,0.0,0.0,0.0,0.0,0.06827746227163504,0.06827746227163504,0.06827746227163504,0.540344093813981,0.540344093813981,0.540344093813981
