Name,FitNum,RedChiSq,lf,AlignMag,Temp,pA,pB,pC,dwB,dwC,kexAB,kexAC,kexBC,k12,k21,k13,k31,k23,k32,tau1,tau2,tau3,dG12,dG13,ddG12,ddG21,ddG13,ddG31,ddG23,ddG32,R1,R1b,R1c,R2,R2b,R2c,pA_err,pB_err,pC_err,dwB_err,dwC_err,kexAB_err,kexAC_err,kexBC_err,k12_err,k21_err,k13_err,k31_err,k23_err,k32_err,tau1_err,tau2_err,tau3_err,dG12_err,dG13_err,ddG12_err,ddG21_err,ddG13_err,ddG31_err,ddG23_err,ddG32_err,R1_err,R1b_err,R1c_err,R2_err,R2b_err,R2c_err
ac8,1,0.17837750052080398,150.7,auto,298.15,0.996,0.004,0.0,2.711245214923704,0.0,3222.3187136807555,0.0,0.0,12.8892748547,3209.42943883,0.0,0.0,0.0,0.0,0.0775838835987,0.000311581861842,0.0,3.26900669389,0.0,15.9385380691,12.6695313752,0.0,0.0,0.0,0.0,2.2228816392228983,2.2228816392228983,2.2228816392228983,30.40457191503594,30.40457191503594,30.40457191503594,0.004,0.004,0.0,0.07719885126968133,0.0,154.35897157929406,0.0,0.0,12.8526605173,154.27660047,0.0,0.0,0.0,0.0,0.0773634924188,1.49776747953e-05,0.0,0.591487768208,0.0,0.59080168784,0.0284806177022,0.0,0.0,0.0,0.0,0.07767495510583426,0.07767495510583426,0.07767495510583426,0.160745664046653,0.160745664046653,0.160745664046653
