Name,FitNum,N,DF,K,ChiSq,RedChiSq,Rsq,AdjRsq,AIC,BIC,RSS,TSS,SDR
ac8,1,209,202,7,36.0322551052024,0.17837750052080398,0.9961071182019272,0.9959715452039843,-352.8480116273099,-330.0088857939045,36.032255105202395,9255.93351512513,0.4223476062685853
