Name,FitNum,N,DF,K,ChiSq,RedChiSq,Rsq,AdjRsq,AIC,BIC,RSS,TSS,SDR
ac1p,1,209,202,7,36.0322551052024,0.17837750052080398,0.9931438927447213,0.9929051228403085,-352.8480116273099,-330.0088857939045,36.032255105202395,5255.497582459783,0.4223476062685853
