Name,FitNum,RedChiSq,lf,AlignMag,Temp,pA,pB,pC,dwB,dwC,kexAB,kexAC,kexBC,k12,k21,k13,k31,k23,k32,tau1,tau2,tau3,dG12,dG13,ddG12,ddG21,ddG13,ddG31,ddG23,ddG32,R1,R1b,R1c,R2,R2b,R2c,pA_err,pB_err,pC_err,dwB_err,dwC_err,kexAB_err,kexAC_err,kexBC_err,k12_err,k21_err,k13_err,k31_err,k23_err,k32_err,tau1_err,tau2_err,tau3_err,dG12_err,dG13_err,ddG12_err,ddG21_err,ddG13_err,ddG31_err,ddG23_err,ddG32_err,R1_err,R1b_err,R1c_err,R2_err,R2b_err,R2c_err
g10c1p,1,8.813661678080424,176.04,auto,298.15,0.997,0.003,0.0,5.748148682256809,0.0,3815.2910695039777,0.0,0.0,11.4458732085,3803.8451963,0.0,0.0,0.0,0.0,0.0873677334864,0.000262891876087,0.0,3.44004850013,0.0,16.0089052979,12.5688567978,0.0,0.0,0.0,0.0,2.8476076879690764,2.8476076879690764,2.8476076879690764,20.685243855013464,20.685243855013464,20.685243855013464,0.003,0.003,0.0,0.6757924528850585,0.0,1589.6599031203516,0.0,0.0,12.3680027101,1584.93200593,0.0,0.0,0.0,0.0,0.0944064594155,0.000109538040327,0.0,0.686165305795,0.0,0.640217906184,0.246868101379,0.0,0.0,0.0,0.0,0.6130518236602126,0.6130518236602126,0.6130518236602126,1.7631244119435394,1.7631244119435394,1.7631244119435394
