Name,FitNum,N,DF,K,ChiSq,RedChiSq,Rsq,AdjRsq,AIC,BIC,RSS,TSS,SDR
g10c1p,1,180,173,7,1524.7634703079134,8.813661678080424,0.774697888510035,0.7655286165307922,399.24595323388894,420.94548839942274,1524.7634703079132,6767.639505126548,2.9687811771972052
