Name,FitNum,N,DF,K,ChiSq,RedChiSq,Rsq,AdjRsq,AIC,BIC,RSS,TSS,SDR
g10c8,1,180,173,7,1524.7634703079134,8.813661678080424,0.8443510201667199,0.8380164686618772,399.24595323388894,420.94548839942274,1524.7634703079132,9796.167452823202,2.9687811771972052
