Name,FitNum,RedChiSq,lf,AlignMag,Temp,pA,pB,pC,dwB,dwC,kexAB,kexAC,kexBC,k12,k21,k13,k31,k23,k32,tau1,tau2,tau3,dG12,dG13,ddG12,ddG21,ddG13,ddG31,ddG23,ddG32,R1,R1b,R1c,R2,R2b,R2c,pA_err,pB_err,pC_err,dwB_err,dwC_err,kexAB_err,kexAC_err,kexBC_err,k12_err,k21_err,k13_err,k31_err,k23_err,k32_err,tau1_err,tau2_err,tau3_err,dG12_err,dG13_err,ddG12_err,ddG21_err,ddG13_err,ddG31_err,ddG23_err,ddG32_err,R1_err,R1b_err,R1c_err,R2_err,R2b_err,R2c_err
gc8,1,0.17888309721613174,176.04,auto,298.15,0.9945,0.0055,0.0,2.8759049544652666,0.0,2523.871361013732,0.0,0.0,13.8812924856,2509.99006853,0.0,0.0,0.0,0.0,0.072039401305,0.000398407950907,0.0,3.07943474608,0.0,15.8946073926,12.8151726465,0.0,0.0,0.0,0.0,1.2939085288243595,1.2939085288243595,1.2939085288243595,28.750810240648892,28.750810240648892,28.750810240648892,0.0055,0.0055,0.0,0.06906196824161415,0.0,131.77984880410997,0.0,0.0,13.8241695982,131.78016164,0.0,0.0,0.0,0.0,0.0717429520648,2.09173194856e-05,0.0,0.590866009485,0.0,0.590046615727,0.0311067908026,0.0,0.0,0.0,0.0,0.11839947532890258,0.11839947532890258,0.11839947532890258,0.2268651486349608,0.2268651486349608,0.2268651486349608
