Name,FitNum,RedChiSq,lf,AlignMag,Temp,pA,pB,pC,dwB,dwC,kexAB,kexAC,kexBC,k12,k21,k13,k31,k23,k32,tau1,tau2,tau3,dG12,dG13,ddG12,ddG21,ddG13,ddG31,ddG23,ddG32,R1,R1b,R1c,R2,R2b,R2c,pA_err,pB_err,pC_err,dwB_err,dwC_err,kexAB_err,kexAC_err,kexBC_err,k12_err,k21_err,k13_err,k31_err,k23_err,k32_err,tau1_err,tau2_err,tau3_err,dG12_err,dG13_err,ddG12_err,ddG21_err,ddG13_err,ddG31_err,ddG23_err,ddG32_err,R1_err,R1b_err,R1c_err,R2_err,R2b_err,R2c_err
gc1p,1,0.18133453280959366,150.88,auto,298.15,0.9935,0.0065,0.0,3.9279336881733227,0.0,794.6242382970639,0.0,0.0,5.16505754893,789.459180748,0.0,0.0,0.0,0.0,0.193608685,0.00126668993709,0.0,2.97986168751,0.0,16.4803531161,13.5004914285,0.0,0.0,0.0,0.0,2.2699970217455894,2.2699970217455894,2.2699970217455894,13.276295807375808,13.276295807375808,13.276295807375808,0.0065,0.0065,0.0,0.023141260595392597,0.0,10.449989922031737,0.0,0.0,5.13204402777,11.5810420737,0.0,0.0,0.0,0.0,0.192371195513,1.85818213449e-05,0.0,0.588761918532,0.0,0.588697761505,0.00869150802506,0.0,0.0,0.0,0.0,0.028761041225548945,0.028761041225548945,0.028761041225548945,0.06219757012810702,0.06219757012810702,0.06219757012810702
