Name,FitNum,N,DF,K,ChiSq,RedChiSq,Rsq,AdjRsq,AIC,BIC,RSS,TSS,SDR
gc8,1,190,183,7,225.2860413392478,1.231071264148895,0.9692382217880635,0.9680550764722198,46.98127993544106,69.09506382517985,225.28604133924776,7323.570171630386,1.1095365087048261
