Name,FitNum,N,DF,K,ChiSq,RedChiSq,Rsq,AdjRsq,AIC,BIC,RSS,TSS,SDR
gc1p,1,190,183,7,225.2860413392478,1.231071264148895,0.9334495475835949,0.9308899147983486,46.98127993544106,69.09506382517985,225.28604133924776,3385.1917328771365,1.1095365087048261
