Name,FitNum,RedChiSq,lf,AlignMag,Temp,pA,pB,pC,dwB,dwC,kexAB,kexAC,kexBC,k12,k21,k13,k31,k23,k32,tau1,tau2,tau3,dG12,dG13,ddG12,ddG21,ddG13,ddG31,ddG23,ddG32,R1,R1b,R1c,R2,R2b,R2c,pA_err,pB_err,pC_err,dwB_err,dwC_err,kexAB_err,kexAC_err,kexBC_err,k12_err,k21_err,k13_err,k31_err,k23_err,k32_err,tau1_err,tau2_err,tau3_err,dG12_err,dG13_err,ddG12_err,ddG21_err,ddG13_err,ddG31_err,ddG23_err,ddG32_err,R1_err,R1b_err,R1c_err,R2_err,R2b_err,R2c_err
G10_C1p_Off,1,0.31898910015202275,170.4,auto,298.15,0.99,0.01,0.0,3.577486121549794,0.0,51.18639407383193,0.0,0.0,0.511863940738,50.6745301331,0.0,0.0,0.0,0.0,1.95364416286,0.0197337794228,0.0,2.72253843054,0.0,17.8499483711,15.1274099406,0.0,0.0,0.0,0.0,1.4932623581592936,1.4932623581592936,1.4932623581592936,15.11376327477613,15.11376327477613,15.11376327477613,0.01,0.01,0.0,0.32403043687116667,0.0,12.067009518724369,0.0,0.0,0.520939797638,11.9570833661,0.0,0.0,0.0,0.0,1.98828421746,0.00465635192011,0.0,0.618984321274,0.0,0.602990092927,0.139801780442,0.0,0.0,0.0,0.0,0.08513811090241692,0.08513811090241692,0.08513811090241692,0.11459900822970831,0.11459900822970831,0.11459900822970831
