Name,FitNum,N,DF,K,ChiSq,RedChiSq,Rsq,AdjRsq,AIC,BIC,RSS,TSS,SDR
hpGBCm6A_m6AC2_55C,1,91,87,4,21.657644112577202,0.24893843807560004,0.9863566780759649,0.9857221049632191,-122.16547814179224,-112.58715639479459,21.657644112577202,1587.4172165082093,0.4989373087629347
