Name,FitNum,RedChiSq,lf,AlignMag,Temp,pA,pB,pC,dwB,dwC,kexAB,kexAC,kexBC,k12,k21,k13,k31,k23,k32,tau1,tau2,tau3,dG12,dG13,ddG12,ddG21,ddG13,ddG31,ddG23,ddG32,R1,R1b,R1c,R2,R2b,R2c,pA_err,pB_err,pC_err,dwB_err,dwC_err,kexAB_err,kexAC_err,kexBC_err,k12_err,k21_err,k13_err,k31_err,k23_err,k32_err,tau1_err,tau2_err,tau3_err,dG12_err,dG13_err,ddG12_err,ddG21_err,ddG13_err,ddG31_err,ddG23_err,ddG32_err,R1_err,R1b_err,R1c_err,R2_err,R2b_err,R2c_err
gc1p,1,0.1586726835211481,150.88,gs,298.15,0.99263943597,0.007360564029949113,0.0,3.9109929101926806,0.0,680.2408116340112,0.0,0.0,5.00695604982,675.233855584,0.0,0.0,0.0,0.0,0.199722144563,0.00148096839596,0.0,2.90568202991,0.0,16.4987723347,13.5930903048,0.0,0.0,0.0,0.0,2.2269278670197346,2.2269278670197346,2.2269278670197346,13.359606831582349,13.359606831582349,13.359606831582349,0.000146076262875,0.00014607626287493387,0.0,0.020433166978429996,0.0,18.72821916171921,0.0,0.0,0.169505802931,18.5906305854,0.0,0.0,0.0,0.0,0.0067614059601,4.07742238192e-05,0.0,0.0258537702922,0.0,0.0200580157058,0.0163123708965,0.0,0.0,0.0,0.0,0.027420847451310446,0.027420847451310446,0.027420847451310446,0.05813117889642973,0.05813117889642973,0.05813117889642973
