Name,FitNum,N,DF,K,ChiSq,RedChiSq,Rsq,AdjRsq,AIC,BIC,RSS,TSS,SDR
gc1p,1,190,183,7,27.03122103550268,0.14771159035793813,0.9920148626227063,0.9917077419543489,-355.89060789871326,-333.7768240089745,27.031221035502675,3385.1917328771365,0.38433265585679566
