Name,FitNum,N,DF,K,ChiSq,RedChiSq,Rsq,AdjRsq,AIC,BIC,RSS,TSS,SDR
gc8,1,190,183,7,27.03122103550268,0.14771159035793813,0.9963090104413536,0.9961670493044825,-355.89060789871326,-333.7768240089745,27.031221035502675,7323.570171630386,0.38433265585679566
