Name,FitNum,RedChiSq,lf,AlignMag,Temp,pA,pB,pC,dwB,dwC,kexAB,kexAC,kexBC,k12,k21,k13,k31,k23,k32,tau1,tau2,tau3,dG12,dG13,ddG12,ddG21,ddG13,ddG31,ddG23,ddG32,R1,R1b,R1c,R2,R2b,R2c,pA_err,pB_err,pC_err,dwB_err,dwC_err,kexAB_err,kexAC_err,kexBC_err,k12_err,k21_err,k13_err,k31_err,k23_err,k32_err,tau1_err,tau2_err,tau3_err,dG12_err,dG13_err,ddG12_err,ddG21_err,ddG13_err,ddG31_err,ddG23_err,ddG32_err,R1_err,R1b_err,R1c_err,R2_err,R2b_err,R2c_err
G_C1p_Off_clean,1,0.3208123266817001,150.88,avg,298.15,0.92,0.08,0.0,4.12,0.0,91580.24328006538,0.0,0.0,7326.41946241,84253.8238177,0.0,0.0,0.0,0.0,0.000136492321404,1.18688975134e-05,0.0,1.44705336996,0.0,12.1804981707,10.7334448007,0.0,0.0,0.0,0.0,2.440354568002764,2.440354568002764,2.440354568002764,0.010000059125584413,0.010000059125584413,0.010000059125584413,0.08,0.08,0.0,4.12,0.0,11766.360819693426,0.0,0.0,6830.90881074,12765.461316,0.0,0.0,0.0,0.0,0.000127260881752,1.79827983117e-06,0.0,0.559659271703,0.0,0.552412991395,0.0897685208765,0.0,0.0,0.0,0.0,0.04942461454231458,0.04942461454231458,0.04942461454231458,1.5502205674499248,1.5502205674499248,1.5502205674499248
