Name,FitNum,N,DF,K,ChiSq,RedChiSq,Rsq,AdjRsq,AIC,BIC,RSS,TSS,SDR
A21_C1p_Off,1,117,113,4,37.0194862060591,0.32760607261999203,0.9820746330006751,0.9814344413221279,-126.27820941147436,-115.5866565294262,37.0194862060591,2065.201019731054,0.5723688256884647
