Name,FitNum,RedChiSq,lf,AlignMag,Temp,pA,pB,pC,dwB,dwC,kexAB,kexAC,kexBC,k12,k21,k13,k31,k23,k32,tau1,tau2,tau3,dG12,dG13,ddG12,ddG21,ddG13,ddG31,ddG23,ddG32,R1,R1b,R1c,R2,R2b,R2c,pA_err,pB_err,pC_err,dwB_err,dwC_err,kexAB_err,kexAC_err,kexBC_err,k12_err,k21_err,k13_err,k31_err,k23_err,k32_err,tau1_err,tau2_err,tau3_err,dG12_err,dG13_err,ddG12_err,ddG21_err,ddG13_err,ddG31_err,ddG23_err,ddG32_err,R1_err,R1b_err,R1c_err,R2_err,R2b_err,R2c_err
A21_C1p_Off,1,0.32760607261999203,150.88,avg,298.15,0.99,0.01,0.0,1.9979680203711458,0.0,185.34950298643946,0.0,0.0,1.85349502986,183.496007957,0.0,0.0,0.0,0.0,0.539521274073,0.00544970983912,0.0,2.72253843054,0.0,17.0875570717,14.3650186411,0.0,0.0,0.0,0.0,2.251405556027849,2.251405556027849,2.251405556027849,13.932457494017985,13.932457494017985,13.932457494017985,0.01,0.01,0.0,0.13136935605997824,0.0,26.005100647352418,0.0,0.0,1.85338840073,25.8103661936,0.0,0.0,0.0,0.0,0.539490236122,0.000766550772211,0.0,0.598283431368,0.0,0.592450664023,0.083338316203,0.0,0.0,0.0,0.0,0.06560207996738937,0.06560207996738937,0.06560207996738937,0.08376478230749795,0.08376478230749795,0.08376478230749795
