Name,FitNum,N,DF,K,ChiSq,RedChiSq,Rsq,AdjRsq,AIC,BIC,RSS,TSS,SDR
g10c8,1,180,173,7,777.0440317794553,4.491583998725175,0.9206787720277775,0.9174505825172801,277.90839281985296,299.6079279853867,777.0440317794553,9796.167452823202,2.119335744691052
