Name,FitNum,RedChiSq,lf,AlignMag,Temp,pA,pB,pC,dwB,dwC,kexAB,kexAC,kexBC,k12,k21,k13,k31,k23,k32,tau1,tau2,tau3,dG12,dG13,ddG12,ddG21,ddG13,ddG31,ddG23,ddG32,R1,R1b,R1c,R2,R2b,R2c,pA_err,pB_err,pC_err,dwB_err,dwC_err,kexAB_err,kexAC_err,kexBC_err,k12_err,k21_err,k13_err,k31_err,k23_err,k32_err,tau1_err,tau2_err,tau3_err,dG12_err,dG13_err,ddG12_err,ddG21_err,ddG13_err,ddG31_err,ddG23_err,ddG32_err,R1_err,R1b_err,R1c_err,R2_err,R2b_err,R2c_err
g10c8,1,4.491583998725175,176.04,auto,298.15,0.97,0.03,0.0,2.1460717012968975,0.0,5888.082185059497,0.0,0.0,176.642465552,5711.43971951,0.0,0.0,0.0,0.0,0.00566115286534,0.000175087202021,0.0,2.05953545938,0.0,14.3875716864,12.328036227,0.0,0.0,0.0,0.0,2.8650430785118326,2.8650430785118326,2.8650430785118326,17.96504568812452,17.96504568812452,17.96504568812452,0.03,0.03,0.0,0.1524713550622326,0.0,430.9269205003454,0.0,0.0,171.911895507,451.785159097,0.0,0.0,0.0,0.0,0.00550954447334,1.38497127354e-05,0.0,0.57851921091,0.0,0.576617722829,0.0468666097669,0.0,0.0,0.0,0.0,0.718760361116151,0.718760361116151,0.718760361116151,2.0530678712540174,2.0530678712540174,2.0530678712540174
