Name,FitNum,RedChiSq,lf,AlignMag,Temp,pA,pB,pC,dwB,dwC,kexAB,kexAC,kexBC,k12,k21,k13,k31,k23,k32,tau1,tau2,tau3,dG12,dG13,ddG12,ddG21,ddG13,ddG31,ddG23,ddG32,R1,R1b,R1c,R2,R2b,R2c,pA_err,pB_err,pC_err,dwB_err,dwC_err,kexAB_err,kexAC_err,kexBC_err,k12_err,k21_err,k13_err,k31_err,k23_err,k32_err,tau1_err,tau2_err,tau3_err,dG12_err,dG13_err,ddG12_err,ddG21_err,ddG13_err,ddG31_err,ddG23_err,ddG32_err,R1_err,R1b_err,R1c_err,R2_err,R2b_err,R2c_err
gc8,1,0.185504091727781,176.04,avg,298.15,0.9945,0.0055,0.0,3.0411020801431152,0.0,665.3180174250612,0.0,0.0,3.65924909584,661.658768329,0.0,0.0,0.0,0.0,0.273280111249,0.00151135305367,0.0,3.07943474608,0.0,16.6845578925,13.6051231464,0.0,0.0,0.0,0.0,1.3064198289250644,1.3064198289250644,1.3064198289250644,27.533739782649196,27.533739782649196,27.533739782649196,0.0055,0.0055,0.0,0.05037256160229093,0.0,16.299839364333838,0.0,0.0,3.64028293782,16.6136657837,0.0,0.0,0.0,0.0,0.271863680272,3.79487368969e-05,0.0,0.58960157116,0.0,0.58941385673,0.0148767674083,0.0,0.0,0.0,0.0,0.05607405376466688,0.05607405376466688,0.05607405376466688,0.08959322014324582,0.08959322014324582,0.08959322014324582
