Name,FitNum,N,DF,K,ChiSq,RedChiSq,Rsq,AdjRsq,AIC,BIC,RSS,TSS,SDR
gc1p,1,190,183,7,33.94724878618393,0.185504091727781,0.9899718386830244,0.9895861401708331,-312.60570453101843,-290.49192064127965,33.94724878618392,3385.1917328771365,0.4307018594431431
