Name,FitNum,N,DF,K,ChiSq,RedChiSq,Rsq,AdjRsq,AIC,BIC,RSS,TSS,SDR
A16_C8_Off,1,111,107,4,50.509461986028754,0.4720510465983996,0.9905536084530709,0.9901971408475264,-79.02065784336193,-68.55989552867864,50.50946198602871,5346.958331665673,0.6870597110865978
