Name,FitNum,RedChiSq,lf,AlignMag,Temp,pA,pB,pC,dwB,dwC,kexAB,kexAC,kexBC,k12,k21,k13,k31,k23,k32,tau1,tau2,tau3,dG12,dG13,ddG12,ddG21,ddG13,ddG31,ddG23,ddG32,R1,R1b,R1c,R2,R2b,R2c,pA_err,pB_err,pC_err,dwB_err,dwC_err,kexAB_err,kexAC_err,kexBC_err,k12_err,k21_err,k13_err,k31_err,k23_err,k32_err,tau1_err,tau2_err,tau3_err,dG12_err,dG13_err,ddG12_err,ddG21_err,ddG13_err,ddG31_err,ddG23_err,ddG32_err,R1_err,R1b_err,R1c_err,R2_err,R2b_err,R2c_err
ac8,1,2.4838648744248033,176.04,auto,298.15,0.9995,0.0005,0.0,6.140035647340697,0.0,4524.655251977519,0.0,0.0,2.26232762599,4522.39292435,0.0,0.0,0.0,0.0,0.442022626835,0.000221121874354,0.0,4.50312246865,0.0,16.9694623336,12.466339865,0.0,0.0,0.0,0.0,1.721155209007243,1.721155209007243,1.721155209007243,30.93086713136701,30.93086713136701,30.93086713136701,0.0005,0.0005,0.0,3.207372035409666,0.0,5847.499492756986,0.0,0.0,3.6961227387,5844.57618043,0.0,0.0,0.0,0.0,0.722163254913,0.000285769870385,0.0,1.23421951373,0.0,0.967983738324,0.76570574662,0.0,0.0,0.0,0.0,0.3888923680798949,0.3888923680798949,0.3888923680798949,1.122873506792272,1.122873506792272,1.122873506792272
