Name,FitNum,RedChiSq,lf,AlignMag,Temp,pA,pB,pC,dwB,dwC,kexAB,kexAC,kexBC,k12,k21,k13,k31,k23,k32,tau1,tau2,tau3,dG12,dG13,ddG12,ddG21,ddG13,ddG31,ddG23,ddG32,R1,R1b,R1c,R2,R2b,R2c,pA_err,pB_err,pC_err,dwB_err,dwC_err,kexAB_err,kexAC_err,kexBC_err,k12_err,k21_err,k13_err,k31_err,k23_err,k32_err,tau1_err,tau2_err,tau3_err,dG12_err,dG13_err,ddG12_err,ddG21_err,ddG13_err,ddG31_err,ddG23_err,ddG32_err,R1_err,R1b_err,R1c_err,R2_err,R2b_err,R2c_err
T8_N3_Off,1,0.15233790247604742,176.04,auto,298.15,0.9825,0.0175,0.0,-0.5609920980945947,0.0,376.98940877226295,0.0,0.0,6.59731465351,370.392094119,0.0,0.0,0.0,0.0,0.15157682368,0.00269984164316,0.0,2.38646900179,0.0,16.3353445765,13.9488755747,0.0,0.0,0.0,0.0,1.4584288993023378,1.4584288993023378,1.4584288993023378,7.956015235892275,7.956015235892275,7.956015235892275,0.0175,0.0175,0.0,0.022593010028331282,0.0,46.78218856329719,0.0,0.0,6.53437910906,46.4184361679,0.0,0.0,0.0,0.0,0.150130845972,0.000338350707174,0.0,0.59151155603,0.0,0.586832699202,0.074251626678,0.0,0.0,0.0,0.0,0.02714889716869534,0.02714889716869534,0.02714889716869534,0.04074855873079901,0.04074855873079901,0.04074855873079901
