Name,FitNum,RedChiSq,lf,AlignMag,Temp,pA,pB,pC,dwB,dwC,kexAB,kexAC,kexBC,k12,k21,k13,k31,k23,k32,tau1,tau2,tau3,dG12,dG13,ddG12,ddG21,ddG13,ddG31,ddG23,ddG32,R1,R1b,R1c,R2,R2b,R2c,pA_err,pB_err,pC_err,dwB_err,dwC_err,kexAB_err,kexAC_err,kexBC_err,k12_err,k21_err,k13_err,k31_err,k23_err,k32_err,tau1_err,tau2_err,tau3_err,dG12_err,dG13_err,ddG12_err,ddG21_err,ddG13_err,ddG31_err,ddG23_err,ddG32_err,R1_err,R1b_err,R1c_err,R2_err,R2b_err,R2c_err
G10_C8_Off,1,13.674312024972387,176.04,auto,298.15,0.9975,0.0025,0.0,6.396678497038124,0.0,4443.852636791782,0.0,0.0,11.109631592,4432.7430052,0.0,0.0,0.0,0.0,0.0900119857009,0.000225593949125,0.0,3.54836830122,0.0,16.0265712992,12.478202998,0.0,0.0,0.0,0.0,3.20704214175115,3.20704214175115,3.20704214175115,51.076134721974825,51.076134721974825,51.076134721974825,0.0025,0.0025,0.0,2.89728454192697,0.0,7729.120952693594,0.0,0.0,22.2750764134,7709.80611474,0.0,0.0,0.0,0.0,0.180476178981,0.000392372309059,0.0,1.5726240786,0.0,1.18794605798,1.03050019695,0.0,0.0,0.0,0.0,2.0131000338262264,2.0131000338262264,2.0131000338262264,6.812363487452584,6.812363487452584,6.812363487452584
