Name,FitNum,N,DF,K,ChiSq,RedChiSq,Rsq,AdjRsq,AIC,BIC,RSS,TSS,SDR
ac8,1,209,202,7,97.31793181523022,0.48177193967935755,0.989485886900959,0.9891197237582062,-145.19214207261547,-122.35301623921006,97.31793181523024,9255.93351512513,0.6940979323405002
