Name,FitNum,RedChiSq,lf,AlignMag,Temp,pA,pB,pC,dwB,dwC,kexAB,kexAC,kexBC,k12,k21,k13,k31,k23,k32,tau1,tau2,tau3,dG12,dG13,ddG12,ddG21,ddG13,ddG31,ddG23,ddG32,R1,R1b,R1c,R2,R2b,R2c,pA_err,pB_err,pC_err,dwB_err,dwC_err,kexAB_err,kexAC_err,kexBC_err,k12_err,k21_err,k13_err,k31_err,k23_err,k32_err,tau1_err,tau2_err,tau3_err,dG12_err,dG13_err,ddG12_err,ddG21_err,ddG13_err,ddG31_err,ddG23_err,ddG32_err,R1_err,R1b_err,R1c_err,R2_err,R2b_err,R2c_err
ac1p,1,0.48177193967935755,150.7,auto,298.15,0.9,0.1,0.0,0.7265585021505606,0.0,5174.6661503085,0.0,0.0,517.466615031,4657.19953528,0.0,0.0,0.0,0.0,0.0019324918187,0.000214721313189,0.0,1.30182205197,0.0,13.7507588342,12.4489367823,0.0,0.0,0.0,0.0,2.359608819760827,2.359608819760827,2.359608819760827,19.08923942281334,19.08923942281334,19.08923942281334,0.1,0.1,0.0,0.03500073672840593,0.0,390.96222891438316,0.0,0.0,470.214107333,585.988462587,0.0,0.0,0.0,0.0,0.00175602616491,2.70171400747e-05,0.0,0.54351878609,0.0,0.53838195396,0.0745489267704,0.0,0.0,0.0,0.0,0.0852650590328904,0.0852650590328904,0.0852650590328904,0.3580587224802174,0.3580587224802174,0.3580587224802174
