Name,FitNum,N,DF,K,ChiSq,RedChiSq,Rsq,AdjRsq,AIC,BIC,RSS,TSS,SDR
hpGBCm6A_m6AC2_55C,1,91,87,4,29.75052054580628,0.3419600062736354,0.9812585373042334,0.9803868413648954,-93.27405555889408,-83.69573381189645,29.75052054580627,1587.4172165082093,0.5847734657742563
