Name,FitNum,RedChiSq,lf,AlignMag,Temp,pA,pB,pC,dwB,dwC,kexAB,kexAC,kexBC,k12,k21,k13,k31,k23,k32,tau1,tau2,tau3,dG12,dG13,ddG12,ddG21,ddG13,ddG31,ddG23,ddG32,R1,R1b,R1c,R2,R2b,R2c,pA_err,pB_err,pC_err,dwB_err,dwC_err,kexAB_err,kexAC_err,kexBC_err,k12_err,k21_err,k13_err,k31_err,k23_err,k32_err,tau1_err,tau2_err,tau3_err,dG12_err,dG13_err,ddG12_err,ddG21_err,ddG13_err,ddG31_err,ddG23_err,ddG32_err,R1_err,R1b_err,R1c_err,R2_err,R2b_err,R2c_err
hpGBCm6A_m6AC2_55C,1,0.3419600062736354,150.7,auto,298.15,0.99,0.01,0.0,2.6487914792601277,0.0,681.3264116033386,0.0,0.0,6.81326411603,674.513147487,0.0,0.0,0.0,0.0,0.146772528258,0.00148255079049,0.0,2.72253843054,0.0,16.3162614592,13.5937230287,0.0,0.0,0.0,0.0,4.506885949173393,4.506885949173393,4.506885949173393,13.589565642276252,13.589565642276252,13.589565642276252,0.01,0.01,0.0,0.020597321362704132,0.0,7.735540649981653,0.0,0.0,6.74591910187,10.2053535898,0.0,0.0,0.0,0.0,0.145321770174,2.24309267924e-05,0.0,0.586696881312,0.0,0.58662839383,0.00896426760778,0.0,0.0,0.0,0.0,0.027236390520126184,0.027236390520126184,0.027236390520126184,0.03802709777895062,0.03802709777895062,0.03802709777895062
