Name,FitNum,N,DF,K,ChiSq,RedChiSq,Rsq,AdjRsq,AIC,BIC,RSS,TSS,SDR
G_C1p_Off_reduce_new_trunc,1,190,185,5,47.830086593207284,0.25854100861193124,0.9751682642167396,0.9744934887878467,-251.75406180971072,-235.84502840543004,47.8300865932073,1926.1676674834212,0.5084692799097418
