Name,FitNum,N,DF,K,ChiSq,RedChiSq,Rsq,AdjRsq,AIC,BIC,RSS,TSS,SDR
G_C8_Off,1,190,185,5,47.830086593207284,0.25854100861193124,0.986873856365567,0.9865171676798488,-251.75406180971072,-235.84502840543004,47.8300865932073,3643.8795677763133,0.5084692799097418
