Name,FitNum,RedChiSq,lf,AlignMag,Temp,pA,pB,pC,dwB,dwC,kexAB,kexAC,kexBC,k12,k21,k13,k31,k23,k32,tau1,tau2,tau3,dG12,dG13,ddG12,ddG21,ddG13,ddG31,ddG23,ddG32,R1,R1b,R1c,R2,R2b,R2c,pA_err,pB_err,pC_err,dwB_err,dwC_err,kexAB_err,kexAC_err,kexBC_err,k12_err,k21_err,k13_err,k31_err,k23_err,k32_err,tau1_err,tau2_err,tau3_err,dG12_err,dG13_err,ddG12_err,ddG21_err,ddG13_err,ddG31_err,ddG23_err,ddG32_err,R1_err,R1b_err,R1c_err,R2_err,R2b_err,R2c_err
c15_c6,1,0.5048242603362639,176.002098,auto,298.15,0.98,0.02,0.0,1.2811616937901484,0.0,5193.875914018629,0.0,0.0,103.87751828,5089.99839574,0.0,0.0,0.0,0.0,0.00962672209112,0.000196463716145,0.0,2.30584417206,0.0,14.70213086,12.396286688,0.0,0.0,0.0,0.0,1.9760921265414555,1.9760921265414555,1.9760921265414555,29.44027433348638,29.44027433348638,29.44027433348638,0.02,0.02,0.0,0.0896030776850656,0.0,592.5651043948233,0.0,0.0,102.508551078,589.572785899,0.0,0.0,0.0,0.0,0.00949985472823,2.2756325533e-05,0.0,0.588690429653,0.0,0.584676589799,0.0686273072896,0.0,0.0,0.0,0.0,0.06125135196587769,0.06125135196587769,0.06125135196587769,0.40688395862211396,0.40688395862211396,0.40688395862211396
