Name,FitNum,RedChiSq,lf,AlignMag,Temp,pA,pB,pC,dwB,dwC,kexAB,kexAC,kexBC,k12,k21,k13,k31,k23,k32,tau1,tau2,tau3,dG12,dG13,ddG12,ddG21,ddG13,ddG31,ddG23,ddG32,R1,R1b,R1c,R2,R2b,R2c,pA_err,pB_err,pC_err,dwB_err,dwC_err,kexAB_err,kexAC_err,kexBC_err,k12_err,k21_err,k13_err,k31_err,k23_err,k32_err,tau1_err,tau2_err,tau3_err,dG12_err,dG13_err,ddG12_err,ddG21_err,ddG13_err,ddG31_err,ddG23_err,ddG32_err,R1_err,R1b_err,R1c_err,R2_err,R2b_err,R2c_err
A21_C1p_Off,1,0.36776953834023984,150.88,auto,298.15,0.98,0.02,0.0,1.2615007425800149,0.0,4236.5725199384515,0.0,0.0,84.7314503988,4151.84106954,0.0,0.0,0.0,0.0,0.0118019931831,0.000240857003737,0.0,2.30584417206,0.0,14.8228351996,12.5169910276,0.0,0.0,0.0,0.0,2.1597021172034254,2.1597021172034254,2.1597021172034254,13.786253620354207,13.786253620354207,13.786253620354207,0.02,0.02,0.0,0.09700047473065304,0.0,500.49112636047727,0.0,0.0,83.6551374465,497.463460853,0.0,0.0,0.0,0.0,0.0116520767345,2.88588981714e-05,0.0,0.589250531758,0.0,0.584958629533,0.0709900761495,0.0,0.0,0.0,0.0,0.07387712113926055,0.07387712113926055,0.07387712113926055,0.40876970383455247,0.40876970383455247,0.40876970383455247
