Name,FitNum,N,DF,K,ChiSq,RedChiSq,Rsq,AdjRsq,AIC,BIC,RSS,TSS,SDR
A16_C8_Off,1,106,102,4,21.90926414084291,0.2147967072631658,0.9973767869801343,0.9972728973555851,-158.7160902164441,-148.45837344395622,21.909264140842907,8352.072048637714,0.46346165673458445
