Name,FitNum,RedChiSq,lf,AlignMag,Temp,pA,pB,pC,dwB,dwC,kexAB,kexAC,kexBC,k12,k21,k13,k31,k23,k32,tau1,tau2,tau3,dG12,dG13,ddG12,ddG21,ddG13,ddG31,ddG23,ddG32,R1,R1b,R1c,R2,R2b,R2c,pA_err,pB_err,pC_err,dwB_err,dwC_err,kexAB_err,kexAC_err,kexBC_err,k12_err,k21_err,k13_err,k31_err,k23_err,k32_err,tau1_err,tau2_err,tau3_err,dG12_err,dG13_err,ddG12_err,ddG21_err,ddG13_err,ddG31_err,ddG23_err,ddG32_err,R1_err,R1b_err,R1c_err,R2_err,R2b_err,R2c_err
A16_C8_Off,1,0.2147967072631658,150.7,auto,298.15,0.9945,0.0055,0.0,2.7968699755252016,0.0,3050.2237850144043,0.0,0.0,16.7762308176,3033.4475542,0.0,0.0,0.0,0.0,0.059608145052,0.000329657916326,0.0,3.07943474608,0.0,15.782378349,12.7029436029,0.0,0.0,0.0,0.0,2.949060808707276,2.949060808707276,2.949060808707276,24.653892840781136,24.653892840781136,24.653892840781136,0.0055,0.0055,0.0,0.06399377972027606,0.0,193.10563325999138,0.0,0.0,16.7179873959,192.766929367,0.0,0.0,0.0,0.0,0.0594011985475,2.09488191691e-05,0.0,0.591627018314,0.0,0.590427770814,0.0376507138168,0.0,0.0,0.0,0.0,0.06458012936971323,0.06458012936971323,0.06458012936971323,0.19034547387060285,0.19034547387060285,0.19034547387060285
