Name,FitNum,RedChiSq,lf,AlignMag,Temp,pA,pB,pC,dwB,dwC,kexAB,kexAC,kexBC,k12,k21,k13,k31,k23,k32,tau1,tau2,tau3,dG12,dG13,ddG12,ddG21,ddG13,ddG31,ddG23,ddG32,R1,R1b,R1c,R2,R2b,R2c,pA_err,pB_err,pC_err,dwB_err,dwC_err,kexAB_err,kexAC_err,kexBC_err,k12_err,k21_err,k13_err,k31_err,k23_err,k32_err,tau1_err,tau2_err,tau3_err,dG12_err,dG13_err,ddG12_err,ddG21_err,ddG13_err,ddG31_err,ddG23_err,ddG32_err,R1_err,R1b_err,R1c_err,R2_err,R2b_err,R2c_err
ac1p,1,9.021407649668072,150.7,auto,298.15,0.9992,0.0008,0.0,-0.9999999999999999,0.0,3745.741281633803,0.0,0.0,2.99659302531,3742.74468861,0.0,0.0,0.0,0.0,0.333712316472,0.000267183600058,0.0,4.22447462536,0.0,16.8029256665,12.5784510411,0.0,0.0,0.0,0.0,5.564491150812978,5.564491150812978,5.564491150812978,32.47189035228731,32.47189035228731,32.47189035228731,0.0008,0.0008,0.0,12.399178775712057,0.0,17502.430853144626,0.0,0.0,14.3185079123,17488.4291648,0.0,0.0,0.0,0.0,1.59456502884,0.00124844782435,0.0,3.95969500839,0.0,2.83104762418,2.76845695454,0.0,0.0,0.0,0.0,0.9577708300319556,0.9577708300319556,0.9577708300319556,1.9076000502102777,1.9076000502102777,1.9076000502102777
