Name,FitNum,RedChiSq,lf,AlignMag,Temp,pA,pB,pC,dwB,dwC,kexAB,kexAC,kexBC,k12,k21,k13,k31,k23,k32,tau1,tau2,tau3,dG12,dG13,ddG12,ddG21,ddG13,ddG31,ddG23,ddG32,R1,R1b,R1c,R2,R2b,R2c,pA_err,pB_err,pC_err,dwB_err,dwC_err,kexAB_err,kexAC_err,kexBC_err,k12_err,k21_err,k13_err,k31_err,k23_err,k32_err,tau1_err,tau2_err,tau3_err,dG12_err,dG13_err,ddG12_err,ddG21_err,ddG13_err,ddG31_err,ddG23_err,ddG32_err,R1_err,R1b_err,R1c_err,R2_err,R2b_err,R2c_err
A21_C1p_Off,1,0.4584650025516748,150.88,auto,298.15,0.9925,0.0075,0.0,2.4206568995784092,0.0,408.67197558002124,0.0,0.0,3.06503981685,405.606935763,0.0,0.0,0.0,0.0,0.326260035678,0.00246544107565,0.0,2.89447995867,0.0,16.7895446502,13.8950646916,0.0,0.0,0.0,0.0,1.7568913531152672,1.7568913531152672,1.7568913531152672,16.241209616033746,16.241209616033746,16.241209616033746,0.0075,0.0075,0.0,0.11628353548880054,0.0,29.338232858913628,0.0,0.0,3.05008607915,29.27667935,0.0,0.0,0.0,0.0,0.324668275934,0.000177955358905,0.0,0.591143068008,0.0,0.589594130157,0.0427655064145,0.0,0.0,0.0,0.0,0.08692291630917147,0.08692291630917147,0.08692291630917147,0.13098738968147394,0.13098738968147394,0.13098738968147394
