Name,FitNum,RedChiSq,lf,AlignMag,Temp,pA,pB,pC,dwB,dwC,kexAB,kexAC,kexBC,k12,k21,k13,k31,k23,k32,tau1,tau2,tau3,dG12,dG13,ddG12,ddG21,ddG13,ddG31,ddG23,ddG32,R1,R1b,R1c,R2,R2b,R2c,pA_err,pB_err,pC_err,dwB_err,dwC_err,kexAB_err,kexAC_err,kexBC_err,k12_err,k21_err,k13_err,k31_err,k23_err,k32_err,tau1_err,tau2_err,tau3_err,dG12_err,dG13_err,ddG12_err,ddG21_err,ddG13_err,ddG31_err,ddG23_err,ddG32_err,R1_err,R1b_err,R1c_err,R2_err,R2b_err,R2c_err
A16_C8_Off,1,1.2149189751692826,150.7,auto,298.15,0.9985,0.0015,0.0,4.714007841184998,0.0,2747.513417195796,0.0,0.0,4.12127012579,2743.39214707,0.0,0.0,0.0,0.0,0.242643643701,0.000364512233903,0.0,3.85161836479,0.0,16.6141094192,12.7624910544,0.0,0.0,0.0,0.0,2.412747085419233,2.412747085419233,2.412747085419233,27.352419275313235,27.352419275313235,27.352419275313235,0.0015,0.0015,0.0,0.44775958678703087,0.0,998.2835913167191,0.0,0.0,4.37907205568,996.794660187,0.0,0.0,0.0,0.0,0.257821974098,0.000132443277829,0.0,0.665336829956,0.0,0.629547039652,0.215275688738,0.0,0.0,0.0,0.0,0.17133642800020957,0.17133642800020957,0.17133642800020957,0.4693179271789321,0.4693179271789321,0.4693179271789321
