Name,FitNum,RedChiSq,lf,AlignMag,Temp,pA,pB,pC,dwB,dwC,kexAB,kexAC,kexBC,k12,k21,k13,k31,k23,k32,tau1,tau2,tau3,dG12,dG13,ddG12,ddG21,ddG13,ddG31,ddG23,ddG32,R1,R1b,R1c,R2,R2b,R2c,pA_err,pB_err,pC_err,dwB_err,dwC_err,kexAB_err,kexAC_err,kexBC_err,k12_err,k21_err,k13_err,k31_err,k23_err,k32_err,tau1_err,tau2_err,tau3_err,dG12_err,dG13_err,ddG12_err,ddG21_err,ddG13_err,ddG31_err,ddG23_err,ddG32_err,R1_err,R1b_err,R1c_err,R2_err,R2b_err,R2c_err
A6RNAm6A_C2_37,1,1.5021271600193102,150.88,auto,298.15,0.986,0.014,0.0,0.5499529699879234,0.0,1238.8137035417772,0.0,0.0,17.3433918496,1221.47031169,0.0,0.0,0.0,0.0,0.0576588483194,0.000818685473096,0.0,2.52078503496,0.0,15.7626791149,13.2418940799,0.0,0.0,0.0,0.0,4.72660257624356,4.72660257624356,4.72660257624356,20.885450723473507,20.885450723473507,20.885450723473507,0.014,0.014,0.0,0.026274225464754598,0.0,335.0261332433965,0.0,0.0,17.7338228537,330.778185723,0.0,0.0,0.0,0.0,0.058956852899,0.000221702724066,0.0,0.626709074466,0.0,0.605822648275,0.160446822515,0.0,0.0,0.0,0.0,0.05531003354744908,0.05531003354744908,0.05531003354744908,0.09045480184766758,0.09045480184766758,0.09045480184766758
