Name,FitNum,RedChiSq,lf,AlignMag,Temp,pA,pB,pC,dwB,dwC,kexAB,kexAC,kexBC,k12,k21,k13,k31,k23,k32,tau1,tau2,tau3,dG12,dG13,ddG12,ddG21,ddG13,ddG31,ddG23,ddG32,R1,R1b,R1c,R2,R2b,R2c,pA_err,pB_err,pC_err,dwB_err,dwC_err,kexAB_err,kexAC_err,kexBC_err,k12_err,k21_err,k13_err,k31_err,k23_err,k32_err,tau1_err,tau2_err,tau3_err,dG12_err,dG13_err,ddG12_err,ddG21_err,ddG13_err,ddG31_err,ddG23_err,ddG32_err,R1_err,R1b_err,R1c_err,R2_err,R2b_err,R2c_err
gc1p,1,0.43910002245118074,176.04,auto,298.15,0.99,0.01,0.0,3.8869641542219626,0.0,586.4261675025018,0.0,0.0,5.86426167503,580.561905827,0.0,0.0,0.0,0.0,0.170524450547,0.00172246919745,0.0,2.72253843054,0.0,16.4051310491,13.6825926186,0.0,0.0,0.0,0.0,0.31057948867691465,0.31057948867691465,0.31057948867691465,22.057254229458184,22.057254229458184,22.057254229458184,0.01,0.01,0.0,0.1051461532041472,0.0,20.62197110469764,0.0,0.0,5.80957641963,21.2252575149,0.0,0.0,0.0,0.0,0.168934280523,6.2973219411e-05,0.0,0.587359281545,0.0,0.586959726034,0.0216611548961,0.0,0.0,0.0,0.0,0.13395079221966402,0.13395079221966402,0.13395079221966402,0.1853568387802983,0.1853568387802983,0.1853568387802983
