Name,FitNum,RedChiSq,lf,AlignMag,Temp,pA,pB,pC,dwB,dwC,kexAB,kexAC,kexBC,k12,k21,k13,k31,k23,k32,tau1,tau2,tau3,dG12,dG13,ddG12,ddG21,ddG13,ddG31,ddG23,ddG32,R1,R1b,R1c,R2,R2b,R2c,pA_err,pB_err,pC_err,dwB_err,dwC_err,kexAB_err,kexAC_err,kexBC_err,k12_err,k21_err,k13_err,k31_err,k23_err,k32_err,tau1_err,tau2_err,tau3_err,dG12_err,dG13_err,ddG12_err,ddG21_err,ddG13_err,ddG31_err,ddG23_err,ddG32_err,R1_err,R1b_err,R1c_err,R2_err,R2b_err,R2c_err
G10_C8_Off,1,0.5289415923081682,176.04,auto,298.15,0.98,0.02,0.0,3.748073922508264,0.0,2904.9507349006863,0.0,0.0,58.099014698,2846.8517202,0.0,0.0,0.0,0.0,0.0172119958522,0.000351265221474,0.0,2.30584417206,0.0,15.0464022945,12.7405581224,0.0,0.0,0.0,0.0,0.07900528839677334,0.07900528839677334,0.07900528839677334,33.20547551962165,33.20547551962165,33.20547551962165,0.02,0.02,0.0,0.05500583696384895,0.0,180.16633142123928,0.0,0.0,57.062772871,185.520000934,0.0,0.0,0.0,0.0,0.0169050063082,2.28908038144e-05,0.0,0.583196807585,0.0,0.581917315317,0.0386102902332,0.0,0.0,0.0,0.0,0.37510819589004174,0.37510819589004174,0.37510819589004174,0.943409119330108,0.943409119330108,0.943409119330108
