Name,FitNum,RedChiSq,lf,AlignMag,Temp,pA,pB,pC,dwB,dwC,kexAB,kexAC,kexBC,k12,k21,k13,k31,k23,k32,tau1,tau2,tau3,dG12,dG13,ddG12,ddG21,ddG13,ddG31,ddG23,ddG32,R1,R1b,R1c,R2,R2b,R2c,pA_err,pB_err,pC_err,dwB_err,dwC_err,kexAB_err,kexAC_err,kexBC_err,k12_err,k21_err,k13_err,k31_err,k23_err,k32_err,tau1_err,tau2_err,tau3_err,dG12_err,dG13_err,ddG12_err,ddG21_err,ddG13_err,ddG31_err,ddG23_err,ddG32_err,R1_err,R1b_err,R1c_err,R2_err,R2b_err,R2c_err
hpGBCm6A_m6A_C2_65C,1,2.330150541753767,150.88,auto,298.15,0.98,0.02,0.0,2.3995499265152387,0.0,793.7298886219733,0.0,0.0,15.8745977724,777.85529085,0.0,0.0,0.0,0.0,0.0629937220668,0.00128558616463,0.0,2.30584417206,0.0,15.8151088922,13.5092647201,0.0,0.0,0.0,0.0,4.746670605485242,4.746670605485242,4.746670605485242,12.574863267908231,12.574863267908231,12.574863267908231,0.02,0.02,0.0,0.03216827884821889,0.0,19.884642736202274,0.0,0.0,15.5654265007,24.937232369,0.0,0.0,0.0,0.0,0.0617668658378,4.12145566083e-05,0.0,0.581256041058,0.0,0.580945605294,0.0189944454091,0.0,0.0,0.0,0.0,0.09514652123951611,0.09514652123951611,0.09514652123951611,0.12953824635269975,0.12953824635269975,0.12953824635269975
