Name,FitNum,N,DF,K,ChiSq,RedChiSq,Rsq,AdjRsq,AIC,BIC,RSS,TSS,SDR
G_C1p_Off,1,199,192,7,73.06899260457023,0.3805676698154699,0.9626944497655635,0.961327230647024,-184.79185698644298,-162.32511064792652,73.06899260457021,1958.6627765945875,0.6169016694866937
