Name,FitNum,RedChiSq,lf,AlignMag,Temp,pA,pB,pC,dwB,dwC,kexAB,kexAC,kexBC,k12,k21,k13,k31,k23,k32,tau1,tau2,tau3,dG12,dG13,ddG12,ddG21,ddG13,ddG31,ddG23,ddG32,R1,R1b,R1c,R2,R2b,R2c,pA_err,pB_err,pC_err,dwB_err,dwC_err,kexAB_err,kexAC_err,kexBC_err,k12_err,k21_err,k13_err,k31_err,k23_err,k32_err,tau1_err,tau2_err,tau3_err,dG12_err,dG13_err,ddG12_err,ddG21_err,ddG13_err,ddG31_err,ddG23_err,ddG32_err,R1_err,R1b_err,R1c_err,R2_err,R2b_err,R2c_err
G_C8_Off,1,0.3805676698154699,150.88,auto,298.15,0.991,0.009,0.0,0.7175049692829477,0.0,3696.5309653016293,0.0,0.0,33.2687786877,3663.26218661,0.0,0.0,0.0,0.0,0.0300582119165,0.000272980733854,0.0,2.78556109659,0.0,15.3767299165,12.5911688199,0.0,0.0,0.0,0.0,2.5569370167828556,2.5569370167828556,2.5569370167828556,20.179521696795735,20.179521696795735,20.179521696795735,0.009,0.009,0.0,0.09084095861108474,0.0,699.3613427847174,0.0,0.0,33.5661427443,693.850892152,0.0,0.0,0.0,0.0,0.030326879183,5.1704714562e-05,0.0,0.608222957352,0.0,0.597780514934,0.112221307311,0.0,0.0,0.0,0.0,0.04309224083770283,0.04309224083770283,0.04309224083770283,0.1260047556718711,0.1260047556718711,0.1260047556718711
