Name,FitNum,RedChiSq,lf,AlignMag,Temp,pA,pB,pC,dwB,dwC,kexAB,kexAC,kexBC,k12,k21,k13,k31,k23,k32,tau1,tau2,tau3,dG12,dG13,ddG12,ddG21,ddG13,ddG31,ddG23,ddG32,R1,R1b,R1c,R2,R2b,R2c,pA_err,pB_err,pC_err,dwB_err,dwC_err,kexAB_err,kexAC_err,kexBC_err,k12_err,k21_err,k13_err,k31_err,k23_err,k32_err,tau1_err,tau2_err,tau3_err,dG12_err,dG13_err,ddG12_err,ddG21_err,ddG13_err,ddG31_err,ddG23_err,ddG32_err,R1_err,R1b_err,R1c_err,R2_err,R2b_err,R2c_err
A16_C8_Off,1,1.214920422946712,150.7,auto,298.15,0.9985,0.0015,0.0,4.716119755224488,0.0,2752.229681351591,0.0,0.0,4.12834452203,2748.10133683,0.0,0.0,0.0,0.0,0.24222784573,0.000363887599994,0.0,3.85161836479,0.0,16.6130932571,12.7614748923,0.0,0.0,0.0,0.0,2.4129067808579396,2.4129067808579396,2.4129067808579396,27.34942772093714,27.34942772093714,27.34942772093714,0.0015,0.0015,0.0,0.44753517484060346,0.0,999.7616911600276,0.0,0.0,4.38646819658,998.270559466,0.0,0.0,0.0,0.0,0.257373079197,0.00013218518297,0.0,0.665304024717,0.0,0.629529704731,0.215224989642,0.0,0.0,0.0,0.0,0.17135972909431593,0.17135972909431593,0.17135972909431593,0.46971493970102435,0.46971493970102435,0.46971493970102435
