Name,FitNum,RedChiSq,lf,AlignMag,Temp,pA,pB,pC,dwB,dwC,kexAB,kexAC,kexBC,k12,k21,k13,k31,k23,k32,tau1,tau2,tau3,dG12,dG13,ddG12,ddG21,ddG13,ddG31,ddG23,ddG32,R1,R1b,R1c,R2,R2b,R2c,pA_err,pB_err,pC_err,dwB_err,dwC_err,kexAB_err,kexAC_err,kexBC_err,k12_err,k21_err,k13_err,k31_err,k23_err,k32_err,tau1_err,tau2_err,tau3_err,dG12_err,dG13_err,ddG12_err,ddG21_err,ddG13_err,ddG31_err,ddG23_err,ddG32_err,R1_err,R1b_err,R1c_err,R2_err,R2b_err,R2c_err
g10c1p,1,3.224345655937541,176.04,auto,298.15,0.98,0.02,0.0,2.789247374879307,0.0,4838.039702604004,0.0,0.0,96.7607940521,4741.27890855,0.0,0.0,0.0,0.0,0.0103347642999,0.000210913557141,0.0,2.30584417206,0.0,14.7441798606,12.4383356885,0.0,0.0,0.0,0.0,3.2583420498275757,3.2583420498275757,3.2583420498275757,9.4153977390193,9.4153977390193,9.4153977390193,0.02,0.02,0.0,0.09590803758285855,0.0,297.8502504299861,0.0,0.0,95.0322116161,306.915789849,0.0,0.0,0.0,0.0,0.0101501389852,1.3653004227e-05,0.0,0.583162870693,0.0,0.581900309808,0.0383531380852,0.0,0.0,0.0,0.0,0.30147186342779125,0.30147186342779125,0.30147186342779125,1.011660633077867,1.011660633077867,1.011660633077867
