Name,FitNum,RedChiSq,lf,AlignMag,Temp,pA,pB,pC,dwB,dwC,kexAB,kexAC,kexBC,k12,k21,k13,k31,k23,k32,tau1,tau2,tau3,dG12,dG13,ddG12,ddG21,ddG13,ddG31,ddG23,ddG32,R1,R1b,R1c,R2,R2b,R2c,pA_err,pB_err,pC_err,dwB_err,dwC_err,kexAB_err,kexAC_err,kexBC_err,k12_err,k21_err,k13_err,k31_err,k23_err,k32_err,tau1_err,tau2_err,tau3_err,dG12_err,dG13_err,ddG12_err,ddG21_err,ddG13_err,ddG31_err,ddG23_err,ddG32_err,R1_err,R1b_err,R1c_err,R2_err,R2b_err,R2c_err
c15_c6,1,0.4257969967945029,176.002098,auto,298.15,0.992,0.008,0.0,2.045301008770399,0.0,4979.7439245284995,0.0,0.0,39.8379513962,4939.90597313,0.0,0.0,0.0,0.0,0.025101692355,0.000202433002863,0.0,2.85594331299,0.0,15.2699637912,12.4140204782,0.0,0.0,0.0,0.0,1.9194703337790273,1.9194703337790273,1.9194703337790273,29.583926086875838,29.583926086875838,29.583926086875838,0.008,0.008,0.0,0.12642376531529878,0.0,519.9514933759874,0.0,0.0,39.7388335138,517.303718782,0.0,0.0,0.0,0.0,0.0250392386769,2.11986515036e-05,0.0,0.594258445709,0.0,0.591010631083,0.0620446149362,0.0,0.0,0.0,0.0,0.055522149289901714,0.055522149289901714,0.055522149289901714,0.3593261615663993,0.3593261615663993,0.3593261615663993
