Name,FitNum,N,DF,K,ChiSq,RedChiSq,Rsq,AdjRsq,AIC,BIC,RSS,TSS,SDR
c15_c6,1,138,134,4,57.05679757046339,0.4257969967945029,0.9970574314126192,0.9969689331092393,-113.58174026868947,-102.1734774077599,57.056797570463374,19390.13344162995,0.6525312228502961
