Name,FitNum,RedChiSq,lf,AlignMag,Temp,pA,pB,pC,dwB,dwC,kexAB,kexAC,kexBC,k12,k21,k13,k31,k23,k32,tau1,tau2,tau3,dG12,dG13,ddG12,ddG21,ddG13,ddG31,ddG23,ddG32,R1,R1b,R1c,R2,R2b,R2c,pA_err,pB_err,pC_err,dwB_err,dwC_err,kexAB_err,kexAC_err,kexBC_err,k12_err,k21_err,k13_err,k31_err,k23_err,k32_err,tau1_err,tau2_err,tau3_err,dG12_err,dG13_err,ddG12_err,ddG21_err,ddG13_err,ddG31_err,ddG23_err,ddG32_err,R1_err,R1b_err,R1c_err,R2_err,R2b_err,R2c_err
G_C8_Off,1,0.25532055400390263,150.88,auto,298.15,0.9995,0.0005,0.0,4.27,0.0,3295.1578736518986,0.0,0.0,1.64757893683,3293.51029472,0.0,0.0,0.0,0.0,0.60695119223,0.00030362740982,0.0,4.50312246865,0.0,17.1573317271,12.6542092584,0.0,0.0,0.0,0.0,2.4557657734361795,2.4557657734361795,2.4557657734361795,20.547221456691563,20.547221456691563,20.547221456691563,0.0005,0.0005,0.0,4.27,0.0,749.8110567778082,0.0,0.0,1.68889234387,749.437960476,0.0,0.0,0.0,0.0,0.622170627914,6.90903887944e-05,0.0,0.622125397987,0.0,0.607341435304,0.134819849368,0.0,0.0,0.0,0.0,0.05193803744138267,0.05193803744138267,0.05193803744138267,0.08081214041333001,0.08081214041333001,0.08081214041333001
