Name,FitNum,N,DF,K,ChiSq,RedChiSq,Rsq,AdjRsq,AIC,BIC,RSS,TSS,SDR
G_C8_Off,1,190,185,5,47.23430249072199,0.25532055400390263,0.9870373590531295,0.9866851133752255,-254.13561525258615,-238.22658184830547,47.23430249072199,3643.8795677763133,0.5052925429925744
