Name,FitNum,RedChiSq,lf,AlignMag,Temp,pA,pB,pC,dwB,dwC,kexAB,kexAC,kexBC,k12,k21,k13,k31,k23,k32,tau1,tau2,tau3,dG12,dG13,ddG12,ddG21,ddG13,ddG31,ddG23,ddG32,R1,R1b,R1c,R2,R2b,R2c,pA_err,pB_err,pC_err,dwB_err,dwC_err,kexAB_err,kexAC_err,kexBC_err,k12_err,k21_err,k13_err,k31_err,k23_err,k32_err,tau1_err,tau2_err,tau3_err,dG12_err,dG13_err,ddG12_err,ddG21_err,ddG13_err,ddG31_err,ddG23_err,ddG32_err,R1_err,R1b_err,R1c_err,R2_err,R2b_err,R2c_err
A21_C1p_Off,1,0.3384915226380975,150.88,avg,298.15,0.98,0.02,0.0,1.9568461440497729,0.0,91.39360041368532,0.0,0.0,1.82787200827,89.5657284054,0.0,0.0,0.0,0.0,0.547084257253,0.0111649848419,0.0,2.30584417206,0.0,17.0958048201,14.7899606481,0.0,0.0,0.0,0.0,2.260438293402619,2.260438293402619,2.260438293402619,13.933821086961425,13.933821086961425,13.933821086961425,0.02,0.02,0.0,0.13423312243912067,0.0,13.026029445550066,0.0,0.0,1.81052901264,12.8906307331,0.0,0.0,0.0,0.0,0.541893478115,0.00160690589247,0.0,0.593026001436,0.0,0.586863206264,0.0852725953214,0.0,0.0,0.0,0.0,0.0665688910045766,0.0665688910045766,0.0665688910045766,0.08426270616369176,0.08426270616369176,0.08426270616369176
