Name,FitNum,N,DF,K,ChiSq,RedChiSq,Rsq,AdjRsq,AIC,BIC,RSS,TSS,SDR
ra16_c8_15c,1,100,96,4,53.21034748577895,0.5542744529768641,0.9961819008393153,0.9960211387693918,-54.67067806253036,-44.671049950156934,53.21034748577893,13936.34508859575,0.7444961067573583
