Name,FitNum,N,DF,K,ChiSq,RedChiSq,Rsq,AdjRsq,AIC,BIC,RSS,TSS,SDR
G7C1p_pH5.3HS_25C,1,280,270,10,216.50631950606186,0.8018752574298588,0.9368498209223248,0.9345022306220395,-51.18971882334313,-15.659666657821639,216.50631950606183,3428.435558983252,0.8954748781679241
