Name,FitNum,N,DF,K,ChiSq,RedChiSq,Rsq,AdjRsq,AIC,BIC,RSS,TSS,SDR
G7C8_pH5.3HS_25C,1,280,270,10,216.50631950606186,0.8018752574298588,0.9791540325435452,0.9783790895154241,-51.18971882334313,-15.659666657821639,216.50631950606183,10386.004869206554,0.8954748781679241
