Name,FitNum,RedChiSq,lf,AlignMag,Temp,pA,pB,pC,dwB,dwC,kexAB,kexAC,kexBC,k12,k21,k13,k31,k23,k32,tau1,tau2,tau3,dG12,dG13,ddG12,ddG21,ddG13,ddG31,ddG23,ddG32,R1,R1b,R1c,R2,R2b,R2c,pA_err,pB_err,pC_err,dwB_err,dwC_err,kexAB_err,kexAC_err,kexBC_err,k12_err,k21_err,k13_err,k31_err,k23_err,k32_err,tau1_err,tau2_err,tau3_err,dG12_err,dG13_err,ddG12_err,ddG21_err,ddG13_err,ddG31_err,ddG23_err,ddG32_err,R1_err,R1b_err,R1c_err,R2_err,R2b_err,R2c_err
G7N1_pH5.3HS_25C,1,0.8018752574298588,70.960765,auto,298.15,0.9955,0.0045,0.0,-1.9998709356688855,0.0,145.90430876252245,0.0,0.0,0.656569389431,145.247739373,0.0,0.0,0.0,0.0,1.52306826376,0.00688478873624,0.0,3.1989245348,0.0,17.7024377186,14.5035131838,0.0,0.0,0.0,0.0,2.0346581485266717,2.0346581485266717,2.0346581485266717,8.553944732598518,8.553944732598518,8.553944732598518,0.0045,0.0045,0.0,0.15084931247619768,0.0,10.597156614141024,0.0,0.0,0.65535878818,10.5696984768,0.0,0.0,0.0,0.0,1.52025998732,0.00050100704722,0.0,0.592961873288,0.0,0.591392308719,0.0431151987284,0.0,0.0,0.0,0.0,0.01979958021586375,0.01979958021586375,0.01979958021586375,0.023407198995059178,0.023407198995059178,0.023407198995059178
