Name,FitNum,N,DF,K,ChiSq,RedChiSq,Rsq,AdjRsq,AIC,BIC,RSS,TSS,SDR
G7N1_pH5.3HS_25C,1,280,270,10,216.50631950606186,0.8018752574298588,0.472470612971564,0.452859855089466,-51.18971882334313,-15.659666657821639,216.50631950606183,410.4156561317621,0.8954748781679241
