Name,FitNum,N,DF,K,ChiSq,RedChiSq,Rsq,AdjRsq,AIC,BIC,RSS,TSS,SDR
A16_C8_Off,1,111,107,4,22.6363609877307,0.21155477558626823,0.9957664975891669,0.995606742781211,-168.10961061601517,-157.64884830133187,22.6363609877307,5346.958331665673,0.45995084040174145
