Name,FitNum,RedChiSq,lf,AlignMag,Temp,pA,pB,pC,dwB,dwC,kexAB,kexAC,kexBC,k12,k21,k13,k31,k23,k32,tau1,tau2,tau3,dG12,dG13,ddG12,ddG21,ddG13,ddG31,ddG23,ddG32,R1,R1b,R1c,R2,R2b,R2c,pA_err,pB_err,pC_err,dwB_err,dwC_err,kexAB_err,kexAC_err,kexBC_err,k12_err,k21_err,k13_err,k31_err,k23_err,k32_err,tau1_err,tau2_err,tau3_err,dG12_err,dG13_err,ddG12_err,ddG21_err,ddG13_err,ddG31_err,ddG23_err,ddG32_err,R1_err,R1b_err,R1c_err,R2_err,R2b_err,R2c_err
A16_C8_Off,1,0.21155477558626823,150.7,auto,298.15,0.995,0.005,0.0,1.511836547100547,0.0,3557.7882214048723,0.0,0.0,17.788941107,3539.9992803,0.0,0.0,0.0,0.0,0.0562147006943,0.000282485933137,0.0,3.13620237989,0.0,15.7476504919,12.611448112,0.0,0.0,0.0,0.0,2.2085189606128446,2.2085189606128446,2.2085189606128446,22.019363553710864,22.019363553710864,22.019363553710864,0.005,0.005,0.0,0.11345785296314148,0.0,531.5651213353672,0.0,0.0,17.8986541597,529.203387422,0.0,0.0,0.0,0.0,0.0565614040974,4.22295319514e-05,0.0,0.602682820388,0.0,0.596138890536,0.0885720338575,0.0,0.0,0.0,0.0,0.05088562762690784,0.05088562762690784,0.05088562762690784,0.17241387375792502,0.17241387375792502,0.17241387375792502
