Name,FitNum,RedChiSq,lf,AlignMag,Temp,pA,pB,pC,dwB,dwC,kexAB,kexAC,kexBC,k12,k21,k13,k31,k23,k32,tau1,tau2,tau3,dG12,dG13,ddG12,ddG21,ddG13,ddG31,ddG23,ddG32,R1,R1b,R1c,R2,R2b,R2c,pA_err,pB_err,pC_err,dwB_err,dwC_err,kexAB_err,kexAC_err,kexBC_err,k12_err,k21_err,k13_err,k31_err,k23_err,k32_err,tau1_err,tau2_err,tau3_err,dG12_err,dG13_err,ddG12_err,ddG21_err,ddG13_err,ddG31_err,ddG23_err,ddG32_err,R1_err,R1b_err,R1c_err,R2_err,R2b_err,R2c_err
gc8,1,1.2239229522777988,150.88,auto,298.15,0.9995,0.0005,0.0,6.944771505675684,0.0,4060.1576261666123,0.0,0.0,2.03007881308,4058.12754735,0.0,0.0,0.0,0.0,0.49259171297,0.000246419066018,0.0,4.50312246865,0.0,17.0336400386,12.53051757,0.0,0.0,0.0,0.0,3.295429917090342,3.295429917090342,3.295429917090342,20.336827442393215,20.336827442393215,20.336827442393215,0.0005,0.0005,0.0,1.1234466960763945,0.0,1890.1366342882443,0.0,0.0,2.23835987992,1889.19265562,0.0,0.0,0.0,0.0,0.543130404783,0.00011471622917,0.0,0.709113501154,0.0,0.653272219206,0.275821255767,0.0,0.0,0.0,0.0,0.12250433054533356,0.12250433054533356,0.12250433054533356,0.33422133420128775,0.33422133420128775,0.33422133420128775
