Name,FitNum,RedChiSq,lf,AlignMag,Temp,pA,pB,pC,dwB,dwC,kexAB,kexAC,kexBC,k12,k21,k13,k31,k23,k32,tau1,tau2,tau3,dG12,dG13,ddG12,ddG21,ddG13,ddG31,ddG23,ddG32,R1,R1b,R1c,R2,R2b,R2c,pA_err,pB_err,pC_err,dwB_err,dwC_err,kexAB_err,kexAC_err,kexBC_err,k12_err,k21_err,k13_err,k31_err,k23_err,k32_err,tau1_err,tau2_err,tau3_err,dG12_err,dG13_err,ddG12_err,ddG21_err,ddG13_err,ddG31_err,ddG23_err,ddG32_err,R1_err,R1b_err,R1c_err,R2_err,R2b_err,R2c_err
ac8,1,0.2894581870307264,176.04,avg,298.15,0.973281803856,0.02671819614446172,0.0,2.6776413769333614,0.0,1798.230413862029,0.0,0.0,48.0454729105,1750.18494095,0.0,0.0,0.0,0.0,0.0208136155068,0.000571368188928,0.0,2.13017749733,0.0,15.158974865,13.0287973677,0.0,0.0,0.0,0.0,0.8760092477511802,0.8760092477511802,0.8760092477511802,30.11602993916451,30.11602993916451,30.11602993916451,0.000339607524585,0.00033960752458522315,0.0,0.036037544444607675,0.0,45.22872467194718,0.0,0.0,1.34679320783,44.024310302,0.0,0.0,0.0,0.0,0.000583439693623,1.43722471023e-05,0.0,0.0223147476996,0.0,0.0166083168135,0.0149034149616,0.0,0.0,0.0,0.0,0.2427023346003974,0.2427023346003974,0.2427023346003974,0.36120767117509694,0.36120767117509694,0.36120767117509694
