Name,FitNum,RedChiSq,lf,AlignMag,Temp,pA,pB,pC,dwB,dwC,kexAB,kexAC,kexBC,k12,k21,k13,k31,k23,k32,tau1,tau2,tau3,dG12,dG13,ddG12,ddG21,ddG13,ddG31,ddG23,ddG32,R1,R1b,R1c,R2,R2b,R2c,pA_err,pB_err,pC_err,dwB_err,dwC_err,kexAB_err,kexAC_err,kexBC_err,k12_err,k21_err,k13_err,k31_err,k23_err,k32_err,tau1_err,tau2_err,tau3_err,dG12_err,dG13_err,ddG12_err,ddG21_err,ddG13_err,ddG31_err,ddG23_err,ddG32_err,R1_err,R1b_err,R1c_err,R2_err,R2b_err,R2c_err
hpGBCm6A_m6A_C2_65C,1,9.033133874541528,150.88,auto,298.15,0.92,0.08,0.0,2.5084742777578333,0.0,125.56829646952426,0.0,0.0,10.0454637176,115.522832752,0.0,0.0,0.0,0.0,0.0995474204194,0.00865629742777,0.0,1.44705336996,0.0,16.0862293481,14.6391759781,0.0,0.0,0.0,0.0,4.607482544787748,4.607482544787748,4.607482544787748,13.90112072530891,13.90112072530891,13.90112072530891,0.08,0.08,0.0,0.05906352387735389,0.0,4.415101002868099,0.0,0.0,9.28342328074,10.1270018256,0.0,0.0,0.0,0.0,0.091995836752,0.000758831286993,0.0,0.549997238121,0.0,0.547539353683,0.051938599416,0.0,0.0,0.0,0.0,0.18377485977174077,0.18377485977174077,0.18377485977174077,0.20978320963941266,0.20978320963941266,0.20978320963941266
