Name,FitNum,N,DF,K,ChiSq,RedChiSq,Rsq,AdjRsq,AIC,BIC,RSS,TSS,SDR
ac1p,1,219,212,7,798.9058861211452,3.7684239911374773,0.9500837214832006,0.9484277312006528,297.9543465416041,321.14704296311584,798.9058861211453,16004.916829933014,1.9412428985414159
