Name,FitNum,N,DF,K,ChiSq,RedChiSq,Rsq,AdjRsq,AIC,BIC,RSS,TSS,SDR
A16_C8_Off,1,95,91,4,18.313526942571688,0.2012475488194691,0.998611726830606,0.9985500258008552,-147.94806367949022,-138.17700055753252,18.313526942571684,13191.587467303481,0.44860622913583026
