Name,FitNum,RedChiSq,lf,AlignMag,Temp,pA,pB,pC,dwB,dwC,kexAB,kexAC,kexBC,k12,k21,k13,k31,k23,k32,tau1,tau2,tau3,dG12,dG13,ddG12,ddG21,ddG13,ddG31,ddG23,ddG32,R1,R1b,R1c,R2,R2b,R2c,pA_err,pB_err,pC_err,dwB_err,dwC_err,kexAB_err,kexAC_err,kexBC_err,k12_err,k21_err,k13_err,k31_err,k23_err,k32_err,tau1_err,tau2_err,tau3_err,dG12_err,dG13_err,ddG12_err,ddG21_err,ddG13_err,ddG31_err,ddG23_err,ddG32_err,R1_err,R1b_err,R1c_err,R2_err,R2b_err,R2c_err
gc8,1,0.16057949859750362,150.88,avg,298.15,0.998025180177,0.0019748198229250723,0.0,4.2994316456865445,0.0,2499.5137628958755,0.0,0.0,4.93608932664,2494.57767357,0.0,0.0,0.0,0.0,0.202589526612,0.000400869458023,0.0,3.68839610201,0.0,16.5072180698,12.8188219678,0.0,0.0,0.0,0.0,2.8134791147493456,2.8134791147493456,2.8134791147493456,19.23696838310068,19.23696838310068,19.23696838310068,5.33329532888e-05,5.333295328881719e-05,0.0,0.10812221710477359,0.0,134.60743098926548,0.0,0.0,0.297260351286,134.341671445,0.0,0.0,0.0,0.0,0.0122003128109,2.1588212543e-05,0.0,0.0478662625065,0.0,0.0356805181051,0.0319073614405,0.0,0.0,0.0,0.0,0.04820599005238216,0.04820599005238216,0.04820599005238216,0.0843251807827281,0.0843251807827281,0.0843251807827281
