Name,FitNum,N,DF,K,ChiSq,RedChiSq,Rsq,AdjRsq,AIC,BIC,RSS,TSS,SDR
gc8,1,212,204,8,32.75821771389074,0.16057949859750362,0.9907207364960866,0.9903550512348487,-379.1863137531493,-353.04298316168456,32.75821771389074,3530.260531999712,0.4007237185362299
