Name,FitNum,N,DF,K,ChiSq,RedChiSq,Rsq,AdjRsq,AIC,BIC,RSS,TSS,SDR
g10c1p,1,180,173,7,1208.4325434077814,6.985159210449604,0.8214395813352081,0.8141725875523387,357.3932180555594,379.0927532210932,1208.4325434077814,6767.639505126548,2.6429451773446995
