Name,FitNum,RedChiSq,lf,AlignMag,Temp,pA,pB,pC,dwB,dwC,kexAB,kexAC,kexBC,k12,k21,k13,k31,k23,k32,tau1,tau2,tau3,dG12,dG13,ddG12,ddG21,ddG13,ddG31,ddG23,ddG32,R1,R1b,R1c,R2,R2b,R2c,pA_err,pB_err,pC_err,dwB_err,dwC_err,kexAB_err,kexAC_err,kexBC_err,k12_err,k21_err,k13_err,k31_err,k23_err,k32_err,tau1_err,tau2_err,tau3_err,dG12_err,dG13_err,ddG12_err,ddG21_err,ddG13_err,ddG31_err,ddG23_err,ddG32_err,R1_err,R1b_err,R1c_err,R2_err,R2b_err,R2c_err
g10c8,1,6.985159210449604,176.04,auto,298.15,0.92,0.08,0.0,1.467653672088276,0.0,7362.262138645351,0.0,0.0,588.980971092,6773.28116755,0.0,0.0,0.0,0.0,0.00169784772188,0.000147638932338,0.0,1.44705336996,0.0,13.674062356,12.227008986,0.0,0.0,0.0,0.0,3.227710215570243,3.227710215570243,3.227710215570243,16.08774090102062,16.08774090102062,16.08774090102062,0.08,0.08,0.0,0.15571926500156075,0.0,776.7478232750832,0.0,0.0,547.44540427,898.053284981,0.0,0.0,0.0,0.0,0.00157811368807,1.95750958652e-05,0.0,0.556276785755,0.0,0.550702091921,0.0785561475867,0.0,0.0,0.0,0.0,0.8908400613937201,0.8908400613937201,0.8908400613937201,3.2568932553680217,3.2568932553680217,3.2568932553680217
