Name,FitNum,N,DF,K,ChiSq,RedChiSq,Rsq,AdjRsq,AIC,BIC,RSS,TSS,SDR
g10c8,1,180,173,7,1208.4325434077814,6.985159210449604,0.8766423145350054,0.8716219436149184,357.3932180555594,379.0927532210932,1208.4325434077814,9796.167452823202,2.6429451773446995
