Name,FitNum,N,DF,K,ChiSq,RedChiSq,Rsq,AdjRsq,AIC,BIC,RSS,TSS,SDR
ac8,1,219,212,7,1446.1310440594557,6.821372849337055,0.9143173037752584,0.911474749872068,427.9097950753939,451.1024914969056,1446.1310440594557,16877.749041257106,2.6117758038041963
