Name,FitNum,N,DF,K,ChiSq,RedChiSq,Rsq,AdjRsq,AIC,BIC,RSS,TSS,SDR
ac1p,1,219,212,7,1446.1310440594557,6.821372849337055,0.9096445761370753,0.9066470028335659,427.9097950753939,451.1024914969056,1446.1310440594557,16004.916829933014,2.6117758038041963
