Name,FitNum,RedChiSq,lf,AlignMag,Temp,pA,pB,pC,dwB,dwC,kexAB,kexAC,kexBC,k12,k21,k13,k31,k23,k32,tau1,tau2,tau3,dG12,dG13,ddG12,ddG21,ddG13,ddG31,ddG23,ddG32,R1,R1b,R1c,R2,R2b,R2c,pA_err,pB_err,pC_err,dwB_err,dwC_err,kexAB_err,kexAC_err,kexBC_err,k12_err,k21_err,k13_err,k31_err,k23_err,k32_err,tau1_err,tau2_err,tau3_err,dG12_err,dG13_err,ddG12_err,ddG21_err,ddG13_err,ddG31_err,ddG23_err,ddG32_err,R1_err,R1b_err,R1c_err,R2_err,R2b_err,R2c_err
ac8,1,6.821372849337055,150.7,auto,298.15,0.998,0.002,0.0,6.13877547127135,0.0,3966.5612434321456,0.0,0.0,7.93312248686,3958.62812095,0.0,0.0,0.0,0.0,0.126053770335,0.000252612766203,0.0,3.68087436261,0.0,16.2260998574,12.5452254948,0.0,0.0,0.0,0.0,3.5874671326259246,3.5874671326259246,3.5874671326259246,33.810453784257,33.810453784257,33.810453784257,0.002,0.002,0.0,2.604537357573583,0.0,3929.64582908235,0.0,0.0,11.1557905818,3921.79452908,0.0,0.0,0.0,0.0,0.177260525882,0.000250262296483,0.0,1.01916997522,0.0,0.833169510811,0.586971894248,0.0,0.0,0.0,0.0,1.1803016870884453,1.1803016870884453,1.1803016870884453,2.9071205470365897,2.9071205470365897,2.9071205470365897
