Name,FitNum,RedChiSq,lf,AlignMag,Temp,pA,pB,pC,dwB,dwC,kexAB,kexAC,kexBC,k12,k21,k13,k31,k23,k32,tau1,tau2,tau3,dG12,dG13,ddG12,ddG21,ddG13,ddG31,ddG23,ddG32,R1,R1b,R1c,R2,R2b,R2c,pA_err,pB_err,pC_err,dwB_err,dwC_err,kexAB_err,kexAC_err,kexBC_err,k12_err,k21_err,k13_err,k31_err,k23_err,k32_err,tau1_err,tau2_err,tau3_err,dG12_err,dG13_err,ddG12_err,ddG21_err,ddG13_err,ddG31_err,ddG23_err,ddG32_err,R1_err,R1b_err,R1c_err,R2_err,R2b_err,R2c_err
ac8,1,0.16292758606460195,150.7,auto,298.15,0.98,0.02,0.0,2.684378803465143,0.0,2307.4800867628587,0.0,0.0,46.1496017353,2261.33048503,0.0,0.0,0.0,0.0,0.0216686593686,0.000442217538136,0.0,2.30584417206,0.0,15.1828280543,12.8769838822,0.0,0.0,0.0,0.0,2.1980413476133704,2.1980413476133704,2.1980413476133704,26.467296384988614,26.467296384988614,26.467296384988614,0.02,0.02,0.0,0.029641027103759335,0.0,54.37265940366396,0.0,0.0,45.2490960544,69.8971483019,0.0,0.0,0.0,0.0,0.0212458442169,1.36688312697e-05,0.0,0.581212336205,0.0,0.580923741601,0.0183135524127,0.0,0.0,0.0,0.0,0.1666404111898058,0.1666404111898058,0.1666404111898058,0.30342743945004674,0.30342743945004674,0.30342743945004674
