Name,FitNum,N,DF,K,ChiSq,RedChiSq,Rsq,AdjRsq,AIC,BIC,RSS,TSS,SDR
ac8,1,219,212,7,34.540648245695614,0.16292758606460195,0.9979534801612904,0.9978855861382052,-389.94793507031585,-366.75523864880415,34.540648245695614,16877.749041257106,0.40364289423276356
