Name,FitNum,N,DF,K,ChiSq,RedChiSq,Rsq,AdjRsq,AIC,BIC,RSS,TSS,SDR
ac1p,1,219,212,7,34.540648245695614,0.16292758606460195,0.9978418726812065,0.9977702760402987,-389.94793507031585,-366.75523864880415,34.540648245695614,16004.916829933014,0.40364289423276356
