Name,FitNum,N,DF,K,ChiSq,RedChiSq,Rsq,AdjRsq,AIC,BIC,RSS,TSS,SDR
gc1p,1,308,301,7,553.9062941156753,1.8402202462314796,0.8014942217873892,0.7968624202957615,194.7638895436789,220.87458802449393,553.9062941156753,2790.378693774901,1.356547178033805
