Name,FitNum,RedChiSq,lf,AlignMag,Temp,pA,pB,pC,dwB,dwC,kexAB,kexAC,kexBC,k12,k21,k13,k31,k23,k32,tau1,tau2,tau3,dG12,dG13,ddG12,ddG21,ddG13,ddG31,ddG23,ddG32,R1,R1b,R1c,R2,R2b,R2c,pA_err,pB_err,pC_err,dwB_err,dwC_err,kexAB_err,kexAC_err,kexBC_err,k12_err,k21_err,k13_err,k31_err,k23_err,k32_err,tau1_err,tau2_err,tau3_err,dG12_err,dG13_err,ddG12_err,ddG21_err,ddG13_err,ddG31_err,ddG23_err,ddG32_err,R1_err,R1b_err,R1c_err,R2_err,R2b_err,R2c_err
gc1p,1,1.8402202462314796,150.88,auto,298.15,0.997,0.003,0.0,4.318175735655471,0.0,1498.4396549560818,0.0,0.0,4.49531896487,1493.94433599,0.0,0.0,0.0,0.0,0.222453625163,0.000669368982437,0.0,3.44004850013,0.0,16.5626371724,13.1225886723,0.0,0.0,0.0,0.0,2.756136979826287,2.756136979826287,2.756136979826287,13.686471911845961,13.686471911845961,13.686471911845961,0.003,0.003,0.0,0.1455227999454872,0.0,121.98832719841938,0.0,0.0,4.49676987961,121.704913624,0.0,0.0,0.0,0.0,0.222525424572,5.45304749497e-05,0.0,0.594638147646,0.0,0.592675980008,0.0482670628686,0.0,0.0,0.0,0.0,0.09306128623393697,0.09306128623393697,0.09306128623393697,0.23579921998082257,0.23579921998082257,0.23579921998082257
