Name,FitNum,RedChiSq,lf,AlignMag,Temp,pA,pB,pC,dwB,dwC,kexAB,kexAC,kexBC,k12,k21,k13,k31,k23,k32,tau1,tau2,tau3,dG12,dG13,ddG12,ddG21,ddG13,ddG31,ddG23,ddG32,R1,R1b,R1c,R2,R2b,R2c,pA_err,pB_err,pC_err,dwB_err,dwC_err,kexAB_err,kexAC_err,kexBC_err,k12_err,k21_err,k13_err,k31_err,k23_err,k32_err,tau1_err,tau2_err,tau3_err,dG12_err,dG13_err,ddG12_err,ddG21_err,ddG13_err,ddG31_err,ddG23_err,ddG32_err,R1_err,R1b_err,R1c_err,R2_err,R2b_err,R2c_err
ra16_c8_15c,1,0.8923772052599966,150.784186,auto,298.15,0.999,0.001,0.0,5.391452592504614,0.0,4745.895650518382,0.0,0.0,4.74589565052,4741.14975487,0.0,0.0,0.0,0.0,0.210708383336,0.000210919302638,0.0,4.0921468707,0.0,16.5304986989,12.4383518282,0.0,0.0,0.0,0.0,1.7687729333486035,1.7687729333486035,1.7687729333486035,34.103763036878476,34.103763036878476,34.103763036878476,0.001,0.001,0.0,0.4348239858331877,0.0,833.7708828429036,0.0,0.0,4.81390666784,832.950605381,0.0,0.0,0.0,0.0,0.213727938034,3.70554337877e-05,0.0,0.609923177117,0.0,0.600975346557,0.104090896889,0.0,0.0,0.0,0.0,0.05756276477687938,0.05756276477687938,0.05756276477687938,0.23318583672767537,0.23318583672767537,0.23318583672767537
