Name,FitNum,RedChiSq,lf,AlignMag,Temp,pA,pB,pC,dwB,dwC,kexAB,kexAC,kexBC,k12,k21,k13,k31,k23,k32,tau1,tau2,tau3,dG12,dG13,ddG12,ddG21,ddG13,ddG31,ddG23,ddG32,R1,R1b,R1c,R2,R2b,R2c,pA_err,pB_err,pC_err,dwB_err,dwC_err,kexAB_err,kexAC_err,kexBC_err,k12_err,k21_err,k13_err,k31_err,k23_err,k32_err,tau1_err,tau2_err,tau3_err,dG12_err,dG13_err,ddG12_err,ddG21_err,ddG13_err,ddG31_err,ddG23_err,ddG32_err,R1_err,R1b_err,R1c_err,R2_err,R2b_err,R2c_err
G_C8_Off_clean,1,0.37683385681015363,150.88,avg,298.15,0.98,0.02,0.0,4.27,0.0,25.29977609666994,0.0,0.0,0.505995521933,24.7937805747,0.0,0.0,0.0,0.0,1.97630207512,0.0403326954107,0.0,2.30584417206,0.0,17.8567803303,15.5509361583,0.0,0.0,0.0,0.0,2.570656709564741,2.570656709564741,2.570656709564741,16.565659161535056,16.565659161535056,16.565659161535056,0.02,0.02,0.0,4.27,0.0,2.978990529695224,0.0,0.0,0.499544581087,2.96124196605,0.0,0.0,0.0,0.0,1.95110618459,0.00481713024336,0.0,0.589195984099,0.0,0.584931156219,0.0707633391114,0.0,0.0,0.0,0.0,0.05107765692084723,0.05107765692084723,0.05107765692084723,0.06709594261342235,0.06709594261342235,0.06709594261342235
