Name,FitNum,N,DF,K,ChiSq,RedChiSq,Rsq,AdjRsq,AIC,BIC,RSS,TSS,SDR
G_C1p_Off_clean,1,253,248,5,93.4547964889181,0.37683385681015363,0.9147924786609807,0.9130676300508791,-241.96564222527743,-224.29869478163982,93.45479648891805,1096.790459577916,0.6138679473715446
