Name,FitNum,RedChiSq,lf,AlignMag,Temp,pA,pB,pC,dwB,dwC,kexAB,kexAC,kexBC,k12,k21,k13,k31,k23,k32,tau1,tau2,tau3,dG12,dG13,ddG12,ddG21,ddG13,ddG31,ddG23,ddG32,R1,R1b,R1c,R2,R2b,R2c,pA_err,pB_err,pC_err,dwB_err,dwC_err,kexAB_err,kexAC_err,kexBC_err,k12_err,k21_err,k13_err,k31_err,k23_err,k32_err,tau1_err,tau2_err,tau3_err,dG12_err,dG13_err,ddG12_err,ddG21_err,ddG13_err,ddG31_err,ddG23_err,ddG32_err,R1_err,R1b_err,R1c_err,R2_err,R2b_err,R2c_err
gc1p,1,0.5728555628094814,150.7,auto,298.15,0.9,0.1,0.0,3.7232394141299077,0.0,50.65577272657112,0.0,0.0,5.06557727266,45.5901954539,0.0,0.0,0.0,0.0,0.197410866753,0.0219345407503,0.0,1.30182205197,0.0,16.4918758427,15.1900537907,0.0,0.0,0.0,0.0,1.5169217938640245,1.5169217938640245,1.5169217938640245,17.433985661936937,17.433985661936937,17.433985661936937,0.1,0.1,0.0,0.02854367804683137,0.0,1.4917934324983517,0.0,0.0,4.5895004546,4.77952639275,0.0,0.0,0.0,0.0,0.178857653124,0.00229954522865,0.0,0.540383125681,0.0,0.536801410388,0.0621141556083,0.0,0.0,0.0,0.0,0.13475557328930376,0.13475557328930376,0.13475557328930376,0.18440003998468074,0.18440003998468074,0.18440003998468074
