Name,FitNum,RedChiSq,lf,AlignMag,Temp,pA,pB,pC,dwB,dwC,kexAB,kexAC,kexBC,k12,k21,k13,k31,k23,k32,tau1,tau2,tau3,dG12,dG13,ddG12,ddG21,ddG13,ddG31,ddG23,ddG32,R1,R1b,R1c,R2,R2b,R2c,pA_err,pB_err,pC_err,dwB_err,dwC_err,kexAB_err,kexAC_err,kexBC_err,k12_err,k21_err,k13_err,k31_err,k23_err,k32_err,tau1_err,tau2_err,tau3_err,dG12_err,dG13_err,ddG12_err,ddG21_err,ddG13_err,ddG31_err,ddG23_err,ddG32_err,R1_err,R1b_err,R1c_err,R2_err,R2b_err,R2c_err
gc8,1,0.1901645283681137,150.7,auto,298.15,0.994,0.006,0.0,3.262487090432378,0.0,1886.8590248225987,0.0,0.0,11.3211541489,1875.53787067,0.0,0.0,0.0,0.0,0.0883302167645,0.000533180382884,0.0,3.02758387661,0.0,16.0153966926,12.9878128159,0.0,0.0,0.0,0.0,1.9755784250458832,1.9755784250458832,1.9755784250458832,20.9324687819529,20.9324687819529,20.9324687819529,0.006,0.006,0.0,0.040404465203645434,0.0,66.94664890722262,0.0,0.0,11.2605987301,67.4897965478,0.0,0.0,0.0,0.0,0.0878577496288,1.91860884959e-05,0.0,0.589701153721,0.0,0.589315623055,0.0213201107724,0.0,0.0,0.0,0.0,0.06915361432107878,0.06915361432107878,0.06915361432107878,0.1262051605146462,0.1262051605146462,0.1262051605146462
