Name,FitNum,N,DF,K,ChiSq,RedChiSq,Rsq,AdjRsq,AIC,BIC,RSS,TSS,SDR
gc1p,1,190,183,7,226.49116179333882,1.2376566218215237,0.9330935498885791,0.9305202248842936,47.99493634743364,70.10872023717243,226.49116179333873,3385.1917328771365,1.1125001671107844
