Name,FitNum,RedChiSq,lf,AlignMag,Temp,pA,pB,pC,dwB,dwC,kexAB,kexAC,kexBC,k12,k21,k13,k31,k23,k32,tau1,tau2,tau3,dG12,dG13,ddG12,ddG21,ddG13,ddG31,ddG23,ddG32,R1,R1b,R1c,R2,R2b,R2c,pA_err,pB_err,pC_err,dwB_err,dwC_err,kexAB_err,kexAC_err,kexBC_err,k12_err,k21_err,k13_err,k31_err,k23_err,k32_err,tau1_err,tau2_err,tau3_err,dG12_err,dG13_err,ddG12_err,ddG21_err,ddG13_err,ddG31_err,ddG23_err,ddG32_err,R1_err,R1b_err,R1c_err,R2_err,R2b_err,R2c_err
gc1p,1,1.2376566218215237,176.04,avg,298.15,0.999,0.001,0.0,4.5075275261086185,0.0,2558.080066186119,0.0,0.0,2.55808006619,2555.52198612,0.0,0.0,0.0,0.0,0.390918178527,0.000391309488015,0.0,4.0921468707,0.0,16.8966680004,12.8045211297,0.0,0.0,0.0,0.0,1.8171092951825196,1.8171092951825196,1.8171092951825196,18.846114004554252,18.846114004554252,18.846114004554252,0.001,0.001,0.0,0.6348019635410812,0.0,988.7473790701846,0.0,0.0,2.74013148315,987.761937503,0.0,0.0,0.0,0.0,0.418738733973,0.000151249185155,0.0,0.674703926031,0.0,0.634650234442,0.229007571325,0.0,0.0,0.0,0.0,0.17552892551488367,0.17552892551488367,0.17552892551488367,0.4000105267971835,0.4000105267971835,0.4000105267971835
