Name,FitNum,N,DF,K,ChiSq,RedChiSq,Rsq,AdjRsq,AIC,BIC,RSS,TSS,SDR
gc8,1,190,183,7,226.49116179333882,1.2376566218215237,0.9690736681037472,0.9678841938000451,47.99493634743364,70.10872023717243,226.49116179333873,7323.570171630386,1.1125001671107844
