Name,FitNum,RedChiSq,lf,AlignMag,Temp,pA,pB,pC,dwB,dwC,kexAB,kexAC,kexBC,k12,k21,k13,k31,k23,k32,tau1,tau2,tau3,dG12,dG13,ddG12,ddG21,ddG13,ddG31,ddG23,ddG32,R1,R1b,R1c,R2,R2b,R2c,pA_err,pB_err,pC_err,dwB_err,dwC_err,kexAB_err,kexAC_err,kexBC_err,k12_err,k21_err,k13_err,k31_err,k23_err,k32_err,tau1_err,tau2_err,tau3_err,dG12_err,dG13_err,ddG12_err,ddG21_err,ddG13_err,ddG31_err,ddG23_err,ddG32_err,R1_err,R1b_err,R1c_err,R2_err,R2b_err,R2c_err
G10_C1p_Off,1,0.32224489546324536,170.4,auto,298.15,0.994,0.006,0.0,3.6257319254276577,0.0,91.76251276710627,0.0,0.0,0.550575076603,91.2119376905,0.0,0.0,0.0,0.0,1.81628272418,0.0109634772084,0.0,3.02758387661,0.0,17.8067535805,14.7791697039,0.0,0.0,0.0,0.0,1.4864918350789764,1.4864918350789764,1.4864918350789764,15.111771524941297,15.111771524941297,15.111771524941297,0.006,0.006,0.0,0.4125728472510375,0.0,20.420108828733937,0.0,0.0,0.560828365876,20.3049649815,0.0,0.0,0.0,0.0,1.85010712519,0.00244061277972,0.0,0.617762772748,0.0,0.603518516636,0.131894819724,0.0,0.0,0.0,0.0,0.08544580282235882,0.08544580282235882,0.08544580282235882,0.12101395159150505,0.12101395159150505,0.12101395159150505
