Name,FitNum,RedChiSq,lf,AlignMag,Temp,pA,pB,pC,dwB,dwC,kexAB,kexAC,kexBC,k12,k21,k13,k31,k23,k32,tau1,tau2,tau3,dG12,dG13,ddG12,ddG21,ddG13,ddG31,ddG23,ddG32,R1,R1b,R1c,R2,R2b,R2c,pA_err,pB_err,pC_err,dwB_err,dwC_err,kexAB_err,kexAC_err,kexBC_err,k12_err,k21_err,k13_err,k31_err,k23_err,k32_err,tau1_err,tau2_err,tau3_err,dG12_err,dG13_err,ddG12_err,ddG21_err,ddG13_err,ddG31_err,ddG23_err,ddG32_err,R1_err,R1b_err,R1c_err,R2_err,R2b_err,R2c_err
A16_C8_Off,1,0.5087476205566347,150.7,auto,298.15,0.9975,0.0025,0.0,4.1051580451181175,0.0,2864.39749596299,0.0,0.0,7.16099373991,2857.23650222,0.0,0.0,0.0,0.0,0.139645423013,0.000349988528854,0.0,3.54836830122,0.0,16.2867690826,12.7384007814,0.0,0.0,0.0,0.0,2.7649059670482656,2.7649059670482656,2.7649059670482656,25.595280630468466,25.595280630468466,25.595280630468466,0.0025,0.0025,0.0,0.17702642429065993,0.0,463.85003991133783,0.0,0.0,7.2366292952,462.745549986,0.0,0.0,0.0,0.0,0.14112038019,5.66826141788e-05,0.0,0.606383032427,0.0,0.598742667084,0.0959562433042,0.0,0.0,0.0,0.0,0.1150527084072929,0.1150527084072929,0.1150527084072929,0.3098086768163794,0.3098086768163794,0.3098086768163794
