Name,FitNum,N,DF,K,ChiSq,RedChiSq,Rsq,AdjRsq,AIC,BIC,RSS,TSS,SDR
A16_C8_Off,1,106,102,4,51.892257296776734,0.5087476205566347,0.9937869001854168,0.9935408368264234,-67.31652740691752,-57.05881063442963,51.89225729677673,8352.072048637714,0.713265462893469
