Name,FitNum,RedChiSq,lf,AlignMag,Temp,pA,pB,pC,dwB,dwC,kexAB,kexAC,kexBC,k12,k21,k13,k31,k23,k32,tau1,tau2,tau3,dG12,dG13,ddG12,ddG21,ddG13,ddG31,ddG23,ddG32,R1,R1b,R1c,R2,R2b,R2c,pA_err,pB_err,pC_err,dwB_err,dwC_err,kexAB_err,kexAC_err,kexBC_err,k12_err,k21_err,k13_err,k31_err,k23_err,k32_err,tau1_err,tau2_err,tau3_err,dG12_err,dG13_err,ddG12_err,ddG21_err,ddG13_err,ddG31_err,ddG23_err,ddG32_err,R1_err,R1b_err,R1c_err,R2_err,R2b_err,R2c_err
hpGBCm6A_m6AC2_55C,1,0.40290095939356513,150.88,avg,298.15,0.987841036036,0.01215896396366049,0.0,2.6411469214869676,0.0,538.1190923989607,0.0,0.0,6.54297065264,531.576121746,0.0,0.0,0.0,0.0,0.152835776452,0.00188119811837,0.0,2.60542509109,0.0,16.3402452578,13.7348201667,0.0,0.0,0.0,0.0,4.451412974466055,4.451412974466055,4.451412974466055,13.604718730439474,13.604718730439474,13.604718730439474,0.000567738768145,0.0005677387681454888,0.0,0.020705141262067704,0.0,32.38934357787212,0.0,0.0,0.496175090374,31.996946241,0.0,0.0,0.0,0.0,0.0115900420802,0.000113234196571,0.0,0.0573635358649,0.0,0.0449300767854,0.0356631945707,0.0,0.0,0.0,0.0,0.03152119418100808,0.03152119418100808,0.03152119418100808,0.04565671638002997,0.04565671638002997,0.04565671638002997
