Name,FitNum,N,DF,K,ChiSq,RedChiSq,Rsq,AdjRsq,AIC,BIC,RSS,TSS,SDR
G_C8_Off,1,199,192,7,50.57200905327084,0.2633958804857856,0.9871791856730385,0.9867093128966578,-258.0250224346677,-235.55827609615122,50.57200905327083,3944.5239408015236,0.5132210834384979
