Name,FitNum,RedChiSq,lf,AlignMag,Temp,pA,pB,pC,dwB,dwC,kexAB,kexAC,kexBC,k12,k21,k13,k31,k23,k32,tau1,tau2,tau3,dG12,dG13,ddG12,ddG21,ddG13,ddG31,ddG23,ddG32,R1,R1b,R1c,R2,R2b,R2c,pA_err,pB_err,pC_err,dwB_err,dwC_err,kexAB_err,kexAC_err,kexBC_err,k12_err,k21_err,k13_err,k31_err,k23_err,k32_err,tau1_err,tau2_err,tau3_err,dG12_err,dG13_err,ddG12_err,ddG21_err,ddG13_err,ddG31_err,ddG23_err,ddG32_err,R1_err,R1b_err,R1c_err,R2_err,R2b_err,R2c_err
G_C1p_Off,1,0.2633958804857856,150.88,auto,298.15,0.998,0.002,0.0,4.598296695113355,0.0,379.6092068023726,0.0,0.0,0.759218413605,378.849988389,0.0,0.0,0.0,0.0,1.31714402875,0.00263956719189,0.0,3.68087436261,0.0,17.6163727223,13.9354983596,0.0,0.0,0.0,0.0,2.114263724897808,2.114263724897808,2.114263724897808,14.17465352584811,14.17465352584811,14.17465352584811,0.002,0.002,0.0,0.2567647901395889,0.0,24.947132286133638,0.0,0.0,0.759342477474,24.9087649767,0.0,0.0,0.0,0.0,1.31735926324,0.00017354721087,0.0,0.593860587642,0.0,0.592581566817,0.0389548998674,0.0,0.0,0.0,0.0,0.03311306859734843,0.03311306859734843,0.03311306859734843,0.049008506071802266,0.049008506071802266,0.049008506071802266
