Name,FitNum,N,DF,K,ChiSq,RedChiSq,Rsq,AdjRsq,AIC,BIC,RSS,TSS,SDR
G_C1p_Off,1,199,192,7,50.57200905327084,0.2633958804857856,0.9741803389242953,0.9732340686230916,-258.0250224346677,-235.55827609615122,50.57200905327083,1958.6627765945875,0.5132210834384979
