Name,FitNum,RedChiSq,lf,AlignMag,Temp,pA,pB,pC,dwB,dwC,kexAB,kexAC,kexBC,k12,k21,k13,k31,k23,k32,tau1,tau2,tau3,dG12,dG13,ddG12,ddG21,ddG13,ddG31,ddG23,ddG32,R1,R1b,R1c,R2,R2b,R2c,pA_err,pB_err,pC_err,dwB_err,dwC_err,kexAB_err,kexAC_err,kexBC_err,k12_err,k21_err,k13_err,k31_err,k23_err,k32_err,tau1_err,tau2_err,tau3_err,dG12_err,dG13_err,ddG12_err,ddG21_err,ddG13_err,ddG31_err,ddG23_err,ddG32_err,R1_err,R1b_err,R1c_err,R2_err,R2b_err,R2c_err
A21_C1p_Off,1,0.2307736455572444,150.88,avg,298.15,0.997,0.003,0.0,2.312033707480749,0.0,1406.8676441121859,0.0,0.0,4.22060293234,1402.64704118,0.0,0.0,0.0,0.0,0.236932972855,0.000712937731761,0.0,3.44004850013,0.0,16.5999984505,13.1599499503,0.0,0.0,0.0,0.0,2.2416508839272664,2.2416508839272664,2.2416508839272664,13.345833374048537,13.345833374048537,13.345833374048537,0.003,0.003,0.0,0.08216963603048455,0.0,168.4040211146465,0.0,0.0,4.23817980382,167.951531728,0.0,0.0,0.0,0.0,0.237919689796,8.53664397103e-05,0.0,0.599166983839,0.0,0.594952175575,0.0709435219128,0.0,0.0,0.0,0.0,0.05779349554632912,0.05779349554632912,0.05779349554632912,0.11758899766228517,0.11758899766228517,0.11758899766228517
