Name,FitNum,N,DF,K,ChiSq,RedChiSq,Rsq,AdjRsq,AIC,BIC,RSS,TSS,SDR
A21_C1p_Off,1,117,113,4,26.077421947968617,0.2307736455572444,0.9873729376952541,0.9869219711843704,-167.27203149756872,-156.58047861552055,26.077421947968613,2065.201019731054,0.48038905645033625
