Name,FitNum,N,DF,K,ChiSq,RedChiSq,Rsq,AdjRsq,AIC,BIC,RSS,TSS,SDR
ac8,1,209,202,7,146.05999790234657,0.7230692965462702,0.9842198523073151,0.9836702949249828,-60.33099102774853,-37.49186519434312,146.0599979023466,9255.93351512513,0.8503348143797655
