Name,FitNum,RedChiSq,lf,AlignMag,Temp,pA,pB,pC,dwB,dwC,kexAB,kexAC,kexBC,k12,k21,k13,k31,k23,k32,tau1,tau2,tau3,dG12,dG13,ddG12,ddG21,ddG13,ddG31,ddG23,ddG32,R1,R1b,R1c,R2,R2b,R2c,pA_err,pB_err,pC_err,dwB_err,dwC_err,kexAB_err,kexAC_err,kexBC_err,k12_err,k21_err,k13_err,k31_err,k23_err,k32_err,tau1_err,tau2_err,tau3_err,dG12_err,dG13_err,ddG12_err,ddG21_err,ddG13_err,ddG31_err,ddG23_err,ddG32_err,R1_err,R1b_err,R1c_err,R2_err,R2b_err,R2c_err
ac1p,1,0.7230692965462702,150.7,auto,298.15,0.92,0.08,0.0,2.0103091912087363,0.0,35.50254454190428,0.0,0.0,2.84020356335,32.6623409786,0.0,0.0,0.0,0.0,0.352087439402,0.0306162990784,0.0,1.44705336996,0.0,16.834683002,15.3876296321,0.0,0.0,0.0,0.0,1.8643755898243506,1.8643755898243506,1.8643755898243506,22.45966831188872,22.45966831188872,22.45966831188872,0.08,0.08,0.0,0.035140725512401313,0.0,3.3792808318849565,0.0,0.0,2.63674321956,4.06753334542,0.0,0.0,0.0,0.0,0.326865362931,0.00381273398305,0.0,0.554968307697,0.0,0.550041611276,0.073783795055,0.0,0.0,0.0,0.0,0.11383777590388713,0.11383777590388713,0.11383777590388713,0.1382359063746215,0.1382359063746215,0.1382359063746215
