param,fit_val,fit_err
kex(s-1),0.258298355664,0.0118790518684
tau_ex(s),3.871491932,0.178048572358
R1n(s-1),1.19323298471,0.0703541687022
