Name,FitNum,N,DF,K,ChiSq,RedChiSq,Rsq,AdjRsq,AIC,BIC,RSS,TSS,SDR
ac8,1,195,188,7,58.24153789566998,0.3097954143386701,0.9978169029738285,0.9977351827642927,-221.03921554413535,-198.72714911547254,58.241537895669964,26678.40100437922,0.5565926826133003
