Name,FitNum,RedChiSq,lf,AlignMag,Temp,pA,pB,pC,dwB,dwC,kexAB,kexAC,kexBC,k12,k21,k13,k31,k23,k32,tau1,tau2,tau3,dG12,dG13,ddG12,ddG21,ddG13,ddG31,ddG23,ddG32,R1,R1b,R1c,R2,R2b,R2c,pA_err,pB_err,pC_err,dwB_err,dwC_err,kexAB_err,kexAC_err,kexBC_err,k12_err,k21_err,k13_err,k31_err,k23_err,k32_err,tau1_err,tau2_err,tau3_err,dG12_err,dG13_err,ddG12_err,ddG21_err,ddG13_err,ddG31_err,ddG23_err,ddG32_err,R1_err,R1b_err,R1c_err,R2_err,R2b_err,R2c_err
ac8,1,0.3097954143386701,176.04,auto,298.15,0.977,0.023,0.0,2.797527003182733,0.0,2145.2363063921644,0.0,0.0,49.340435047,2095.89587135,0.0,0.0,0.0,0.0,0.0202673527108,0.000477122939967,0.0,2.22122084211,0.0,15.1432171325,12.9219962904,0.0,0.0,0.0,0.0,0.9775020281787825,0.9775020281787825,0.9775020281787825,30.084519583455773,30.084519583455773,30.084519583455773,0.023,0.023,0.0,0.035476930422999854,0.0,54.31340143350394,0.0,0.0,48.2351398642,71.6999079255,0.0,0.0,0.0,0.0,0.0198133354874,1.63222187383e-05,0.0,0.579566785494,0.0,0.579212256702,0.020268708252,0.0,0.0,0.0,0.0,0.24975137568608022,0.24975137568608022,0.24975137568608022,0.3991465213240261,0.3991465213240261,0.3991465213240261
