Name,FitNum,RedChiSq,lf,AlignMag,Temp,pA,pB,pC,dwB,dwC,kexAB,kexAC,kexBC,k12,k21,k13,k31,k23,k32,tau1,tau2,tau3,dG12,dG13,ddG12,ddG21,ddG13,ddG31,ddG23,ddG32,R1,R1b,R1c,R2,R2b,R2c,pA_err,pB_err,pC_err,dwB_err,dwC_err,kexAB_err,kexAC_err,kexBC_err,k12_err,k21_err,k13_err,k31_err,k23_err,k32_err,tau1_err,tau2_err,tau3_err,dG12_err,dG13_err,ddG12_err,ddG21_err,ddG13_err,ddG31_err,ddG23_err,ddG32_err,R1_err,R1b_err,R1c_err,R2_err,R2b_err,R2c_err
ac8,1,0.5702201145787048,176.04,auto,298.15,0.98,0.02,0.0,1.5404102062730851,0.0,5138.696506511224,0.0,0.0,102.77393013,5035.92257638,0.0,0.0,0.0,0.0,0.00973009399108,0.000198573346757,0.0,2.30584417206,0.0,14.7084590554,12.4026148833,0.0,0.0,0.0,0.0,1.9710558494831636,1.9710558494831636,1.9710558494831636,25.812113358993923,25.812113358993923,25.812113358993923,0.02,0.02,0.0,0.0764157067732649,0.0,336.7428598353543,0.0,0.0,100.964299492,345.041610934,0.0,0.0,0.0,0.0,0.00955876770066,1.36054648209e-05,0.0,0.583466255025,0.0,0.582052350784,0.0405947250204,0.0,0.0,0.0,0.0,0.15707823763410925,0.15707823763410925,0.15707823763410925,0.5223977448880354,0.5223977448880354,0.5223977448880354
