Name,FitNum,N,DF,K,ChiSq,RedChiSq,Rsq,AdjRsq,AIC,BIC,RSS,TSS,SDR
ac1p,1,196,189,7,107.7716016553752,0.5702201145787048,0.9792979863666607,0.9785271667101001,-102.63194762333711,-80.28088968957456,107.7716016553752,5205.8511584503685,0.7551292038973892
