Name,FitNum,RedChiSq,lf,AlignMag,Temp,pA,pB,pC,dwB,dwC,kexAB,kexAC,kexBC,k12,k21,k13,k31,k23,k32,tau1,tau2,tau3,dG12,dG13,ddG12,ddG21,ddG13,ddG31,ddG23,ddG32,R1,R1b,R1c,R2,R2b,R2c,pA_err,pB_err,pC_err,dwB_err,dwC_err,kexAB_err,kexAC_err,kexBC_err,k12_err,k21_err,k13_err,k31_err,k23_err,k32_err,tau1_err,tau2_err,tau3_err,dG12_err,dG13_err,ddG12_err,ddG21_err,ddG13_err,ddG31_err,ddG23_err,ddG32_err,R1_err,R1b_err,R1c_err,R2_err,R2b_err,R2c_err
hpGBCm6A_m6A_C2_65C,1,0.5169422336456435,150.88,auto,298.15,0.986,0.014,0.0,2.664425863561547,0.0,1299.1078295416453,0.0,0.0,18.1875096136,1280.92031993,0.0,0.0,0.0,0.0,0.0549827888065,0.000780688684879,0.0,2.52078503496,0.0,15.7345221583,13.2137371233,0.0,0.0,0.0,0.0,4.924922858741994,4.924922858741994,4.924922858741994,11.788952645075128,11.788952645075128,11.788952645075128,0.014,0.014,0.0,0.017716122696322317,0.0,20.461648669455844,0.0,0.0,17.936979701,26.9942826022,0.0,0.0,0.0,0.0,0.0542254100577,1.64523356029e-05,0.0,0.584456759525,0.0,0.58432337026,0.0124861012042,0.0,0.0,0.0,0.0,0.04609027104596954,0.04609027104596954,0.04609027104596954,0.07521181547662288,0.07521181547662288,0.07521181547662288
