Name,FitNum,RedChiSq,lf,AlignMag,Temp,pA,pB,pC,dwB,dwC,kexAB,kexAC,kexBC,k12,k21,k13,k31,k23,k32,tau1,tau2,tau3,dG12,dG13,ddG12,ddG21,ddG13,ddG31,ddG23,ddG32,R1,R1b,R1c,R2,R2b,R2c,pA_err,pB_err,pC_err,dwB_err,dwC_err,kexAB_err,kexAC_err,kexBC_err,k12_err,k21_err,k13_err,k31_err,k23_err,k32_err,tau1_err,tau2_err,tau3_err,dG12_err,dG13_err,ddG12_err,ddG21_err,ddG13_err,ddG31_err,ddG23_err,ddG32_err,R1_err,R1b_err,R1c_err,R2_err,R2b_err,R2c_err
gc8,1,0.11630843678517998,150.7,auto,298.15,0.997,0.003,0.0,2.791704573862867,0.0,990.1241088758175,0.0,0.0,2.97037232663,987.153736549,0.0,0.0,0.0,0.0,0.336658132395,0.0010130134375,0.0,3.44004850013,0.0,16.808132824,13.3680843238,0.0,0.0,0.0,0.0,2.195385917023207,2.195385917023207,2.195385917023207,23.80555154041268,23.80555154041268,23.80555154041268,0.003,0.003,0.0,0.07700013390164516,0.0,51.99220522519169,0.0,0.0,2.9655793041,51.9207562384,0.0,0.0,0.0,0.0,0.336114897461,5.32808840276e-05,0.0,0.592348985456,0.0,0.59152870957,0.0311625789209,0.0,0.0,0.0,0.0,0.05122464950614049,0.05122464950614049,0.05122464950614049,0.06867333776151924,0.06867333776151924,0.06867333776151924
