Name,FitNum,RedChiSq,lf,AlignMag,Temp,pA,pB,pC,dwB,dwC,kexAB,kexAC,kexBC,k12,k21,k13,k31,k23,k32,tau1,tau2,tau3,dG12,dG13,ddG12,ddG21,ddG13,ddG31,ddG23,ddG32,R1,R1b,R1c,R2,R2b,R2c,pA_err,pB_err,pC_err,dwB_err,dwC_err,kexAB_err,kexAC_err,kexBC_err,k12_err,k21_err,k13_err,k31_err,k23_err,k32_err,tau1_err,tau2_err,tau3_err,dG12_err,dG13_err,ddG12_err,ddG21_err,ddG13_err,ddG31_err,ddG23_err,ddG32_err,R1_err,R1b_err,R1c_err,R2_err,R2b_err,R2c_err
G_C1p_Off_clean,1,0.25168025329877425,150.88,auto,298.15,0.999287103086,0.0007128969138362741,0.0,4.12,0.0,6570.736184123388,0.0,0.0,4.68425754729,6566.05192658,0.0,0.0,0.0,0.0,0.213481003105,0.000152298521422,0.0,4.29282489101,0.0,16.5382440993,12.2454192083,0.0,0.0,0.0,0.0,2.380238973759726,2.380238973759726,2.380238973759726,11.269107358621158,11.269107358621158,11.269107358621158,0.000189536179458,0.00018953617945795996,0.0,4.12,0.0,1565.9481694747142,0.0,0.0,1.67184053535,1564.83230473,0.0,0.0,0.0,0.0,0.0761926924204,3.62960343521e-05,0.0,0.25427139899,0.0,0.211461477038,0.141201940755,0.0,0.0,0.0,0.0,0.04650958155847339,0.04650958155847339,0.04650958155847339,0.2043623471784269,0.2043623471784269,0.2043623471784269
