Name,FitNum,RedChiSq,lf,AlignMag,Temp,pA,pB,pC,dwB,dwC,kexAB,kexAC,kexBC,k12,k21,k13,k31,k23,k32,tau1,tau2,tau3,dG12,dG13,ddG12,ddG21,ddG13,ddG31,ddG23,ddG32,R1,R1b,R1c,R2,R2b,R2c,pA_err,pB_err,pC_err,dwB_err,dwC_err,kexAB_err,kexAC_err,kexBC_err,k12_err,k21_err,k13_err,k31_err,k23_err,k32_err,tau1_err,tau2_err,tau3_err,dG12_err,dG13_err,ddG12_err,ddG21_err,ddG13_err,ddG31_err,ddG23_err,ddG32_err,R1_err,R1b_err,R1c_err,R2_err,R2b_err,R2c_err
hpGBCm6A_m6A_C2_65C,1,6.292883687343255,150.88,auto,298.15,0.97,0.03,0.0,2.4275440896653584,0.0,421.1303879258733,0.0,0.0,12.6339116378,408.496476288,0.0,0.0,0.0,0.0,0.0791520495529,0.00244800153256,0.0,2.05953545938,0.0,15.950394258,13.8908587987,0.0,0.0,0.0,0.0,4.59784129056639,4.59784129056639,4.59784129056639,13.366813131777437,13.366813131777437,13.366813131777437,0.03,0.03,0.0,0.04882960084754753,0.0,12.837254513389915,0.0,0.0,12.2668008776,17.4751767088,0.0,0.0,0.0,0.0,0.0768520834049,0.000104723692488,0.0,0.575826679269,0.0,0.575268582371,0.0253460587427,0.0,0.0,0.0,0.0,0.15422005510886075,0.15422005510886075,0.15422005510886075,0.18370393422061831,0.18370393422061831,0.18370393422061831
