Name,FitNum,N,DF,K,ChiSq,RedChiSq,Rsq,AdjRsq,AIC,BIC,RSS,TSS,SDR
hpGBCm6A_m6AC2_55C,1,91,87,4,6491.507349665081,74.61502700764461,-3.0893517357360176,-3.2795541420493217,396.7976548258489,406.3759765728465,6491.507349665084,1587.4172165082093,8.637999016418364
