Name,FitNum,RedChiSq,lf,AlignMag,Temp,pA,pB,pC,dwB,dwC,kexAB,kexAC,kexBC,k12,k21,k13,k31,k23,k32,tau1,tau2,tau3,dG12,dG13,ddG12,ddG21,ddG13,ddG31,ddG23,ddG32,R1,R1b,R1c,R2,R2b,R2c,pA_err,pB_err,pC_err,dwB_err,dwC_err,kexAB_err,kexAC_err,kexBC_err,k12_err,k21_err,k13_err,k31_err,k23_err,k32_err,tau1_err,tau2_err,tau3_err,dG12_err,dG13_err,ddG12_err,ddG21_err,ddG13_err,ddG31_err,ddG23_err,ddG32_err,R1_err,R1b_err,R1c_err,R2_err,R2b_err,R2c_err
hpGBCm6A_m6AC2_55C,1,74.61502700764461,150.7,auto,298.15,0.9999,0.0001,0.0,5.9989008743429055,0.0,3654.8120909143113,0.0,0.0,0.365481209091,3654.44660971,0.0,0.0,0.0,0.0,2.73611878019,0.000273639241943,0.0,5.45692695108,0.0,18.0495232936,12.5925963425,0.0,0.0,0.0,0.0,5.520640437418682,5.520640437418682,5.520640437418682,16.334786889204903,16.334786889204903,16.334786889204903,0.0001,0.0001,0.0,25.350066419819367,0.0,50750.48653597033,0.0,0.0,5.0881891315,50745.4114886,0.0,0.0,0.0,0.0,38.0919442465,0.00379973698205,0.0,11.6500978913,0.0,8.24850740588,8.22720526372,0.0,0.0,0.0,0.0,0.449176287793636,0.449176287793636,0.449176287793636,1.6916474925727307,1.6916474925727307,1.6916474925727307
