Name,FitNum,RedChiSq,lf,AlignMag,Temp,pA,pB,pC,dwB,dwC,kexAB,kexAC,kexBC,k12,k21,k13,k31,k23,k32,tau1,tau2,tau3,dG12,dG13,ddG12,ddG21,ddG13,ddG31,ddG23,ddG32,R1,R1b,R1c,R2,R2b,R2c,pA_err,pB_err,pC_err,dwB_err,dwC_err,kexAB_err,kexAC_err,kexBC_err,k12_err,k21_err,k13_err,k31_err,k23_err,k32_err,tau1_err,tau2_err,tau3_err,dG12_err,dG13_err,ddG12_err,ddG21_err,ddG13_err,ddG31_err,ddG23_err,ddG32_err,R1_err,R1b_err,R1c_err,R2_err,R2b_err,R2c_err
A16_C8_Off,1,0.454414333341197,150.7,auto,298.15,0.997,0.003,0.0,3.744235867575492,0.0,3235.6926993956563,0.0,0.0,9.70707809819,3225.9856213,0.0,0.0,0.0,0.0,0.103017611467,0.00030998278275,0.0,3.44004850013,0.0,16.1065313363,12.6664828361,0.0,0.0,0.0,0.0,2.7891472906380566,2.7891472906380566,2.7891472906380566,24.131741761358835,24.131741761358835,24.131741761358835,0.003,0.003,0.0,0.1507900988153142,0.0,404.7458639808995,0.0,0.0,9.75387461655,403.64766467,0.0,0.0,0.0,0.0,0.103514245521,3.87862318786e-05,0.0,0.599938993252,0.0,0.595341038206,0.0741339588324,0.0,0.0,0.0,0.0,0.09561335668183571,0.09561335668183571,0.09561335668183571,0.28757731961741795,0.28757731961741795,0.28757731961741795
