Name,FitNum,N,DF,K,ChiSq,RedChiSq,Rsq,AdjRsq,AIC,BIC,RSS,TSS,SDR
A16_C8_Off,1,104,100,4,45.4414333341197,0.454414333341197,0.9938330217476349,0.9935838509091555,-77.70448410122776,-67.53096090870267,45.441433334119715,7368.508769540807,0.6741026133617917
