Name,FitNum,RedChiSq,lf,AlignMag,Temp,pA,pB,pC,dwB,dwC,kexAB,kexAC,kexBC,k12,k21,k13,k31,k23,k32,tau1,tau2,tau3,dG12,dG13,ddG12,ddG21,ddG13,ddG31,ddG23,ddG32,R1,R1b,R1c,R2,R2b,R2c,pA_err,pB_err,pC_err,dwB_err,dwC_err,kexAB_err,kexAC_err,kexBC_err,k12_err,k21_err,k13_err,k31_err,k23_err,k32_err,tau1_err,tau2_err,tau3_err,dG12_err,dG13_err,ddG12_err,ddG21_err,ddG13_err,ddG31_err,ddG23_err,ddG32_err,R1_err,R1b_err,R1c_err,R2_err,R2b_err,R2c_err
ac8,1,0.191446260646029,176.04,auto,298.15,0.993,0.007,0.0,2.3509979658731144,0.0,3436.985203331055,0.0,0.0,24.0588964233,3412.92630691,0.0,0.0,0.0,0.0,0.0415646662426,0.000293003689525,0.0,2.93565558864,0.0,15.5687628374,12.6331072488,0.0,0.0,0.0,0.0,1.6724227126582878,1.6724227126582878,1.6724227126582878,27.183043292598672,27.183043292598672,27.183043292598672,0.007,0.007,0.0,0.055194208728719975,0.0,137.8640227538493,0.0,0.0,23.9105607104,138.968028124,0.0,0.0,0.0,0.0,0.0413083982788,1.19305667057e-05,0.0,0.589325769723,0.0,0.588831769718,0.0241248798957,0.0,0.0,0.0,0.0,0.09330282152762416,0.09330282152762416,0.09330282152762416,0.21804463183257908,0.21804463183257908,0.21804463183257908
