Name,FitNum,RedChiSq,lf,AlignMag,Temp,pA,pB,pC,dwB,dwC,kexAB,kexAC,kexBC,k12,k21,k13,k31,k23,k32,tau1,tau2,tau3,dG12,dG13,ddG12,ddG21,ddG13,ddG31,ddG23,ddG32,R1,R1b,R1c,R2,R2b,R2c,pA_err,pB_err,pC_err,dwB_err,dwC_err,kexAB_err,kexAC_err,kexBC_err,k12_err,k21_err,k13_err,k31_err,k23_err,k32_err,tau1_err,tau2_err,tau3_err,dG12_err,dG13_err,ddG12_err,ddG21_err,ddG13_err,ddG31_err,ddG23_err,ddG32_err,R1_err,R1b_err,R1c_err,R2_err,R2b_err,R2c_err
hpGBCm6A_m6AC2_55C,1,0.24893843807560004,150.7,auto,298.15,0.989,0.011,0.0,2.6356820511076644,0.0,600.5649746472942,0.0,0.0,6.60621472112,593.958759926,0.0,0.0,0.0,0.0,0.151372615365,0.00168361857332,0.0,2.66546983069,0.0,16.3345458272,13.6690759965,0.0,0.0,0.0,0.0,4.476583255547173,4.476583255547173,4.476583255547173,13.656881220721049,13.656881220721049,13.656881220721049,0.011,0.011,0.0,0.016925632434845416,0.0,5.366813419153736,0.0,0.0,6.53421715613,8.418136434,0.0,0.0,0.0,0.0,0.149722887015,2.38618096226e-05,0.0,0.586087737107,0.0,0.586027577728,0.00839724537756,0.0,0.0,0.0,0.0,0.02324283045582565,0.02324283045582565,0.02324283045582565,0.03136540932457217,0.03136540932457217,0.03136540932457217
