Name,FitNum,RedChiSq,lf,AlignMag,Temp,pA,pB,pC,dwB,dwC,kexAB,kexAC,kexBC,k12,k21,k13,k31,k23,k32,tau1,tau2,tau3,dG12,dG13,ddG12,ddG21,ddG13,ddG31,ddG23,ddG32,R1,R1b,R1c,R2,R2b,R2c,pA_err,pB_err,pC_err,dwB_err,dwC_err,kexAB_err,kexAC_err,kexBC_err,k12_err,k21_err,k13_err,k31_err,k23_err,k32_err,tau1_err,tau2_err,tau3_err,dG12_err,dG13_err,ddG12_err,ddG21_err,ddG13_err,ddG31_err,ddG23_err,ddG32_err,R1_err,R1b_err,R1c_err,R2_err,R2b_err,R2c_err
ac1p,1,0.08874944381888093,150.7,gs,298.15,0.974945228221,0.025054771778567617,0.0,2.9699069764503814,0.0,2402.2149068358744,0.0,0.0,60.1869462538,2342.02796058,0.0,0.0,0.0,0.0,0.0166148984496,0.000426980384876,0.0,2.16927447962,0.0,15.0254835633,12.8562090837,0.0,0.0,0.0,0.0,1.3398716700005775,1.3398716700005775,1.3398716700005775,17.970296557430082,17.970296557430082,17.970296557430082,0.000452374615723,0.0004523746157233995,0.0,0.0332047584318478,0.0,39.42954797584515,0.0,0.0,1.4488511201,38.4562563737,0.0,0.0,0.0,0.0,0.000399962379342,7.01104659026e-06,0.0,0.0172646492183,0.0,0.0142625975482,0.0097286393606,0.0,0.0,0.0,0.0,0.11629193239053423,0.11629193239053423,0.11629193239053423,0.21231069735311178,0.21231069735311178,0.21231069735311178
