Name,FitNum,N,DF,K,ChiSq,RedChiSq,Rsq,AdjRsq,AIC,BIC,RSS,TSS,SDR
G10_C1p_Off,1,87,83,4,29.71957107368463,0.3580671213696943,0.9828214444335952,0.9819834661132828,-84.9590979323465,-75.58327033577694,29.719571073684623,1730.0389988437446,0.5983870999358979
