Name,FitNum,RedChiSq,lf,AlignMag,Temp,pA,pB,pC,dwB,dwC,kexAB,kexAC,kexBC,k12,k21,k13,k31,k23,k32,tau1,tau2,tau3,dG12,dG13,ddG12,ddG21,ddG13,ddG31,ddG23,ddG32,R1,R1b,R1c,R2,R2b,R2c,pA_err,pB_err,pC_err,dwB_err,dwC_err,kexAB_err,kexAC_err,kexBC_err,k12_err,k21_err,k13_err,k31_err,k23_err,k32_err,tau1_err,tau2_err,tau3_err,dG12_err,dG13_err,ddG12_err,ddG21_err,ddG13_err,ddG31_err,ddG23_err,ddG32_err,R1_err,R1b_err,R1c_err,R2_err,R2b_err,R2c_err
G10_C1p_Off,1,0.3580671213696943,170.4,auto,298.15,0.9998,0.0002,0.0,4.254499781314331,0.0,2784.494167102868,0.0,0.0,0.556898833421,2783.93726827,0.0,0.0,0.0,0.0,1.79565827757,0.000359203496213,0.0,5.04618856049,0.0,17.7999872446,12.7537986842,0.0,0.0,0.0,0.0,1.6426256024530816,1.6426256024530816,1.6426256024530816,15.199352292978007,15.199352292978007,15.199352292978007,0.0002,0.0002,0.0,1.4554298096449165,0.0,4050.05009940293,0.0,0.0,0.982918365511,4049.24012766,0.0,0.0,0.0,0.0,3.16931082143,0.000522461920188,0.0,1.35506165912,0.0,1.0457269903,0.861769784683,0.0,0.0,0.0,0.0,0.10075051331222518,0.10075051331222518,0.10075051331222518,0.2627871546120442,0.2627871546120442,0.2627871546120442
