Name,FitNum,RedChiSq,lf,AlignMag,Temp,pA,pB,pC,dwB,dwC,kexAB,kexAC,kexBC,k12,k21,k13,k31,k23,k32,tau1,tau2,tau3,dG12,dG13,ddG12,ddG21,ddG13,ddG31,ddG23,ddG32,R1,R1b,R1c,R2,R2b,R2c,pA_err,pB_err,pC_err,dwB_err,dwC_err,kexAB_err,kexAC_err,kexBC_err,k12_err,k21_err,k13_err,k31_err,k23_err,k32_err,tau1_err,tau2_err,tau3_err,dG12_err,dG13_err,ddG12_err,ddG21_err,ddG13_err,ddG31_err,ddG23_err,ddG32_err,R1_err,R1b_err,R1c_err,R2_err,R2b_err,R2c_err
gc1p,1,0.1453266034026511,176.04,auto,298.15,0.995408384699,0.004591615301063505,0.0,3.5691657912665824,0.0,794.2877410840135,0.0,0.0,3.64706374541,790.640677339,0.0,0.0,0.0,0.0,0.27419317835,0.00126479705467,0.0,3.18692878256,0.0,16.6865341673,13.4996053847,0.0,0.0,0.0,0.0,1.1886936113454252,1.1886936113454252,1.1886936113454252,18.22363491295469,18.22363491295469,18.22363491295469,0.000315291533019,0.00031529153301905363,0.0,0.0662764801508165,0.0,74.90808033078581,0.0,0.0,0.424786967721,74.5645479502,0.0,0.0,0.0,0.0,0.0319362909266,0.000119281771522,0.0,0.0887942950772,0.0,0.069008884262,0.0558766564064,0.0,0.0,0.0,0.0,0.056485384161426976,0.056485384161426976,0.056485384161426976,0.08373713613241304,0.08373713613241304,0.08373713613241304
