Name,FitNum,RedChiSq,lf,AlignMag,Temp,pA,pB,pC,dwB,dwC,kexAB,kexAC,kexBC,k12,k21,k13,k31,k23,k32,tau1,tau2,tau3,dG12,dG13,ddG12,ddG21,ddG13,ddG31,ddG23,ddG32,R1,R1b,R1c,R2,R2b,R2c,pA_err,pB_err,pC_err,dwB_err,dwC_err,kexAB_err,kexAC_err,kexBC_err,k12_err,k21_err,k13_err,k31_err,k23_err,k32_err,tau1_err,tau2_err,tau3_err,dG12_err,dG13_err,ddG12_err,ddG21_err,ddG13_err,ddG31_err,ddG23_err,ddG32_err,R1_err,R1b_err,R1c_err,R2_err,R2b_err,R2c_err
G_C1p_Off,1,0.37660491613215435,150.88,auto,298.15,0.9985,0.0015,0.0,4.12,0.0,9624.463358832909,0.0,0.0,14.4366950382,9610.02666379,0.0,0.0,0.0,0.0,0.0692679312925,0.000104057983915,0.0,3.85161836479,0.0,15.8713635271,12.0197451623,0.0,0.0,0.0,0.0,2.252263009700865,2.252263009700865,2.252263009700865,12.95759574620358,12.95759574620358,12.95759574620358,0.0015,0.0015,0.0,4.12,0.0,442.28628893773123,0.0,0.0,14.430314814,441.858058525,0.0,0.0,0.0,0.0,0.0692373186811,4.78446734386e-06,0.0,0.592849121884,0.0,0.59222290326,0.0272417725789,0.0,0.0,0.0,0.0,0.037965917308514535,0.037965917308514535,0.037965917308514535,0.056038893229889156,0.056038893229889156,0.056038893229889156
