Name,FitNum,RedChiSq,lf,AlignMag,Temp,pA,pB,pC,dwB,dwC,kexAB,kexAC,kexBC,k12,k21,k13,k31,k23,k32,tau1,tau2,tau3,dG12,dG13,ddG12,ddG21,ddG13,ddG31,ddG23,ddG32,R1,R1b,R1c,R2,R2b,R2c,pA_err,pB_err,pC_err,dwB_err,dwC_err,kexAB_err,kexAC_err,kexBC_err,k12_err,k21_err,k13_err,k31_err,k23_err,k32_err,tau1_err,tau2_err,tau3_err,dG12_err,dG13_err,ddG12_err,ddG21_err,ddG13_err,ddG31_err,ddG23_err,ddG32_err,R1_err,R1b_err,R1c_err,R2_err,R2b_err,R2c_err
hpGBCm6A_m6A_C2_65C,1,2.534599898775625,150.88,auto,298.15,0.988,0.012,0.0,2.871092939652611,0.0,1494.4331263645624,0.0,0.0,17.9331975164,1476.49992885,0.0,0.0,0.0,0.0,0.0557625040982,0.00067727737771,0.0,2.6133175392,0.0,15.7428652136,13.1295476744,0.0,0.0,0.0,0.0,4.9802280261688905,4.9802280261688905,4.9802280261688905,11.665363118995415,11.665363118995415,11.665363118995415,0.012,0.012,0.0,0.04446925670651274,0.0,56.64316392570511,0.0,0.0,17.7323382721,58.7016276405,0.0,0.0,0.0,0.0,0.0551379409426,2.69267093475e-05,0.0,0.586322039998,0.0,0.585848674162,0.0235555846856,0.0,0.0,0.0,0.0,0.10285409308004569,0.10285409308004569,0.10285409308004569,0.17896094833958429,0.17896094833958429,0.17896094833958429
