Name,FitNum,N,DF,K,ChiSq,RedChiSq,Rsq,AdjRsq,AIC,BIC,RSS,TSS,SDR
gc8,1,190,183,7,24.289917068241124,0.13273178725814821,0.9966833229560176,0.9965557584543259,-376.2075366281172,-354.09375273837844,24.28991706824112,7323.570171630386,0.3643237396302198
