Name,FitNum,RedChiSq,lf,AlignMag,Temp,pA,pB,pC,dwB,dwC,kexAB,kexAC,kexBC,k12,k21,k13,k31,k23,k32,tau1,tau2,tau3,dG12,dG13,ddG12,ddG21,ddG13,ddG31,ddG23,ddG32,R1,R1b,R1c,R2,R2b,R2c,pA_err,pB_err,pC_err,dwB_err,dwC_err,kexAB_err,kexAC_err,kexBC_err,k12_err,k21_err,k13_err,k31_err,k23_err,k32_err,tau1_err,tau2_err,tau3_err,dG12_err,dG13_err,ddG12_err,ddG21_err,ddG13_err,ddG31_err,ddG23_err,ddG32_err,R1_err,R1b_err,R1c_err,R2_err,R2b_err,R2c_err
gc1p,1,0.13273178725814821,176.04,auto,298.15,0.97,0.03,0.0,3.5249585788131625,0.0,89.08200765892474,0.0,0.0,2.67246022977,86.4095474292,0.0,0.0,0.0,0.0,0.374187046401,0.0115727952495,0.0,2.05953545938,0.0,16.8707512484,14.811215789,0.0,0.0,0.0,0.0,1.230435502867763,1.230435502867763,1.230435502867763,18.56227731162306,18.56227731162306,18.56227731162306,0.03,0.03,0.0,0.06253084569644655,0.0,1.8105065705741439,0.0,0.0,2.59409461627,3.13218531983,0.0,0.0,0.0,0.0,0.363214610917,0.000419492295334,0.0,0.575511943123,0.0,0.575111083117,0.0214764697643,0.0,0.0,0.0,0.0,0.052950163554745536,0.052950163554745536,0.052950163554745536,0.0666265135303935,0.0666265135303935,0.0666265135303935
