Name,FitNum,RedChiSq,lf,AlignMag,Temp,pA,pB,pC,dwB,dwC,kexAB,kexAC,kexBC,k12,k21,k13,k31,k23,k32,tau1,tau2,tau3,dG12,dG13,ddG12,ddG21,ddG13,ddG31,ddG23,ddG32,R1,R1b,R1c,R2,R2b,R2c,pA_err,pB_err,pC_err,dwB_err,dwC_err,kexAB_err,kexAC_err,kexBC_err,k12_err,k21_err,k13_err,k31_err,k23_err,k32_err,tau1_err,tau2_err,tau3_err,dG12_err,dG13_err,ddG12_err,ddG21_err,ddG13_err,ddG31_err,ddG23_err,ddG32_err,R1_err,R1b_err,R1c_err,R2_err,R2b_err,R2c_err
ra16_c8_15c,1,1.57313899345129,150.784186,auto,298.15,0.997,0.003,0.0,4.338431904377531,0.0,482.6450458868612,0.0,0.0,1.44793513766,481.197110749,0.0,0.0,0.0,0.0,0.690638671575,0.00207815046612,0.0,3.44004850013,0.0,17.2338620346,13.7938135345,0.0,0.0,0.0,0.0,1.5888329669028451,1.5888329669028451,1.5888329669028451,35.07793311228875,35.07793311228875,35.07793311228875,0.003,0.003,0.0,0.2490297520137312,0.0,48.29683253614937,0.0,0.0,1.45085080538,48.17357675,0.0,0.0,0.0,0.0,0.69202939194,0.000208047676807,0.0,0.596633554616,0.0,0.593677819366,0.0593147982114,0.0,0.0,0.0,0.0,0.07447673485863532,0.07447673485863532,0.07447673485863532,0.12316857212382906,0.12316857212382906,0.12316857212382906
