Name,FitNum,N,DF,K,ChiSq,RedChiSq,Rsq,AdjRsq,AIC,BIC,RSS,TSS,SDR
ra16_c8_15c,1,100,96,4,151.02134337132384,1.57313899345129,0.9891634899673296,0.9887072158606909,49.64615139840601,59.645779510779434,151.02134337132392,13936.34508859575,1.254248377894622
