Name,FitNum,N,DF,K,ChiSq,RedChiSq,Rsq,AdjRsq,AIC,BIC,RSS,TSS,SDR
A16_C8_Off,1,105,101,4,33.82661269659393,0.33491695739201915,0.9962002559407829,0.9960482661784141,-110.53481245640081,-100.31897105577073,33.826612696593955,8902.33978115971,0.5787201028062006
