Name,FitNum,RedChiSq,lf,AlignMag,Temp,pA,pB,pC,dwB,dwC,kexAB,kexAC,kexBC,k12,k21,k13,k31,k23,k32,tau1,tau2,tau3,dG12,dG13,ddG12,ddG21,ddG13,ddG31,ddG23,ddG32,R1,R1b,R1c,R2,R2b,R2c,pA_err,pB_err,pC_err,dwB_err,dwC_err,kexAB_err,kexAC_err,kexBC_err,k12_err,k21_err,k13_err,k31_err,k23_err,k32_err,tau1_err,tau2_err,tau3_err,dG12_err,dG13_err,ddG12_err,ddG21_err,ddG13_err,ddG31_err,ddG23_err,ddG32_err,R1_err,R1b_err,R1c_err,R2_err,R2b_err,R2c_err
G10_C8_Off,1,1.6644141266365813,176.04,auto,298.15,0.95,0.05,0.0,2.5121690927603453,0.0,4478.939420455609,0.0,0.0,223.946971023,4254.99244943,0.0,0.0,0.0,0.0,0.00446534282394,0.000235018043365,0.0,1.7445351892,0.0,14.2469859772,12.502450788,0.0,0.0,0.0,0.0,3.1695558851199346,3.1695558851199346,3.1695558851199346,21.473934242577144,21.473934242577144,21.473934242577144,0.05,0.05,0.0,0.08262772407902728,0.0,286.20308911608896,0.0,0.0,213.524150852,345.417935832,0.0,0.0,0.0,0.0,0.00425751922604,1.90786348947e-05,0.0,0.56695350745,0.0,0.564909640538,0.0480975845215,0.0,0.0,0.0,0.0,0.549866155463593,0.549866155463593,0.549866155463593,2.045167805548501,2.045167805548501,2.045167805548501
