Name,FitNum,N,DF,K,ChiSq,RedChiSq,Rsq,AdjRsq,AIC,BIC,RSS,TSS,SDR
gc1p,1,220,213,7,194.99444707499418,0.915466887676029,0.9512901590647111,0.9496818152602441,-12.016120354372996,11.210970583301084,194.9944470749942,4003.1838193445337,0.9568003384594035
