Name,FitNum,RedChiSq,lf,AlignMag,Temp,pA,pB,pC,dwB,dwC,kexAB,kexAC,kexBC,k12,k21,k13,k31,k23,k32,tau1,tau2,tau3,dG12,dG13,ddG12,ddG21,ddG13,ddG31,ddG23,ddG32,R1,R1b,R1c,R2,R2b,R2c,pA_err,pB_err,pC_err,dwB_err,dwC_err,kexAB_err,kexAC_err,kexBC_err,k12_err,k21_err,k13_err,k31_err,k23_err,k32_err,tau1_err,tau2_err,tau3_err,dG12_err,dG13_err,ddG12_err,ddG21_err,ddG13_err,ddG31_err,ddG23_err,ddG32_err,R1_err,R1b_err,R1c_err,R2_err,R2b_err,R2c_err
gc8,1,0.915466887676029,150.7,auto,298.15,0.984,0.016,0.0,1.9568358178416927,0.0,2987.933172798585,0.0,0.0,47.8069307648,2940.12624203,0.0,0.0,0.0,0.0,0.020917469162,0.000340121449788,0.0,2.4404667062,0.0,15.1619238338,12.7214571276,0.0,0.0,0.0,0.0,2.7240808316379472,2.7240808316379472,2.7240808316379472,19.22219685098262,19.22219685098262,19.22219685098262,0.016,0.016,0.0,0.04758638492965595,0.0,157.2385682348759,0.0,0.0,47.1154545558,161.71786062,0.0,0.0,0.0,0.0,0.0206149203046,1.8707942681e-05,0.0,0.584823790341,0.0,0.58391508961,0.0325888612099,0.0,0.0,0.0,0.0,0.1297740426603324,0.1297740426603324,0.1297740426603324,0.32200474030890597,0.32200474030890597,0.32200474030890597
