Name,FitNum,RedChiSq,lf,AlignMag,Temp,pA,pB,pC,dwB,dwC,kexAB,kexAC,kexBC,k12,k21,k13,k31,k23,k32,tau1,tau2,tau3,dG12,dG13,ddG12,ddG21,ddG13,ddG31,ddG23,ddG32,R1,R1b,R1c,R2,R2b,R2c,pA_err,pB_err,pC_err,dwB_err,dwC_err,kexAB_err,kexAC_err,kexBC_err,k12_err,k21_err,k13_err,k31_err,k23_err,k32_err,tau1_err,tau2_err,tau3_err,dG12_err,dG13_err,ddG12_err,ddG21_err,ddG13_err,ddG31_err,ddG23_err,ddG32_err,R1_err,R1b_err,R1c_err,R2_err,R2b_err,R2c_err
A16_C8_Off,1,0.602578744106234,150.7,auto,298.15,0.9975,0.0025,0.0,3.543232666002491,0.0,1887.262627063832,0.0,0.0,4.71815656766,1882.5444705,0.0,0.0,0.0,0.0,0.211947184384,0.000531195950838,0.0,3.54836830122,0.0,16.5339718477,12.9856035464,0.0,0.0,0.0,0.0,2.918384735350837,2.918384735350837,2.918384735350837,29.526325034916635,29.526325034916635,29.526325034916635,0.0025,0.0025,0.0,0.2454187610246564,0.0,330.6744947601725,0.0,0.0,4.77842911287,329.881382867,0.0,0.0,0.0,0.0,0.214654724092,9.30823455074e-05,0.0,0.608968989851,0.0,0.600053502347,0.103822083014,0.0,0.0,0.0,0.0,0.10480702365106834,0.10480702365106834,0.10480702365106834,0.318934936716905,0.318934936716905,0.318934936716905
