Name,FitNum,RedChiSq,lf,AlignMag,Temp,pA,pB,pC,dwB,dwC,kexAB,kexAC,kexBC,k12,k21,k13,k31,k23,k32,tau1,tau2,tau3,dG12,dG13,ddG12,ddG21,ddG13,ddG31,ddG23,ddG32,R1,R1b,R1c,R2,R2b,R2c,pA_err,pB_err,pC_err,dwB_err,dwC_err,kexAB_err,kexAC_err,kexBC_err,k12_err,k21_err,k13_err,k31_err,k23_err,k32_err,tau1_err,tau2_err,tau3_err,dG12_err,dG13_err,ddG12_err,ddG21_err,ddG13_err,ddG31_err,ddG23_err,ddG32_err,R1_err,R1b_err,R1c_err,R2_err,R2b_err,R2c_err
A16_C8_Off,1,0.29834501571020217,150.7,auto,298.15,0.9925,0.0075,0.0,2.4232599524685963,0.0,3819.5016257389325,0.0,0.0,28.646262193,3790.85536355,0.0,0.0,0.0,0.0,0.0349085682893,0.000263792707476,0.0,2.89447995867,0.0,15.4653635079,12.5708835492,0.0,0.0,0.0,0.0,3.029420422368431,3.029420422368431,3.029420422368431,23.184520834827183,23.184520834827183,23.184520834827183,0.0075,0.0075,0.0,0.0795985809941325,0.0,266.78881789978254,0.0,0.0,28.5025471911,266.310015682,0.0,0.0,0.0,0.0,0.0347334360182,1.85316065446e-05,0.0,0.590979867345,0.0,0.589512321068,0.0416224328383,0.0,0.0,0.0,0.0,0.06963736521487768,0.06963736521487768,0.06963736521487768,0.2505300792363946,0.2505300792363946,0.2505300792363946
