Name,FitNum,RedChiSq,lf,AlignMag,Temp,pA,pB,pC,dwB,dwC,kexAB,kexAC,kexBC,k12,k21,k13,k31,k23,k32,tau1,tau2,tau3,dG12,dG13,ddG12,ddG21,ddG13,ddG31,ddG23,ddG32,R1,R1b,R1c,R2,R2b,R2c,pA_err,pB_err,pC_err,dwB_err,dwC_err,kexAB_err,kexAC_err,kexBC_err,k12_err,k21_err,k13_err,k31_err,k23_err,k32_err,tau1_err,tau2_err,tau3_err,dG12_err,dG13_err,ddG12_err,ddG21_err,ddG13_err,ddG31_err,ddG23_err,ddG32_err,R1_err,R1b_err,R1c_err,R2_err,R2b_err,R2c_err
A16_C8_Off,1,0.46218746714123626,170.4,auto,298.15,0.98,0.02,0.0,2.3085628606707944,0.0,118.61937262027885,0.0,0.0,2.37238745241,116.246985168,0.0,0.0,0.0,0.0,0.421516307965,0.00860237363193,0.0,2.30584417206,0.0,16.9413177642,14.6354735922,0.0,0.0,0.0,0.0,1.520093274315468,1.520093274315468,1.520093274315468,24.988844272214028,24.988844272214028,24.988844272214028,0.02,0.02,0.0,0.14582339227489163,0.0,12.511436424628588,0.0,0.0,2.33884807752,12.4797760429,0.0,0.0,0.0,0.0,0.415557166063,0.000923513811639,0.0,0.587561579528,0.0,0.58410855887,0.0636066128024,0.0,0.0,0.0,0.0,0.1164508421705085,0.1164508421705085,0.1164508421705085,0.13147144884264184,0.13147144884264184,0.13147144884264184
