Name,FitNum,RedChiSq,lf,AlignMag,Temp,pA,pB,pC,dwB,dwC,kexAB,kexAC,kexBC,k12,k21,k13,k31,k23,k32,tau1,tau2,tau3,dG12,dG13,ddG12,ddG21,ddG13,ddG31,ddG23,ddG32,R1,R1b,R1c,R2,R2b,R2c,pA_err,pB_err,pC_err,dwB_err,dwC_err,kexAB_err,kexAC_err,kexBC_err,k12_err,k21_err,k13_err,k31_err,k23_err,k32_err,tau1_err,tau2_err,tau3_err,dG12_err,dG13_err,ddG12_err,ddG21_err,ddG13_err,ddG31_err,ddG23_err,ddG32_err,R1_err,R1b_err,R1c_err,R2_err,R2b_err,R2c_err
gc1p,1,0.12413604356222104,150.7,auto,298.15,0.9965,0.0035,0.0,3.6000272708717973,0.0,754.6892407412881,0.0,0.0,2.64141234259,752.047828399,0.0,0.0,0.0,0.0,0.378585343861,0.00132970266283,0.0,3.34841936499,0.0,16.8776748653,13.5292555003,0.0,0.0,0.0,0.0,1.5918902948390923,1.5918902948390923,1.5918902948390923,16.640456482953898,16.640456482953898,16.640456482953898,0.0035,0.0035,0.0,0.10621600163692203,0.0,33.759200892791974,0.0,0.0,2.63483430448,33.7438618302,0.0,0.0,0.0,0.0,0.377642534296,5.96628315854e-05,0.0,0.591606853295,0.0,0.591009255197,0.0265843776795,0.0,0.0,0.0,0.0,0.06145661396434119,0.06145661396434119,0.06145661396434119,0.08408488098984342,0.08408488098984342,0.08408488098984342
