Name,FitNum,RedChiSq,lf,AlignMag,Temp,pA,pB,pC,dwB,dwC,kexAB,kexAC,kexBC,k12,k21,k13,k31,k23,k32,tau1,tau2,tau3,dG12,dG13,ddG12,ddG21,ddG13,ddG31,ddG23,ddG32,R1,R1b,R1c,R2,R2b,R2c,pA_err,pB_err,pC_err,dwB_err,dwC_err,kexAB_err,kexAC_err,kexBC_err,k12_err,k21_err,k13_err,k31_err,k23_err,k32_err,tau1_err,tau2_err,tau3_err,dG12_err,dG13_err,ddG12_err,ddG21_err,ddG13_err,ddG31_err,ddG23_err,ddG32_err,R1_err,R1b_err,R1c_err,R2_err,R2b_err,R2c_err
gc1p,1,0.6626520822338784,150.88,auto,298.15,0.9,0.1,0.0,2.86283498785348,0.0,12.093574475830595,0.0,0.0,1.20935744758,10.8842170282,0.0,0.0,0.0,0.0,0.826885386118,0.0918761540132,0.0,1.30182205197,0.0,17.3405385078,16.0387164558,0.0,0.0,0.0,0.0,2.3507539141544864,2.3507539141544864,2.3507539141544864,14.68609230589313,14.68609230589313,14.68609230589313,0.1,0.1,0.0,0.00825280679194349,0.0,0.86073676941963,0.0,0.0,1.09849712581,1.34141349493,0.0,0.0,0.0,0.0,0.751085811591,0.0113231767187,0.0,0.543103551081,0.0,0.538172394807,0.073020138761,0.0,0.0,0.0,0.0,0.09990215661697213,0.09990215661697213,0.09990215661697213,0.1103905546169061,0.1103905546169061,0.1103905546169061
