Name,FitNum,RedChiSq,lf,AlignMag,Temp,pA,pB,pC,dwB,dwC,kexAB,kexAC,kexBC,k12,k21,k13,k31,k23,k32,tau1,tau2,tau3,dG12,dG13,ddG12,ddG21,ddG13,ddG31,ddG23,ddG32,R1,R1b,R1c,R2,R2b,R2c,pA_err,pB_err,pC_err,dwB_err,dwC_err,kexAB_err,kexAC_err,kexBC_err,k12_err,k21_err,k13_err,k31_err,k23_err,k32_err,tau1_err,tau2_err,tau3_err,dG12_err,dG13_err,ddG12_err,ddG21_err,ddG13_err,ddG31_err,ddG23_err,ddG32_err,R1_err,R1b_err,R1c_err,R2_err,R2b_err,R2c_err
gc8,1,0.5026293526388762,150.7,auto,298.15,0.9995,0.0005,0.0,5.009951368787874,0.0,2917.6844195939334,0.0,0.0,1.4588422098,2916.22557738,0.0,0.0,0.0,0.0,0.685475093389,0.000342909001195,0.0,4.50312246865,0.0,17.2294156643,12.7262931956,0.0,0.0,0.0,0.0,2.4524713193467087,2.4524713193467087,2.4524713193467087,24.166986843929536,24.166986843929536,24.166986843929536,0.0005,0.0005,0.0,0.878620273210979,0.0,1506.4178117971867,0.0,0.0,1.64116333512,1505.66530892,0.0,0.0,0.0,0.0,0.771143433368,0.000177046038969,0.0,0.73337656145,0.0,0.666531472677,0.305903541685,0.0,0.0,0.0,0.0,0.1128847450214197,0.1128847450214197,0.1128847450214197,0.25478066283546097,0.25478066283546097,0.25478066283546097
