Name,FitNum,RedChiSq,lf,AlignMag,Temp,pA,pB,pC,dwB,dwC,kexAB,kexAC,kexBC,k12,k21,k13,k31,k23,k32,tau1,tau2,tau3,dG12,dG13,ddG12,ddG21,ddG13,ddG31,ddG23,ddG32,R1,R1b,R1c,R2,R2b,R2c,pA_err,pB_err,pC_err,dwB_err,dwC_err,kexAB_err,kexAC_err,kexBC_err,k12_err,k21_err,k13_err,k31_err,k23_err,k32_err,tau1_err,tau2_err,tau3_err,dG12_err,dG13_err,ddG12_err,ddG21_err,ddG13_err,ddG31_err,ddG23_err,ddG32_err,R1_err,R1b_err,R1c_err,R2_err,R2b_err,R2c_err
A6RNAm6A_C2_37,1,1.600584192549071,150.88,auto,298.15,0.98,0.02,0.0,0.45533367184133905,0.0,1359.3470034239779,0.0,0.0,27.1869400685,1332.16006336,0.0,0.0,0.0,0.0,0.036782366735,0.000750660545611,0.0,2.30584417206,0.0,15.4963423176,13.1904981455,0.0,0.0,0.0,0.0,4.728469403804587,4.728469403804587,4.728469403804587,20.88462630229861,20.88462630229861,20.88462630229861,0.02,0.02,0.0,0.02575307976646751,0.0,367.7245033813239,0.0,0.0,27.6449697015,361.353984787,0.0,0.0,0.0,0.0,0.037402054493,0.000203619810292,0.0,0.623534252492,0.0,0.60246658471,0.160713964356,0.0,0.0,0.0,0.0,0.057202954134768516,0.057202954134768516,0.057202954134768516,0.09576268233183477,0.09576268233183477,0.09576268233183477
