Name,FitNum,RedChiSq,lf,AlignMag,Temp,pA,pB,pC,dwB,dwC,kexAB,kexAC,kexBC,k12,k21,k13,k31,k23,k32,tau1,tau2,tau3,dG12,dG13,ddG12,ddG21,ddG13,ddG31,ddG23,ddG32,R1,R1b,R1c,R2,R2b,R2c,pA_err,pB_err,pC_err,dwB_err,dwC_err,kexAB_err,kexAC_err,kexBC_err,k12_err,k21_err,k13_err,k31_err,k23_err,k32_err,tau1_err,tau2_err,tau3_err,dG12_err,dG13_err,ddG12_err,ddG21_err,ddG13_err,ddG31_err,ddG23_err,ddG32_err,R1_err,R1b_err,R1c_err,R2_err,R2b_err,R2c_err
G_C8_Off_clean,1,0.26195702599235315,150.88,avg,298.15,0.998,0.002,0.0,4.27,0.0,13316.08760578652,0.0,0.0,26.6321752116,13289.4554306,0.0,0.0,0.0,0.0,0.037548566426,7.52476281082e-05,0.0,3.68087436261,0.0,15.508557359,11.8276829963,0.0,0.0,0.0,0.0,2.7070760757832613,2.7070760757832613,2.7070760757832613,15.009854923205001,15.009854923205001,15.009854923205001,0.002,0.002,0.0,4.27,0.0,698.4253937506461,0.0,0.0,26.615644493,697.535110976,0.0,0.0,0.0,0.0,0.0375252598512,3.94958716686e-06,0.0,0.592933075838,0.0,0.592116990775,0.0310982581062,0.0,0.0,0.0,0.0,0.0389616663217575,0.0389616663217575,0.0389616663217575,0.08624179467864773,0.08624179467864773,0.08624179467864773
