Name,FitNum,N,DF,K,ChiSq,RedChiSq,Rsq,AdjRsq,AIC,BIC,RSS,TSS,SDR
G_C1p_Off_clean,1,253,248,5,64.96534244610358,0.26195702599235315,0.9407677721129115,0.9395687391597316,-333.9624952041902,-316.2955477605526,64.96534244610359,1096.790459577916,0.5118173756256749
