Name,FitNum,N,DF,K,ChiSq,RedChiSq,Rsq,AdjRsq,AIC,BIC,RSS,TSS,SDR
A16_C8_Off,1,93,89,4,18.324621953936415,0.20589462869591477,0.9966731805225431,0.9965219614553859,-142.61036498230197,-132.93451246423442,18.324621953936415,5508.15037548826,0.4537561335077629
