Name,FitNum,N,DF,K,ChiSq,RedChiSq,Rsq,AdjRsq,AIC,BIC,RSS,TSS,SDR
c15_c6,1,138,134,4,170.76946360504098,1.2743989821271715,0.9911929712026424,0.9909280981561054,37.703141686243626,49.111404547173194,170.76946360504098,19390.13344162995,1.128892812505763
