Name,FitNum,RedChiSq,lf,AlignMag,Temp,pA,pB,pC,dwB,dwC,kexAB,kexAC,kexBC,k12,k21,k13,k31,k23,k32,tau1,tau2,tau3,dG12,dG13,ddG12,ddG21,ddG13,ddG31,ddG23,ddG32,R1,R1b,R1c,R2,R2b,R2c,pA_err,pB_err,pC_err,dwB_err,dwC_err,kexAB_err,kexAC_err,kexBC_err,k12_err,k21_err,k13_err,k31_err,k23_err,k32_err,tau1_err,tau2_err,tau3_err,dG12_err,dG13_err,ddG12_err,ddG21_err,ddG13_err,ddG31_err,ddG23_err,ddG32_err,R1_err,R1b_err,R1c_err,R2_err,R2b_err,R2c_err
c15_c6,1,1.2743989821271715,176.002098,auto,298.15,0.9995,0.0005,0.0,6.999999999998261,0.0,5744.558042560579,0.0,0.0,2.87227902128,5741.68576354,0.0,0.0,0.0,0.0,0.348155590941,0.000174164877909,0.0,4.50312246865,0.0,16.8280293557,12.3249068871,0.0,0.0,0.0,0.0,1.8324699939298963,1.8324699939298963,1.8324699939298963,32.906178825908285,32.906178825908285,32.906178825908285,0.0005,0.0005,0.0,3.203885322942594,0.0,4704.905806340082,0.0,0.0,3.7115731942,4702.55422974,0.0,0.0,0.0,0.0,0.449888381029,0.000142644480561,0.0,0.906441071726,0.0,0.765611730502,0.485256730638,0.0,0.0,0.0,0.0,0.11451148147052663,0.11451148147052663,0.11451148147052663,0.9973090985580627,0.9973090985580627,0.9973090985580627
