Name,FitNum,RedChiSq,lf,AlignMag,Temp,pA,pB,pC,dwB,dwC,kexAB,kexAC,kexBC,k12,k21,k13,k31,k23,k32,tau1,tau2,tau3,dG12,dG13,ddG12,ddG21,ddG13,ddG31,ddG23,ddG32,R1,R1b,R1c,R2,R2b,R2c,pA_err,pB_err,pC_err,dwB_err,dwC_err,kexAB_err,kexAC_err,kexBC_err,k12_err,k21_err,k13_err,k31_err,k23_err,k32_err,tau1_err,tau2_err,tau3_err,dG12_err,dG13_err,ddG12_err,ddG21_err,ddG13_err,ddG31_err,ddG23_err,ddG32_err,R1_err,R1b_err,R1c_err,R2_err,R2b_err,R2c_err
A21_C1p_Off,1,0.2012006568891714,150.7,avg,298.15,0.9975,0.0025,0.0,2.7184659561388216,0.0,866.9478598356866,0.0,0.0,2.16736964959,864.780490186,0.0,0.0,0.0,0.0,0.461388762267,0.0011563628127,0.0,3.54836830122,0.0,16.9948680305,13.4464997293,0.0,0.0,0.0,0.0,1.6600146392644146,1.6600146392644146,1.6600146392644146,14.495282621421726,14.495282621421726,14.495282621421726,0.0025,0.0025,0.0,0.1613997174831329,0.0,133.66439517739272,0.0,0.0,2.18763023075,133.347761179,0.0,0.0,0.0,0.0,0.465701826476,0.0001783092865,0.0,0.604961611563,0.0,0.59802329897,0.0913601956731,0.0,0.0,0.0,0.0,0.06652210763421446,0.06652210763421446,0.06652210763421446,0.09902345689026369,0.09902345689026369,0.09902345689026369
