Name,FitNum,RedChiSq,lf,AlignMag,Temp,pA,pB,pC,dwB,dwC,kexAB,kexAC,kexBC,k12,k21,k13,k31,k23,k32,tau1,tau2,tau3,dG12,dG13,ddG12,ddG21,ddG13,ddG31,ddG23,ddG32,R1,R1b,R1c,R2,R2b,R2c,pA_err,pB_err,pC_err,dwB_err,dwC_err,kexAB_err,kexAC_err,kexBC_err,k12_err,k21_err,k13_err,k31_err,k23_err,k32_err,tau1_err,tau2_err,tau3_err,dG12_err,dG13_err,ddG12_err,ddG21_err,ddG13_err,ddG31_err,ddG23_err,ddG32_err,R1_err,R1b_err,R1c_err,R2_err,R2b_err,R2c_err
A16_C8_Off,1,0.26540791103542805,150.7,auto,298.15,0.9925,0.0075,0.0,3.4099220496416267,0.0,114.18647668787845,0.0,0.0,0.856398575159,113.330078113,0.0,0.0,0.0,0.0,1.16768059757,0.00882378285318,0.0,2.89447995867,0.0,17.5450100719,14.6505301133,0.0,0.0,0.0,0.0,1.9679341881555106,1.9679341881555106,1.9679341881555106,22.78272000408526,22.78272000408526,22.78272000408526,0.0075,0.0075,0.0,0.23944944847780955,0.0,12.390673583997726,0.0,0.0,0.855064761212,12.3270838292,0.0,0.0,0.0,0.0,1.16586197163,0.000959776192988,0.0,0.595062000761,0.0,0.591561972462,0.0644454613354,0.0,0.0,0.0,0.0,0.06308993104151372,0.06308993104151372,0.06308993104151372,0.08603886879527638,0.08603886879527638,0.08603886879527638
