Name,FitNum,N,DF,K,ChiSq,RedChiSq,Rsq,AdjRsq,AIC,BIC,RSS,TSS,SDR
A16_C8_Off,1,111,107,4,28.3986464807908,0.26540791103542805,0.994688822182771,0.9944884003783472,-142.9365890307209,-132.4758267160376,28.398646480790802,5346.958331665673,0.5151775529227065
