Name,FitNum,N,DF,K,ChiSq,RedChiSq,Rsq,AdjRsq,AIC,BIC,RSS,TSS,SDR
A16_C8_Off,1,105,101,4,63.08240935336962,0.6245783104294022,0.9929139517358265,0.9926305098052596,-45.099431326915244,-34.883589926285154,63.08240935336959,8902.33978115971,0.79030267013936
