Name,FitNum,RedChiSq,lf,AlignMag,Temp,pA,pB,pC,dwB,dwC,kexAB,kexAC,kexBC,k12,k21,k13,k31,k23,k32,tau1,tau2,tau3,dG12,dG13,ddG12,ddG21,ddG13,ddG31,ddG23,ddG32,R1,R1b,R1c,R2,R2b,R2c,pA_err,pB_err,pC_err,dwB_err,dwC_err,kexAB_err,kexAC_err,kexBC_err,k12_err,k21_err,k13_err,k31_err,k23_err,k32_err,tau1_err,tau2_err,tau3_err,dG12_err,dG13_err,ddG12_err,ddG21_err,ddG13_err,ddG31_err,ddG23_err,ddG32_err,R1_err,R1b_err,R1c_err,R2_err,R2b_err,R2c_err
A16_C8_Off,1,0.6245783104294022,150.7,auto,298.15,0.99,0.01,0.0,1.8920686549031995,0.0,2752.1681949710287,0.0,0.0,27.5216819497,2724.64651302,0.0,0.0,0.0,0.0,0.0363349886038,0.000367020086907,0.0,2.72253843054,0.0,15.4890918358,12.7665534053,0.0,0.0,0.0,0.0,2.6539881251678783,2.6539881251678783,2.6539881251678783,25.852241186256787,25.852241186256787,25.852241186256787,0.01,0.01,0.0,0.06825402349312552,0.0,264.18346343857576,0.0,0.0,27.3756259586,262.957162298,0.0,0.0,0.0,0.0,0.0361421608986,3.5421314324e-05,0.0,0.592107976585,0.0,0.589340466237,0.0571810352387,0.0,0.0,0.0,0.0,0.09415969157813493,0.09415969157813493,0.09415969157813493,0.29358213569381353,0.29358213569381353,0.29358213569381353
