Name,FitNum,N,DF,K,ChiSq,RedChiSq,Rsq,AdjRsq,AIC,BIC,RSS,TSS,SDR
ac8,1,195,188,7,1277.354318983775,6.794437866934974,0.952120281917417,0.9503279930052347,381.1105410745252,403.422607503188,1277.3543189837753,26678.40100437922,2.606614253573968
