Name,FitNum,RedChiSq,lf,AlignMag,Temp,pA,pB,pC,dwB,dwC,kexAB,kexAC,kexBC,k12,k21,k13,k31,k23,k32,tau1,tau2,tau3,dG12,dG13,ddG12,ddG21,ddG13,ddG31,ddG23,ddG32,R1,R1b,R1c,R2,R2b,R2c,pA_err,pB_err,pC_err,dwB_err,dwC_err,kexAB_err,kexAC_err,kexBC_err,k12_err,k21_err,k13_err,k31_err,k23_err,k32_err,tau1_err,tau2_err,tau3_err,dG12_err,dG13_err,ddG12_err,ddG21_err,ddG13_err,ddG31_err,ddG23_err,ddG32_err,R1_err,R1b_err,R1c_err,R2_err,R2b_err,R2c_err
ac8,1,6.794437866934974,176.04,auto,298.15,0.99,0.01,0.0,4.11896334487666,0.0,3224.6646601784023,0.0,0.0,32.2466466018,3192.41801358,0.0,0.0,0.0,0.0,0.0310109765009,0.000313242186878,0.0,2.72253843054,0.0,15.3952185949,12.6726801643,0.0,0.0,0.0,0.0,1.5103727983720727,1.5103727983720727,1.5103727983720727,32.463046643694796,32.463046643694796,32.463046643694796,0.01,0.01,0.0,0.4143648663448229,0.0,740.0851666113688,0.0,0.0,32.7723948979,733.379548821,0.0,0.0,0.0,0.0,0.0315165784712,7.19596909637e-05,0.0,0.617335992332,0.0,0.602144601314,0.136108804041,0.0,0.0,0.0,0.0,1.2198469711433708,1.2198469711433708,1.2198469711433708,2.477496496950991,2.477496496950991,2.477496496950991
