Name,FitNum,RedChiSq,lf,AlignMag,Temp,pA,pB,pC,dwB,dwC,kexAB,kexAC,kexBC,k12,k21,k13,k31,k23,k32,tau1,tau2,tau3,dG12,dG13,ddG12,ddG21,ddG13,ddG31,ddG23,ddG32,R1,R1b,R1c,R2,R2b,R2c,pA_err,pB_err,pC_err,dwB_err,dwC_err,kexAB_err,kexAC_err,kexBC_err,k12_err,k21_err,k13_err,k31_err,k23_err,k32_err,tau1_err,tau2_err,tau3_err,dG12_err,dG13_err,ddG12_err,ddG21_err,ddG13_err,ddG31_err,ddG23_err,ddG32_err,R1_err,R1b_err,R1c_err,R2_err,R2b_err,R2c_err
ra16_c8_10c,1,0.7018787388313829,150.784186,gs,298.15,0.951257813919,0.048742186080948734,0.0,0.8238046259493735,0.0,7326.798986805045,0.0,0.0,357.124199593,6969.67478721,0.0,0.0,0.0,0.0,0.00280014628284,0.00014347871752,0.0,1.76041451828,0.0,13.9704885528,12.2100740345,0.0,0.0,0.0,0.0,1.882017942382847,1.882017942382847,1.882017942382847,41.17856652047155,41.17856652047155,41.17856652047155,0.0114898696101,0.011489869610148619,0.0,0.17012940489897366,0.0,929.2898090735974,0.0,0.0,92.0947408269,887.623501472,0.0,0.0,0.0,0.0,0.000722098212581,1.82727437822e-05,0.0,0.170405828672,0.0,0.152789224184,0.0754559435609,0.0,0.0,0.0,0.0,0.03551476120694175,0.03551476120694175,0.03551476120694175,0.36573186977829125,0.36573186977829125,0.36573186977829125
