context,deldelG_25C,deldelG_25C_error,delG_m1g_25C,delG_m1g_25C_error,delG_wc_25C,delG_wc_25C_error
aaa,4.1022224048755165,0.1395141637572962,10.608174837873314,0.04165629071571153,14.375173294384767,0.11989034068920285
aac,5.9702120463305635,0.21900510569990547,11.175619416616554,0.08555342584025293,16.810607514583054,0.1931025274497733
aag,0.3352239483640625,0.05792461948198413,-0.0,0.0,-0.0,0.0
aat,5.80600905686036,0.21508786225751106,10.562501266421652,0.0997571521520137,16.03328637491795,0.18153797823842088
caa,4.6404793925497705,0.12933073840893805,11.623139076150297,0.10403228905612065,15.928394520336004,0.05048228589329396
cac,0.3352239483640625,0.05792461948198413,-0.0,0.0,-0.0,0.0
cag,3.3193006788205275,0.16196906305035935,10.857235044912898,0.061847676649168355,13.841311775369363,0.13803470844819626
cat,5.293931526034899,0.23729508116631245,11.145319534946811,0.1686310957827197,16.104027112617647,0.15657984397333322
gaa,4.461527181584436,0.10057980966570605,11.758054987260623,0.04000167421941042,15.884358220480996,0.07183942253318269
gac,0.3352239483640625,0.05792461948198413,-0.0,0.0,-0.0,0.0
gag,2.4043747762726473,0.15218077585015322,10.50368612251704,0.13159124581215376,12.572836950425625,0.049874552848393996
gat,5.363017185713049,0.2419781903800949,11.69120714883581,0.14795961308224503,16.719000386184796,0.18249968759985633
taa,4.481316342572776,0.14998075506417716,9.818426456847561,0.06514675966424469,13.964518851056274,0.12204452078130008
tac,4.793617022953037,0.22661240531028323,10.703997609118904,0.1939176625626951,15.162390683707878,0.10195028614280661
tag,0.3352239483640625,0.05792461948198413,-0.0,0.0,-0.0,0.0
tat,4.745349737002779,0.10798421000135662,9.977517048794423,0.06867832146370173,14.38764283743314,0.05990506012360625
