context,deldelG_25C,deldelG_25C_error,delG_m1g_25C,delG_m1g_25C_error,delG_wc_25C,delG_wc_25C_error
aaa,2.3925574916234074,0.135317797408615,-0.0,0.0,-0.0,0.0
aac,8.07656106546709,0.2643518967239002,11.126603940739372,0.11950913311757456,16.810607514583054,0.1931025274497733
aag,2.3925574916234074,0.135317797408615,-0.0,0.0,-0.0,0.0
aat,7.987013762319707,0.32145629196029823,10.43883010422165,0.2281823915258409,16.03328637491795,0.18153797823842088
caa,8.123470060148238,0.14952935970114792,10.197481951811174,0.038725468726718455,15.928394520336004,0.05048228589329396
cac,2.3925574916234074,0.135317797408615,-0.0,0.0,-0.0,0.0
cag,6.993651375448614,0.19577265079097755,9.240217891544155,0.0310232778060044,13.841311775369363,0.13803470844819626
cat,7.113328408024342,0.24652595870525892,11.383256196216712,0.13396601987561876,16.104027112617647,0.15657984397333322
gaa,7.250556407966762,0.1858422773038105,11.02635930413764,0.10519288525392897,15.884358220480996,0.07183942253318269
gac,2.3925574916234074,0.135317797408615,-0.0,0.0,-0.0,0.0
gag,2.3925574916234074,0.135317797408615,-0.0,0.0,-0.0,0.0
gat,7.3008684378135555,0.24981994783233238,11.810689439994647,0.10388919128275642,16.719000386184796,0.18249968759985633
taa,8.380942368769956,0.22182233076546123,7.976133973909726,0.12648863616137826,13.964518851056274,0.12204452078130008
tac,7.990827532963737,0.18414787032254676,9.564120642367548,0.0721503361337311,15.162390683707878,0.10195028614280661
tag,2.3925574916234074,0.135317797408615,-0.0,0.0,-0.0,0.0
tat,6.837278441804282,0.22047265556759674,9.942921887252265,0.1634278719469121,14.38764283743314,0.05990506012360625
