param,fitval,fiterror
pB,0.00450,0.00000
pC,-0.00000,0.00000
dwB,3.73852,0.01678
dwC,-0.00000,0.00000
kexAB,114.09390,17.47923
kexAC,0.00000,0.00000
kexBC,-0.00000,0.00000
R1,2.66842,0.00425
R2,19.79422,0.10185
rchi2,15.48678,0.0