param,fitval,fiterror
pB,0.00450,0.00000
pC,0.00000,0.00000
dwB,3.84259,0.07563
dwC,-0.00000,0.00000
kexAB,114.09390,17.47923
kexAC,0.00000,0.00000
kexBC,-0.00000,0.00000
R1,2.26172,0.01541
R2,12.99850,0.26418
rchi2,15.48678,0.0