Name,FitNum,N,DF,K,ChiSq,RedChiSq,Rsq,AdjRsq,AIC,BIC,RSS,TSS,SDR
gc8,1,216,209,7,25.817767216549814,0.12352998668205653,0.9955427702739896,0.9953927673505182,-444.29208666980225,-421.20359935447465,25.817767216549818,5792.334881437498,0.3514683295576666
