Name,FitNum,N,DF,K,ChiSq,RedChiSq,Rsq,AdjRsq,AIC,BIC,RSS,TSS,SDR
gc1p,1,216,209,7,25.817767216549814,0.12352998668205653,0.9906238466923547,0.9903083030714244,-444.29208666980225,-421.20359935447465,25.817767216549818,2753.556428679341,0.3514683295576666
