Name,FitNum,RedChiSq,lf,AlignMag,Temp,pA,pB,pC,dwB,dwC,kexAB,kexAC,kexBC,k12,k21,k13,k31,k23,k32,tau1,tau2,tau3,dG12,dG13,ddG12,ddG21,ddG13,ddG31,ddG23,ddG32,R1,R1b,R1c,R2,R2b,R2c,pA_err,pB_err,pC_err,dwB_err,dwC_err,kexAB_err,kexAC_err,kexBC_err,k12_err,k21_err,k13_err,k31_err,k23_err,k32_err,tau1_err,tau2_err,tau3_err,dG12_err,dG13_err,ddG12_err,ddG21_err,ddG13_err,ddG31_err,ddG23_err,ddG32_err,R1_err,R1b_err,R1c_err,R2_err,R2b_err,R2c_err
gc8,1,0.12352998668205653,150.7,auto,298.15,0.998,0.002,0.0,3.1870050096777707,0.0,1610.3839949830392,0.0,0.0,3.22076798997,1607.16322699,0.0,0.0,0.0,0.0,0.310484953625,0.000622214335921,0.0,3.68087436261,0.0,16.7601815343,13.0793071717,0.0,0.0,0.0,0.0,2.2371283079727142,2.2371283079727142,2.2371283079727142,23.656991303506505,23.656991303506505,23.656991303506505,0.002,0.002,0.0,0.10166051522145499,0.0,126.18878995023292,0.0,0.0,3.22422556423,125.97742614,0.0,0.0,0.0,0.0,0.310818266917,4.87722461726e-05,0.0,0.59493623867,0.0,0.593120795956,0.0464418936664,0.0,0.0,0.0,0.0,0.05420730190843558,0.05420730190843558,0.05420730190843558,0.0877511631141057,0.0877511631141057,0.0877511631141057
