Name,FitNum,RedChiSq,lf,AlignMag,Temp,pA,pB,pC,dwB,dwC,kexAB,kexAC,kexBC,k12,k21,k13,k31,k23,k32,tau1,tau2,tau3,dG12,dG13,ddG12,ddG21,ddG13,ddG31,ddG23,ddG32,R1,R1b,R1c,R2,R2b,R2c,pA_err,pB_err,pC_err,dwB_err,dwC_err,kexAB_err,kexAC_err,kexBC_err,k12_err,k21_err,k13_err,k31_err,k23_err,k32_err,tau1_err,tau2_err,tau3_err,dG12_err,dG13_err,ddG12_err,ddG21_err,ddG13_err,ddG31_err,ddG23_err,ddG32_err,R1_err,R1b_err,R1c_err,R2_err,R2b_err,R2c_err
A16_C8_Off,1,0.8621638620954238,170.4,auto,298.15,0.9995,0.0005,0.0,5.431709545614284,0.0,3929.083250430713,0.0,0.0,1.96454162522,3927.11870881,0.0,0.0,0.0,0.0,0.509024592386,0.000254639616001,0.0,4.50312246865,0.0,17.0530828214,12.5499603528,0.0,0.0,0.0,0.0,1.8000703921570453,1.8000703921570453,1.8000703921570453,24.895778549326756,24.895778549326756,24.895778549326756,0.0005,0.0005,0.0,1.2567367035068968,0.0,3395.572692540203,0.0,0.0,2.59577440867,3393.87547421,0.0,0.0,0.0,0.0,0.672580816481,0.000220063413304,0.0,0.935438648481,0.0,0.782857807116,0.512034294661,0.0,0.0,0.0,0.0,0.18257157335939872,0.18257157335939872,0.18257157335939872,0.548218339991106,0.548218339991106,0.548218339991106
