Name,FitNum,RedChiSq,lf,AlignMag,Temp,pA,pB,pC,dwB,dwC,kexAB,kexAC,kexBC,k12,k21,k13,k31,k23,k32,tau1,tau2,tau3,dG12,dG13,ddG12,ddG21,ddG13,ddG31,ddG23,ddG32,R1,R1b,R1c,R2,R2b,R2c,pA_err,pB_err,pC_err,dwB_err,dwC_err,kexAB_err,kexAC_err,kexBC_err,k12_err,k21_err,k13_err,k31_err,k23_err,k32_err,tau1_err,tau2_err,tau3_err,dG12_err,dG13_err,ddG12_err,ddG21_err,ddG13_err,ddG31_err,ddG23_err,ddG32_err,R1_err,R1b_err,R1c_err,R2_err,R2b_err,R2c_err
A21_C1p_Off,1,0.1428666146093806,150.88,auto,298.15,0.996,0.004,0.0,2.776187237345052,0.0,2872.286554407289,0.0,0.0,11.4891462176,2860.79740819,0.0,0.0,0.0,0.0,0.0870386694588,0.000349552889393,0.0,3.26900669389,0.0,16.0066695354,12.7376628415,0.0,0.0,0.0,0.0,1.9938157268516707,1.9938157268516707,1.9938157268516707,14.46636339245582,14.46636339245582,14.46636339245582,0.004,0.004,0.0,0.08842702829623324,0.0,210.67745886887704,0.0,0.0,11.4742695125,210.146545541,0.0,0.0,0.0,0.0,0.0869259675578,2.5677222714e-05,0.0,0.593316002227,0.0,0.591717570834,0.0435223490169,0.0,0.0,0.0,0.0,0.047644939511097766,0.047644939511097766,0.047644939511097766,0.17742536379187082,0.17742536379187082,0.17742536379187082
