Name,FitNum,N,DF,K,ChiSq,RedChiSq,Rsq,AdjRsq,AIC,BIC,RSS,TSS,SDR
ac1p,1,219,212,7,610.1583273734809,2.8781053177994385,0.9618768198637346,0.9606120698118207,238.92844322415405,262.1211396456658,610.1583273734809,16004.916829933014,1.6964979569098921
