Name,FitNum,RedChiSq,lf,AlignMag,Temp,pA,pB,pC,dwB,dwC,kexAB,kexAC,kexBC,k12,k21,k13,k31,k23,k32,tau1,tau2,tau3,dG12,dG13,ddG12,ddG21,ddG13,ddG31,ddG23,ddG32,R1,R1b,R1c,R2,R2b,R2c,pA_err,pB_err,pC_err,dwB_err,dwC_err,kexAB_err,kexAC_err,kexBC_err,k12_err,k21_err,k13_err,k31_err,k23_err,k32_err,tau1_err,tau2_err,tau3_err,dG12_err,dG13_err,ddG12_err,ddG21_err,ddG13_err,ddG31_err,ddG23_err,ddG32_err,R1_err,R1b_err,R1c_err,R2_err,R2b_err,R2c_err
ac1p,1,2.8781053177994385,150.7,auto,298.15,0.993,0.007,0.0,5.178144060100867,0.0,3037.792382131529,0.0,0.0,21.2645466749,3016.52783546,0.0,0.0,0.0,0.0,0.0470266314767,0.000331506969121,0.0,2.93565558864,0.0,15.6419131559,12.7062575673,0.0,0.0,0.0,0.0,2.643342234289842,2.643342234289842,2.643342234289842,22.76422654708428,22.76422654708428,22.76422654708428,0.007,0.007,0.0,0.37692611868270487,0.0,645.1922445028843,0.0,0.0,21.5937978219,641.023792084,0.0,0.0,0.0,0.0,0.0477547717277,7.04465087145e-05,0.0,0.614691083985,0.0,0.601658529371,0.125905292841,0.0,0.0,0.0,0.0,0.6821938388154551,0.6821938388154551,0.6821938388154551,1.4195301486210292,1.4195301486210292,1.4195301486210292
