Name,FitNum,N,DF,K,ChiSq,RedChiSq,Rsq,AdjRsq,AIC,BIC,RSS,TSS,SDR
A6RNAm6A_C2_37,1,93,89,4,38.841590830378195,0.4364223688806539,0.9868530939029456,0.9862555072621705,-72.74448850250403,-63.068635984436455,38.84159083037819,2954.428254346537,0.6606227129615313
