Name,FitNum,RedChiSq,lf,AlignMag,Temp,pA,pB,pC,dwB,dwC,kexAB,kexAC,kexBC,k12,k21,k13,k31,k23,k32,tau1,tau2,tau3,dG12,dG13,ddG12,ddG21,ddG13,ddG31,ddG23,ddG32,R1,R1b,R1c,R2,R2b,R2c,pA_err,pB_err,pC_err,dwB_err,dwC_err,kexAB_err,kexAC_err,kexBC_err,k12_err,k21_err,k13_err,k31_err,k23_err,k32_err,tau1_err,tau2_err,tau3_err,dG12_err,dG13_err,ddG12_err,ddG21_err,ddG13_err,ddG31_err,ddG23_err,ddG32_err,R1_err,R1b_err,R1c_err,R2_err,R2b_err,R2c_err
A21_C1p_Off,1,0.19330598116816097,150.88,gs,298.15,0.997912131948,0.002087868052306284,0.0,2.83527334011318,0.0,1056.397671085825,0.0,0.0,2.20561894799,1054.19205214,0.0,0.0,0.0,0.0,0.453387472442,0.000948593757629,0.0,3.65534754698,0.0,16.984503172,13.3291556251,0.0,0.0,0.0,0.0,1.6614321861286396,1.6614321861286396,1.6614321861286396,14.459364126307673,14.459364126307673,14.459364126307673,0.000306607963937,0.00030660796393749295,0.0,0.19228316938136802,0.0,259.8770890319366,0.0,0.0,0.631567023007,259.334701387,0.0,0.0,0.0,0.0,0.129825043668,0.000233357174695,0.0,0.223666586477,0.0,0.16965479435,0.14575319091,0.0,0.0,0.0,0.0,0.0672701002956845,0.0672701002956845,0.0672701002956845,0.11294037982547545,0.11294037982547545,0.11294037982547545
