Name,FitNum,N,DF,K,ChiSq,RedChiSq,Rsq,AdjRsq,AIC,BIC,RSS,TSS,SDR
gc8,1,196,189,7,35.33789461833851,0.18697298739861645,0.9967317217283691,0.9966100305161276,-321.1833740718621,-298.83231613809954,35.33789461833852,10812.388567117056,0.4324037319434425
