Name,FitNum,N,DF,K,ChiSq,RedChiSq,Rsq,AdjRsq,AIC,BIC,RSS,TSS,SDR
gc1p,1,196,189,7,35.33789461833851,0.18697298739861645,0.9943926393292317,0.9941838546234052,-321.1833740718621,-298.83231613809954,35.33789461833852,6302.054869157659,0.4324037319434425
