Name,FitNum,RedChiSq,lf,AlignMag,Temp,pA,pB,pC,dwB,dwC,kexAB,kexAC,kexBC,k12,k21,k13,k31,k23,k32,tau1,tau2,tau3,dG12,dG13,ddG12,ddG21,ddG13,ddG31,ddG23,ddG32,R1,R1b,R1c,R2,R2b,R2c,pA_err,pB_err,pC_err,dwB_err,dwC_err,kexAB_err,kexAC_err,kexBC_err,k12_err,k21_err,k13_err,k31_err,k23_err,k32_err,tau1_err,tau2_err,tau3_err,dG12_err,dG13_err,ddG12_err,ddG21_err,ddG13_err,ddG31_err,ddG23_err,ddG32_err,R1_err,R1b_err,R1c_err,R2_err,R2b_err,R2c_err
ac1p,1,0.5351385840883613,176.04,auto,298.15,0.97,0.03,0.0,4.156639453086769,0.0,156.0697101339743,0.0,0.0,4.68209130402,151.38761883,0.0,0.0,0.0,0.0,0.213579773453,0.00660556000371,0.0,2.05953545938,0.0,16.5385181583,14.4789826989,0.0,0.0,0.0,0.0,0.810881599439502,0.810881599439502,0.810881599439502,20.442332928209325,20.442332928209325,20.442332928209325,0.03,0.03,0.0,0.11443794996358127,0.0,6.1004772938757545,0.0,0.0,4.54748436429,7.46072971389,0.0,0.0,0.0,0.0,0.207439500266,0.000325537175216,0.0,0.576191533711,0.0,0.575451215435,0.0291990098349,0.0,0.0,0.0,0.0,0.13967738080460917,0.13967738080460917,0.13967738080460917,0.18608637036407216,0.18608637036407216,0.18608637036407216
