Name,FitNum,RedChiSq,lf,AlignMag,Temp,pA,pB,pC,dwB,dwC,kexAB,kexAC,kexBC,k12,k21,k13,k31,k23,k32,tau1,tau2,tau3,dG12,dG13,ddG12,ddG21,ddG13,ddG31,ddG23,ddG32,R1,R1b,R1c,R2,R2b,R2c,pA_err,pB_err,pC_err,dwB_err,dwC_err,kexAB_err,kexAC_err,kexBC_err,k12_err,k21_err,k13_err,k31_err,k23_err,k32_err,tau1_err,tau2_err,tau3_err,dG12_err,dG13_err,ddG12_err,ddG21_err,ddG13_err,ddG31_err,ddG23_err,ddG32_err,R1_err,R1b_err,R1c_err,R2_err,R2b_err,R2c_err
ac8,1,0.4047791479797647,176.04,auto,298.15,0.993,0.007,0.0,2.4035469737839015,0.0,1012.2492684738447,0.0,0.0,7.08574487932,1005.16352359,0.0,0.0,0.0,0.0,0.141128422916,0.000994863001419,0.0,2.93565558864,0.0,16.293027949,13.3573723604,0.0,0.0,0.0,0.0,1.129281761212114,1.129281761212114,1.129281761212114,29.470544145688464,29.470544145688464,29.470544145688464,0.007,0.007,0.0,0.08452405949710973,0.0,39.22624772417609,0.0,0.0,7.04167509598,39.5820908938,0.0,0.0,0.0,0.0,0.140250674827,3.91764691264e-05,0.0,0.589261863325,0.0,0.588799790578,0.0233313133967,0.0,0.0,0.0,0.0,0.14822882423908507,0.14822882423908507,0.14822882423908507,0.16966681483548218,0.16966681483548218,0.16966681483548218
