Name,FitNum,N,DF,K,ChiSq,RedChiSq,Rsq,AdjRsq,AIC,BIC,RSS,TSS,SDR
ac1p,1,195,188,7,305.503845324685,1.6250204538547075,0.9870887423109376,0.9866054331995823,102.1466778377425,124.45874426640532,305.50384532468513,23661.819218703065,1.2747629010348192
