Name,FitNum,RedChiSq,lf,AlignMag,Temp,pA,pB,pC,dwB,dwC,kexAB,kexAC,kexBC,k12,k21,k13,k31,k23,k32,tau1,tau2,tau3,dG12,dG13,ddG12,ddG21,ddG13,ddG31,ddG23,ddG32,R1,R1b,R1c,R2,R2b,R2c,pA_err,pB_err,pC_err,dwB_err,dwC_err,kexAB_err,kexAC_err,kexBC_err,k12_err,k21_err,k13_err,k31_err,k23_err,k32_err,tau1_err,tau2_err,tau3_err,dG12_err,dG13_err,ddG12_err,ddG21_err,ddG13_err,ddG31_err,ddG23_err,ddG32_err,R1_err,R1b_err,R1c_err,R2_err,R2b_err,R2c_err
ac1p,1,1.6250204538547075,176.04,auto,298.15,0.9825,0.0175,0.0,3.816297303558076,0.0,2524.169107403521,0.0,0.0,44.1729593796,2479.99614802,0.0,0.0,0.0,0.0,0.0226382840101,0.000403226432749,0.0,2.38646900179,0.0,15.2087643751,12.8222953734,0.0,0.0,0.0,0.0,1.3981818842945437,1.3981818842945437,1.3981818842945437,20.74114303484474,20.74114303484474,20.74114303484474,0.0175,0.0175,0.0,0.09515115309471221,0.0,179.32465396385686,0.0,0.0,43.5201091686,181.454745923,0.0,0.0,0.0,0.0,0.0223037035631,2.95030094956e-05,0.0,0.585335673985,0.0,0.583728174764,0.0433505389352,0.0,0.0,0.0,0.0,0.4820876483577426,0.4820876483577426,0.4820876483577426,0.9239434583630498,0.9239434583630498,0.9239434583630498
