Name,FitNum,RedChiSq,lf,AlignMag,Temp,pA,pB,pC,dwB,dwC,kexAB,kexAC,kexBC,k12,k21,k13,k31,k23,k32,tau1,tau2,tau3,dG12,dG13,ddG12,ddG21,ddG13,ddG31,ddG23,ddG32,R1,R1b,R1c,R2,R2b,R2c,pA_err,pB_err,pC_err,dwB_err,dwC_err,kexAB_err,kexAC_err,kexBC_err,k12_err,k21_err,k13_err,k31_err,k23_err,k32_err,tau1_err,tau2_err,tau3_err,dG12_err,dG13_err,ddG12_err,ddG21_err,ddG13_err,ddG31_err,ddG23_err,ddG32_err,R1_err,R1b_err,R1c_err,R2_err,R2b_err,R2c_err
A16_C8_Off,1,0.9552776744400903,150.7,auto,298.15,0.9925,0.0075,0.0,3.1725938740967434,0.0,485.45467701531123,0.0,0.0,3.64091007761,481.813766938,0.0,0.0,0.0,0.0,0.274656604718,0.00207549071575,0.0,2.89447995867,0.0,16.6875347074,13.7930547488,0.0,0.0,0.0,0.0,2.4893478199442676,2.4893478199442676,2.4893478199442676,25.7536930831949,25.7536930831949,25.7536930831949,0.0075,0.0075,0.0,0.1595656785767423,0.0,43.55221131952576,0.0,0.0,3.62843889997,43.3763616848,0.0,0.0,0.0,0.0,0.273715825837,0.000186850692399,0.0,0.592859688869,0.0,0.590455316032,0.0533397642912,0.0,0.0,0.0,0.0,0.13605781452884141,0.13605781452884141,0.13605781452884141,0.19927783474300972,0.19927783474300972,0.19927783474300972
