Name,FitNum,N,DF,K,ChiSq,RedChiSq,Rsq,AdjRsq,AIC,BIC,RSS,TSS,SDR
A16_C8_Off,1,104,100,4,95.52776744400903,0.9552776744400903,0.9870356716084954,0.9865118603603538,-0.4332488713986899,9.740274321126396,95.527767444009,7368.508769540807,0.977383074561909
