Name,FitNum,N,DF,K,ChiSq,RedChiSq,Rsq,AdjRsq,AIC,BIC,RSS,TSS,SDR
gc1p,1,216,209,7,57.08594341479146,0.27313848523823664,0.9792682863440823,0.9785705844422005,-272.8971656408491,-249.8086783255215,57.08594341479145,2753.556428679341,0.5226265255784829
