Name,FitNum,N,DF,K,ChiSq,RedChiSq,Rsq,AdjRsq,AIC,BIC,RSS,TSS,SDR
A16_C8_Off,1,93,89,4,43.62595044331213,0.4901792184641812,0.9920797459275166,0.9917197343787673,-61.94155588222293,-52.26570336415536,43.625950443312114,5508.15037548826,0.700128001485572
