Name,FitNum,RedChiSq,lf,AlignMag,Temp,pA,pB,pC,dwB,dwC,kexAB,kexAC,kexBC,k12,k21,k13,k31,k23,k32,tau1,tau2,tau3,dG12,dG13,ddG12,ddG21,ddG13,ddG31,ddG23,ddG32,R1,R1b,R1c,R2,R2b,R2c,pA_err,pB_err,pC_err,dwB_err,dwC_err,kexAB_err,kexAC_err,kexBC_err,k12_err,k21_err,k13_err,k31_err,k23_err,k32_err,tau1_err,tau2_err,tau3_err,dG12_err,dG13_err,ddG12_err,ddG21_err,ddG13_err,ddG31_err,ddG23_err,ddG32_err,R1_err,R1b_err,R1c_err,R2_err,R2b_err,R2c_err
G7N1_pH5.3HS_25C,1,0.9932000327872194,70.960765,auto,298.15,0.997,0.003,0.0,-1.723649650737611,0.0,1551.29261359191,0.0,0.0,4.65387784078,1546.63873575,0.0,0.0,0.0,0.0,0.214874570028,0.000646563400285,0.0,3.44004850013,0.0,16.5420991679,13.1020506678,0.0,0.0,0.0,0.0,2.0571571509637847,2.0571571509637847,2.0571571509637847,8.348421445668665,8.348421445668665,8.348421445668665,0.003,0.003,0.0,0.11376411872447258,0.0,274.5038042325873,0.0,0.0,4.71245035882,273.719622416,0.0,0.0,0.0,0.0,0.217578926494,0.00011442690895,0.0,0.609035930333,0.0,0.599941610641,0.104856226606,0.0,0.0,0.0,0.0,0.021473926183997773,0.021473926183997773,0.021473926183997773,0.04999165509502461,0.04999165509502461,0.04999165509502461
