Name,FitNum,RedChiSq,lf,AlignMag,Temp,pA,pB,pC,dwB,dwC,kexAB,kexAC,kexBC,k12,k21,k13,k31,k23,k32,tau1,tau2,tau3,dG12,dG13,ddG12,ddG21,ddG13,ddG31,ddG23,ddG32,R1,R1b,R1c,R2,R2b,R2c,pA_err,pB_err,pC_err,dwB_err,dwC_err,kexAB_err,kexAC_err,kexBC_err,k12_err,k21_err,k13_err,k31_err,k23_err,k32_err,tau1_err,tau2_err,tau3_err,dG12_err,dG13_err,ddG12_err,ddG21_err,ddG13_err,ddG31_err,ddG23_err,ddG32_err,R1_err,R1b_err,R1c_err,R2_err,R2b_err,R2c_err
A16_C8_Off,1,1.1066375478517,150.7,auto,298.15,0.9985,0.0015,0.0,3.9738463422000185,0.0,2198.584455512803,0.0,0.0,3.29787668327,2195.28657883,0.0,0.0,0.0,0.0,0.303225407146,0.000455521392807,0.0,3.85161836479,0.0,16.7461639408,12.894545576,0.0,0.0,0.0,0.0,3.1226588802217368,3.1226588802217368,3.1226588802217368,30.148418059151467,30.148418059151467,30.148418059151467,0.0015,0.0015,0.0,0.5765885866577559,0.0,812.8565985795607,0.0,0.0,3.51141954917,811.643993615,0.0,0.0,0.0,0.0,0.322859744228,0.000168415917084,0.0,0.667798858249,0.0,0.630849097665,0.219054173786,0.0,0.0,0.0,0.0,0.1430767749870124,0.1430767749870124,0.1430767749870124,0.4453100930404968,0.4453100930404968,0.4453100930404968
