Name,FitNum,N,DF,K,ChiSq,RedChiSq,Rsq,AdjRsq,AIC,BIC,RSS,TSS,SDR
G_C1p_Off,1,199,192,7,75.95043638476525,0.3955751895039857,0.961223321700729,0.9598021868939494,-177.09515871830166,-154.6284123797852,75.95043638476527,1958.6627765945875,0.6289476842345362
