Name,FitNum,RedChiSq,lf,AlignMag,Temp,pA,pB,pC,dwB,dwC,kexAB,kexAC,kexBC,k12,k21,k13,k31,k23,k32,tau1,tau2,tau3,dG12,dG13,ddG12,ddG21,ddG13,ddG31,ddG23,ddG32,R1,R1b,R1c,R2,R2b,R2c,pA_err,pB_err,pC_err,dwB_err,dwC_err,kexAB_err,kexAC_err,kexBC_err,k12_err,k21_err,k13_err,k31_err,k23_err,k32_err,tau1_err,tau2_err,tau3_err,dG12_err,dG13_err,ddG12_err,ddG21_err,ddG13_err,ddG31_err,ddG23_err,ddG32_err,R1_err,R1b_err,R1c_err,R2_err,R2b_err,R2c_err
G_C8_Off,1,0.3955751895039857,150.88,auto,298.15,0.984,0.016,0.0,0.5352282760917842,0.0,3791.5541143228506,0.0,0.0,60.6648658292,3730.88924849,0.0,0.0,0.0,0.0,0.016484005797,0.000268032614585,0.0,2.4404667062,0.0,15.0207974683,12.5803307621,0.0,0.0,0.0,0.0,2.557812706195282,2.557812706195282,2.557812706195282,20.19210205878592,20.19210205878592,20.19210205878592,0.016,0.016,0.0,0.07240238984397164,0.0,758.3220430106527,0.0,0.0,60.9225441494,748.573445316,0.0,0.0,0.0,0.0,0.0165540227807,5.37786260575e-05,0.0,0.606760630177,0.0,0.595001369886,0.118877382907,0.0,0.0,0.0,0.0,0.0439362208936751,0.0439362208936751,0.0439362208936751,0.13078106477924922,0.13078106477924922,0.13078106477924922
