Name,FitNum,N,DF,K,ChiSq,RedChiSq,Rsq,AdjRsq,AIC,BIC,RSS,TSS,SDR
G_C8_Off,1,199,192,7,75.95043638476525,0.3955751895039857,0.9807453478481531,0.9800396799682426,-177.09515871830166,-154.6284123797852,75.95043638476527,3944.5239408015236,0.6289476842345362
