Name,FitNum,N,DF,K,ChiSq,RedChiSq,Rsq,AdjRsq,AIC,BIC,RSS,TSS,SDR
gc1p,1,220,213,7,40.50504454240822,0.1901645283681137,0.98988179250059,0.9895477007435342,-357.75592325982717,-334.5288323221531,40.505044542408214,4003.1838193445337,0.43607858049681103
