Name,FitNum,RedChiSq,lf,AlignMag,Temp,pA,pB,pC,dwB,dwC,kexAB,kexAC,kexBC,k12,k21,k13,k31,k23,k32,tau1,tau2,tau3,dG12,dG13,ddG12,ddG21,ddG13,ddG31,ddG23,ddG32,R1,R1b,R1c,R2,R2b,R2c,pA_err,pB_err,pC_err,dwB_err,dwC_err,kexAB_err,kexAC_err,kexBC_err,k12_err,k21_err,k13_err,k31_err,k23_err,k32_err,tau1_err,tau2_err,tau3_err,dG12_err,dG13_err,ddG12_err,ddG21_err,ddG13_err,ddG31_err,ddG23_err,ddG32_err,R1_err,R1b_err,R1c_err,R2_err,R2b_err,R2c_err
A6RNAm6A_C2_37,1,0.3798420081546238,150.88,auto,298.15,0.995,0.005,0.0,1.8665550465648035,0.0,269.7698327331054,0.0,0.0,1.34884916367,268.420983569,0.0,0.0,0.0,0.0,0.741372739768,0.00372549115461,0.0,3.13620237989,0.0,17.2758613475,14.1396589676,0.0,0.0,0.0,0.0,4.540227570997383,4.540227570997383,4.540227570997383,21.000377571811025,21.000377571811025,21.000377571811025,0.005,0.005,0.0,0.07173346270115764,0.0,15.61286073515811,0.0,0.0,1.34439024501,15.592664662,0.0,0.0,0.0,0.0,0.738921968524,0.000216415026511,0.0,0.591528291054,0.0,0.590526159769,0.0344176371162,0.0,0.0,0.0,0.0,0.030671862642821877,0.030671862642821877,0.030671862642821877,0.03255916725060748,0.03255916725060748,0.03255916725060748
