Name,FitNum,N,DF,K,ChiSq,RedChiSq,Rsq,AdjRsq,AIC,BIC,RSS,TSS,SDR
A16_C8_Off,1,111,107,4,29.01026030792574,0.2711239281114555,0.9945744368090319,0.9943696985754105,-140.57139145919874,-130.11062914451543,29.010260307925737,5346.958331665673,0.520695619447154
