param,fit_val,fit_err
kex(s-1),102.159159155,3.71951233999
tau_ex(s),0.00978864752088,0.00035639482105
R1n(s-1),85.3099207747,3.5667213375
