Name,FitNum,N,DF,K,ChiSq,RedChiSq,Rsq,AdjRsq,AIC,BIC,RSS,TSS,SDR
gc8,1,220,213,7,23.317059776570993,0.10946976420925349,0.9962341053300303,0.9961097597513049,-479.2489984902706,-456.02190755259653,23.317059776570996,6191.638858757249,0.3308621528813072
