Name,FitNum,RedChiSq,lf,AlignMag,Temp,pA,pB,pC,dwB,dwC,kexAB,kexAC,kexBC,k12,k21,k13,k31,k23,k32,tau1,tau2,tau3,dG12,dG13,ddG12,ddG21,ddG13,ddG31,ddG23,ddG32,R1,R1b,R1c,R2,R2b,R2c,pA_err,pB_err,pC_err,dwB_err,dwC_err,kexAB_err,kexAC_err,kexBC_err,k12_err,k21_err,k13_err,k31_err,k23_err,k32_err,tau1_err,tau2_err,tau3_err,dG12_err,dG13_err,ddG12_err,ddG21_err,ddG13_err,ddG31_err,ddG23_err,ddG32_err,R1_err,R1b_err,R1c_err,R2_err,R2b_err,R2c_err
A21_C1p_Off,1,0.5253652356247466,150.88,avg,298.15,0.92,0.08,0.0,0.40849909934315587,0.0,4107.053889565955,0.0,0.0,328.564311165,3778.4895784,0.0,0.0,0.0,0.0,0.00304354418912,0.000264656016445,0.0,1.44705336996,0.0,14.0198727659,12.5728193959,0.0,0.0,0.0,0.0,2.540367246024502,2.540367246024502,2.540367246024502,13.108082278195825,13.108082278195825,13.108082278195825,0.08,0.08,0.0,0.05997567299458727,0.0,1166.4250834139625,0.0,0.0,317.44465194,1115.18204174,0.0,0.0,0.0,0.0,0.00294054099289,7.81104805652e-05,0.0,0.598546385243,0.0,0.572433184315,0.174865733586,0.0,0.0,0.0,0.0,0.07257440673798282,0.07257440673798282,0.07257440673798282,0.33623168604316295,0.33623168604316295,0.33623168604316295
