Name,FitNum,RedChiSq,lf,AlignMag,Temp,pA,pB,pC,dwB,dwC,kexAB,kexAC,kexBC,k12,k21,k13,k31,k23,k32,tau1,tau2,tau3,dG12,dG13,ddG12,ddG21,ddG13,ddG31,ddG23,ddG32,R1,R1b,R1c,R2,R2b,R2c,pA_err,pB_err,pC_err,dwB_err,dwC_err,kexAB_err,kexAC_err,kexBC_err,k12_err,k21_err,k13_err,k31_err,k23_err,k32_err,tau1_err,tau2_err,tau3_err,dG12_err,dG13_err,ddG12_err,ddG21_err,ddG13_err,ddG31_err,ddG23_err,ddG32_err,R1_err,R1b_err,R1c_err,R2_err,R2b_err,R2c_err
ra16_c8_10c,1,1.5441505945415295,150.784186,auto,298.15,0.98,0.02,0.0,1.0526196436109123,0.0,4702.258884071831,0.0,0.0,94.0451776814,4608.21370639,0.0,0.0,0.0,0.0,0.0106331874175,0.000217003824847,0.0,2.30584417206,0.0,14.7610458939,12.4552017218,0.0,0.0,0.0,0.0,1.919790374595878,1.919790374595878,1.919790374595878,41.469762747205785,41.469762747205785,41.469762747205785,0.02,0.02,0.0,0.10987850929845838,0.0,734.6348321021379,0.0,0.0,93.3470222251,725.81986032,0.0,0.0,0.0,0.0,0.010554250698,3.41793362623e-05,0.0,0.595444494821,0.0,0.588086368557,0.0933197167239,0.0,0.0,0.0,0.0,0.05281404673517969,0.05281404673517969,0.05281404673517969,0.3585934627387951,0.3585934627387951,0.3585934627387951
