Name,FitNum,RedChiSq,lf,AlignMag,Temp,pA,pB,pC,dwB,dwC,kexAB,kexAC,kexBC,k12,k21,k13,k31,k23,k32,tau1,tau2,tau3,dG12,dG13,ddG12,ddG21,ddG13,ddG31,ddG23,ddG32,R1,R1b,R1c,R2,R2b,R2c,pA_err,pB_err,pC_err,dwB_err,dwC_err,kexAB_err,kexAC_err,kexBC_err,k12_err,k21_err,k13_err,k31_err,k23_err,k32_err,tau1_err,tau2_err,tau3_err,dG12_err,dG13_err,ddG12_err,ddG21_err,ddG13_err,ddG31_err,ddG23_err,ddG32_err,R1_err,R1b_err,R1c_err,R2_err,R2b_err,R2c_err
gc1p,1,0.8695012137101027,176.04,auto,298.15,0.92,0.08,0.0,0.7791065911208839,0.0,4743.084581560976,0.0,0.0,379.446766525,4363.63781504,0.0,0.0,0.0,0.0,0.00263541579009,0.000229166590443,0.0,1.44705336996,0.0,13.9345657907,12.4875124207,0.0,0.0,0.0,0.0,2.0162350009952243,2.0162350009952243,2.0162350009952243,19.16896605675801,19.16896605675801,19.16896605675801,0.08,0.08,0.0,0.047581642182895616,0.0,442.4212875175863,0.0,0.0,352.191324596,537.082367487,0.0,0.0,0.0,0.0,0.00244611539709,2.82061298763e-05,0.0,0.554740922385,0.0,0.549926911821,0.0729238138278,0.0,0.0,0.0,0.0,0.17769501959482945,0.17769501959482945,0.17769501959482945,0.6354182731870849,0.6354182731870849,0.6354182731870849
