Name,FitNum,N,DF,K,ChiSq,RedChiSq,Rsq,AdjRsq,AIC,BIC,RSS,TSS,SDR
hpGBCm6A_m6A_C2_65C,1,91,87,4,3807.8923434652397,43.76887751109471,-0.3077561903285053,-0.36858205964611024,348.25653350304987,357.8348552500475,3807.892343465239,2911.7754300277525,6.61580512946797
