Name,FitNum,N,DF,K,ChiSq,RedChiSq,Rsq,AdjRsq,AIC,BIC,RSS,TSS,SDR
gc1p,1,216,209,7,25.817767047344795,0.12352998587246314,0.9906238467538043,0.990308303134942,-444.2920880854276,-421.2036007701,25.81776704734479,2753.556428679341,0.35146832840593634
