Name,FitNum,N,DF,K,ChiSq,RedChiSq,Rsq,AdjRsq,AIC,BIC,RSS,TSS,SDR
gc8,1,190,183,7,257.7893360388675,1.408684896387254,0.9648000456065162,0.9634462012067668,72.58792854103532,94.70171243077411,257.7893360388675,7323.570171630386,1.186880321004293
