Name,FitNum,RedChiSq,lf,AlignMag,Temp,pA,pB,pC,dwB,dwC,kexAB,kexAC,kexBC,k12,k21,k13,k31,k23,k32,tau1,tau2,tau3,dG12,dG13,ddG12,ddG21,ddG13,ddG31,ddG23,ddG32,R1,R1b,R1c,R2,R2b,R2c,pA_err,pB_err,pC_err,dwB_err,dwC_err,kexAB_err,kexAC_err,kexBC_err,k12_err,k21_err,k13_err,k31_err,k23_err,k32_err,tau1_err,tau2_err,tau3_err,dG12_err,dG13_err,ddG12_err,ddG21_err,ddG13_err,ddG31_err,ddG23_err,ddG32_err,R1_err,R1b_err,R1c_err,R2_err,R2b_err,R2c_err
gc1p,1,1.408684896387254,176.04,avg,298.15,0.97,0.03,0.0,0.9959018787541721,0.0,5251.001133950063,0.0,0.0,157.530034019,5093.47109993,0.0,0.0,0.0,0.0,0.00634799583604,0.000196329768125,0.0,2.05953545938,0.0,14.4554180563,12.3958825969,0.0,0.0,0.0,0.0,2.2263058628422723,2.2263058628422723,2.2263058628422723,16.392891773766852,16.392891773766852,16.392891773766852,0.03,0.03,0.0,0.09971131392497756,0.0,747.1052310598922,0.0,0.0,154.511445548,740.641640408,0.0,0.0,0.0,0.0,0.00622635562209,2.85483118824e-05,0.0,0.587482995286,0.0,0.581131563813,0.08615320824,0.0,0.0,0.0,0.0,0.16146934768666454,0.16146934768666454,0.16146934768666454,0.6331515611785792,0.6331515611785792,0.6331515611785792
