Name,FitNum,N,DF,K,ChiSq,RedChiSq,Rsq,AdjRsq,AIC,BIC,RSS,TSS,SDR
gc1p,1,190,183,7,257.7893360388675,1.408684896387254,0.92384793642995,0.920919010908025,72.58792854103532,94.70171243077411,257.7893360388675,3385.1917328771365,1.186880321004293
