Name,FitNum,N,DF,K,ChiSq,RedChiSq,Rsq,AdjRsq,AIC,BIC,RSS,TSS,SDR
gc1p,1,308,301,7,68.15263909290891,0.22642072788341833,0.975575845943437,0.9750059490154507,-450.57176945048445,-424.46107096966944,68.15263909290894,2790.378693774901,0.47583687108442785
