Name,FitNum,RedChiSq,lf,AlignMag,Temp,pA,pB,pC,dwB,dwC,kexAB,kexAC,kexBC,k12,k21,k13,k31,k23,k32,tau1,tau2,tau3,dG12,dG13,ddG12,ddG21,ddG13,ddG31,ddG23,ddG32,R1,R1b,R1c,R2,R2b,R2c,pA_err,pB_err,pC_err,dwB_err,dwC_err,kexAB_err,kexAC_err,kexBC_err,k12_err,k21_err,k13_err,k31_err,k23_err,k32_err,tau1_err,tau2_err,tau3_err,dG12_err,dG13_err,ddG12_err,ddG21_err,ddG13_err,ddG31_err,ddG23_err,ddG32_err,R1_err,R1b_err,R1c_err,R2_err,R2b_err,R2c_err
gc8,1,0.22642072788341833,150.88,auto,298.15,0.994,0.006,0.0,3.801382010467324,0.0,872.8663313583368,0.0,0.0,5.23719798815,867.62913337,0.0,0.0,0.0,0.0,0.190941797935,0.00115256618472,0.0,3.02758387661,0.0,16.47213513,13.4445512534,0.0,0.0,0.0,0.0,2.950764383344417,2.950764383344417,2.950764383344417,19.617812821033453,19.617812821033453,19.617812821033453,0.006,0.006,0.0,0.025102712453349756,0.0,13.628856352133255,0.0,0.0,5.20651183937,14.5129095048,0.0,0.0,0.0,0.0,0.189823018688,1.92790768472e-05,0.0,0.589096591618,0.0,0.589013221715,0.00991054497014,0.0,0.0,0.0,0.0,0.028344647274541515,0.028344647274541515,0.028344647274541515,0.07068222013952336,0.07068222013952336,0.07068222013952336
