Name,FitNum,N,DF,K,ChiSq,RedChiSq,Rsq,AdjRsq,AIC,BIC,RSS,TSS,SDR
gc8,1,308,301,7,68.15263909290891,0.22642072788341833,0.9882183267323392,0.9879434210227604,-450.57176945048445,-424.46107096966944,68.15263909290894,5784.631566721444,0.47583687108442785
