Name,FitNum,RedChiSq,lf,AlignMag,Temp,pA,pB,pC,dwB,dwC,kexAB,kexAC,kexBC,k12,k21,k13,k31,k23,k32,tau1,tau2,tau3,dG12,dG13,ddG12,ddG21,ddG13,ddG31,ddG23,ddG32,R1,R1b,R1c,R2,R2b,R2c,pA_err,pB_err,pC_err,dwB_err,dwC_err,kexAB_err,kexAC_err,kexBC_err,k12_err,k21_err,k13_err,k31_err,k23_err,k32_err,tau1_err,tau2_err,tau3_err,dG12_err,dG13_err,ddG12_err,ddG21_err,ddG13_err,ddG31_err,ddG23_err,ddG32_err,R1_err,R1b_err,R1c_err,R2_err,R2b_err,R2c_err
A21_C1p_Off,1,0.19674969416664895,150.88,auto,298.15,0.9975,0.0025,0.0,3.742934124685359,0.0,2868.0831223088226,0.0,0.0,7.17020780577,2860.9129145,0.0,0.0,0.0,0.0,0.13946597185,0.000349538776567,0.0,3.54836830122,0.0,16.2860072213,12.7376389201,0.0,0.0,0.0,0.0,1.916275503607835,1.916275503607835,1.916275503607835,14.780452784803295,14.780452784803295,14.780452784803295,0.0025,0.0025,0.0,0.1485945092157529,0.0,327.1571447532635,0.0,0.0,7.19891741584,326.417620217,0.0,0.0,0.0,0.0,0.140024395508,3.98808418957e-05,0.0,0.598685791554,0.0,0.594857065927,0.0675999121708,0.0,0.0,0.0,0.0,0.06002452709770655,0.06002452709770655,0.06002452709770655,0.22221041159701957,0.22221041159701957,0.22221041159701957
