Name,FitNum,RedChiSq,lf,AlignMag,Temp,pA,pB,pC,dwB,dwC,kexAB,kexAC,kexBC,k12,k21,k13,k31,k23,k32,tau1,tau2,tau3,dG12,dG13,ddG12,ddG21,ddG13,ddG31,ddG23,ddG32,R1,R1b,R1c,R2,R2b,R2c,pA_err,pB_err,pC_err,dwB_err,dwC_err,kexAB_err,kexAC_err,kexBC_err,k12_err,k21_err,k13_err,k31_err,k23_err,k32_err,tau1_err,tau2_err,tau3_err,dG12_err,dG13_err,ddG12_err,ddG21_err,ddG13_err,ddG31_err,ddG23_err,ddG32_err,R1_err,R1b_err,R1c_err,R2_err,R2b_err,R2c_err
T8_N3_Off,1,0.1851469513656397,176.04,auto,298.15,0.9875,0.0125,0.0,-0.630855915215955,0.0,457.3703813218585,0.0,0.0,5.71712976652,451.653251555,0.0,0.0,0.0,0.0,0.174912944229,0.00221408790163,0.0,2.58883121367,0.0,16.4201859072,13.8313546935,0.0,0.0,0.0,0.0,1.4452746965280578,1.4452746965280578,1.4452746965280578,7.944938383335562,7.944938383335562,7.944938383335562,0.0125,0.0125,0.0,0.02335472105032125,0.0,59.60851103321839,0.0,0.0,5.69507078261,59.1335696041,0.0,0.0,0.0,0.0,0.174238059806,0.000289883711874,0.0,0.595274691049,0.0,0.590198704658,0.0775722039361,0.0,0.0,0.0,0.0,0.030050461498986703,0.030050461498986703,0.030050461498986703,0.04800014148671879,0.04800014148671879,0.04800014148671879
