Name,FitNum,RedChiSq,lf,AlignMag,Temp,pA,pB,pC,dwB,dwC,kexAB,kexAC,kexBC,k12,k21,k13,k31,k23,k32,tau1,tau2,tau3,dG12,dG13,ddG12,ddG21,ddG13,ddG31,ddG23,ddG32,R1,R1b,R1c,R2,R2b,R2c,pA_err,pB_err,pC_err,dwB_err,dwC_err,kexAB_err,kexAC_err,kexBC_err,k12_err,k21_err,k13_err,k31_err,k23_err,k32_err,tau1_err,tau2_err,tau3_err,dG12_err,dG13_err,ddG12_err,ddG21_err,ddG13_err,ddG31_err,ddG23_err,ddG32_err,R1_err,R1b_err,R1c_err,R2_err,R2b_err,R2c_err
ac8,1,18.799300495174354,176.04,auto,298.15,0.9975,0.0025,0.0,5.693773378660162,0.0,4354.8419971682715,0.0,0.0,10.8871049929,4343.95489218,0.0,0.0,0.0,0.0,0.0918517825125,0.000230204968703,0.0,3.54836830122,0.0,16.0385592697,12.4901909685,0.0,0.0,0.0,0.0,2.836295267279588,2.836295267279588,2.836295267279588,40.89368278834001,40.89368278834001,40.89368278834001,0.0025,0.0025,0.0,3.089264511707307,0.0,5518.540849520362,0.0,0.0,17.5578251326,5504.75520977,0.0,0.0,0.0,0.0,0.148130980322,0.00029172080103,0.0,1.21520188397,0.0,0.955510544042,0.750809708926,0.0,0.0,0.0,0.0,2.0666243659121952,2.0666243659121952,2.0666243659121952,5.117056231902515,5.117056231902515,5.117056231902515
