Name,FitNum,N,DF,K,ChiSq,RedChiSq,Rsq,AdjRsq,AIC,BIC,RSS,TSS,SDR
ac8,1,196,189,7,340.6796983845618,1.8025380866908032,0.9651895794118542,0.9638934467303807,122.95004751969903,145.30110545346156,340.67969838456173,9786.715949665248,1.342586342359702
