Name,FitNum,RedChiSq,lf,AlignMag,Temp,pA,pB,pC,dwB,dwC,kexAB,kexAC,kexBC,k12,k21,k13,k31,k23,k32,tau1,tau2,tau3,dG12,dG13,ddG12,ddG21,ddG13,ddG31,ddG23,ddG32,R1,R1b,R1c,R2,R2b,R2c,pA_err,pB_err,pC_err,dwB_err,dwC_err,kexAB_err,kexAC_err,kexBC_err,k12_err,k21_err,k13_err,k31_err,k23_err,k32_err,tau1_err,tau2_err,tau3_err,dG12_err,dG13_err,ddG12_err,ddG21_err,ddG13_err,ddG31_err,ddG23_err,ddG32_err,R1_err,R1b_err,R1c_err,R2_err,R2b_err,R2c_err
ac8,1,1.8025380866908032,176.04,auto,298.15,0.999,0.001,0.0,5.451443168525314,0.0,4127.3254969295795,0.0,0.0,4.12732549693,4123.19817143,0.0,0.0,0.0,0.0,0.242287651106,0.000242530181287,0.0,4.0921468707,0.0,16.6132395218,12.5210926511,0.0,0.0,0.0,0.0,1.5922245859983215,1.5922245859983215,1.5922245859983215,29.995417907800416,29.995417907800416,29.995417907800416,0.001,0.001,0.0,1.2848667456046576,0.0,2427.2051455327014,0.0,0.0,4.7845694701,2424.78144602,0.0,0.0,0.0,0.0,0.2808700451,0.000142627799886,0.0,0.770158043301,0.0,0.686833263615,0.348430021172,0.0,0.0,0.0,0.0,0.332150081136644,0.332150081136644,0.332150081136644,0.8905602923621189,0.8905602923621189,0.8905602923621189
