Name,FitNum,N,DF,K,ChiSq,RedChiSq,Rsq,AdjRsq,AIC,BIC,RSS,TSS,SDR
gc8,1,216,209,7,36.5175379585996,0.17472506200286889,0.9936955409681809,0.9934833716738408,-369.3984648849196,-346.309977569592,36.51753795859961,5792.334881437498,0.41800127033642964
