Name,FitNum,RedChiSq,lf,AlignMag,Temp,pA,pB,pC,dwB,dwC,kexAB,kexAC,kexBC,k12,k21,k13,k31,k23,k32,tau1,tau2,tau3,dG12,dG13,ddG12,ddG21,ddG13,ddG31,ddG23,ddG32,R1,R1b,R1c,R2,R2b,R2c,pA_err,pB_err,pC_err,dwB_err,dwC_err,kexAB_err,kexAC_err,kexBC_err,k12_err,k21_err,k13_err,k31_err,k23_err,k32_err,tau1_err,tau2_err,tau3_err,dG12_err,dG13_err,ddG12_err,ddG21_err,ddG13_err,ddG31_err,ddG23_err,ddG32_err,R1_err,R1b_err,R1c_err,R2_err,R2b_err,R2c_err
T8_N3_Off,1,0.14479796230683717,70.960783,gs,283.15,0.974605737678,0.0253942623218003,0.0,-1.266395040189208,0.0,281.69605417635046,0.0,0.0,7.15346349477,274.542590682,0.0,0.0,0.0,0.0,0.13979242373,0.00364242210113,0.0,2.05236873826,0.0,15.4389243894,13.3865556512,0.0,0.0,0.0,0.0,1.4676161074754068,1.4676161074754068,1.4676161074754068,7.9800158673867,7.9800158673867,7.9800158673867,0.00619083792972,0.006190837929722703,0.0,0.07772512279870274,0.0,76.04095557671403,0.0,0.0,2.57284730136,74.1294522682,0.0,0.0,0.0,0.0,0.0502783805926,0.000983493142597,0.0,0.253057176053,0.0,0.202374866053,0.151928759431,0.0,0.0,0.0,0.0,0.026633591062385015,0.026633591062385015,0.026633591062385015,0.04204247736087019,0.04204247736087019,0.04204247736087019
