Name,FitNum,RedChiSq,lf,AlignMag,Temp,pA,pB,pC,dwB,dwC,kexAB,kexAC,kexBC,k12,k21,k13,k31,k23,k32,tau1,tau2,tau3,dG12,dG13,ddG12,ddG21,ddG13,ddG31,ddG23,ddG32,R1,R1b,R1c,R2,R2b,R2c,pA_err,pB_err,pC_err,dwB_err,dwC_err,kexAB_err,kexAC_err,kexBC_err,k12_err,k21_err,k13_err,k31_err,k23_err,k32_err,tau1_err,tau2_err,tau3_err,dG12_err,dG13_err,ddG12_err,ddG21_err,ddG13_err,ddG31_err,ddG23_err,ddG32_err,R1_err,R1b_err,R1c_err,R2_err,R2b_err,R2c_err
G_C8_Off,1,1.3336644917225626,150.88,auto,298.15,0.9,0.1,0.0,4.27,0.0,10.000000000000002,0.0,0.0,1.0,9.0,0.0,0.0,0.0,0.0,1.0,0.111111111111,0.0,1.30182205197,0.0,17.4531634499,16.151341398,0.0,0.0,0.0,0.0,1.7810198515633247,1.7810198515633247,1.7810198515633247,19.93185826141309,19.93185826141309,19.93185826141309,0.1,0.1,0.0,4.27,0.0,1.1558533219897402,0.0,0.0,0.912885518025,1.37918725726,0.0,0.0,0.0,0.0,0.912885518025,0.017027003176,0.0,0.548438459511,0.0,0.540870746915,0.0907941573104,0.0,0.0,0.0,0.0,0.11710608992870822,0.11710608992870822,0.11710608992870822,0.15748110666409312,0.15748110666409312,0.15748110666409312
