Name,FitNum,RedChiSq,lf,AlignMag,Temp,pA,pB,pC,dwB,dwC,kexAB,kexAC,kexBC,k12,k21,k13,k31,k23,k32,tau1,tau2,tau3,dG12,dG13,ddG12,ddG21,ddG13,ddG31,ddG23,ddG32,R1,R1b,R1c,R2,R2b,R2c,pA_err,pB_err,pC_err,dwB_err,dwC_err,kexAB_err,kexAC_err,kexBC_err,k12_err,k21_err,k13_err,k31_err,k23_err,k32_err,tau1_err,tau2_err,tau3_err,dG12_err,dG13_err,ddG12_err,ddG21_err,ddG13_err,ddG31_err,ddG23_err,ddG32_err,R1_err,R1b_err,R1c_err,R2_err,R2b_err,R2c_err
ac1p,1,1.6250204613368577,176.04,auto,298.15,0.9825,0.0175,0.0,3.816264645893773,0.0,2524.2317357572483,0.0,0.0,44.1740553758,2480.05768038,0.0,0.0,0.0,0.0,0.0226377223348,0.000403216428356,0.0,2.38646900179,0.0,15.2087496749,12.8222806731,0.0,0.0,0.0,0.0,1.3982621912135857,1.3982621912135857,1.3982621912135857,20.74103422959835,20.74103422959835,20.74103422959835,0.0175,0.0175,0.0,0.09514951248903546,0.0,179.33210256797483,0.0,0.0,43.5211927515,181.462109336,0.0,0.0,0.0,0.0,0.0223031521287,2.95027426931e-05,0.0,0.585335775235,0.0,0.583728225529,0.0433512224872,0.0,0.0,0.0,0.0,0.48209699432143654,0.48209699432143654,0.48209699432143654,0.9239536113108769,0.9239536113108769,0.9239536113108769
