Name,FitNum,N,DF,K,ChiSq,RedChiSq,Rsq,AdjRsq,AIC,BIC,RSS,TSS,SDR
ac1p,1,195,188,7,305.50384673132925,1.6250204613368577,0.9870887422514897,0.9866054331379092,102.1466787355891,124.45874516425192,305.5038467313292,23661.819218703065,1.274762903969541
