Name,FitNum,RedChiSq,lf,AlignMag,Temp,pA,pB,pC,dwB,dwC,kexAB,kexAC,kexBC,k12,k21,k13,k31,k23,k32,tau1,tau2,tau3,dG12,dG13,ddG12,ddG21,ddG13,ddG31,ddG23,ddG32,R1,R1b,R1c,R2,R2b,R2c,pA_err,pB_err,pC_err,dwB_err,dwC_err,kexAB_err,kexAC_err,kexBC_err,k12_err,k21_err,k13_err,k31_err,k23_err,k32_err,tau1_err,tau2_err,tau3_err,dG12_err,dG13_err,ddG12_err,ddG21_err,ddG13_err,ddG31_err,ddG23_err,ddG32_err,R1_err,R1b_err,R1c_err,R2_err,R2b_err,R2c_err
gc8,1,1.2376586573404256,176.04,avg,298.15,0.999,0.001,0.0,3.8902523344590065,0.0,2568.0750118911283,0.0,0.0,2.56807501189,2565.50693688,0.0,0.0,0.0,0.0,0.389396725317,0.000389786511829,0.0,4.0921468707,0.0,16.8943575512,12.8022106805,0.0,0.0,0.0,0.0,2.1743778600144616,2.1743778600144616,2.1743778600144616,28.23242847164693,28.23242847164693,28.23242847164693,0.001,0.001,0.0,0.5602800818963649,0.0,993.860959090072,0.0,0.0,2.75128916041,992.870412684,0.0,0.0,0.0,0.0,0.417177451789,0.000150850301473,0.0,0.674899843544,0.0,0.634754382092,0.229296038411,0.0,0.0,0.0,0.0,0.16394891189340632,0.16394891189340632,0.16394891189340632,0.38427179188690747,0.38427179188690747,0.38427179188690747
