Name,FitNum,N,DF,K,ChiSq,RedChiSq,Rsq,AdjRsq,AIC,BIC,RSS,TSS,SDR
c15_c6,1,138,134,4,57.056797528499224,0.4257969964813375,0.9970574314147833,0.9969689331114686,-113.58174037018581,-102.17347750925624,57.056797528499196,19390.13344162995,0.652531222610334
