Name,FitNum,RedChiSq,lf,AlignMag,Temp,pA,pB,pC,dwB,dwC,kexAB,kexAC,kexBC,k12,k21,k13,k31,k23,k32,tau1,tau2,tau3,dG12,dG13,ddG12,ddG21,ddG13,ddG31,ddG23,ddG32,R1,R1b,R1c,R2,R2b,R2c,pA_err,pB_err,pC_err,dwB_err,dwC_err,kexAB_err,kexAC_err,kexBC_err,k12_err,k21_err,k13_err,k31_err,k23_err,k32_err,tau1_err,tau2_err,tau3_err,dG12_err,dG13_err,ddG12_err,ddG21_err,ddG13_err,ddG31_err,ddG23_err,ddG32_err,R1_err,R1b_err,R1c_err,R2_err,R2b_err,R2c_err
c15_c6,1,0.4257969964813375,176.002098,auto,298.15,0.992,0.008,0.0,2.045345626894779,0.0,4979.928581295347,0.0,0.0,39.8394286504,4940.08915264,0.0,0.0,0.0,0.0,0.0251007615791,0.000202425496606,0.0,2.85594331299,0.0,15.2699418214,12.4139985084,0.0,0.0,0.0,0.0,1.9194652636754164,1.9194652636754164,1.9194652636754164,29.583814690032273,29.583814690032273,29.583814690032273,0.008,0.008,0.0,0.12642956965124233,0.0,519.9692345122045,0.0,0.0,39.7403058033,517.321378514,0.0,0.0,0.0,0.0,0.0250383094046,2.11978030587e-05,0.0,0.594258407574,0.0,0.591010611911,0.0620444323118,0.0,0.0,0.0,0.0,0.05552203847274991,0.05552203847274991,0.05552203847274991,0.35933978616998974,0.35933978616998974,0.35933978616998974
