Name,FitNum,RedChiSq,lf,AlignMag,Temp,pA,pB,pC,dwB,dwC,kexAB,kexAC,kexBC,k12,k21,k13,k31,k23,k32,tau1,tau2,tau3,dG12,dG13,ddG12,ddG21,ddG13,ddG31,ddG23,ddG32,R1,R1b,R1c,R2,R2b,R2c,pA_err,pB_err,pC_err,dwB_err,dwC_err,kexAB_err,kexAC_err,kexBC_err,k12_err,k21_err,k13_err,k31_err,k23_err,k32_err,tau1_err,tau2_err,tau3_err,dG12_err,dG13_err,ddG12_err,ddG21_err,ddG13_err,ddG31_err,ddG23_err,ddG32_err,R1_err,R1b_err,R1c_err,R2_err,R2b_err,R2c_err
gc8,1,0.1397655293836636,150.7,auto,298.15,0.9925,0.0075,0.0,2.7167472382677635,0.0,283.9342765899917,0.0,0.0,2.12950707442,281.804769516,0.0,0.0,0.0,0.0,0.469592241327,0.0035485559798,0.0,2.89447995867,0.0,17.0053098376,14.1108298789,0.0,0.0,0.0,0.0,2.1662810397858006,2.1662810397858006,2.1662810397858006,24.05240751372245,24.05240751372245,24.05240751372245,0.0075,0.0075,0.0,0.08185440937084537,0.0,10.51239001198314,0.0,0.0,2.11506613282,10.645477601,0.0,0.0,0.0,0.0,0.466407770039,0.000134050510443,0.0,0.588892379808,0.0,0.588466899992,0.0223817472434,0.0,0.0,0.0,0.0,0.05555465410060191,0.05555465410060191,0.05555465410060191,0.06288013881025124,0.06288013881025124,0.06288013881025124
