Name,FitNum,N,DF,K,ChiSq,RedChiSq,Rsq,AdjRsq,AIC,BIC,RSS,TSS,SDR
gc1p,1,220,213,7,84.39211571888981,0.39620711605112585,0.978918750792536,0.9782226718092707,-196.26548236193182,-173.03839142425775,84.39211571888978,4003.1838193445337,0.6294498518953879
