Name,FitNum,N,DF,K,ChiSq,RedChiSq,Rsq,AdjRsq,AIC,BIC,RSS,TSS,SDR
gc8,1,220,213,7,84.39211571888981,0.39620711605112585,0.9863699873904098,0.9859199398042441,-196.26548236193182,-173.03839142425775,84.39211571888978,6191.638858757249,0.6294498518953879
