Name,FitNum,RedChiSq,lf,AlignMag,Temp,pA,pB,pC,dwB,dwC,kexAB,kexAC,kexBC,k12,k21,k13,k31,k23,k32,tau1,tau2,tau3,dG12,dG13,ddG12,ddG21,ddG13,ddG31,ddG23,ddG32,R1,R1b,R1c,R2,R2b,R2c,pA_err,pB_err,pC_err,dwB_err,dwC_err,kexAB_err,kexAC_err,kexBC_err,k12_err,k21_err,k13_err,k31_err,k23_err,k32_err,tau1_err,tau2_err,tau3_err,dG12_err,dG13_err,ddG12_err,ddG21_err,ddG13_err,ddG31_err,ddG23_err,ddG32_err,R1_err,R1b_err,R1c_err,R2_err,R2b_err,R2c_err
gc8,1,0.39620711605112585,150.7,auto,298.15,0.99,0.01,0.0,2.818907891232606,0.0,872.1734886401384,0.0,0.0,8.7217348864,863.451753754,0.0,0.0,0.0,0.0,0.114656087696,0.00115814229996,0.0,2.72253843054,0.0,16.1699492136,13.447410783,0.0,0.0,0.0,0.0,1.7241479679457494,1.7241479679457494,1.7241479679457494,21.9223647537338,21.9223647537338,21.9223647537338,0.01,0.01,0.0,0.0474381835027488,0.0,24.660100987542652,0.0,0.0,8.63847857149,25.8955880631,0.0,0.0,0.0,0.0,0.113561598645,3.47335861997e-05,0.0,0.587097942913,0.0,0.586828982297,0.017769077339,0.0,0.0,0.0,0.0,0.09670770846593679,0.09670770846593679,0.09670770846593679,0.1277154129744175,0.1277154129744175,0.1277154129744175
