Name,FitNum,RedChiSq,lf,AlignMag,Temp,pA,pB,pC,dwB,dwC,kexAB,kexAC,kexBC,k12,k21,k13,k31,k23,k32,tau1,tau2,tau3,dG12,dG13,ddG12,ddG21,ddG13,ddG31,ddG23,ddG32,R1,R1b,R1c,R2,R2b,R2c,pA_err,pB_err,pC_err,dwB_err,dwC_err,kexAB_err,kexAC_err,kexBC_err,k12_err,k21_err,k13_err,k31_err,k23_err,k32_err,tau1_err,tau2_err,tau3_err,dG12_err,dG13_err,ddG12_err,ddG21_err,ddG13_err,ddG31_err,ddG23_err,ddG32_err,R1_err,R1b_err,R1c_err,R2_err,R2b_err,R2c_err
G10_C1p_Off,1,0.36875915916353136,170.4,auto,298.15,0.98,0.02,0.0,0.546205094166362,0.0,5509.142918054662,0.0,0.0,110.182858361,5398.96005969,0.0,0.0,0.0,0.0,0.00907582190982,0.000185220855302,0.0,2.30584417206,0.0,14.6672164222,12.3613722501,0.0,0.0,0.0,0.0,1.729433508601586,1.729433508601586,1.729433508601586,14.679824334084255,14.679824334084255,14.679824334084255,0.02,0.02,0.0,0.20112895264442338,0.0,2762.525739579091,0.0,0.0,121.313574591,2709.42863105,0.0,0.0,0.0,0.0,0.00999266505345,9.29517319771e-05,0.0,0.716904587837,0.0,0.652337794174,0.297334139235,0.0,0.0,0.0,0.0,0.07569985637573774,0.07569985637573774,0.07569985637573774,0.42418223098949653,0.42418223098949653,0.42418223098949653
