Name,FitNum,N,DF,K,ChiSq,RedChiSq,Rsq,AdjRsq,AIC,BIC,RSS,TSS,SDR
gc8,1,190,183,7,191.7093828625284,1.0475922560793902,0.9738229608824995,0.9728161516856726,16.31712384220326,38.43090773194205,191.70938286252846,7323.570171630386,1.0235195435747138
