Name,FitNum,N,DF,K,ChiSq,RedChiSq,Rsq,AdjRsq,AIC,BIC,RSS,TSS,SDR
G10_C8_Off,1,97,93,4,1620.456515301816,17.42426360539587,0.9587767701732284,0.956984455832934,281.56274693931636,291.42680824463423,1620.4565153018161,39309.30502319453,4.174238086812475
