Name,FitNum,RedChiSq,lf,AlignMag,Temp,pA,pB,pC,dwB,dwC,kexAB,kexAC,kexBC,k12,k21,k13,k31,k23,k32,tau1,tau2,tau3,dG12,dG13,ddG12,ddG21,ddG13,ddG31,ddG23,ddG32,R1,R1b,R1c,R2,R2b,R2c,pA_err,pB_err,pC_err,dwB_err,dwC_err,kexAB_err,kexAC_err,kexBC_err,k12_err,k21_err,k13_err,k31_err,k23_err,k32_err,tau1_err,tau2_err,tau3_err,dG12_err,dG13_err,ddG12_err,ddG21_err,ddG13_err,ddG31_err,ddG23_err,ddG32_err,R1_err,R1b_err,R1c_err,R2_err,R2b_err,R2c_err
G10_C8_Off,1,17.42426360539587,176.04,auto,298.15,0.9995,0.0005,0.0,6.923348347883317,0.0,4747.673148327476,0.0,0.0,2.37383657416,4745.29931175,0.0,0.0,0.0,0.0,0.421258990987,0.000210734862925,0.0,4.50312246865,0.0,16.9409559682,12.4378334995,0.0,0.0,0.0,0.0,4.095102066456909,4.095102066456909,4.095102066456909,56.140187358888475,56.140187358888475,56.140187358888475,0.0005,0.0005,0.0,17.107559691603274,0.0,44950.22734276006,0.0,0.0,22.6000044765,44927.7522917,0.0,0.0,0.0,0.0,4.01057730162,0.00199520474868,0.0,7.95517800923,0.0,5.64072443866,5.60955300944,0.0,0.0,0.0,0.0,2.2799480211332814,2.2799480211332814,2.2799480211332814,8.173431978346601,8.173431978346601,8.173431978346601
