Name,FitNum,RedChiSq,lf,AlignMag,Temp,pA,pB,pC,dwB,dwC,kexAB,kexAC,kexBC,k12,k21,k13,k31,k23,k32,tau1,tau2,tau3,dG12,dG13,ddG12,ddG21,ddG13,ddG31,ddG23,ddG32,R1,R1b,R1c,R2,R2b,R2c,pA_err,pB_err,pC_err,dwB_err,dwC_err,kexAB_err,kexAC_err,kexBC_err,k12_err,k21_err,k13_err,k31_err,k23_err,k32_err,tau1_err,tau2_err,tau3_err,dG12_err,dG13_err,ddG12_err,ddG21_err,ddG13_err,ddG31_err,ddG23_err,ddG32_err,R1_err,R1b_err,R1c_err,R2_err,R2b_err,R2c_err
A21_C1p_Off,1,0.21483907370797928,150.7,avg,298.15,0.9955,0.0045,0.0,2.6955066096161837,0.0,384.8111362982775,0.0,0.0,1.73165011334,383.079486185,0.0,0.0,0.0,0.0,0.577483864838,0.00261042430113,0.0,3.1989245348,0.0,17.1278450188,13.928920484,0.0,0.0,0.0,0.0,1.647467323884428,1.647467323884428,1.647467323884428,14.618597792261903,14.618597792261903,14.618597792261903,0.0045,0.0045,0.0,0.15587613106578369,0.0,40.291882397679906,0.0,0.0,1.73338415375,40.1475962629,0.0,0.0,0.0,0.0,0.578062145838,0.000273578368709,0.0,0.59631971949,0.0,0.593078051484,0.0620937412426,0.0,0.0,0.0,0.0,0.06751201568536433,0.06751201568536433,0.06751201568536433,0.08219545362302047,0.08219545362302047,0.08219545362302047
