Name,FitNum,N,DF,K,ChiSq,RedChiSq,Rsq,AdjRsq,AIC,BIC,RSS,TSS,SDR
A16_C8_Off,1,95,91,4,61.50518041773275,0.6758811034915687,0.9953375451915716,0.9951303249778637,-32.857326716142026,-23.086263594184306,61.505180417732774,13191.587467303481,0.8221198838925919
