Name,FitNum,N,DF,K,ChiSq,RedChiSq,Rsq,AdjRsq,AIC,BIC,RSS,TSS,SDR
g10c1p,1,180,173,7,1524.7630310983466,8.813659139296801,0.7746979534085223,0.7655286840704971,399.24590138471035,420.94543655024415,1524.7630310983461,6767.639505126548,2.968780749617054
