Name,FitNum,N,DF,K,ChiSq,RedChiSq,Rsq,AdjRsq,AIC,BIC,RSS,TSS,SDR
g10c8,1,180,173,7,1524.7630310983466,8.813659139296801,0.8443510650015565,0.8380165153213873,399.24590138471035,420.94543655024415,1524.7630310983461,9796.167452823202,2.968780749617054
