Name,FitNum,RedChiSq,lf,AlignMag,Temp,pA,pB,pC,dwB,dwC,kexAB,kexAC,kexBC,k12,k21,k13,k31,k23,k32,tau1,tau2,tau3,dG12,dG13,ddG12,ddG21,ddG13,ddG31,ddG23,ddG32,R1,R1b,R1c,R2,R2b,R2c,pA_err,pB_err,pC_err,dwB_err,dwC_err,kexAB_err,kexAC_err,kexBC_err,k12_err,k21_err,k13_err,k31_err,k23_err,k32_err,tau1_err,tau2_err,tau3_err,dG12_err,dG13_err,ddG12_err,ddG21_err,ddG13_err,ddG31_err,ddG23_err,ddG32_err,R1_err,R1b_err,R1c_err,R2_err,R2b_err,R2c_err
g10c8,1,8.813659139296801,176.04,auto,298.15,0.997,0.003,0.0,4.947352698452924,0.0,3802.622203222152,0.0,0.0,11.4078666097,3791.21433661,0.0,0.0,0.0,0.0,0.0876588089795,0.000263767730129,0.0,3.44004850013,0.0,16.010875947,12.5708274469,0.0,0.0,0.0,0.0,1.9281346894429126,1.9281346894429126,1.9281346894429126,28.749252295275202,28.749252295275202,28.749252295275202,0.003,0.003,0.0,1.2464215012210362,0.0,1586.0594859295807,0.0,0.0,12.3288762183,1581.34221026,0.0,0.0,0.0,0.0,0.094735908328,0.000110019378574,0.0,0.686353516613,0.0,0.640318771272,0.24712956303,0.0,0.0,0.0,0.0,1.1675430945416525,1.1675430945416525,1.1675430945416525,2.1596302616288408,2.1596302616288408,2.1596302616288408
