Name,FitNum,RedChiSq,lf,AlignMag,Temp,pA,pB,pC,dwB,dwC,kexAB,kexAC,kexBC,k12,k21,k13,k31,k23,k32,tau1,tau2,tau3,dG12,dG13,ddG12,ddG21,ddG13,ddG31,ddG23,ddG32,R1,R1b,R1c,R2,R2b,R2c,pA_err,pB_err,pC_err,dwB_err,dwC_err,kexAB_err,kexAC_err,kexBC_err,k12_err,k21_err,k13_err,k31_err,k23_err,k32_err,tau1_err,tau2_err,tau3_err,dG12_err,dG13_err,ddG12_err,ddG21_err,ddG13_err,ddG31_err,ddG23_err,ddG32_err,R1_err,R1b_err,R1c_err,R2_err,R2b_err,R2c_err
gc1p,1,0.16540214357845603,150.88,gs,298.15,0.992676891791,0.007323108208634917,0.0,3.9017762807046497,0.0,697.6080814908253,0.0,0.0,5.10865946798,692.499422023,0.0,0.0,0.0,0.0,0.195746067294,0.00144404452653,0.0,2.90872707011,0.0,16.4868581304,13.5781310603,0.0,0.0,0.0,0.0,2.2197256808453867,2.2197256808453867,2.2197256808453867,13.305945040384687,13.305945040384687,13.305945040384687,0.000142722079755,0.00014272207975472306,0.0,0.0207816437003037,0.0,18.792753616315217,0.0,0.0,0.169435891977,18.6553940744,0.0,0.0,0.0,0.0,0.0064921942284,3.8901432762e-05,0.0,0.0253160370488,0.0,0.0196505918119,0.0159610768214,0.0,0.0,0.0,0.0,0.028072832846907363,0.028072832846907363,0.028072832846907363,0.05930747915435572,0.05930747915435572,0.05930747915435572
