Name,FitNum,RedChiSq,lf,AlignMag,Temp,pA,pB,pC,dwB,dwC,kexAB,kexAC,kexBC,k12,k21,k13,k31,k23,k32,tau1,tau2,tau3,dG12,dG13,ddG12,ddG21,ddG13,ddG31,ddG23,ddG32,R1,R1b,R1c,R2,R2b,R2c,pA_err,pB_err,pC_err,dwB_err,dwC_err,kexAB_err,kexAC_err,kexBC_err,k12_err,k21_err,k13_err,k31_err,k23_err,k32_err,tau1_err,tau2_err,tau3_err,dG12_err,dG13_err,ddG12_err,ddG21_err,ddG13_err,ddG31_err,ddG23_err,ddG32_err,R1_err,R1b_err,R1c_err,R2_err,R2b_err,R2c_err
A16_C8_Off,1,0.22866196996059987,150.7,auto,298.15,0.999,0.001,0.0,3.321766115947787,0.0,2761.6286787788626,0.0,0.0,2.76162867878,2758.8670501,0.0,0.0,0.0,0.0,0.362105161959,0.000362467629589,0.0,4.0921468707,0.0,16.8513052329,12.7591583622,0.0,0.0,0.0,0.0,2.1008035394562126,2.1008035394562126,2.1008035394562126,22.33958677526707,22.33958677526707,22.33958677526707,0.001,0.001,0.0,0.24388579733201116,0.0,625.7788567341595,0.0,0.0,2.82894931101,625.159165441,0.0,0.0,0.0,0.0,0.370932253242,8.21351506607e-05,0.0,0.621599829203,0.0,0.606927837564,0.134257020882,0.0,0.0,0.0,0.0,0.060428840462321415,0.060428840462321415,0.060428840462321415,0.155846800181962,0.155846800181962,0.155846800181962
