Name,FitNum,RedChiSq,lf,AlignMag,Temp,pA,pB,pC,dwB,dwC,kexAB,kexAC,kexBC,k12,k21,k13,k31,k23,k32,tau1,tau2,tau3,dG12,dG13,ddG12,ddG21,ddG13,ddG31,ddG23,ddG32,R1,R1b,R1c,R2,R2b,R2c,pA_err,pB_err,pC_err,dwB_err,dwC_err,kexAB_err,kexAC_err,kexBC_err,k12_err,k21_err,k13_err,k31_err,k23_err,k32_err,tau1_err,tau2_err,tau3_err,dG12_err,dG13_err,ddG12_err,ddG21_err,ddG13_err,ddG31_err,ddG23_err,ddG32_err,R1_err,R1b_err,R1c_err,R2_err,R2b_err,R2c_err
hpGBCm6A_m6A_C2_65C,1,80.21935063211185,150.88,auto,298.15,0.9975,0.0025,0.0,5.480504513905301,0.0,3511.717253234326,0.0,0.0,8.77929313309,3502.9379601,0.0,0.0,0.0,0.0,0.113904386702,0.000285474653388,0.0,3.54836830122,0.0,16.1660520132,12.617683712,0.0,0.0,0.0,0.0,5.753163178728372,5.753163178728372,5.753163178728372,13.881021777182264,13.881021777182264,13.881021777182264,0.0025,0.0025,0.0,1.3316680856816836,0.0,2610.771885888896,0.0,0.0,10.9221052425,2604.25968047,0.0,0.0,0.0,0.0,0.141705679521,0.000212236168063,0.0,0.85868241311,0.0,0.737095878208,0.44048286336,0.0,0.0,0.0,0.0,0.5909378512629674,0.5909378512629674,0.5909378512629674,2.037544633707955,2.037544633707955,2.037544633707955
