Name,FitNum,RedChiSq,lf,AlignMag,Temp,pA,pB,pC,dwB,dwC,kexAB,kexAC,kexBC,k12,k21,k13,k31,k23,k32,tau1,tau2,tau3,dG12,dG13,ddG12,ddG21,ddG13,ddG31,ddG23,ddG32,R1,R1b,R1c,R2,R2b,R2c,pA_err,pB_err,pC_err,dwB_err,dwC_err,kexAB_err,kexAC_err,kexBC_err,k12_err,k21_err,k13_err,k31_err,k23_err,k32_err,tau1_err,tau2_err,tau3_err,dG12_err,dG13_err,ddG12_err,ddG21_err,ddG13_err,ddG31_err,ddG23_err,ddG32_err,R1_err,R1b_err,R1c_err,R2_err,R2b_err,R2c_err
g10c8,1,11.914270207204142,176.04,auto,298.15,0.998,0.002,0.0,5.381781791487737,0.0,4095.3599299472785,0.0,0.0,8.19071985989,4087.16921009,0.0,0.0,0.0,0.0,0.122089391055,0.000244668118348,0.0,3.68087436261,0.0,16.2071669631,12.5262926005,0.0,0.0,0.0,0.0,2.2391169677590517,2.2391169677590517,2.2391169677590517,30.23485063223675,30.23485063223675,30.23485063223675,0.002,0.002,0.0,2.2717313069468514,0.0,2830.221146962257,0.0,0.0,9.94287101002,2824.57253305,0.0,0.0,0.0,0.0,0.148206639675,0.000169085939748,0.0,0.8276133988,0.0,0.719228533562,0.409456046949,0.0,0.0,0.0,0.0,1.3584259011786806,1.3584259011786806,1.3584259011786806,2.609744123562752,2.609744123562752,2.609744123562752
