Name,FitNum,N,DF,K,ChiSq,RedChiSq,Rsq,AdjRsq,AIC,BIC,RSS,TSS,SDR
g10c1p,1,180,173,7,2061.1687458463166,11.914270207204142,0.695437568108502,0.6830425854152433,453.50405121594764,475.2035863814814,2061.1687458463157,6767.639505126548,3.4517054056225795
