Name,FitNum,RedChiSq,lf,AlignMag,Temp,pA,pB,pC,dwB,dwC,kexAB,kexAC,kexBC,k12,k21,k13,k31,k23,k32,tau1,tau2,tau3,dG12,dG13,ddG12,ddG21,ddG13,ddG31,ddG23,ddG32,R1,R1b,R1c,R2,R2b,R2c,pA_err,pB_err,pC_err,dwB_err,dwC_err,kexAB_err,kexAC_err,kexBC_err,k12_err,k21_err,k13_err,k31_err,k23_err,k32_err,tau1_err,tau2_err,tau3_err,dG12_err,dG13_err,ddG12_err,ddG21_err,ddG13_err,ddG31_err,ddG23_err,ddG32_err,R1_err,R1b_err,R1c_err,R2_err,R2b_err,R2c_err
A16_C8_Off,1,1.888851103968492,150.7,auto,298.15,0.9995,0.0005,0.0,4.855525626919352,0.0,2887.2302317215317,0.0,0.0,1.44361511586,2885.78661661,0.0,0.0,0.0,0.0,0.692705409505,0.000346525967736,0.0,4.50312246865,0.0,17.2356323991,12.7325099304,0.0,0.0,0.0,0.0,3.352885528784454,3.352885528784454,3.352885528784454,31.056377697009662,31.056377697009662,31.056377697009662,0.0005,0.0005,0.0,2.341108400460028,0.0,4173.074259126689,0.0,0.0,2.5368442627,4170.98797157,0.0,0.0,0.0,0.0,1.21728134081,0.000500853263006,0.0,1.34809565623,0.0,1.04116500268,0.856351175362,0.0,0.0,0.0,0.0,0.1887803290631716,0.1887803290631716,0.1887803290631716,0.6633297154152604,0.6633297154152604,0.6633297154152604
