Name,FitNum,RedChiSq,lf,AlignMag,Temp,pA,pB,pC,dwB,dwC,kexAB,kexAC,kexBC,k12,k21,k13,k31,k23,k32,tau1,tau2,tau3,dG12,dG13,ddG12,ddG21,ddG13,ddG31,ddG23,ddG32,R1,R1b,R1c,R2,R2b,R2c,pA_err,pB_err,pC_err,dwB_err,dwC_err,kexAB_err,kexAC_err,kexBC_err,k12_err,k21_err,k13_err,k31_err,k23_err,k32_err,tau1_err,tau2_err,tau3_err,dG12_err,dG13_err,ddG12_err,ddG21_err,ddG13_err,ddG31_err,ddG23_err,ddG32_err,R1_err,R1b_err,R1c_err,R2_err,R2b_err,R2c_err
A21_C1p_Off,1,0.21663607019514966,150.7,avg,298.15,0.995,0.005,0.0,2.694231924983443,0.0,340.68945401144214,0.0,0.0,1.70344727006,338.986006741,0.0,0.0,0.0,0.0,0.587044881035,0.00294997427656,0.0,3.13620237989,0.0,17.1375740763,14.0013716964,0.0,0.0,0.0,0.0,1.6475332787007504,1.6475332787007504,1.6475332787007504,14.626179337004476,14.626179337004476,14.626179337004476,0.005,0.005,0.0,0.15568039008986262,0.0,34.79635985357539,0.0,0.0,1.70385739689,34.6638417158,0.0,0.0,0.0,0.0,0.58718621964,0.000301656821682,0.0,0.595716285018,0.0,0.592627397216,0.0605859744834,0.0,0.0,0.0,0.0,0.06778221340674467,0.06778221340674467,0.06778221340674467,0.0816778592496817,0.0816778592496817,0.0816778592496817
