Name,FitNum,N,DF,K,ChiSq,RedChiSq,Rsq,AdjRsq,AIC,BIC,RSS,TSS,SDR
gc8,1,216,209,7,165.08675424352526,0.7898887762848099,0.9714991005142722,0.9705399356277333,-43.52391281319938,-20.435425497871762,165.0867542435252,5792.334881437498,0.8887568713010379
