Name,FitNum,RedChiSq,lf,AlignMag,Temp,pA,pB,pC,dwB,dwC,kexAB,kexAC,kexBC,k12,k21,k13,k31,k23,k32,tau1,tau2,tau3,dG12,dG13,ddG12,ddG21,ddG13,ddG31,ddG23,ddG32,R1,R1b,R1c,R2,R2b,R2c,pA_err,pB_err,pC_err,dwB_err,dwC_err,kexAB_err,kexAC_err,kexBC_err,k12_err,k21_err,k13_err,k31_err,k23_err,k32_err,tau1_err,tau2_err,tau3_err,dG12_err,dG13_err,ddG12_err,ddG21_err,ddG13_err,ddG31_err,ddG23_err,ddG32_err,R1_err,R1b_err,R1c_err,R2_err,R2b_err,R2c_err
A16_C8_Off,1,4.030358196350218,176.04,auto,298.15,0.999,0.001,0.0,6.61823514301669,0.0,4826.330875396215,0.0,0.0,4.8263308754,4821.50454452,0.0,0.0,0.0,0.0,0.207196735122,0.000207404139261,0.0,4.0921468707,0.0,16.5205411899,12.4283943192,0.0,0.0,0.0,0.0,1.624062934353261,1.624062934353261,1.624062934353261,34.44827592142765,34.44827592142765,34.44827592142765,0.001,0.001,0.0,3.074498130727055,0.0,8553.270669715605,0.0,0.0,9.81862355505,8544.71875936,0.0,0.0,0.0,0.0,0.421518291331,0.000367563697835,0.0,1.598551725,0.0,1.20534311917,1.05000742025,0.0,0.0,0.0,0.0,0.7335516072960863,0.7335516072960863,0.7335516072960863,2.8892170940598425,2.8892170940598425,2.8892170940598425
