Name,FitNum,RedChiSq,lf,AlignMag,Temp,pA,pB,pC,dwB,dwC,kexAB,kexAC,kexBC,k12,k21,k13,k31,k23,k32,tau1,tau2,tau3,dG12,dG13,ddG12,ddG21,ddG13,ddG31,ddG23,ddG32,R1,R1b,R1c,R2,R2b,R2c,pA_err,pB_err,pC_err,dwB_err,dwC_err,kexAB_err,kexAC_err,kexBC_err,k12_err,k21_err,k13_err,k31_err,k23_err,k32_err,tau1_err,tau2_err,tau3_err,dG12_err,dG13_err,ddG12_err,ddG21_err,ddG13_err,ddG31_err,ddG23_err,ddG32_err,R1_err,R1b_err,R1c_err,R2_err,R2b_err,R2c_err
G10_C1p_Off,1,0.35687581061115853,170.4,auto,298.15,0.995,0.005,0.0,1.0984992052195863,0.0,4984.287966635389,0.0,0.0,24.9214398332,4959.3665268,0.0,0.0,0.0,0.0,0.0401260925008,0.000201638655783,0.0,3.13620237989,0.0,15.5478933746,12.4116909947,0.0,0.0,0.0,0.0,1.71668278487629,1.71668278487629,1.71668278487629,14.627748057348777,14.627748057348777,14.627748057348777,0.005,0.005,0.0,0.3130116838447897,0.0,2045.204108425134,0.0,0.0,26.822936673,2035.1291646,0.0,0.0,0.0,0.0,0.0431876988363,8.2744581768e-05,0.0,0.682468577647,0.0,0.637691120804,0.243132461684,0.0,0.0,0.0,0.0,0.07448100988382583,0.07448100988382583,0.07448100988382583,0.36096043727824667,0.36096043727824667,0.36096043727824667
