Name,FitNum,N,DF,K,ChiSq,RedChiSq,Rsq,AdjRsq,AIC,BIC,RSS,TSS,SDR
G10_C1p_Off,1,87,83,4,29.620692280726157,0.35687581061115853,0.982878598516841,0.9820434082005893,-85.24903472948442,-75.87320713291487,29.620692280726157,1730.0389988437446,0.5973908357274645
