Name,FitNum,N,DF,K,ChiSq,RedChiSq,Rsq,AdjRsq,AIC,BIC,RSS,TSS,SDR
ac8,1,196,189,7,86.72508234877637,0.45886286957024536,0.9911384898882507,0.9908085400436644,-145.21707261902034,-122.86601468525778,86.72508234877637,9786.715949665248,0.6773941759199331
