Name,FitNum,RedChiSq,lf,AlignMag,Temp,pA,pB,pC,dwB,dwC,kexAB,kexAC,kexBC,k12,k21,k13,k31,k23,k32,tau1,tau2,tau3,dG12,dG13,ddG12,ddG21,ddG13,ddG31,ddG23,ddG32,R1,R1b,R1c,R2,R2b,R2c,pA_err,pB_err,pC_err,dwB_err,dwC_err,kexAB_err,kexAC_err,kexBC_err,k12_err,k21_err,k13_err,k31_err,k23_err,k32_err,tau1_err,tau2_err,tau3_err,dG12_err,dG13_err,ddG12_err,ddG21_err,ddG13_err,ddG31_err,ddG23_err,ddG32_err,R1_err,R1b_err,R1c_err,R2_err,R2b_err,R2c_err
ac1p,1,0.45886286957024536,176.04,auto,298.15,0.992,0.008,0.0,3.999588402796105,0.0,777.4813605313134,0.0,0.0,6.21985088425,771.261509647,0.0,0.0,0.0,0.0,0.160775558548,0.00129657708506,0.0,2.85594331299,0.0,16.3702518599,13.5143085469,0.0,0.0,0.0,0.0,0.6440690403020144,0.6440690403020144,0.6440690403020144,19.882502958361943,19.882502958361943,19.882502958361943,0.008,0.008,0.0,0.10204106540747705,0.0,28.701581192977905,0.0,0.0,6.17456347838,29.1328938645,0.0,0.0,0.0,0.0,0.159604934347,4.89756614764e-05,0.0,0.588596429044,0.0,0.588170803464,0.0223799516635,0.0,0.0,0.0,0.0,0.12746042396952387,0.12746042396952387,0.12746042396952387,0.18706915274115885,0.18706915274115885,0.18706915274115885
