Name,FitNum,RedChiSq,lf,AlignMag,Temp,pA,pB,pC,dwB,dwC,kexAB,kexAC,kexBC,k12,k21,k13,k31,k23,k32,tau1,tau2,tau3,dG12,dG13,ddG12,ddG21,ddG13,ddG31,ddG23,ddG32,R1,R1b,R1c,R2,R2b,R2c,pA_err,pB_err,pC_err,dwB_err,dwC_err,kexAB_err,kexAC_err,kexBC_err,k12_err,k21_err,k13_err,k31_err,k23_err,k32_err,tau1_err,tau2_err,tau3_err,dG12_err,dG13_err,ddG12_err,ddG21_err,ddG13_err,ddG31_err,ddG23_err,ddG32_err,R1_err,R1b_err,R1c_err,R2_err,R2b_err,R2c_err
A16_C8_Off,1,0.22225550491262955,150.7,auto,298.15,0.99,0.01,0.0,1.0887529002011527,0.0,3844.7358577254736,0.0,0.0,38.4473585773,3806.28849915,0.0,0.0,0.0,0.0,0.0260095891371,0.000262723122597,0.0,2.72253843054,0.0,15.291014783,12.5684763525,0.0,0.0,0.0,0.0,2.230841062585984,2.230841062585984,2.230841062585984,21.97108421029635,21.97108421029635,21.97108421029635,0.01,0.01,0.0,0.09010552193393831,0.0,586.0655078523142,0.0,0.0,38.5133523828,581.45214955,0.0,0.0,0.0,0.0,0.0260542338625,4.01338270613e-05,0.0,0.600363304995,0.0,0.593501732238,0.0905085179162,0.0,0.0,0.0,0.0,0.051969359425428484,0.051969359425428484,0.051969359425428484,0.18936513019088502,0.18936513019088502,0.18936513019088502
