Name,FitNum,N,DF,K,ChiSq,RedChiSq,Rsq,AdjRsq,AIC,BIC,RSS,TSS,SDR
A16_C8_Off,1,111,107,4,23.781339025651363,0.22225550491262955,0.9955523612583973,0.9953845258341859,-162.63246081297368,-152.17169849829037,23.781339025651345,5346.958331665673,0.47143982109345556
