Name,FitNum,RedChiSq,lf,AlignMag,Temp,pA,pB,pC,dwB,dwC,kexAB,kexAC,kexBC,k12,k21,k13,k31,k23,k32,tau1,tau2,tau3,dG12,dG13,ddG12,ddG21,ddG13,ddG31,ddG23,ddG32,R1,R1b,R1c,R2,R2b,R2c,pA_err,pB_err,pC_err,dwB_err,dwC_err,kexAB_err,kexAC_err,kexBC_err,k12_err,k21_err,k13_err,k31_err,k23_err,k32_err,tau1_err,tau2_err,tau3_err,dG12_err,dG13_err,ddG12_err,ddG21_err,ddG13_err,ddG31_err,ddG23_err,ddG32_err,R1_err,R1b_err,R1c_err,R2_err,R2b_err,R2c_err
hpGBCm6A_m6A_C2_65C,1,40.985495415899145,150.88,auto,298.15,0.995,0.005,0.0,4.371584733559066,0.0,2716.8192805385074,0.0,0.0,13.5840964027,2703.23518414,0.0,0.0,0.0,0.0,0.0736154964125,0.000369927117651,0.0,3.13620237989,0.0,15.9074301507,12.7712277708,0.0,0.0,0.0,0.0,5.422513146914806,5.422513146914806,5.422513146914806,12.21050093439468,12.21050093439468,12.21050093439468,0.005,0.005,0.0,0.43915037915576366,0.0,799.5009985660699,0.0,0.0,14.0950938584,795.618312957,0.0,0.0,0.0,0.0,0.0763847149351,0.000108877241237,0.0,0.639025620955,0.0,0.614772444025,0.17438057892,0.0,0.0,0.0,0.0,0.42219977807730286,0.42219977807730286,0.42219977807730286,1.1430982899347633,1.1430982899347633,1.1430982899347633
