Name,FitNum,RedChiSq,lf,AlignMag,Temp,pA,pB,pC,dwB,dwC,kexAB,kexAC,kexBC,k12,k21,k13,k31,k23,k32,tau1,tau2,tau3,dG12,dG13,ddG12,ddG21,ddG13,ddG31,ddG23,ddG32,R1,R1b,R1c,R2,R2b,R2c,pA_err,pB_err,pC_err,dwB_err,dwC_err,kexAB_err,kexAC_err,kexBC_err,k12_err,k21_err,k13_err,k31_err,k23_err,k32_err,tau1_err,tau2_err,tau3_err,dG12_err,dG13_err,ddG12_err,ddG21_err,ddG13_err,ddG31_err,ddG23_err,ddG32_err,R1_err,R1b_err,R1c_err,R2_err,R2b_err,R2c_err
ra16_c8_15c,1,1.658149387061789,150.784186,auto,298.15,0.9995,0.0005,0.0,7.151242567921078,0.0,5091.406686817806,0.0,0.0,2.54570334341,5088.86098347,0.0,0.0,0.0,0.0,0.392818747946,0.000196507627787,0.0,4.50312246865,0.0,16.8995415682,12.3964190996,0.0,0.0,0.0,0.0,1.8049740755277794,1.8049740755277794,1.8049740755277794,34.675964378151605,34.675964378151605,34.675964378151605,0.0005,0.0005,0.0,1.1394001066578494,0.0,2170.524367180057,0.0,0.0,2.76621079359,2169.44059712,0.0,0.0,0.0,0.0,0.426844495964,8.37734861983e-05,0.0,0.69158058731,0.0,0.643805458192,0.252583136304,0.0,0.0,0.0,0.0,0.08170135177701121,0.08170135177701121,0.08170135177701121,0.340068460997992,0.340068460997992,0.340068460997992
