Name,FitNum,RedChiSq,lf,AlignMag,Temp,pA,pB,pC,dwB,dwC,kexAB,kexAC,kexBC,k12,k21,k13,k31,k23,k32,tau1,tau2,tau3,dG12,dG13,ddG12,ddG21,ddG13,ddG31,ddG23,ddG32,R1,R1b,R1c,R2,R2b,R2c,pA_err,pB_err,pC_err,dwB_err,dwC_err,kexAB_err,kexAC_err,kexBC_err,k12_err,k21_err,k13_err,k31_err,k23_err,k32_err,tau1_err,tau2_err,tau3_err,dG12_err,dG13_err,ddG12_err,ddG21_err,ddG13_err,ddG31_err,ddG23_err,ddG32_err,R1_err,R1b_err,R1c_err,R2_err,R2b_err,R2c_err
A21_C1p_Off,1,0.15062472454285578,150.88,auto,298.15,0.9955,0.0045,0.0,2.588882852359349,0.0,2973.3310299312343,0.0,0.0,13.3799896347,2959.9510403,0.0,0.0,0.0,0.0,0.0747384734445,0.000337843425917,0.0,3.1989245348,0.0,15.9164000417,12.7174755069,0.0,0.0,0.0,0.0,2.0206451002462575,2.0206451002462575,2.0206451002462575,14.390244949103904,14.390244949103904,14.390244949103904,0.0045,0.0045,0.0,0.08742829676597608,0.0,218.03025031678376,0.0,0.0,13.3560018006,217.457439806,0.0,0.0,0.0,0.0,0.0746044812551,2.48201965015e-05,0.0,0.593022162072,0.0,0.591422533879,0.0435278201782,0.0,0.0,0.0,0.0,0.048322509909874065,0.048322509909874065,0.048322509909874065,0.18550996369528386,0.18550996369528386,0.18550996369528386
