Name,FitNum,N,DF,K,ChiSq,RedChiSq,Rsq,AdjRsq,AIC,BIC,RSS,TSS,SDR
A21_C1p_Off,1,102,98,4,14.761223005199865,0.15062472454285578,0.995261544582126,0.9950661443587085,-188.7504809535781,-178.66296083446161,14.761223005199861,3115.197190527273,0.38810401253124877
