param,fitval,fiterror
pB,0.00600,0.00000
pC,-0.00000,0.00000
dwB,-1.56636,0.03891
dwC,-0.00000,0.00000
kexAB,213.97762,18.21701
kexAC,0.00000,0.00000
kexBC,0.00000,0.00000
R1,1.23614,0.00797
R2,4.50071,0.26448
rchi2,25.96810,0.0