param,fitval,fiterror
pB,0.00600,0.00000
pC,0.00000,0.00000
dwB,2.78069,0.01593
dwC,-0.00000,0.00000
kexAB,213.97762,18.21701
kexAC,0.00000,0.00000
kexBC,-0.00000,0.00000
R1,3.30742,0.00431
R2,18.30094,0.16375
rchi2,25.96810,0.0