Name,FitNum,RedChiSq,lf,AlignMag,Temp,pA,pB,pC,dwB,dwC,kexAB,kexAC,kexBC,k12,k21,k13,k31,k23,k32,tau1,tau2,tau3,dG12,dG13,ddG12,ddG21,ddG13,ddG31,ddG23,ddG32,R1,R1b,R1c,R2,R2b,R2c,pA_err,pB_err,pC_err,dwB_err,dwC_err,kexAB_err,kexAC_err,kexBC_err,k12_err,k21_err,k13_err,k31_err,k23_err,k32_err,tau1_err,tau2_err,tau3_err,dG12_err,dG13_err,ddG12_err,ddG21_err,ddG13_err,ddG31_err,ddG23_err,ddG32_err,R1_err,R1b_err,R1c_err,R2_err,R2b_err,R2c_err
G10_C8_Off,1,0.17069945904765413,176.04,auto,298.15,0.975,0.025,0.0,3.3233386243821834,0.0,2954.709383626299,0.0,0.0,73.8677345907,2880.84164904,0.0,0.0,0.0,0.0,0.0135377104163,0.000347120779906,0.0,2.17060440196,0.0,14.9041304612,12.7335260592,0.0,0.0,0.0,0.0,0.4397523638853179,0.4397523638853179,0.4397523638853179,31.26184625137533,31.26184625137533,31.26184625137533,0.025,0.025,0.0,0.025182328588058234,0.0,87.96250841251076,0.0,0.0,72.0782667137,112.008076826,0.0,0.0,0.0,0.0,0.0132097553484,1.34961708141e-05,0.0,0.578590389035,0.0,0.57813162934,0.0230360031398,0.0,0.0,0.0,0.0,0.20227954894798258,0.20227954894798258,0.20227954894798258,0.5130824651610786,0.5130824651610786,0.5130824651610786
