Name,FitNum,RedChiSq,lf,AlignMag,Temp,pA,pB,pC,dwB,dwC,kexAB,kexAC,kexBC,k12,k21,k13,k31,k23,k32,tau1,tau2,tau3,dG12,dG13,ddG12,ddG21,ddG13,ddG31,ddG23,ddG32,R1,R1b,R1c,R2,R2b,R2c,pA_err,pB_err,pC_err,dwB_err,dwC_err,kexAB_err,kexAC_err,kexBC_err,k12_err,k21_err,k13_err,k31_err,k23_err,k32_err,tau1_err,tau2_err,tau3_err,dG12_err,dG13_err,ddG12_err,ddG21_err,ddG13_err,ddG31_err,ddG23_err,ddG32_err,R1_err,R1b_err,R1c_err,R2_err,R2b_err,R2c_err
A6RNAm6A_C2_37,1,0.4603539086266463,150.88,auto,298.15,0.97,0.03,0.0,2.110342134575803,0.0,25.425085585759174,0.0,0.0,0.762752567573,24.6623330182,0.0,0.0,0.0,0.0,1.3110411456,0.0405476642969,0.0,2.05953545938,0.0,17.6136211112,15.5540856518,0.0,0.0,0.0,0.0,4.540350940588832,4.540350940588832,4.540350940588832,21.05226580370172,21.05226580370172,21.05226580370172,0.03,0.03,0.0,0.011795428685623647,0.0,1.6059950540252734,0.0,0.0,0.741790073635,1.72473749309,0.0,0.0,0.0,0.0,1.27501020551,0.00283566347185,0.0,0.577689550479,0.0,0.576201672985,0.0414348739736,0.0,0.0,0.0,0.0,0.032477291008625474,0.032477291008625474,0.032477291008625474,0.03489211152756741,0.03489211152756741,0.03489211152756741
