Name,FitNum,RedChiSq,lf,AlignMag,Temp,pA,pB,pC,dwB,dwC,kexAB,kexAC,kexBC,k12,k21,k13,k31,k23,k32,tau1,tau2,tau3,dG12,dG13,ddG12,ddG21,ddG13,ddG31,ddG23,ddG32,R1,R1b,R1c,R2,R2b,R2c,pA_err,pB_err,pC_err,dwB_err,dwC_err,kexAB_err,kexAC_err,kexBC_err,k12_err,k21_err,k13_err,k31_err,k23_err,k32_err,tau1_err,tau2_err,tau3_err,dG12_err,dG13_err,ddG12_err,ddG21_err,ddG13_err,ddG31_err,ddG23_err,ddG32_err,R1_err,R1b_err,R1c_err,R2_err,R2b_err,R2c_err
gc1p,1,0.1502258676951817,176.04,avg,298.15,0.99554650154,0.004453498459825694,0.0,3.5757131374654887,0.0,844.9806720933396,0.0,0.0,3.76312012175,841.217551972,0.0,0.0,0.0,0.0,0.265736933089,0.00118875313248,0.0,3.20510660918,0.0,16.6679739649,13.4628673558,0.0,0.0,0.0,0.0,1.199027489041218,1.199027489041218,1.199027489041218,18.174807543197478,18.174807543197478,18.174807543197478,0.000272960472932,0.00027296047293204486,0.0,0.06711230891015611,0.0,72.1691651173666,0.0,0.0,0.395002974363,71.8481267794,0.0,0.0,0.0,0.0,0.027893576493,0.000101531031505,0.0,0.080178008449,0.0,0.0621912749277,0.0506039362274,0.0,0.0,0.0,0.0,0.057503445011470256,0.057503445011470256,0.057503445011470256,0.08515689530756572,0.08515689530756572,0.08515689530756572
