Name,FitNum,N,DF,K,ChiSq,RedChiSq,Rsq,AdjRsq,AIC,BIC,RSS,TSS,SDR
gc1p,1,308,301,7,1654.3703201356589,5.496246910749697,0.4071162011713968,0.39328224586539606,531.7713960566615,557.8820945374765,1654.370320135659,2790.378693774901,2.344407582044918
