Name,FitNum,N,DF,K,ChiSq,RedChiSq,Rsq,AdjRsq,AIC,BIC,RSS,TSS,SDR
gc8,1,308,301,7,1654.3703201356589,5.496246910749697,0.7140059308784454,0.7073327359322759,531.7713960566615,557.8820945374765,1654.370320135659,5784.631566721444,2.344407582044918
