Name,FitNum,RedChiSq,lf,AlignMag,Temp,pA,pB,pC,dwB,dwC,kexAB,kexAC,kexBC,k12,k21,k13,k31,k23,k32,tau1,tau2,tau3,dG12,dG13,ddG12,ddG21,ddG13,ddG31,ddG23,ddG32,R1,R1b,R1c,R2,R2b,R2c,pA_err,pB_err,pC_err,dwB_err,dwC_err,kexAB_err,kexAC_err,kexBC_err,k12_err,k21_err,k13_err,k31_err,k23_err,k32_err,tau1_err,tau2_err,tau3_err,dG12_err,dG13_err,ddG12_err,ddG21_err,ddG13_err,ddG31_err,ddG23_err,ddG32_err,R1_err,R1b_err,R1c_err,R2_err,R2b_err,R2c_err
gc1p,1,0.5363537718345611,150.88,auto,298.15,0.999,0.001,0.0,5.56878868187662,0.0,3323.100999921064,0.0,0.0,3.32310099992,3319.77789892,0.0,0.0,0.0,0.0,0.300923745629,0.0003012249706,0.0,4.0921468707,0.0,16.741649473,12.6495026023,0.0,0.0,0.0,0.0,2.584722849271107,2.584722849271107,2.584722849271107,13.740853809107444,13.740853809107444,13.740853809107444,0.001,0.001,0.0,0.42622899216460736,0.0,569.2159114543964,0.0,0.0,3.36822551131,568.656385956,0.0,0.0,0.0,0.0,0.305010000301,5.15978804475e-05,0.0,0.609045483205,0.0,0.600530121212,0.101488788195,0.0,0.0,0.0,0.0,0.10177283072313949,0.10177283072313949,0.10177283072313949,0.23174543345106066,0.23174543345106066,0.23174543345106066
