Name,FitNum,N,DF,K,ChiSq,RedChiSq,Rsq,AdjRsq,AIC,BIC,RSS,TSS,SDR
gc8,1,212,205,7,109.95252322608502,0.5363537718345611,0.9688542751365145,0.9677855492833557,-124.63695351803126,-101.6898692031703,109.95252322608498,3530.260531999712,0.7323617766067266
