Name,FitNum,RedChiSq,lf,AlignMag,Temp,pA,pB,pC,dwB,dwC,kexAB,kexAC,kexBC,k12,k21,k13,k31,k23,k32,tau1,tau2,tau3,dG12,dG13,ddG12,ddG21,ddG13,ddG31,ddG23,ddG32,R1,R1b,R1c,R2,R2b,R2c,pA_err,pB_err,pC_err,dwB_err,dwC_err,kexAB_err,kexAC_err,kexBC_err,k12_err,k21_err,k13_err,k31_err,k23_err,k32_err,tau1_err,tau2_err,tau3_err,dG12_err,dG13_err,ddG12_err,ddG21_err,ddG13_err,ddG31_err,ddG23_err,ddG32_err,R1_err,R1b_err,R1c_err,R2_err,R2b_err,R2c_err
ac8,1,0.16793262966474204,150.7,gs,298.15,0.994550017981,0.005449982018566238,0.0,2.3082467853102715,0.0,3602.905097504477,0.0,0.0,19.635767996,3583.26932951,0.0,0.0,0.0,0.0,0.0509274707362,0.000279074752145,0.0,3.08487735616,0.0,15.6891273233,12.6042499672,0.0,0.0,0.0,0.0,2.2940748342492037,2.2940748342492037,2.2940748342492037,30.25809990861363,30.25809990861363,30.25809990861363,0.000481723921395,0.00048172392139523163,0.0,0.11108963172753654,0.0,185.24356093171286,0.0,0.0,1.99972778399,184.242073328,0.0,0.0,0.0,0.0,0.00518650852977,1.43492733089e-05,0.0,0.0675935131249,0.0,0.0603392856442,0.0304639725661,0.0,0.0,0.0,0.0,0.07558596078667972,0.07558596078667972,0.07558596078667972,0.17176363120098334,0.17176363120098334,0.17176363120098334
