Name,FitNum,RedChiSq,lf,AlignMag,Temp,pA,pB,pC,dwB,dwC,kexAB,kexAC,kexBC,k12,k21,k13,k31,k23,k32,tau1,tau2,tau3,dG12,dG13,ddG12,ddG21,ddG13,ddG31,ddG23,ddG32,R1,R1b,R1c,R2,R2b,R2c,pA_err,pB_err,pC_err,dwB_err,dwC_err,kexAB_err,kexAC_err,kexBC_err,k12_err,k21_err,k13_err,k31_err,k23_err,k32_err,tau1_err,tau2_err,tau3_err,dG12_err,dG13_err,ddG12_err,ddG21_err,ddG13_err,ddG31_err,ddG23_err,ddG32_err,R1_err,R1b_err,R1c_err,R2_err,R2b_err,R2c_err
A16_C8_Off,1,0.20742440224137845,150.7,auto,298.15,0.9965,0.0035,0.0,1.787552239032226,0.0,3363.876960169156,0.0,0.0,11.7735693606,3352.10339081,0.0,0.0,0.0,0.0,0.0849360095798,0.000298320154069,0.0,3.34841936499,0.0,15.9921807048,12.6437613398,0.0,0.0,0.0,0.0,2.190893777986202,2.190893777986202,2.190893777986202,22.063555494812615,22.063555494812615,22.063555494812615,0.0035,0.0035,0.0,0.1271014142153343,0.0,507.13212845230396,0.0,0.0,11.8659388483,505.493338476,0.0,0.0,0.0,0.0,0.0856023746775,4.49863363488e-05,0.0,0.603780285257,0.0,0.597133085441,0.0893460191399,0.0,0.0,0.0,0.0,0.050712226086125085,0.050712226086125085,0.050712226086125085,0.16337446955396706,0.16337446955396706,0.16337446955396706
