Name,FitNum,N,DF,K,ChiSq,RedChiSq,Rsq,AdjRsq,AIC,BIC,RSS,TSS,SDR
ac1p,1,196,189,7,44.89365711497839,0.23753257732792799,0.9913763079756699,0.9910552130598703,-274.2726110312764,-251.92155309751388,44.89365711497839,5205.8511584503685,0.487373139727589
