Name,FitNum,RedChiSq,lf,AlignMag,Temp,pA,pB,pC,dwB,dwC,kexAB,kexAC,kexBC,k12,k21,k13,k31,k23,k32,tau1,tau2,tau3,dG12,dG13,ddG12,ddG21,ddG13,ddG31,ddG23,ddG32,R1,R1b,R1c,R2,R2b,R2c,pA_err,pB_err,pC_err,dwB_err,dwC_err,kexAB_err,kexAC_err,kexBC_err,k12_err,k21_err,k13_err,k31_err,k23_err,k32_err,tau1_err,tau2_err,tau3_err,dG12_err,dG13_err,ddG12_err,ddG21_err,ddG13_err,ddG31_err,ddG23_err,ddG32_err,R1_err,R1b_err,R1c_err,R2_err,R2b_err,R2c_err
c15_c6,1,0.4186140558112353,176.002098,auto,298.15,0.995,0.005,0.0,2.636434439021206,0.0,4957.641586884272,0.0,0.0,24.7882079344,4932.85337895,0.0,0.0,0.0,0.0,0.0403417626093,0.000202722425172,0.0,3.13620237989,0.0,15.5510693399,12.41486696,0.0,0.0,0.0,0.0,1.8632701400258302,1.8632701400258302,1.8632701400258302,29.78374770156823,29.78374770156823,29.78374770156823,0.005,0.005,0.0,0.16487570478344002,0.0,533.2614437734718,0.0,0.0,24.8082771877,531.168090493,0.0,0.0,0.0,0.0,0.0403744244723,2.18290865766e-05,0.0,0.596386692301,0.0,0.592964441759,0.0637985702269,0.0,0.0,0.0,0.0,0.05503817862825697,0.05503817862825697,0.05503817862825697,0.3554864615536711,0.3554864615536711,0.3554864615536711
