Name,FitNum,N,DF,K,ChiSq,RedChiSq,Rsq,AdjRsq,AIC,BIC,RSS,TSS,SDR
c15_c6,1,138,134,4,56.09428347870553,0.4186140558112353,0.9971070707869254,0.9970200653970586,-115.92957729053347,-104.5213144296039,56.09428347870554,19390.13344162995,0.6470039071066228
