Name,FitNum,N,DF,K,ChiSq,RedChiSq,Rsq,AdjRsq,AIC,BIC,RSS,TSS,SDR
hpGBCm6A_m6AC2_55C,1,91,87,4,92.53044968126798,1.0635683871410113,0.9417100629128842,0.9389989030483672,9.98283881041554,19.56116055741317,92.53044968126801,1587.4172165082093,1.0312945200770784
