Name,FitNum,RedChiSq,lf,AlignMag,Temp,pA,pB,pC,dwB,dwC,kexAB,kexAC,kexBC,k12,k21,k13,k31,k23,k32,tau1,tau2,tau3,dG12,dG13,ddG12,ddG21,ddG13,ddG31,ddG23,ddG32,R1,R1b,R1c,R2,R2b,R2c,pA_err,pB_err,pC_err,dwB_err,dwC_err,kexAB_err,kexAC_err,kexBC_err,k12_err,k21_err,k13_err,k31_err,k23_err,k32_err,tau1_err,tau2_err,tau3_err,dG12_err,dG13_err,ddG12_err,ddG21_err,ddG13_err,ddG31_err,ddG23_err,ddG32_err,R1_err,R1b_err,R1c_err,R2_err,R2b_err,R2c_err
gc8,1,1.6764752022061704,150.7,auto,298.15,0.965,0.035,0.0,1.3964512345607862,0.0,4014.4458142827734,0.0,0.0,140.5056035,3873.94021078,0.0,0.0,0.0,0.0,0.00711715387209,0.000258135114532,0.0,1.96514158904,0.0,14.5231798034,12.5580382143,0.0,0.0,0.0,0.0,2.985219096913577,2.985219096913577,2.985219096913577,18.467034586878164,18.467034586878164,18.467034586878164,0.035,0.035,0.0,0.05886248873352443,0.0,291.11560494574223,0.0,0.0,136.059108567,311.974351167,0.0,0.0,0.0,0.0,0.00689192165473,2.0788016977e-05,0.0,0.575715343588,0.0,0.573734746273,0.0477137062151,0.0,0.0,0.0,0.0,0.17241262607957375,0.17241262607957375,0.17241262607957375,0.5383686726882312,0.5383686726882312,0.5383686726882312
