Name,FitNum,RedChiSq,lf,AlignMag,Temp,pA,pB,pC,dwB,dwC,kexAB,kexAC,kexBC,k12,k21,k13,k31,k23,k32,tau1,tau2,tau3,dG12,dG13,ddG12,ddG21,ddG13,ddG31,ddG23,ddG32,R1,R1b,R1c,R2,R2b,R2c,pA_err,pB_err,pC_err,dwB_err,dwC_err,kexAB_err,kexAC_err,kexBC_err,k12_err,k21_err,k13_err,k31_err,k23_err,k32_err,tau1_err,tau2_err,tau3_err,dG12_err,dG13_err,ddG12_err,ddG21_err,ddG13_err,ddG31_err,ddG23_err,ddG32_err,R1_err,R1b_err,R1c_err,R2_err,R2b_err,R2c_err
gc8,1,6.1659617173608545,150.88,auto,298.15,0.9,0.1,0.0,0.7641303694660833,0.0,5475.7732172525375,0.0,0.0,547.577321725,4928.19589553,0.0,0.0,0.0,0.0,0.00182622610602,0.00020291401178,0.0,1.30182205197,0.0,13.7172486863,12.4154266343,0.0,0.0,0.0,0.0,4.135076029890831,4.135076029890831,4.135076029890831,17.522241552049184,17.522241552049184,17.522241552049184,0.1,0.1,0.0,0.08258163221371843,0.0,845.6713826296551,0.0,0.0,503.012085296,908.377249755,0.0,0.0,0.0,0.0,0.00167759650622,3.74016122462e-05,0.0,0.555113025552,0.0,0.544264667696,0.109208253513,0.0,0.0,0.0,0.0,0.11843997118595805,0.11843997118595805,0.11843997118595805,0.8736502102870464,0.8736502102870464,0.8736502102870464
