Name,FitNum,N,DF,K,ChiSq,RedChiSq,Rsq,AdjRsq,AIC,BIC,RSS,TSS,SDR
gc8,1,308,301,7,1855.9544769256172,6.1659617173608545,0.6791577033872329,0.671671383132935,567.1848175863985,593.2955160672135,1855.9544769256172,5784.631566721444,2.483135460936607
