Name,FitNum,RedChiSq,lf,AlignMag,Temp,pA,pB,pC,dwB,dwC,kexAB,kexAC,kexBC,k12,k21,k13,k31,k23,k32,tau1,tau2,tau3,dG12,dG13,ddG12,ddG21,ddG13,ddG31,ddG23,ddG32,R1,R1b,R1c,R2,R2b,R2c,pA_err,pB_err,pC_err,dwB_err,dwC_err,kexAB_err,kexAC_err,kexBC_err,k12_err,k21_err,k13_err,k31_err,k23_err,k32_err,tau1_err,tau2_err,tau3_err,dG12_err,dG13_err,ddG12_err,ddG21_err,ddG13_err,ddG31_err,ddG23_err,ddG32_err,R1_err,R1b_err,R1c_err,R2_err,R2b_err,R2c_err
A6RNAm6A_C2_37,1,0.4364223684287298,150.88,auto,298.15,0.998,0.002,0.0,2.064403768688986,0.0,803.1786001250586,0.0,0.0,1.60635720025,801.572242925,0.0,0.0,0.0,0.0,0.622526546303,0.00124754818898,0.0,3.68087436261,0.0,17.1723440419,13.4914696793,0.0,0.0,0.0,0.0,4.549316733507629,4.549316733507629,4.549316733507629,20.93798876523515,20.93798876523515,20.93798876523515,0.002,0.002,0.0,0.08794100793600729,0.0,77.4179259428913,0.0,0.0,1.61060755775,77.2797203215,0.0,0.0,0.0,0.0,0.624173726875,0.000120276339386,0.0,0.596792404423,0.0,0.594052440061,0.057121558404,0.0,0.0,0.0,0.0,0.03347688989554251,0.03347688989554251,0.03347688989554251,0.04276679166734323,0.04276679166734323,0.04276679166734323
