Name,FitNum,RedChiSq,lf,AlignMag,Temp,pA,pB,pC,dwB,dwC,kexAB,kexAC,kexBC,k12,k21,k13,k31,k23,k32,tau1,tau2,tau3,dG12,dG13,ddG12,ddG21,ddG13,ddG31,ddG23,ddG32,R1,R1b,R1c,R2,R2b,R2c,pA_err,pB_err,pC_err,dwB_err,dwC_err,kexAB_err,kexAC_err,kexBC_err,k12_err,k21_err,k13_err,k31_err,k23_err,k32_err,tau1_err,tau2_err,tau3_err,dG12_err,dG13_err,ddG12_err,ddG21_err,ddG13_err,ddG31_err,ddG23_err,ddG32_err,R1_err,R1b_err,R1c_err,R2_err,R2b_err,R2c_err
gc1p,1,0.37425810924434294,150.88,auto,298.15,0.92,0.08,0.0,3.911690695884844,0.0,39.41346003759226,0.0,0.0,3.15307680301,36.2603832346,0.0,0.0,0.0,0.0,0.317150536595,0.02757830753,0.0,1.44705336996,0.0,16.7727665611,15.3257131912,0.0,0.0,0.0,0.0,2.265120965342376,2.265120965342376,2.265120965342376,13.975160243958523,13.975160243958523,13.975160243958523,0.08,0.08,0.0,0.01531652060641952,0.0,0.6127873339987807,0.0,0.0,2.91218987728,2.96585179458,0.0,0.0,0.0,0.0,0.292921054561,0.00225571727552,0.0,0.549362087321,0.0,0.54722044402,0.0484612074946,0.0,0.0,0.0,0.0,0.038619225644684486,0.038619225644684486,0.038619225644684486,0.07769387508567067,0.07769387508567067,0.07769387508567067
