Name,FitNum,N,DF,K,ChiSq,RedChiSq,Rsq,AdjRsq,AIC,BIC,RSS,TSS,SDR
gc1p,1,308,301,7,112.65169088254723,0.37425810924434294,0.9596285295849399,0.9586865286085886,-295.78612469552104,-269.675426214706,112.65169088254724,2790.378693774901,0.6117663845328076
