Name,FitNum,N,DF,K,ChiSq,RedChiSq,Rsq,AdjRsq,AIC,BIC,RSS,TSS,SDR
gc8,1,308,301,7,112.65169088254723,0.37425810924434294,0.9805256930224175,0.9800712925262739,-295.78612469552104,-269.675426214706,112.65169088254724,5784.631566721444,0.6117663845328076
