Name,FitNum,N,DF,K,ChiSq,RedChiSq,Rsq,AdjRsq,AIC,BIC,RSS,TSS,SDR
G10_C1p_Off,1,87,83,4,26.964060306504088,0.3248681964639047,0.9844141893191279,0.9836539058712805,-93.42427692448574,-84.04844932791619,26.96406030650408,1730.0389988437446,0.5699721014785764
