Name,FitNum,RedChiSq,lf,AlignMag,Temp,pA,pB,pC,dwB,dwC,kexAB,kexAC,kexBC,k12,k21,k13,k31,k23,k32,tau1,tau2,tau3,dG12,dG13,ddG12,ddG21,ddG13,ddG31,ddG23,ddG32,R1,R1b,R1c,R2,R2b,R2c,pA_err,pB_err,pC_err,dwB_err,dwC_err,kexAB_err,kexAC_err,kexBC_err,k12_err,k21_err,k13_err,k31_err,k23_err,k32_err,tau1_err,tau2_err,tau3_err,dG12_err,dG13_err,ddG12_err,ddG21_err,ddG13_err,ddG31_err,ddG23_err,ddG32_err,R1_err,R1b_err,R1c_err,R2_err,R2b_err,R2c_err
G10_C1p_Off,1,0.3248681964639047,170.4,auto,298.15,0.9996,0.0004,0.0,3.6248104655277813,0.0,2311.1121627114094,0.0,0.0,0.924444865085,2310.18771785,0.0,0.0,0.0,0.0,1.08173027702,0.000432865256912,0.0,4.63539089476,0.0,17.4997101583,12.8643192635,0.0,0.0,0.0,0.0,1.5901503498732008,1.5901503498732008,1.5901503498732008,15.024076807660947,15.024076807660947,15.024076807660947,0.0004,0.0004,0.0,0.6920592382993265,0.0,1716.1302893305294,0.0,0.0,1.15114352302,1715.44408611,0.0,0.0,0.0,0.0,1.34699953354,0.000321426756498,0.0,0.858996521577,0.0,0.73777788913,0.439953191139,0.0,0.0,0.0,0.0,0.0963197174902619,0.0963197174902619,0.0963197174902619,0.21734811839916862,0.21734811839916862,0.21734811839916862
