Name,FitNum,RedChiSq,lf,AlignMag,Temp,pA,pB,pC,dwB,dwC,kexAB,kexAC,kexBC,k12,k21,k13,k31,k23,k32,tau1,tau2,tau3,dG12,dG13,ddG12,ddG21,ddG13,ddG31,ddG23,ddG32,R1,R1b,R1c,R2,R2b,R2c,pA_err,pB_err,pC_err,dwB_err,dwC_err,kexAB_err,kexAC_err,kexBC_err,k12_err,k21_err,k13_err,k31_err,k23_err,k32_err,tau1_err,tau2_err,tau3_err,dG12_err,dG13_err,ddG12_err,ddG21_err,ddG13_err,ddG31_err,ddG23_err,ddG32_err,R1_err,R1b_err,R1c_err,R2_err,R2b_err,R2c_err
ra16_c8_10c,1,1.3494763595446195,150.784186,auto,298.15,0.9995,0.0005,0.0,6.724201160255392,0.0,3961.107354000296,0.0,0.0,1.980553677,3959.12680032,0.0,0.0,0.0,0.0,0.504909314811,0.000252580947879,0.0,4.50312246865,0.0,17.0482733312,12.5451508626,0.0,0.0,0.0,0.0,1.8019023408672754,1.8019023408672754,1.8019023408672754,42.992005650784584,42.992005650784584,42.992005650784584,0.0005,0.0005,0.0,0.927106496615697,0.0,1655.8260472093707,0.0,0.0,2.14571950883,1654.99931808,0.0,0.0,0.0,0.0,0.547015604555,0.000105584215303,0.0,0.688018398272,0.0,0.641894283981,0.247671242888,0.0,0.0,0.0,0.0,0.057947525089370844,0.057947525089370844,0.057947525089370844,0.3225626989312254,0.3225626989312254,0.3225626989312254
