Name,FitNum,N,DF,K,ChiSq,RedChiSq,Rsq,AdjRsq,AIC,BIC,RSS,TSS,SDR
ra16_c8_10c,1,222,218,4,294.18584638072707,1.3494763595446195,0.9928177421452403,0.9926853502953831,70.50061821920741,84.11132774669653,294.18584638072696,40960.078617307096,1.1616696430330866
