Name,FitNum,RedChiSq,lf,AlignMag,Temp,pA,pB,pC,dwB,dwC,kexAB,kexAC,kexBC,k12,k21,k13,k31,k23,k32,tau1,tau2,tau3,dG12,dG13,ddG12,ddG21,ddG13,ddG31,ddG23,ddG32,R1,R1b,R1c,R2,R2b,R2c,pA_err,pB_err,pC_err,dwB_err,dwC_err,kexAB_err,kexAC_err,kexBC_err,k12_err,k21_err,k13_err,k31_err,k23_err,k32_err,tau1_err,tau2_err,tau3_err,dG12_err,dG13_err,ddG12_err,ddG21_err,ddG13_err,ddG31_err,ddG23_err,ddG32_err,R1_err,R1b_err,R1c_err,R2_err,R2b_err,R2c_err
ac8,1,0.17483253778044203,150.7,auto,298.15,0.994,0.006,0.0,2.2453273932998496,0.0,3608.3265328445214,0.0,0.0,21.6499591971,3586.67657365,0.0,0.0,0.0,0.0,0.0461894634949,0.000278809638802,0.0,3.02758387661,0.0,15.6312707321,12.6036868554,0.0,0.0,0.0,0.0,2.3183865496355094,2.3183865496355094,2.3183865496355094,30.146721645121517,30.146721645121517,30.146721645121517,0.006,0.006,0.0,0.06220080476560657,0.0,156.82954501408213,0.0,0.0,21.5410136844,157.367008568,0.0,0.0,0.0,0.0,0.0459570318892,1.22328952492e-05,0.0,0.59007617427,0.0,0.589503285782,0.0259955283508,0.0,0.0,0.0,0.0,0.07490539776878696,0.07490539776878696,0.07490539776878696,0.16849330982511512,0.16849330982511512,0.16849330982511512
