Name,FitNum,N,DF,K,ChiSq,RedChiSq,Rsq,AdjRsq,AIC,BIC,RSS,TSS,SDR
ac8,1,209,202,7,35.31617263164929,0.17483253778044203,0.9961844828969505,0.9960516041918691,-357.0433742199025,-334.20424838649706,35.31617263164931,9255.93351512513,0.41812980972473385
