Name,FitNum,N,DF,K,ChiSq,RedChiSq,Rsq,AdjRsq,AIC,BIC,RSS,TSS,SDR
A16_C8_Off,1,112,107,5,23.6321936273,0.220861622685,0.997984097857,0.997889008134,-163.6935249,-150.667068279,23.6321936273,11722.8873007,0.469959171296
