Name,FitNum,RedChiSq,lf,AlignMag,Temp,pA,pB,pC,dwB,dwC,kexAB,kexAC,kexBC,k12,k21,k13,k31,k23,k32,tau1,tau2,tau3,dG12,dG13,ddG12,ddG21,ddG13,ddG31,ddG23,ddG32,R1,R1b,R1c,R2,R2b,R2c,pA_err,pB_err,pC_err,dwB_err,dwC_err,kexAB_err,kexAC_err,kexBC_err,k12_err,k21_err,k13_err,k31_err,k23_err,k32_err,tau1_err,tau2_err,tau3_err,dG12_err,dG13_err,ddG12_err,ddG21_err,ddG13_err,ddG31_err,ddG23_err,ddG32_err,R1_err,R1b_err,R1c_err,R2_err,R2b_err,R2c_err
A16_C8_Off,1,0.5157216931591266,170.4,auto,298.15,0.999,0.001,0.0,4.558371410828422,0.0,3500.21224153659,0.0,0.0,3.50021224154,3496.7120293,0.0,0.0,0.0,0.0,0.285696960925,0.000285982943869,0.0,4.0921468707,0.0,16.7108845697,12.618737699,0.0,0.0,0.0,0.0,1.682281053727723,1.682281053727723,1.682281053727723,24.291911337411577,24.291911337411577,24.291911337411577,0.001,0.001,0.0,0.44735618634614277,0.0,1274.259804810035,0.0,0.0,3.72165894696,1272.99034749,0.0,0.0,0.0,0.0,0.303772050771,0.000104113099404,0.0,0.665872451345,0.0,0.629969274573,0.215696162583,0.0,0.0,0.0,0.0,0.1379436321522984,0.1379436321522984,0.1379436321522984,0.3765883062889159,0.3765883062889159,0.3765883062889159
