param,fitval,fiterror
pB,0.00203,0.00002
pC,0.00000,0.00000
dwB,3.78400,0.00973
dwC,-0.00000,0.00000
kexAB,490.23202,12.18884
kexAC,0.00000,0.00000
kexBC,0.00000,0.00000
R1,2.68233,0.00063
R2,19.15633,0.03213
rchi2,13.63166,0.0