Name,FitNum,RedChiSq,lf,AlignMag,Temp,pA,pB,pC,dwB,dwC,kexAB,kexAC,kexBC,k12,k21,k13,k31,k23,k32,tau1,tau2,tau3,dG12,dG13,ddG12,ddG21,ddG13,ddG31,ddG23,ddG32,R1,R1b,R1c,R2,R2b,R2c,pA_err,pB_err,pC_err,dwB_err,dwC_err,kexAB_err,kexAC_err,kexBC_err,k12_err,k21_err,k13_err,k31_err,k23_err,k32_err,tau1_err,tau2_err,tau3_err,dG12_err,dG13_err,ddG12_err,ddG21_err,ddG13_err,ddG31_err,ddG23_err,ddG32_err,R1_err,R1b_err,R1c_err,R2_err,R2b_err,R2c_err
gc8,1,0.15824597010161373,176.04,auto,298.15,0.99,0.01,0.0,3.0774699812178796,0.0,309.2052089892233,0.0,0.0,3.09205208989,306.113156899,0.0,0.0,0.0,0.0,0.323409816823,0.0032667658265,0.0,2.72253843054,0.0,16.7843459419,14.0618075114,0.0,0.0,0.0,0.0,1.2596460195257217,1.2596460195257217,1.2596460195257217,27.74581740543661,27.74581740543661,27.74581740543661,0.01,0.01,0.0,0.04338308613206142,0.0,6.418449245116648,0.0,0.0,3.06196051744,7.05323777483,0.0,0.0,0.0,0.0,0.320262421614,7.5270453457e-05,0.0,0.586877540016,0.0,0.58671874068,0.0136516047015,0.0,0.0,0.0,0.0,0.05340171830021063,0.05340171830021063,0.05340171830021063,0.07750625984012731,0.07750625984012731,0.07750625984012731
