Name,FitNum,N,DF,K,ChiSq,RedChiSq,Rsq,AdjRsq,AIC,BIC,RSS,TSS,SDR
gc1p,1,190,183,7,28.959012528595313,0.15824597010161373,0.9914453848367453,0.99111636117662,-342.80170995343957,-320.6879260637008,28.95901252859531,3385.1917328771365,0.39780142043689803
