Name,FitNum,N,DF,K,ChiSq,RedChiSq,Rsq,AdjRsq,AIC,BIC,RSS,TSS,SDR
A16_C8_Off,1,93,89,4,28.845759109348073,0.32410965291402327,0.9947630770507438,0.994525035098505,-100.41464987755145,-90.73879735948388,28.845759109348066,5508.15037548826,0.569306290948926
