Name,FitNum,RedChiSq,lf,AlignMag,Temp,pA,pB,pC,dwB,dwC,kexAB,kexAC,kexBC,k12,k21,k13,k31,k23,k32,tau1,tau2,tau3,dG12,dG13,ddG12,ddG21,ddG13,ddG31,ddG23,ddG32,R1,R1b,R1c,R2,R2b,R2c,pA_err,pB_err,pC_err,dwB_err,dwC_err,kexAB_err,kexAC_err,kexBC_err,k12_err,k21_err,k13_err,k31_err,k23_err,k32_err,tau1_err,tau2_err,tau3_err,dG12_err,dG13_err,ddG12_err,ddG21_err,ddG13_err,ddG31_err,ddG23_err,ddG32_err,R1_err,R1b_err,R1c_err,R2_err,R2b_err,R2c_err
A16_C8_Off,1,0.32410965291402327,170.4,auto,298.15,0.9985,0.0015,0.0,3.8946161979274185,0.0,3235.307565760922,0.0,0.0,4.85296134864,3230.45460441,0.0,0.0,0.0,0.0,0.206059749534,0.000309553955234,0.0,3.85161836479,0.0,16.5172809951,12.6656626304,0.0,0.0,0.0,0.0,1.6306768007367152,1.6306768007367152,1.6306768007367152,23.952964471309567,23.952964471309567,23.952964471309567,0.0015,0.0015,0.0,0.22425300448504595,0.0,665.9173561104521,0.0,0.0,4.94756904571,664.936136658,0.0,0.0,0.0,0.0,0.210076851044,6.37166084301e-05,0.0,0.616223219071,0.0,0.604035143305,0.121953275375,0.0,0.0,0.0,0.0,0.1055163187357607,0.1055163187357607,0.1055163187357607,0.2698357693985455,0.2698357693985455,0.2698357693985455
