Name,FitNum,RedChiSq,lf,AlignMag,Temp,pA,pB,pC,dwB,dwC,kexAB,kexAC,kexBC,k12,k21,k13,k31,k23,k32,tau1,tau2,tau3,dG12,dG13,ddG12,ddG21,ddG13,ddG31,ddG23,ddG32,R1,R1b,R1c,R2,R2b,R2c,pA_err,pB_err,pC_err,dwB_err,dwC_err,kexAB_err,kexAC_err,kexBC_err,k12_err,k21_err,k13_err,k31_err,k23_err,k32_err,tau1_err,tau2_err,tau3_err,dG12_err,dG13_err,ddG12_err,ddG21_err,ddG13_err,ddG31_err,ddG23_err,ddG32_err,R1_err,R1b_err,R1c_err,R2_err,R2b_err,R2c_err
A16_C8_Off,1,0.3440928188493344,150.7,auto,298.15,0.996,0.004,0.0,3.270402073479131,0.0,3281.31279733242,0.0,0.0,13.1252511893,3268.18754614,0.0,0.0,0.0,0.0,0.0761890180672,0.000305979992238,0.0,3.26900669389,0.0,15.9277889812,12.6587822873,0.0,0.0,0.0,0.0,2.853572081018032,2.853572081018032,2.853572081018032,23.793006171659528,23.793006171659528,23.793006171659528,0.004,0.004,0.0,0.1072723287957404,0.0,301.3765722954943,0.0,0.0,13.1283205002,300.455601414,0.0,0.0,0.0,0.0,0.0762068347002,2.81297818104e-05,0.0,0.595121217035,0.0,0.592623300139,0.0544691389475,0.0,0.0,0.0,0.0,0.07953718330510155,0.07953718330510155,0.07953718330510155,0.2471111389690045,0.2471111389690045,0.2471111389690045
