Name,FitNum,N,DF,K,ChiSq,RedChiSq,Rsq,AdjRsq,AIC,BIC,RSS,TSS,SDR
A21_C1p_Off,1,109,105,4,25.874330612586302,0.24642219631034573,0.9873737109862951,0.986888084485768,-148.36790322691562,-137.98712708261442,25.87433061258629,2049.2427018343847,0.49640930320688553
