Name,FitNum,RedChiSq,lf,AlignMag,Temp,pA,pB,pC,dwB,dwC,kexAB,kexAC,kexBC,k12,k21,k13,k31,k23,k32,tau1,tau2,tau3,dG12,dG13,ddG12,ddG21,ddG13,ddG31,ddG23,ddG32,R1,R1b,R1c,R2,R2b,R2c,pA_err,pB_err,pC_err,dwB_err,dwC_err,kexAB_err,kexAC_err,kexBC_err,k12_err,k21_err,k13_err,k31_err,k23_err,k32_err,tau1_err,tau2_err,tau3_err,dG12_err,dG13_err,ddG12_err,ddG21_err,ddG13_err,ddG31_err,ddG23_err,ddG32_err,R1_err,R1b_err,R1c_err,R2_err,R2b_err,R2c_err
gc1p,1,1.5736272044395583,176.04,avg,298.15,0.92,0.08,0.0,0.6205771112387496,0.0,5567.080201387197,0.0,0.0,445.366416111,5121.71378528,0.0,0.0,0.0,0.0,0.00224534218079,0.000195247146155,0.0,1.44705336996,0.0,13.8396597848,12.3926064148,0.0,0.0,0.0,0.0,2.25668163168457,2.25668163168457,2.25668163168457,16.526031537017868,16.526031537017868,16.526031537017868,0.08,0.08,0.0,0.07660126745375372,0.0,947.6539971352067,0.0,0.0,418.212205971,963.982288107,0.0,0.0,0.0,0.0,0.00210844256015,3.67484007479e-05,0.0,0.567426334793,0.0,0.556360661414,0.111514393004,0.0,0.0,0.0,0.0,0.17078863049155613,0.17078863049155613,0.17078863049155613,0.7359444493216484,0.7359444493216484,0.7359444493216484
