Name,FitNum,RedChiSq,lf,AlignMag,Temp,pA,pB,pC,dwB,dwC,kexAB,kexAC,kexBC,k12,k21,k13,k31,k23,k32,tau1,tau2,tau3,dG12,dG13,ddG12,ddG21,ddG13,ddG31,ddG23,ddG32,R1,R1b,R1c,R2,R2b,R2c,pA_err,pB_err,pC_err,dwB_err,dwC_err,kexAB_err,kexAC_err,kexBC_err,k12_err,k21_err,k13_err,k31_err,k23_err,k32_err,tau1_err,tau2_err,tau3_err,dG12_err,dG13_err,ddG12_err,ddG21_err,ddG13_err,ddG31_err,ddG23_err,ddG32_err,R1_err,R1b_err,R1c_err,R2_err,R2b_err,R2c_err
T8_N3_Off,1,0.14365798712393693,176.04,auto,298.15,0.972,0.028,0.0,-0.5021237315050064,0.0,257.27766336065014,0.0,0.0,7.2037745741,250.073888787,0.0,0.0,0.0,0.0,0.13881611504,0.00399881812872,0.0,2.10163304388,0.0,16.2832400223,14.1816069785,0.0,0.0,0.0,0.0,1.4688566738289286,1.4688566738289286,1.4688566738289286,7.986865992646755,7.986865992646755,7.986865992646755,0.028,0.028,0.0,0.02447420564691293,0.0,31.257502920381484,0.0,0.0,7.05943670249,31.1793741438,0.0,0.0,0.0,0.0,0.136034736697,0.000498575229799,0.0,0.585293932402,0.0,0.580613474087,0.073871381574,0.0,0.0,0.0,0.0,0.02639962530913841,0.02639962530913841,0.02639962530913841,0.035384237115601756,0.035384237115601756,0.035384237115601756
