Name,FitNum,RedChiSq,lf,AlignMag,Temp,pA,pB,pC,dwB,dwC,kexAB,kexAC,kexBC,k12,k21,k13,k31,k23,k32,tau1,tau2,tau3,dG12,dG13,ddG12,ddG21,ddG13,ddG31,ddG23,ddG32,R1,R1b,R1c,R2,R2b,R2c,pA_err,pB_err,pC_err,dwB_err,dwC_err,kexAB_err,kexAC_err,kexBC_err,k12_err,k21_err,k13_err,k31_err,k23_err,k32_err,tau1_err,tau2_err,tau3_err,dG12_err,dG13_err,ddG12_err,ddG21_err,ddG13_err,ddG31_err,ddG23_err,ddG32_err,R1_err,R1b_err,R1c_err,R2_err,R2b_err,R2c_err
G_C1p_Off_reduce_new_trunc,1,0.25605469483687043,150.88,auto,298.15,0.97,0.03,0.0,4.12,0.0,10.222504807783327,0.0,0.0,0.306675144233,9.91582966355,0.0,0.0,0.0,0.0,3.26077942345,0.100848848148,0.0,2.05953545938,0.0,18.153460429,16.0939249696,0.0,0.0,0.0,0.0,2.092181016183674,2.092181016183674,2.092181016183674,14.457777727776566,14.457777727776566,14.457777727776566,0.03,0.03,0.0,4.12,0.0,1.691579217530698,0.0,0.0,0.301912654635,1.667604595,0.0,0.0,0.0,0.0,3.21014138389,0.0169603561455,0.0,0.591733438776,0.0,0.583283799593,0.0996417166536,0.0,0.0,0.0,0.0,0.05206188132495665,0.05206188132495665,0.05206188132495665,0.06635680066454462,0.06635680066454462,0.06635680066454462
