Name,FitNum,N,DF,K,ChiSq,RedChiSq,Rsq,AdjRsq,AIC,BIC,RSS,TSS,SDR
G_C8_Off,1,190,185,5,47.37011854482103,0.25605469483687043,0.987000086675826,0.986646828161582,-253.59007905619075,-237.68104565191007,47.37011854482101,3643.8795677763133,0.506018472821764
