Name,FitNum,RedChiSq,lf,AlignMag,Temp,pA,pB,pC,dwB,dwC,kexAB,kexAC,kexBC,k12,k21,k13,k31,k23,k32,tau1,tau2,tau3,dG12,dG13,ddG12,ddG21,ddG13,ddG31,ddG23,ddG32,R1,R1b,R1c,R2,R2b,R2c,pA_err,pB_err,pC_err,dwB_err,dwC_err,kexAB_err,kexAC_err,kexBC_err,k12_err,k21_err,k13_err,k31_err,k23_err,k32_err,tau1_err,tau2_err,tau3_err,dG12_err,dG13_err,ddG12_err,ddG21_err,ddG13_err,ddG31_err,ddG23_err,ddG32_err,R1_err,R1b_err,R1c_err,R2_err,R2b_err,R2c_err
A16_C8_Off,1,0.2969625310935704,150.7,auto,298.15,0.9945,0.0055,0.0,2.799478685725766,0.0,3525.6457745557354,0.0,0.0,19.3910517601,3506.2547228,0.0,0.0,0.0,0.0,0.0515701784707,0.000285204606927,0.0,3.07943474608,0.0,15.6965577283,12.6171229822,0.0,0.0,0.0,0.0,2.946963915494663,2.946963915494663,2.946963915494663,23.461913097369106,23.461913097369106,23.461913097369106,0.0055,0.0055,0.0,0.08723194966394515,0.0,264.7561922795566,0.0,0.0,19.3395939608,264.005316216,0.0,0.0,0.0,0.0,0.0514333273126,2.14746327323e-05,0.0,0.592594076974,0.0,0.59091247929,0.0446114546292,0.0,0.0,0.0,0.0,0.07088520285837878,0.07088520285837878,0.07088520285837878,0.23682107217111106,0.23682107217111106,0.23682107217111106
