param,fit_val,fit_err
kex(s-1),232.068253711,11.8972862032
tau_ex(s),0.0043090771099,0.000220910541741
R1n(s-1),140.761646309,8.42528888437
