Name,FitNum,RedChiSq,lf,AlignMag,Temp,pA,pB,pC,dwB,dwC,kexAB,kexAC,kexBC,k12,k21,k13,k31,k23,k32,tau1,tau2,tau3,dG12,dG13,ddG12,ddG21,ddG13,ddG31,ddG23,ddG32,R1,R1b,R1c,R2,R2b,R2c,pA_err,pB_err,pC_err,dwB_err,dwC_err,kexAB_err,kexAC_err,kexBC_err,k12_err,k21_err,k13_err,k31_err,k23_err,k32_err,tau1_err,tau2_err,tau3_err,dG12_err,dG13_err,ddG12_err,ddG21_err,ddG13_err,ddG31_err,ddG23_err,ddG32_err,R1_err,R1b_err,R1c_err,R2_err,R2b_err,R2c_err
ac8,1,0.08808479238256807,150.7,auto,298.15,0.974,0.026,0.0,2.4115496650865142,0.0,2392.940830424449,0.0,0.0,62.216461591,2330.72436883,0.0,0.0,0.0,0.0,0.0160729166273,0.000429051162536,0.0,2.14675873907,0.0,15.0058343213,12.8590755822,0.0,0.0,0.0,0.0,2.5975277597107245,2.5975277597107245,2.5975277597107245,25.306449903388266,25.306449903388266,25.306449903388266,0.026,0.026,0.0,0.01808561122694714,0.0,37.27705865118662,0.0,0.0,60.6281676142,70.6618404561,0.0,0.0,0.0,0.0,0.0156625989073,1.30077778394e-05,0.0,0.577638850062,0.0,0.577359492105,0.0179626829147,0.0,0.0,0.0,0.0,0.11893480296756737,0.11893480296756737,0.11893480296756737,0.22856166518612436,0.22856166518612436,0.22856166518612436
