Name,FitNum,N,DF,K,ChiSq,RedChiSq,Rsq,AdjRsq,AIC,BIC,RSS,TSS,SDR
ac1p,1,219,212,7,18.67397598510443,0.08808479238256807,0.9988332350499829,0.9987945272080392,-524.6342369068141,-501.4415404853024,18.673975985104438,16004.916829933014,0.29679082260502615
