Name,FitNum,N,DF,K,ChiSq,RedChiSq,Rsq,AdjRsq,AIC,BIC,RSS,TSS,SDR
gc8,1,216,209,7,71.21621286355179,0.3407474299691473,0.9877050940041854,0.9872913231293263,-225.12604625045947,-202.03755893513187,71.21621286355175,5792.334881437498,0.5837357535470541
