Name,FitNum,RedChiSq,lf,AlignMag,Temp,pA,pB,pC,dwB,dwC,kexAB,kexAC,kexBC,k12,k21,k13,k31,k23,k32,tau1,tau2,tau3,dG12,dG13,ddG12,ddG21,ddG13,ddG31,ddG23,ddG32,R1,R1b,R1c,R2,R2b,R2c,pA_err,pB_err,pC_err,dwB_err,dwC_err,kexAB_err,kexAC_err,kexBC_err,k12_err,k21_err,k13_err,k31_err,k23_err,k32_err,tau1_err,tau2_err,tau3_err,dG12_err,dG13_err,ddG12_err,ddG21_err,ddG13_err,ddG31_err,ddG23_err,ddG32_err,R1_err,R1b_err,R1c_err,R2_err,R2b_err,R2c_err
gc8,1,0.18233845649943703,176.04,auto,298.15,0.994,0.006,0.0,2.736375723511009,0.0,2651.9183130735532,0.0,0.0,15.9115098784,2636.0068032,0.0,0.0,0.0,0.0,0.0628475869128,0.000379361691627,0.0,3.02758387661,0.0,15.8137328275,12.7861489509,0.0,0.0,0.0,0.0,1.359785373792828,1.359785373792828,1.359785373792828,28.544971949728584,28.544971949728584,28.544971949728584,0.006,0.006,0.0,0.06359647412441846,0.0,131.21904705482845,0.0,0.0,15.8359125191,131.387188019,0.0,0.0,0.0,0.0,0.0625489910131,1.89086256699e-05,0.0,0.59040880808,0.0,0.589669787725,0.0295313748838,0.0,0.0,0.0,0.0,0.11735240944814126,0.11735240944814126,0.11735240944814126,0.2323581083839933,0.2323581083839933,0.2323581083839933
