Name,FitNum,N,DF,K,ChiSq,RedChiSq,Rsq,AdjRsq,AIC,BIC,RSS,TSS,SDR
gc1p,1,220,213,7,932.2368798801645,4.376698966573542,0.7671261371073375,0.7594369057854099,332.19936966697844,355.4264606046525,932.2368798801641,4003.1838193445337,2.09205615760513
