Name,FitNum,RedChiSq,lf,AlignMag,Temp,pA,pB,pC,dwB,dwC,kexAB,kexAC,kexBC,k12,k21,k13,k31,k23,k32,tau1,tau2,tau3,dG12,dG13,ddG12,ddG21,ddG13,ddG31,ddG23,ddG32,R1,R1b,R1c,R2,R2b,R2c,pA_err,pB_err,pC_err,dwB_err,dwC_err,kexAB_err,kexAC_err,kexBC_err,k12_err,k21_err,k13_err,k31_err,k23_err,k32_err,tau1_err,tau2_err,tau3_err,dG12_err,dG13_err,ddG12_err,ddG21_err,ddG13_err,ddG31_err,ddG23_err,ddG32_err,R1_err,R1b_err,R1c_err,R2_err,R2b_err,R2c_err
gc1p,1,4.376698966573542,150.7,auto,298.15,0.999,0.001,0.0,6.005449286132008,0.0,3337.00893926017,0.0,0.0,3.33700893926,3333.67193032,0.0,0.0,0.0,0.0,0.299669559837,0.000299969529366,0.0,4.0921468707,0.0,16.7391749631,12.6470280924,0.0,0.0,0.0,0.0,3.312244698239668,3.312244698239668,3.312244698239668,18.93495354076534,18.93495354076534,18.93495354076534,0.001,0.001,0.0,1.948683281767089,0.0,2659.5349323805294,0.0,0.0,4.26456395558,2656.87748889,0.0,0.0,0.0,0.0,0.382965711727,0.000239070402422,0.0,0.892346262758,0.0,0.757171811748,0.472199851919,0.0,0.0,0.0,0.0,0.4010172666386809,0.4010172666386809,0.4010172666386809,1.0427929301697596,1.0427929301697596,1.0427929301697596
