Name,FitNum,RedChiSq,lf,AlignMag,Temp,pA,pB,pC,dwB,dwC,kexAB,kexAC,kexBC,k12,k21,k13,k31,k23,k32,tau1,tau2,tau3,dG12,dG13,ddG12,ddG21,ddG13,ddG31,ddG23,ddG32,R1,R1b,R1c,R2,R2b,R2c,pA_err,pB_err,pC_err,dwB_err,dwC_err,kexAB_err,kexAC_err,kexBC_err,k12_err,k21_err,k13_err,k31_err,k23_err,k32_err,tau1_err,tau2_err,tau3_err,dG12_err,dG13_err,ddG12_err,ddG21_err,ddG13_err,ddG31_err,ddG23_err,ddG32_err,R1_err,R1b_err,R1c_err,R2_err,R2b_err,R2c_err
G_C8_Off,1,0.20872279761254373,150.88,auto,298.15,0.98,0.02,0.0,4.9391822362466815,0.0,24.541119002262057,0.0,0.0,0.490822380045,24.0502966222,0.0,0.0,0.0,0.0,2.03739690906,0.0415795287563,0.0,2.30584417206,0.0,17.8748188297,15.5689746577,0.0,0.0,0.0,0.0,2.4989553558635103,2.4989553558635103,2.4989553558635103,20.296466752845987,20.296466752845987,20.296466752845987,0.02,0.02,0.0,0.013542709272880225,0.0,1.988429703531094,0.0,0.0,0.482746942781,2.00717293456,0.0,0.0,0.0,0.0,2.0038758807,0.00347011540282,0.0,0.584830791445,0.0,0.582736673797,0.0494471802488,0.0,0.0,0.0,0.0,0.032584356206906105,0.032584356206906105,0.032584356206906105,0.04615677858666187,0.04615677858666187,0.04615677858666187
