Name,FitNum,N,DF,K,ChiSq,RedChiSq,Rsq,AdjRsq,AIC,BIC,RSS,TSS,SDR
G_C8_Off,1,199,192,7,40.07477714160839,0.20872279761254373,0.9898404021009782,0.9894680608167209,-304.3225923336062,-281.85584599508974,40.07477714160839,3944.5239408015236,0.4568619021242018
