Name,FitNum,N,DF,K,ChiSq,RedChiSq,Rsq,AdjRsq,AIC,BIC,RSS,TSS,SDR
G_C8_Off,1,199,192,7,77.20742328050284,0.40212199625261896,0.9804266815364253,0.9797093347864514,-173.8286465162723,-151.36190017775584,77.20742328050284,3944.5239408015236,0.6341308983582324
