Name,FitNum,RedChiSq,lf,AlignMag,Temp,pA,pB,pC,dwB,dwC,kexAB,kexAC,kexBC,k12,k21,k13,k31,k23,k32,tau1,tau2,tau3,dG12,dG13,ddG12,ddG21,ddG13,ddG31,ddG23,ddG32,R1,R1b,R1c,R2,R2b,R2c,pA_err,pB_err,pC_err,dwB_err,dwC_err,kexAB_err,kexAC_err,kexBC_err,k12_err,k21_err,k13_err,k31_err,k23_err,k32_err,tau1_err,tau2_err,tau3_err,dG12_err,dG13_err,ddG12_err,ddG21_err,ddG13_err,ddG31_err,ddG23_err,ddG32_err,R1_err,R1b_err,R1c_err,R2_err,R2b_err,R2c_err
gc1p,1,0.16160220487162752,150.88,auto,298.15,0.993,0.007,0.0,3.9163276081156995,0.0,725.1303305148075,0.0,0.0,5.0759123136,720.054418201,0.0,0.0,0.0,0.0,0.197008919425,0.00138878392344,0.0,2.93565558864,0.0,16.4906682575,13.5550126689,0.0,0.0,0.0,0.0,2.242165919941274,2.242165919941274,2.242165919941274,13.32288155479977,13.32288155479977,13.32288155479977,0.007,0.007,0.0,0.02097848366114433,0.0,8.549810112943609,0.0,0.0,5.04086145775,9.87350736375,0.0,0.0,0.0,0.0,0.19564850758,1.90432388833e-05,0.0,0.588449530627,0.0,0.588393445449,0.0081242505889,0.0,0.0,0.0,0.0,0.027145482351887584,0.027145482351887584,0.027145482351887584,0.05757432551282924,0.05757432551282924,0.05757432551282924
