Name,FitNum,N,DF,K,ChiSq,RedChiSq,Rsq,AdjRsq,AIC,BIC,RSS,TSS,SDR
gc1p,1,308,301,7,48.64226366635988,0.16160220487162752,0.9825678630019371,0.982161113138649,-554.4469582192396,-528.3362597384246,48.64226366635988,2790.378693774901,0.4019977672470676
