Name,FitNum,N,DF,K,ChiSq,RedChiSq,Rsq,AdjRsq,AIC,BIC,RSS,TSS,SDR
ac8,1,219,212,7,18.07846049828904,0.08527575706740113,0.9989288583178896,0.9988933228118481,-531.7319599248244,-508.5392635033128,18.07846049828904,16877.749041257106,0.2920201312707758
