Name,FitNum,N,DF,K,ChiSq,RedChiSq,Rsq,AdjRsq,AIC,BIC,RSS,TSS,SDR
ac1p,1,219,212,7,18.07846049828904,0.08527575706740113,0.9988704433337336,0.9988329698898291,-531.7319599248244,-508.5392635033128,18.07846049828904,16004.916829933014,0.2920201312707758
