Name,FitNum,N,DF,K,ChiSq,RedChiSq,Rsq,AdjRsq,AIC,BIC,RSS,TSS,SDR
G_C1p_Off,1,199,192,7,403.91665264698963,2.1037325658697377,0.7937793797514977,0.7862215559727568,155.45922903264182,177.92597537115827,403.9166526469895,1958.6627765945875,1.4504249604408141
