Name,FitNum,N,DF,K,ChiSq,RedChiSq,Rsq,AdjRsq,AIC,BIC,RSS,TSS,SDR
G_C8_Off,1,199,192,7,403.91665264698963,2.1037325658697377,0.8976006588605179,0.8938478034260866,155.45922903264182,177.92597537115827,403.9166526469895,3944.5239408015236,1.4504249604408141
