Name,FitNum,RedChiSq,lf,AlignMag,Temp,pA,pB,pC,dwB,dwC,kexAB,kexAC,kexBC,k12,k21,k13,k31,k23,k32,tau1,tau2,tau3,dG12,dG13,ddG12,ddG21,ddG13,ddG31,ddG23,ddG32,R1,R1b,R1c,R2,R2b,R2c,pA_err,pB_err,pC_err,dwB_err,dwC_err,kexAB_err,kexAC_err,kexBC_err,k12_err,k21_err,k13_err,k31_err,k23_err,k32_err,tau1_err,tau2_err,tau3_err,dG12_err,dG13_err,ddG12_err,ddG21_err,ddG13_err,ddG31_err,ddG23_err,ddG32_err,R1_err,R1b_err,R1c_err,R2_err,R2b_err,R2c_err
G_C1p_Off,1,2.1037325658697377,150.88,auto,298.15,0.9,0.1,0.0,4.80006127351777,0.0,10.000000000000002,0.0,0.0,1.0,9.0,0.0,0.0,0.0,0.0,1.0,0.111111111111,0.0,1.30182205197,0.0,17.4531634499,16.151341398,0.0,0.0,0.0,0.0,2.050301179760328,2.050301179760328,2.050301179760328,13.568073556171628,13.568073556171628,13.568073556171628,0.1,0.1,0.0,0.003698683738685388,0.0,1.156549403068359,0.0,0.0,0.912894334092,1.37965984308,0.0,0.0,0.0,0.0,0.912894334092,0.0170328375689,0.0,0.548448762083,0.0,0.540875970301,0.0908252684095,0.0,0.0,0.0,0.0,0.09165335637364132,0.09165335637364132,0.09165335637364132,0.1290285835908085,0.1290285835908085,0.1290285835908085
