Name,FitNum,RedChiSq,lf,AlignMag,Temp,pA,pB,pC,dwB,dwC,kexAB,kexAC,kexBC,k12,k21,k13,k31,k23,k32,tau1,tau2,tau3,dG12,dG13,ddG12,ddG21,ddG13,ddG31,ddG23,ddG32,R1,R1b,R1c,R2,R2b,R2c,pA_err,pB_err,pC_err,dwB_err,dwC_err,kexAB_err,kexAC_err,kexBC_err,k12_err,k21_err,k13_err,k31_err,k23_err,k32_err,tau1_err,tau2_err,tau3_err,dG12_err,dG13_err,ddG12_err,ddG21_err,ddG13_err,ddG31_err,ddG23_err,ddG32_err,R1_err,R1b_err,R1c_err,R2_err,R2b_err,R2c_err
A16_C8_Off,1,0.38587693536543455,150.7,auto,298.15,0.997,0.003,0.0,3.7621894126639943,0.0,2793.9146203151463,0.0,0.0,8.38174386095,2785.53287645,0.0,0.0,0.0,0.0,0.119306914717,0.000358997737364,0.0,3.44004850013,0.0,16.1935077001,12.7534592,0.0,0.0,0.0,0.0,2.772813775151982,2.772813775151982,2.772813775151982,25.387193675575087,25.387193675575087,25.387193675575087,0.003,0.003,0.0,0.12641237546912362,0.0,345.1041215531703,0.0,0.0,8.42052519902,344.170275924,0.0,0.0,0.0,0.0,0.119858933709,4.43564502034e-05,0.0,0.599710868762,0.0,0.595226105792,0.0732052531962,0.0,0.0,0.0,0.0,0.09724598944384166,0.09724598944384166,0.09724598944384166,0.25903951666980224,0.25903951666980224,0.25903951666980224
