Name,FitNum,N,DF,K,ChiSq,RedChiSq,Rsq,AdjRsq,AIC,BIC,RSS,TSS,SDR
A16_C8_Off,1,106,102,4,39.359447407274324,0.38587693536543455,0.9952874631375224,0.9951008280142559,-96.61848491248496,-86.36076813999708,39.35944740727433,8352.072048637714,0.6211899350162031
