Name,FitNum,RedChiSq,lf,AlignMag,Temp,pA,pB,pC,dwB,dwC,kexAB,kexAC,kexBC,k12,k21,k13,k31,k23,k32,tau1,tau2,tau3,dG12,dG13,ddG12,ddG21,ddG13,ddG31,ddG23,ddG32,R1,R1b,R1c,R2,R2b,R2c,pA_err,pB_err,pC_err,dwB_err,dwC_err,kexAB_err,kexAC_err,kexBC_err,k12_err,k21_err,k13_err,k31_err,k23_err,k32_err,tau1_err,tau2_err,tau3_err,dG12_err,dG13_err,ddG12_err,ddG21_err,ddG13_err,ddG31_err,ddG23_err,ddG32_err,R1_err,R1b_err,R1c_err,R2_err,R2b_err,R2c_err
G_C8_Off,1,0.2637485459153877,150.88,auto,298.15,0.9996,0.0004,0.0,4.929702711957764,0.0,3198.7925973741885,0.0,0.0,1.27951703895,3197.51308034,0.0,0.0,0.0,0.0,0.781544887297,0.000312743052139,0.0,4.63539089476,0.0,17.3071262132,12.6717353185,0.0,0.0,0.0,0.0,2.5029865952721035,2.5029865952721035,2.5029865952721035,20.178384042208457,20.178384042208457,20.178384042208457,0.0004,0.0004,0.0,0.6472292150692918,0.0,769.080963603181,0.0,0.0,1.3154817864,768.774395155,0.0,0.0,0.0,0.0,0.803512601391,7.51924526052e-05,0.0,0.625573058683,0.0,0.609138348425,0.142450427262,0.0,0.0,0.0,0.0,0.03858683307613843,0.03858683307613843,0.03858683307613843,0.11609068975052343,0.11609068975052343,0.11609068975052343
