Name,FitNum,N,DF,K,ChiSq,RedChiSq,Rsq,AdjRsq,AIC,BIC,RSS,TSS,SDR
gc8,1,220,213,7,91.07269540288462,0.4275713399196461,0.9852910194731279,0.9848053455878067,-179.5049899096521,-156.27789897197803,91.0726954028846,6191.638858757249,0.6538893942553634
