Name,FitNum,RedChiSq,lf,AlignMag,Temp,pA,pB,pC,dwB,dwC,kexAB,kexAC,kexBC,k12,k21,k13,k31,k23,k32,tau1,tau2,tau3,dG12,dG13,ddG12,ddG21,ddG13,ddG31,ddG23,ddG32,R1,R1b,R1c,R2,R2b,R2c,pA_err,pB_err,pC_err,dwB_err,dwC_err,kexAB_err,kexAC_err,kexBC_err,k12_err,k21_err,k13_err,k31_err,k23_err,k32_err,tau1_err,tau2_err,tau3_err,dG12_err,dG13_err,ddG12_err,ddG21_err,ddG13_err,ddG31_err,ddG23_err,ddG32_err,R1_err,R1b_err,R1c_err,R2_err,R2b_err,R2c_err
A16_C8_Off,1,0.18621469546009625,176.04,auto,298.15,0.991,0.009,0.0,3.2255387277809504,0.0,3567.7423533511233,0.0,0.0,32.1096811802,3535.63267217,0.0,0.0,0.0,0.0,0.0311432553437,0.000282834811396,0.0,2.78556109659,0.0,15.3977404928,12.6121793962,0.0,0.0,0.0,0.0,0.6758456677465542,0.6758456677465542,0.6758456677465542,26.81599591397229,26.81599591397229,26.81599591397229,0.009,0.009,0.0,0.05284640792848283,0.0,1.8512894874452702e-05,0.0,0.0,31.8220062748,31.8220062748,0.0,0.0,0.0,0.0,0.0308642387761,2.54561827473e-06,0.0,0.587200813262,0.0,0.587176599208,0.00533258263661,0.0,0.0,0.0,0.0,0.13288323562677695,0.13288323562677695,0.13288323562677695,0.259663717912572,0.259663717912572,0.259663717912572
