Name,FitNum,RedChiSq,lf,AlignMag,Temp,pA,pB,pC,dwB,dwC,kexAB,kexAC,kexBC,k12,k21,k13,k31,k23,k32,tau1,tau2,tau3,dG12,dG13,ddG12,ddG21,ddG13,ddG31,ddG23,ddG32,R1,R1b,R1c,R2,R2b,R2c,pA_err,pB_err,pC_err,dwB_err,dwC_err,kexAB_err,kexAC_err,kexBC_err,k12_err,k21_err,k13_err,k31_err,k23_err,k32_err,tau1_err,tau2_err,tau3_err,dG12_err,dG13_err,ddG12_err,ddG21_err,ddG13_err,ddG31_err,ddG23_err,ddG32_err,R1_err,R1b_err,R1c_err,R2_err,R2b_err,R2c_err
G7C1p_pH5.3HS_25C,1,0.8956224765161158,176.090091,auto,298.15,0.9995,0.0005,0.0,4.3335719518985885,0.0,1571.882811270636,0.0,0.0,0.785941405635,1571.09686987,0.0,0.0,0.0,0.0,1.27235948231,0.00063649799015,0.0,4.50312246865,0.0,17.5958770507,13.0927545821,0.0,0.0,0.0,0.0,1.3213946680032058,1.3213946680032058,1.3213946680032058,21.176494444488302,21.176494444488302,21.176494444488302,0.0005,0.0005,0.0,0.3065861165241377,0.0,237.7180440508481,0.0,0.0,0.794489751455,237.600483612,0.0,0.0,0.0,0.0,1.28619838784,9.62590106178e-05,0.0,0.605594375137,0.0,0.598928950065,0.0896027899808,0.0,0.0,0.0,0.0,0.040680249376994104,0.040680249376994104,0.040680249376994104,0.07738957898604716,0.07738957898604716,0.07738957898604716
