Name,FitNum,RedChiSq,lf,AlignMag,Temp,pA,pB,pC,dwB,dwC,kexAB,kexAC,kexBC,k12,k21,k13,k31,k23,k32,tau1,tau2,tau3,dG12,dG13,ddG12,ddG21,ddG13,ddG31,ddG23,ddG32,R1,R1b,R1c,R2,R2b,R2c,pA_err,pB_err,pC_err,dwB_err,dwC_err,kexAB_err,kexAC_err,kexBC_err,k12_err,k21_err,k13_err,k31_err,k23_err,k32_err,tau1_err,tau2_err,tau3_err,dG12_err,dG13_err,ddG12_err,ddG21_err,ddG13_err,ddG31_err,ddG23_err,ddG32_err,R1_err,R1b_err,R1c_err,R2_err,R2b_err,R2c_err
G_C1p_Off_clean,1,0.25118453746905944,150.88,avg,298.15,0.9994,0.0006,0.0,4.12,0.0,5670.375893062003,0.0,0.0,3.40222553584,5666.97366753,0.0,0.0,0.0,0.0,0.293925252593,0.000176461028173,0.0,4.39504044577,0.0,16.7277074751,12.3326670294,0.0,0.0,0.0,0.0,2.3731883514487473,2.3731883514487473,2.3731883514487473,11.39469609467073,11.39469609467073,11.39469609467073,0.0006,0.0006,0.0,4.12,0.0,590.9286043581202,0.0,0.0,3.41862070813,590.583835266,0.0,0.0,0.0,0.0,0.295341665205,1.83898914849e-05,0.0,0.598533332326,0.0,0.59533990633,0.0617458163505,0.0,0.0,0.0,0.0,0.04565648159703072,0.04565648159703072,0.04565648159703072,0.051468069999384164,0.051468069999384164,0.051468069999384164
