Name,FitNum,N,DF,K,ChiSq,RedChiSq,Rsq,AdjRsq,AIC,BIC,RSS,TSS,SDR
G_C8_Off,1,199,192,7,75.01893214399149,0.39072360491662234,0.9809814990934628,0.9802844859712336,-179.5509111422614,-157.08416480374495,75.01893214399149,3944.5239408015236,0.6250788789557862
