Name,FitNum,N,DF,K,ChiSq,RedChiSq,Rsq,AdjRsq,AIC,BIC,RSS,TSS,SDR
G_C1p_Off,1,199,192,7,75.01893214399149,0.39072360491662234,0.961698903435321,0.9602951983256207,-179.5509111422614,-157.08416480374495,75.01893214399149,1958.6627765945875,0.6250788789557862
