Name,FitNum,N,DF,K,ChiSq,RedChiSq,Rsq,AdjRsq,AIC,BIC,RSS,TSS,SDR
g10c8,1,180,173,7,774.2086553369508,4.475194539519946,0.9209682093466228,0.9177517992618923,277.25038483412123,298.949919999655,774.2086553369508,9796.167452823202,2.1154655609392337
