Name,FitNum,N,DF,K,ChiSq,RedChiSq,Rsq,AdjRsq,AIC,BIC,RSS,TSS,SDR
G_C1p_Off_clean,1,253,248,5,65.25786514613165,0.26313655300859534,0.9405010641948461,0.9392966322959564,-332.8258565211732,-315.1589090775356,65.25786514613166,1096.790459577916,0.5129683742772018
