Name,FitNum,N,DF,K,ChiSq,RedChiSq,Rsq,AdjRsq,AIC,BIC,RSS,TSS,SDR
G_C8_Off_clean,1,253,248,5,65.25786514613165,0.26313655300859534,0.9811789447066424,0.9807979516845096,-332.8258565211732,-315.1589090775356,65.25786514613166,3467.2798166191255,0.5129683742772018
