Name,FitNum,RedChiSq,lf,AlignMag,Temp,pA,pB,pC,dwB,dwC,kexAB,kexAC,kexBC,k12,k21,k13,k31,k23,k32,tau1,tau2,tau3,dG12,dG13,ddG12,ddG21,ddG13,ddG31,ddG23,ddG32,R1,R1b,R1c,R2,R2b,R2c,pA_err,pB_err,pC_err,dwB_err,dwC_err,kexAB_err,kexAC_err,kexBC_err,k12_err,k21_err,k13_err,k31_err,k23_err,k32_err,tau1_err,tau2_err,tau3_err,dG12_err,dG13_err,ddG12_err,ddG21_err,ddG13_err,ddG31_err,ddG23_err,ddG32_err,R1_err,R1b_err,R1c_err,R2_err,R2b_err,R2c_err
gc1p,1,0.7883882004356996,176.04,auto,298.15,0.9945,0.0055,0.0,2.1545459280986625,0.0,2866.595647729732,0.0,0.0,15.7662760625,2850.82937167,0.0,0.0,0.0,0.0,0.0634265184775,0.000350775114757,0.0,3.07943474608,0.0,15.8191656203,12.7397308742,0.0,0.0,0.0,0.0,1.9141258845413234,1.9141258845413234,1.9141258845413234,17.02809178668984,17.02809178668984,17.02809178668984,0.0055,0.0055,0.0,0.08420947234576878,0.0,238.56541733410194,0.0,0.0,15.7346052299,237.770873127,0.0,0.0,0.0,0.0,0.0632991091486,2.92560846103e-05,0.0,0.593355872374,0.0,0.591294582918,0.0494156603896,0.0,0.0,0.0,0.0,0.12619090335196073,0.12619090335196073,0.12619090335196073,0.2712328122643229,0.2712328122643229,0.2712328122643229
