sequence,prob,prob_error
TTT,0.05920572059069099,0.29681381807183915
GTT,0.006261831355803488,0.046434437696888785
ATT,0.01112732061350133,0.07599627057559695
TTG,0.029457511639177408,0.17091094413661756
CTG,0.1729849132722976,0.6274271558343021
ATG,0.017410014944466975,0.1108050668326165
TTC,0.03406266225951128,0.19219866815135675
CTC,0.531299951619174,0.8452936756616279
ATC,0.014089913451490675,0.09279060812840406
TTA,0.049712905249900304,0.2593304999415141
GTA,0.03350889126672411,0.18968043656932276
ATA,0.04087836373726178,0.22234362633201069
