Name,FitNum,RedChiSq,lf,AlignMag,Temp,pA,pB,pC,dwB,dwC,kexAB,kexAC,kexBC,k12,k21,k13,k31,k23,k32,tau1,tau2,tau3,dG12,dG13,ddG12,ddG21,ddG13,ddG31,ddG23,ddG32,R1,R1b,R1c,R2,R2b,R2c,pA_err,pB_err,pC_err,dwB_err,dwC_err,kexAB_err,kexAC_err,kexBC_err,k12_err,k21_err,k13_err,k31_err,k23_err,k32_err,tau1_err,tau2_err,tau3_err,dG12_err,dG13_err,ddG12_err,ddG21_err,ddG13_err,ddG31_err,ddG23_err,ddG32_err,R1_err,R1b_err,R1c_err,R2_err,R2b_err,R2c_err
G7C8_pH5.3HS_25C,1,0.7952086641612074,176.090091,auto,298.15,0.998,0.002,0.0,3.8648169171719466,0.0,359.1479490660962,0.0,0.0,0.718295898132,358.429653168,0.0,0.0,0.0,0.0,1.39218392114,0.00278994773775,0.0,3.68087436261,0.0,17.6492010594,13.9683266968,0.0,0.0,0.0,0.0,1.34392832826329,1.34392832826329,1.34392832826329,30.434715179009675,30.434715179009675,30.434715179009675,0.002,0.002,0.0,0.3433760024387726,0.0,25.677199719449312,0.0,0.0,0.718697852521,25.6358701373,0.0,0.0,0.0,0.0,1.39296297952,0.000199544700788,0.0,0.594328951114,0.0,0.592816300063,0.0423761314018,0.0,0.0,0.0,0.0,0.06146336440532059,0.06146336440532059,0.06146336440532059,0.07855846266485889,0.07855846266485889,0.07855846266485889
