Name,FitNum,N,DF,K,ChiSq,RedChiSq,Rsq,AdjRsq,AIC,BIC,RSS,TSS,SDR
A16_C8_Off,1,93,89,4,11.472071355676274,0.128899678153666,0.9979172552356725,0.9978225850191123,-186.16506555310795,-176.4892130350404,11.472071355676277,5508.15037548826,0.3590260131991358
