Name,FitNum,RedChiSq,lf,AlignMag,Temp,pA,pB,pC,dwB,dwC,kexAB,kexAC,kexBC,k12,k21,k13,k31,k23,k32,tau1,tau2,tau3,dG12,dG13,ddG12,ddG21,ddG13,ddG31,ddG23,ddG32,R1,R1b,R1c,R2,R2b,R2c,pA_err,pB_err,pC_err,dwB_err,dwC_err,kexAB_err,kexAC_err,kexBC_err,k12_err,k21_err,k13_err,k31_err,k23_err,k32_err,tau1_err,tau2_err,tau3_err,dG12_err,dG13_err,ddG12_err,ddG21_err,ddG13_err,ddG31_err,ddG23_err,ddG32_err,R1_err,R1b_err,R1c_err,R2_err,R2b_err,R2c_err
gc1p,1,0.1453266034067225,176.04,auto,298.15,0.995408363518,0.004591636482395309,0.0,3.569166450829988,0.0,794.2829280413647,0.0,0.0,3.64705846974,790.635869572,0.0,0.0,0.0,0.0,0.274193574986,0.00126480474576,0.0,3.1869260368,0.0,16.6865350244,13.4996089876,0.0,0.0,0.0,0.0,1.1886921154824173,1.1886921154824173,1.1886921154824173,18.223637196658633,18.223637196658633,18.223637196658633,0.000315297817097,0.0003152978170972802,0.0,0.06627632617504753,0.0,74.90864417432414,0.0,0.0,0.424792374875,74.5651076265,0.0,0.0,0.0,0.0,0.0319367898432,0.000119284117536,0.0,0.0887955330921,0.0,0.0690098625092,0.0558774155949,0.0,0.0,0.0,0.0,0.05648542861444633,0.05648542861444633,0.05648542861444633,0.08373774023639326,0.08373774023639326,0.08373774023639326
