Name,FitNum,N,DF,K,ChiSq,RedChiSq,Rsq,AdjRsq,AIC,BIC,RSS,TSS,SDR
G10_C8_Off,1,97,93,4,1194.1872367885967,12.84072297622147,0.9696207491818041,0.9682999121897086,251.9542640436219,261.81832534893977,1194.1872367885965,39309.30502319453,3.583395453507953
