Name,FitNum,N,DF,K,ChiSq,RedChiSq,Rsq,AdjRsq,AIC,BIC,RSS,TSS,SDR
A21_C1p_Off,1,117,113,4,30.03598006136417,0.2658051332864086,0.9854561469927631,0.9849367236710761,-150.73687569989553,-140.04532281784736,30.035980061364175,2065.201019731054,0.5155629285416171
