Name,FitNum,N,DF,K,ChiSq,RedChiSq,Rsq,AdjRsq,AIC,BIC,RSS,TSS,SDR
G_C1p_Off_reduce_new_trunc,1,190,185,5,47.23430254476974,0.25532055429605266,0.9754775748019473,0.9748112045520003,-254.13561503517906,-238.22658163089838,47.23430254476975,1926.1676674834212,0.5052925432816644
