Name,FitNum,N,DF,K,ChiSq,RedChiSq,Rsq,AdjRsq,AIC,BIC,RSS,TSS,SDR
ac8,1,209,202,7,44.22069315816974,0.21891432256519672,0.9952224491364476,0.9950560667680651,-310.0493389705475,-287.2102131371421,44.22069315816972,9255.93351512513,0.4678828085805212
