Name,FitNum,N,DF,K,ChiSq,RedChiSq,Rsq,AdjRsq,AIC,BIC,RSS,TSS,SDR
gc1p,1,212,205,7,176.79759146861375,0.8624272754566524,0.8998653021355093,0.8964293076009434,-23.946098857141575,-0.9990145422806265,176.79759146861372,1765.5976922991133,0.9286696266469859
