Name,FitNum,RedChiSq,lf,AlignMag,Temp,pA,pB,pC,dwB,dwC,kexAB,kexAC,kexBC,k12,k21,k13,k31,k23,k32,tau1,tau2,tau3,dG12,dG13,ddG12,ddG21,ddG13,ddG31,ddG23,ddG32,R1,R1b,R1c,R2,R2b,R2c,pA_err,pB_err,pC_err,dwB_err,dwC_err,kexAB_err,kexAC_err,kexBC_err,k12_err,k21_err,k13_err,k31_err,k23_err,k32_err,tau1_err,tau2_err,tau3_err,dG12_err,dG13_err,ddG12_err,ddG21_err,ddG13_err,ddG31_err,ddG23_err,ddG32_err,R1_err,R1b_err,R1c_err,R2_err,R2b_err,R2c_err
gc8,1,0.8624272754566524,150.88,auto,298.15,0.98,0.02,0.0,1.3761354737381146,0.0,6141.783790320346,0.0,0.0,122.835675806,6018.94811451,0.0,0.0,0.0,0.0,0.00814095736792,0.0001661419871,0.0,2.30584417206,0.0,14.602809681,12.296965509,0.0,0.0,0.0,0.0,3.453880086224509,3.453880086224509,3.453880086224509,18.147003528865202,18.147003528865202,18.147003528865202,0.02,0.02,0.0,0.08977057238553099,0.0,581.6037566103778,0.0,0.0,120.964602985,582.550296275,0.0,0.0,0.0,0.0,0.00801695166703,1.60802289649e-05,0.0,0.586271044145,0.0,0.58345982919,0.0573442667123,0.0,0.0,0.0,0.0,0.08435283402894754,0.08435283402894754,0.08435283402894754,0.3240690979288049,0.3240690979288049,0.3240690979288049
