Name,FitNum,N,DF,K,ChiSq,RedChiSq,Rsq,AdjRsq,AIC,BIC,RSS,TSS,SDR
gc8,1,190,183,7,69.73060191679697,0.3810415405289452,0.990478605341024,0.9901123978541404,-175.8377271676675,-153.72394327792873,69.73060191679699,7323.570171630386,0.6172856231348218
