Name,FitNum,RedChiSq,lf,AlignMag,Temp,pA,pB,pC,dwB,dwC,kexAB,kexAC,kexBC,k12,k21,k13,k31,k23,k32,tau1,tau2,tau3,dG12,dG13,ddG12,ddG21,ddG13,ddG31,ddG23,ddG32,R1,R1b,R1c,R2,R2b,R2c,pA_err,pB_err,pC_err,dwB_err,dwC_err,kexAB_err,kexAC_err,kexBC_err,k12_err,k21_err,k13_err,k31_err,k23_err,k32_err,tau1_err,tau2_err,tau3_err,dG12_err,dG13_err,ddG12_err,ddG21_err,ddG13_err,ddG31_err,ddG23_err,ddG32_err,R1_err,R1b_err,R1c_err,R2_err,R2b_err,R2c_err
gc1p,1,0.3810415405289452,176.04,avg,298.15,0.98,0.02,0.0,3.5730712263094433,0.0,164.67182842746536,0.0,0.0,3.29343656855,161.378391859,0.0,0.0,0.0,0.0,0.303634206758,0.00619661646445,0.0,2.30584417206,0.0,16.7469621734,14.4411180013,0.0,0.0,0.0,0.0,1.1390148469146593,1.1390148469146593,1.1390148469146593,18.32182710837482,18.32182710837482,18.32182710837482,0.02,0.02,0.0,0.09108540230814019,0.0,4.7227597245977115,0.0,0.0,3.22962143558,5.64293679362,0.0,0.0,0.0,0.0,0.297750851522,0.000216677800791,0.0,0.581373748552,0.0,0.581004493468,0.0207174823759,0.0,0.0,0.0,0.0,0.08973351812957817,0.08973351812957817,0.08973351812957817,0.11331908026688138,0.11331908026688138,0.11331908026688138
