Name,FitNum,N,DF,K,ChiSq,RedChiSq,Rsq,AdjRsq,AIC,BIC,RSS,TSS,SDR
gc1p,1,220,213,7,24.15112479927131,0.11338556243789348,0.9939670207791693,0.9937678186350852,-471.51694830903193,-448.28985737135787,24.15112479927131,4003.1838193445337,0.3367277274563137
