Name,FitNum,RedChiSq,lf,AlignMag,Temp,pA,pB,pC,dwB,dwC,kexAB,kexAC,kexBC,k12,k21,k13,k31,k23,k32,tau1,tau2,tau3,dG12,dG13,ddG12,ddG21,ddG13,ddG31,ddG23,ddG32,R1,R1b,R1c,R2,R2b,R2c,pA_err,pB_err,pC_err,dwB_err,dwC_err,kexAB_err,kexAC_err,kexBC_err,k12_err,k21_err,k13_err,k31_err,k23_err,k32_err,tau1_err,tau2_err,tau3_err,dG12_err,dG13_err,ddG12_err,ddG21_err,ddG13_err,ddG31_err,ddG23_err,ddG32_err,R1_err,R1b_err,R1c_err,R2_err,R2b_err,R2c_err
ra16_c8_10c,1,1.452490114231606,150.784186,gs,298.15,0.988419402477,0.011580597522877881,0.0,2.3564830554806733,0.0,8281.54633037174,0.0,0.0,95.9052549191,8185.64107545,0.0,0.0,0.0,0.0,0.010426957322,0.000122165141469,0.0,2.63464698173,0.0,14.7494417863,12.1147948046,0.0,0.0,0.0,0.0,1.8689146366569622,1.8689146366569622,1.8689146366569622,38.88501509830081,38.88501509830081,38.88501509830081,0.00357118252653,0.003571182526526912,0.0,0.44610163088039567,0.0,849.0727820198001,0.0,0.0,30.8437182593,839.749039356,0.0,0.0,0.0,0.0,0.00335337343312,1.25326848864e-05,0.0,0.200006226813,0.0,0.190546729511,0.0607818610822,0.0,0.0,0.0,0.0,0.051576739046646926,0.051576739046646926,0.051576739046646926,0.48214038876889886,0.48214038876889886,0.48214038876889886
