Name,FitNum,RedChiSq,lf,AlignMag,Temp,pA,pB,pC,dwB,dwC,kexAB,kexAC,kexBC,k12,k21,k13,k31,k23,k32,tau1,tau2,tau3,dG12,dG13,ddG12,ddG21,ddG13,ddG31,ddG23,ddG32,R1,R1b,R1c,R2,R2b,R2c,pA_err,pB_err,pC_err,dwB_err,dwC_err,kexAB_err,kexAC_err,kexBC_err,k12_err,k21_err,k13_err,k31_err,k23_err,k32_err,tau1_err,tau2_err,tau3_err,dG12_err,dG13_err,ddG12_err,ddG21_err,ddG13_err,ddG31_err,ddG23_err,ddG32_err,R1_err,R1b_err,R1c_err,R2_err,R2b_err,R2c_err
A16_C8_Off,1,0.24812349382657908,150.7,auto,298.15,0.995,0.005,0.0,2.706224287860785,0.0,1494.059496297747,0.0,0.0,7.47029748149,1486.58919882,0.0,0.0,0.0,0.0,0.133863477656,0.000672680792243,0.0,3.13620237989,0.0,16.261715237,13.1255128571,0.0,0.0,0.0,0.0,2.66054622048821,2.66054622048821,2.66054622048821,28.758183441990788,28.758183441990788,28.758183441990788,0.005,0.005,0.0,0.06694094228240965,0.0,115.05466653343046,0.0,0.0,7.45526798256,114.720449567,0.0,0.0,0.0,0.0,0.133594157593,5.19109401325e-05,0.0,0.593057846511,0.0,0.591292728238,0.0457221919875,0.0,0.0,0.0,0.0,0.06611844937248726,0.06611844937248726,0.06611844937248726,0.19267622205316595,0.19267622205316595,0.19267622205316595
