Name,FitNum,RedChiSq,lf,AlignMag,Temp,pA,pB,pC,dwB,dwC,kexAB,kexAC,kexBC,k12,k21,k13,k31,k23,k32,tau1,tau2,tau3,dG12,dG13,ddG12,ddG21,ddG13,ddG31,ddG23,ddG32,R1,R1b,R1c,R2,R2b,R2c,pA_err,pB_err,pC_err,dwB_err,dwC_err,kexAB_err,kexAC_err,kexBC_err,k12_err,k21_err,k13_err,k31_err,k23_err,k32_err,tau1_err,tau2_err,tau3_err,dG12_err,dG13_err,ddG12_err,ddG21_err,ddG13_err,ddG31_err,ddG23_err,ddG32_err,R1_err,R1b_err,R1c_err,R2_err,R2b_err,R2c_err
ac8,1,0.5914064592209154,150.7,auto,298.15,0.993,0.007,0.0,4.152547274565725,0.0,392.23159892843614,0.0,0.0,2.7456211925,389.485977736,0.0,0.0,0.0,0.0,0.364216302938,0.00256748652625,0.0,2.93565558864,0.0,16.8547494994,13.9190939108,0.0,0.0,0.0,0.0,1.5858685829973385,1.5858685829973385,1.5858685829973385,31.512190414782005,31.512190414782005,31.512190414782005,0.007,0.007,0.0,0.20398285865826513,0.0,19.093235503132494,0.0,0.0,2.72974347322,19.1546187229,0.0,0.0,0.0,0.0,0.362110067661,0.000126266998808,0.0,0.589778672401,0.0,0.589058454493,0.0291379410631,0.0,0.0,0.0,0.0,0.14074512438382072,0.14074512438382072,0.14074512438382072,0.1738978397188958,0.1738978397188958,0.1738978397188958
