Name,FitNum,N,DF,K,ChiSq,RedChiSq,Rsq,AdjRsq,AIC,BIC,RSS,TSS,SDR
ac1p,1,209,202,7,119.46410476262491,0.5914064592209154,0.9772687356642811,0.9764770995928879,-102.340311662366,-79.50118582896059,119.46410476262491,5255.497582459783,0.7690295567927903
