Name,FitNum,RedChiSq,lf,AlignMag,Temp,pA,pB,pC,dwB,dwC,kexAB,kexAC,kexBC,k12,k21,k13,k31,k23,k32,tau1,tau2,tau3,dG12,dG13,ddG12,ddG21,ddG13,ddG31,ddG23,ddG32,R1,R1b,R1c,R2,R2b,R2c,pA_err,pB_err,pC_err,dwB_err,dwC_err,kexAB_err,kexAC_err,kexBC_err,k12_err,k21_err,k13_err,k31_err,k23_err,k32_err,tau1_err,tau2_err,tau3_err,dG12_err,dG13_err,ddG12_err,ddG21_err,ddG13_err,ddG31_err,ddG23_err,ddG32_err,R1_err,R1b_err,R1c_err,R2_err,R2b_err,R2c_err
gc1p,1,0.22642072783342887,150.88,auto,298.15,0.994,0.006,0.0,3.946131373828747,0.0,872.8657162184144,0.0,0.0,5.23719429731,867.628521921,0.0,0.0,0.0,0.0,0.190941932499,0.00115256699697,0.0,3.02758387661,0.0,16.4721355476,13.444551671,0.0,0.0,0.0,0.0,2.3069289474183723,2.3069289474183723,2.3069289474183723,13.240174874185632,13.240174874185632,13.240174874185632,0.006,0.006,0.0,0.027208053369501817,0.0,13.628875521901495,0.0,0.0,5.20650817287,14.5129259755,0.0,0.0,0.0,0.0,0.189823152562,1.92791259004e-05,0.0,0.589096592232,0.0,0.589013222021,0.00991056320192,0.0,0.0,0.0,0.0,0.0321549220269698,0.0321549220269698,0.0321549220269698,0.07104907094166829,0.07104907094166829,0.07104907094166829
