Name,FitNum,N,DF,K,ChiSq,RedChiSq,Rsq,AdjRsq,AIC,BIC,RSS,TSS,SDR
gc1p,1,308,301,7,68.15263907786209,0.22642072783342887,0.9755758459488295,0.9750059490209688,-450.5717695184852,-424.4610710376702,68.15263907786209,2790.378693774901,0.4758368710318998
