Name,FitNum,RedChiSq,lf,AlignMag,Temp,pA,pB,pC,dwB,dwC,kexAB,kexAC,kexBC,k12,k21,k13,k31,k23,k32,tau1,tau2,tau3,dG12,dG13,ddG12,ddG21,ddG13,ddG31,ddG23,ddG32,R1,R1b,R1c,R2,R2b,R2c,pA_err,pB_err,pC_err,dwB_err,dwC_err,kexAB_err,kexAC_err,kexBC_err,k12_err,k21_err,k13_err,k31_err,k23_err,k32_err,tau1_err,tau2_err,tau3_err,dG12_err,dG13_err,ddG12_err,ddG21_err,ddG13_err,ddG31_err,ddG23_err,ddG32_err,R1_err,R1b_err,R1c_err,R2_err,R2b_err,R2c_err
A16_C8_Off,1,0.515721685328332,170.4,auto,298.15,0.999,0.001,0.0,4.558698117716647,0.0,3500.9445875912943,0.0,0.0,3.50094458759,3497.443643,0.0,0.0,0.0,0.0,0.285637197328,0.000285923120448,0.0,4.0921468707,0.0,16.7107606176,12.6186137469,0.0,0.0,0.0,0.0,1.6822614916780068,1.6822614916780068,1.6822614916780068,24.291639547225667,24.291639547225667,24.291639547225667,0.001,0.001,0.0,0.4474106612894293,0.0,1274.2417969427734,0.0,0.0,3.72234018457,1272.97235971,0.0,0.0,0.0,0.0,0.303700556013,0.000104068075567,0.0,0.665841248168,0.0,0.629952783991,0.2156479949,0.0,0.0,0.0,0.0,0.13793107058532544,0.13793107058532544,0.13793107058532544,0.3765960828485851,0.3765960828485851,0.3765960828485851
