Name,FitNum,RedChiSq,lf,AlignMag,Temp,pA,pB,pC,dwB,dwC,kexAB,kexAC,kexBC,k12,k21,k13,k31,k23,k32,tau1,tau2,tau3,dG12,dG13,ddG12,ddG21,ddG13,ddG31,ddG23,ddG32,R1,R1b,R1c,R2,R2b,R2c,pA_err,pB_err,pC_err,dwB_err,dwC_err,kexAB_err,kexAC_err,kexBC_err,k12_err,k21_err,k13_err,k31_err,k23_err,k32_err,tau1_err,tau2_err,tau3_err,dG12_err,dG13_err,ddG12_err,ddG21_err,ddG13_err,ddG31_err,ddG23_err,ddG32_err,R1_err,R1b_err,R1c_err,R2_err,R2b_err,R2c_err
gc8,1,0.2723978841210008,176.04,auto,298.15,0.996,0.004,0.0,3.408185695277691,0.0,2566.0130207002885,0.0,0.0,10.2640520828,2555.74896862,0.0,0.0,0.0,0.0,0.0974274089739,0.000391274734835,0.0,3.26900669389,0.0,16.0734752012,12.8044685073,0.0,0.0,0.0,0.0,1.2343544513557028,1.2343544513557028,1.2343544513557028,29.23510498913716,29.23510498913716,29.23510498913716,0.004,0.004,0.0,0.1272455283826547,0.0,207.83271656960463,0.0,0.0,10.2568241318,207.2536731,0.0,0.0,0.0,0.0,0.0973588005401,3.1729691367e-05,0.0,0.594013812666,0.0,0.592067520815,0.0480464403866,0.0,0.0,0.0,0.0,0.151359097107316,0.151359097107316,0.151359097107316,0.290802352561743,0.290802352561743,0.290802352561743
