Name,FitNum,RedChiSq,lf,AlignMag,Temp,pA,pB,pC,dwB,dwC,kexAB,kexAC,kexBC,k12,k21,k13,k31,k23,k32,tau1,tau2,tau3,dG12,dG13,ddG12,ddG21,ddG13,ddG31,ddG23,ddG32,R1,R1b,R1c,R2,R2b,R2c,pA_err,pB_err,pC_err,dwB_err,dwC_err,kexAB_err,kexAC_err,kexBC_err,k12_err,k21_err,k13_err,k31_err,k23_err,k32_err,tau1_err,tau2_err,tau3_err,dG12_err,dG13_err,ddG12_err,ddG21_err,ddG13_err,ddG31_err,ddG23_err,ddG32_err,R1_err,R1b_err,R1c_err,R2_err,R2b_err,R2c_err
hpGBCm6A_m6AC2_55C,1,0.26131788893619384,150.7,auto,298.15,0.986,0.014,0.0,2.621892391991739,0.0,441.54877006672916,0.0,0.0,6.18168278093,435.367087286,0.0,0.0,0.0,0.0,0.161768249106,0.00229691225911,0.0,2.52078503496,0.0,16.3738988427,13.8531138078,0.0,0.0,0.0,0.0,4.428963257965294,4.428963257965294,4.428963257965294,13.79409681232389,13.79409681232389,13.79409681232389,0.014,0.014,0.0,0.01629536810810793,0.0,3.5206589415724037,0.0,0.0,6.09595286652,7.01488557505,0.0,0.0,0.0,0.0,0.159524785855,3.70091748874e-05,0.0,0.584345931748,0.0,0.584267946348,0.00954645594448,0.0,0.0,0.0,0.0,0.0238935753868189,0.0238935753868189,0.0238935753868189,0.030350426365120173,0.030350426365120173,0.030350426365120173
