Name,FitNum,N,DF,K,ChiSq,RedChiSq,Rsq,AdjRsq,AIC,BIC,RSS,TSS,SDR
gc8,1,220,213,7,932.2372897292217,4.37670089074752,0.8494361006842807,0.844464651178573,332.19946638786,355.4265573255341,932.2372897292216,6191.638858757249,2.092056617481353
