Name,FitNum,N,DF,K,ChiSq,RedChiSq,Rsq,AdjRsq,AIC,BIC,RSS,TSS,SDR
gc8,1,216,209,7,24.308463318339957,0.11630843692985625,0.9958033394449896,0.9956621056763113,-457.3035664477187,-434.2150791323911,24.308463318339967,5792.334881437498,0.34104022772959836
