Name,FitNum,RedChiSq,lf,AlignMag,Temp,pA,pB,pC,dwB,dwC,kexAB,kexAC,kexBC,k12,k21,k13,k31,k23,k32,tau1,tau2,tau3,dG12,dG13,ddG12,ddG21,ddG13,ddG31,ddG23,ddG32,R1,R1b,R1c,R2,R2b,R2c,pA_err,pB_err,pC_err,dwB_err,dwC_err,kexAB_err,kexAC_err,kexBC_err,k12_err,k21_err,k13_err,k31_err,k23_err,k32_err,tau1_err,tau2_err,tau3_err,dG12_err,dG13_err,ddG12_err,ddG21_err,ddG13_err,ddG31_err,ddG23_err,ddG32_err,R1_err,R1b_err,R1c_err,R2_err,R2b_err,R2c_err
G7C1p_pH5.3HS_25C,1,0.7976735531227694,176.090091,auto,298.15,0.999,0.001,0.0,4.32230527551704,0.0,776.6841855896755,0.0,0.0,0.77668418559,775.907501404,0.0,0.0,0.0,0.0,1.28752460595,0.00128881341937,0.0,4.0921468707,0.0,17.6028970635,13.5107501929,0.0,0.0,0.0,0.0,1.2431025204203277,1.2431025204203277,1.2431025204203277,21.156204627618795,21.156204627618795,21.156204627618795,0.001,0.001,0.0,0.1857255335459891,0.0,63.746726570185,0.0,0.0,0.778522125005,63.6877064653,0.0,0.0,0.0,0.0,1.29057139416,0.000105787829855,0.0,0.595874660089,0.0,0.593886800194,0.0486320788295,0.0,0.0,0.0,0.0,0.03915328893474394,0.03915328893474394,0.03915328893474394,0.057084347515260384,0.057084347515260384,0.057084347515260384
