Name,FitNum,N,DF,K,ChiSq,RedChiSq,Rsq,AdjRsq,AIC,BIC,RSS,TSS,SDR
G7C1p_pH5.3HS_25C,1,280,270,10,215.37185934314775,0.7976735531227694,0.9371807182495158,0.9348454289651111,-52.66073352970933,-17.130681364187843,215.3718593431477,3428.435558983252,0.8931257207822252
