Name,FitNum,N,DF,K,ChiSq,RedChiSq,Rsq,AdjRsq,AIC,BIC,RSS,TSS,SDR
ac1p,1,219,212,7,1728.027766573935,8.151074370631768,0.8920314435285218,0.8884495482901315,466.911284767433,490.1039811889448,1728.027766573935,16004.916829933014,2.8550086463322257
