Name,FitNum,N,DF,K,ChiSq,RedChiSq,Rsq,AdjRsq,AIC,BIC,RSS,TSS,SDR
ac8,1,219,212,7,1728.027766573935,8.151074370631768,0.8976150337139255,0.8942183760646244,466.911284767433,490.1039811889448,1728.027766573935,16877.749041257106,2.8550086463322257
