Name,FitNum,N,DF,K,ChiSq,RedChiSq,Rsq,AdjRsq,AIC,BIC,RSS,TSS,SDR
g10c8,1,180,173,7,302.6261250741961,1.7492839599664516,0.9691077019118348,0.9678504572222002,108.16859356480899,129.8681287303428,302.6261250741963,9796.167452823202,1.3226049901487793
