Name,FitNum,RedChiSq,lf,AlignMag,Temp,pA,pB,pC,dwB,dwC,kexAB,kexAC,kexBC,k12,k21,k13,k31,k23,k32,tau1,tau2,tau3,dG12,dG13,ddG12,ddG21,ddG13,ddG31,ddG23,ddG32,R1,R1b,R1c,R2,R2b,R2c,pA_err,pB_err,pC_err,dwB_err,dwC_err,kexAB_err,kexAC_err,kexBC_err,k12_err,k21_err,k13_err,k31_err,k23_err,k32_err,tau1_err,tau2_err,tau3_err,dG12_err,dG13_err,ddG12_err,ddG21_err,ddG13_err,ddG31_err,ddG23_err,ddG32_err,R1_err,R1b_err,R1c_err,R2_err,R2b_err,R2c_err
g10c8,1,1.7492839599664516,176.04,auto,298.15,0.92,0.08,0.0,3.340777100847577,0.0,137.25732608545417,0.0,0.0,10.9805860868,126.276739999,0.0,0.0,0.0,0.0,0.0910698201436,0.0079191147951,0.0,1.44705336996,0.0,16.0334936723,14.5864403023,0.0,0.0,0.0,0.0,0.010000003848968979,0.010000003848968979,0.010000003848968979,27.51166533592964,27.51166533592964,27.51166533592964,0.08,0.08,0.0,0.13019907076587167,0.0,3.9167499075714898,0.0,0.0,10.1451006549,10.7614798407,0.0,0.0,0.0,0.0,0.0841405444732,0.000674878003857,0.0,0.549727828896,0.0,0.547404060811,0.0504923763571,0.0,0.0,0.0,0.0,0.46256658561497316,0.46256658561497316,0.46256658561497316,0.5165804719745334,0.5165804719745334,0.5165804719745334
