Name,FitNum,N,DF,K,ChiSq,RedChiSq,Rsq,AdjRsq,AIC,BIC,RSS,TSS,SDR
gc8,1,190,182,8,31.044688390164126,0.17057521093496772,0.9957609898365659,0.9955736302713313,-327.40772539273104,-302.22711292594437,31.04468839016413,7323.570171630386,0.4130075192232797
