Name,FitNum,RedChiSq,lf,AlignMag,Temp,pA,pB,pC,dwB,dwC,kexAB,kexAC,kexBC,k12,k21,k13,k31,k23,k32,tau1,tau2,tau3,dG12,dG13,ddG12,ddG21,ddG13,ddG31,ddG23,ddG32,R1,R1b,R1c,R2,R2b,R2c,pA_err,pB_err,pC_err,dwB_err,dwC_err,kexAB_err,kexAC_err,kexBC_err,k12_err,k21_err,k13_err,k31_err,k23_err,k32_err,tau1_err,tau2_err,tau3_err,dG12_err,dG13_err,ddG12_err,ddG21_err,ddG13_err,ddG31_err,ddG23_err,ddG32_err,R1_err,R1b_err,R1c_err,R2_err,R2b_err,R2c_err
ra16_c8_10c,1,0.7457782760517097,150.784186,auto,298.15,0.9925,0.0075,0.0,3.9080587525163932,0.0,172.40063968667567,0.0,0.0,1.29300479765,171.107634889,0.0,0.0,0.0,0.0,0.773392335293,0.005844274574,0.0,2.89447995867,0.0,17.3009133489,14.4064333902,0.0,0.0,0.0,0.0,1.4818772907781603,1.4818772907781603,1.4818772907781603,43.295700766994386,43.295700766994386,43.295700766994386,0.0075,0.0075,0.0,0.10234898317348544,0.0,8.88195455016115,0.0,0.0,1.28507162558,8.90826520511,0.0,0.0,0.0,0.0,0.768647221828,0.000304266655725,0.0,0.589656950571,0.0,0.588849585689,0.0308461470848,0.0,0.0,0.0,0.0,0.04219147508700454,0.04219147508700454,0.04219147508700454,0.07655692683230436,0.07655692683230436,0.07655692683230436
