Name,FitNum,N,DF,K,ChiSq,RedChiSq,Rsq,AdjRsq,AIC,BIC,RSS,TSS,SDR
ra16_c8_10c,1,222,218,4,162.5796641792727,0.7457782760517097,0.9960307775358962,0.9959576121448528,-61.15505552645604,-47.54434599896692,162.57966417927273,40960.078617307096,0.8635845506096723
