Name,FitNum,N,DF,K,ChiSq,RedChiSq,Rsq,AdjRsq,AIC,BIC,RSS,TSS,SDR
G_C1p_Off_reduce_new_trunc,1,190,185,5,151.0970058368814,0.8167405720912508,0.9215556317408792,0.9194239912990552,-33.20329662496402,-17.29426322068333,151.09700583688135,1926.1676674834212,0.9037370038297926
