Name,FitNum,RedChiSq,lf,AlignMag,Temp,pA,pB,pC,dwB,dwC,kexAB,kexAC,kexBC,k12,k21,k13,k31,k23,k32,tau1,tau2,tau3,dG12,dG13,ddG12,ddG21,ddG13,ddG31,ddG23,ddG32,R1,R1b,R1c,R2,R2b,R2c,pA_err,pB_err,pC_err,dwB_err,dwC_err,kexAB_err,kexAC_err,kexBC_err,k12_err,k21_err,k13_err,k31_err,k23_err,k32_err,tau1_err,tau2_err,tau3_err,dG12_err,dG13_err,ddG12_err,ddG21_err,ddG13_err,ddG31_err,ddG23_err,ddG32_err,R1_err,R1b_err,R1c_err,R2_err,R2b_err,R2c_err
A6RNAm6A_C2_37,1,0.37984200817713737,150.88,auto,298.15,0.995,0.005,0.0,1.8665494678411185,0.0,269.77189436959287,0.0,0.0,1.34885947185,268.423034898,0.0,0.0,0.0,0.0,0.741367074088,0.00372546268386,0.0,3.13620237989,0.0,17.2758568197,14.1396544398,0.0,0.0,0.0,0.0,4.540227788118869,4.540227788118869,4.540227788118869,21.000375403533756,21.000375403533756,21.000375403533756,0.005,0.005,0.0,0.07173323828852952,0.0,15.612874259495525,0.0,0.0,1.3444004884,15.5926789517,0.0,0.0,0.0,0.0,0.738916304692,0.000216411917099,0.0,0.591528264116,0.0,0.590526146278,0.0344174056328,0.0,0.0,0.0,0.0,0.03067192996843111,0.03067192996843111,0.03067192996843111,0.03255901193692522,0.03255901193692522,0.03255901193692522
