Name,FitNum,N,DF,K,ChiSq,RedChiSq,Rsq,AdjRsq,AIC,BIC,RSS,TSS,SDR
gc8,1,190,183,7,28.898399625525798,0.15791475205205355,0.9960540557476365,0.9959022886610072,-343.19980780702855,-321.08602391728976,28.898399625525805,7323.570171630386,0.39738489157497364
