Name,FitNum,RedChiSq,lf,AlignMag,Temp,pA,pB,pC,dwB,dwC,kexAB,kexAC,kexBC,k12,k21,k13,k31,k23,k32,tau1,tau2,tau3,dG12,dG13,ddG12,ddG21,ddG13,ddG31,ddG23,ddG32,R1,R1b,R1c,R2,R2b,R2c,pA_err,pB_err,pC_err,dwB_err,dwC_err,kexAB_err,kexAC_err,kexBC_err,k12_err,k21_err,k13_err,k31_err,k23_err,k32_err,tau1_err,tau2_err,tau3_err,dG12_err,dG13_err,ddG12_err,ddG21_err,ddG13_err,ddG31_err,ddG23_err,ddG32_err,R1_err,R1b_err,R1c_err,R2_err,R2b_err,R2c_err
gc1p,1,0.15791475205205355,176.04,auto,298.15,0.991,0.009,0.0,3.601075174701881,0.0,348.42558615703877,0.0,0.0,3.13583027541,345.289755882,0.0,0.0,0.0,0.0,0.318894810041,0.00289611835557,0.0,2.78556109659,0.0,16.7760161974,13.9904551008,0.0,0.0,0.0,0.0,1.166108154819351,1.166108154819351,1.166108154819351,18.437967096090663,18.437967096090663,18.437967096090663,0.009,0.009,0.0,0.06656292364769603,0.0,7.27345620982453,0.0,0.0,3.10842531215,7.84940865181,0.0,0.0,0.0,0.0,0.316107892451,6.58369270726e-05,0.0,0.587461268428,0.0,0.587306846599,0.013468847062,0.0,0.0,0.0,0.0,0.057690762302094106,0.057690762302094106,0.057690762302094106,0.07387418197988656,0.07387418197988656,0.07387418197988656
