Name,FitNum,N,DF,K,ChiSq,RedChiSq,Rsq,AdjRsq,AIC,BIC,RSS,TSS,SDR
ac8,1,195,188,7,422.0274414041179,2.2448268159793505,0.9841809319331078,0.9835887743049354,165.15273265578827,187.46479908445107,422.02744140411806,26678.40100437922,1.4982746130063578
