Name,FitNum,RedChiSq,lf,AlignMag,Temp,pA,pB,pC,dwB,dwC,kexAB,kexAC,kexBC,k12,k21,k13,k31,k23,k32,tau1,tau2,tau3,dG12,dG13,ddG12,ddG21,ddG13,ddG31,ddG23,ddG32,R1,R1b,R1c,R2,R2b,R2c,pA_err,pB_err,pC_err,dwB_err,dwC_err,kexAB_err,kexAC_err,kexBC_err,k12_err,k21_err,k13_err,k31_err,k23_err,k32_err,tau1_err,tau2_err,tau3_err,dG12_err,dG13_err,ddG12_err,ddG21_err,ddG13_err,ddG31_err,ddG23_err,ddG32_err,R1_err,R1b_err,R1c_err,R2_err,R2b_err,R2c_err
ac8,1,2.2448268159793505,176.04,auto,298.15,0.92,0.08,0.0,2.4525217857648904,0.0,309.11961597832834,0.0,0.0,24.7295692783,284.3900467,0.0,0.0,0.0,0.0,0.0404374208361,0.00351629746401,0.0,1.44705336996,0.0,15.5524725743,14.1054192044,0.0,0.0,0.0,0.0,0.10000000000000002,0.10000000000000002,0.10000000000000002,36.59816503132852,36.59816503132852,36.59816503132852,0.08,0.08,0.0,0.08086504203626492,0.0,9.071847553981847,0.0,0.0,22.8485866419,24.3143698805,0.0,0.0,0.0,0.0,0.0373616662365,0.000300631327087,0.0,0.549757824933,0.0,0.547419122701,0.0506554061942,0.0,0.0,0.0,0.0,0.6677728590961307,0.6677728590961307,0.6677728590961307,0.6744321069093941,0.6744321069093941,0.6744321069093941
