Name,FitNum,RedChiSq,lf,AlignMag,Temp,pA,pB,pC,dwB,dwC,kexAB,kexAC,kexBC,k12,k21,k13,k31,k23,k32,tau1,tau2,tau3,dG12,dG13,ddG12,ddG21,ddG13,ddG31,ddG23,ddG32,R1,R1b,R1c,R2,R2b,R2c,pA_err,pB_err,pC_err,dwB_err,dwC_err,kexAB_err,kexAC_err,kexBC_err,k12_err,k21_err,k13_err,k31_err,k23_err,k32_err,tau1_err,tau2_err,tau3_err,dG12_err,dG13_err,ddG12_err,ddG21_err,ddG13_err,ddG31_err,ddG23_err,ddG32_err,R1_err,R1b_err,R1c_err,R2_err,R2b_err,R2c_err
gc1p,1,0.14532660345197723,176.04,gs,298.15,0.995408469314,0.004591530686201693,0.0,3.5691643184515587,0.0,794.3081568829687,0.0,0.0,3.64709027663,790.661066606,0.0,0.0,0.0,0.0,0.274191183697,0.00126476443856,0.0,3.18693975141,0.0,16.6865298572,13.4995901058,0.0,0.0,0.0,0.0,1.1886967289557024,1.1886967289557024,1.1886967289557024,18.223623109054603,18.223623109054603,18.223623109054603,0.000315275722722,0.00031527572272209555,0.0,0.06627662288773241,0.0,74.908584811786,0.0,0.0,0.424780147682,74.56505643,0.0,0.0,0.0,0.0,0.0319353135431,0.000119276432994,0.0,0.088792376883,0.0,0.069007274305,0.0558755965116,0.0,0.0,0.0,0.0,0.056485623742227285,0.056485623742227285,0.056485623742227285,0.08373855314503786,0.08373855314503786,0.08373855314503786
