Name,FitNum,N,DF,K,ChiSq,RedChiSq,Rsq,AdjRsq,AIC,BIC,RSS,TSS,SDR
gc8,1,190,182,8,26.449441828259854,0.14532660345197723,0.9963884497303354,0.9962288231990795,-357.84433311573616,-332.6637206489495,26.44944182825986,7323.570171630386,0.38121726541694995
