Name,FitNum,RedChiSq,lf,AlignMag,Temp,pA,pB,pC,dwB,dwC,kexAB,kexAC,kexBC,k12,k21,k13,k31,k23,k32,tau1,tau2,tau3,dG12,dG13,ddG12,ddG21,ddG13,ddG31,ddG23,ddG32,R1,R1b,R1c,R2,R2b,R2c,pA_err,pB_err,pC_err,dwB_err,dwC_err,kexAB_err,kexAC_err,kexBC_err,k12_err,k21_err,k13_err,k31_err,k23_err,k32_err,tau1_err,tau2_err,tau3_err,dG12_err,dG13_err,ddG12_err,ddG21_err,ddG13_err,ddG31_err,ddG23_err,ddG32_err,R1_err,R1b_err,R1c_err,R2_err,R2b_err,R2c_err
A16_C8_Off,1,0.12889967821522416,170.4,auto,298.15,0.995,0.005,0.0,2.275351814918052,0.0,3944.2171757591814,0.0,0.0,19.7210858788,3924.49608988,0.0,0.0,0.0,0.0,0.0507071469667,0.000254809783753,0.0,3.13620237989,0.0,15.6865585396,12.5503561597,0.0,0.0,0.0,0.0,1.8053413232882618,1.8053413232882618,1.8053413232882618,22.91797329295727,22.91797329295727,22.91797329295727,0.005,0.005,0.0,0.07554514840794997,0.0,273.95416110124876,0.0,0.0,19.6704787455,273.289775321,0.0,0.0,0.0,0.0,0.050577025159,1.77441656091e-05,0.0,0.592402861082,0.0,0.590964348098,0.0412588062767,0.0,0.0,0.0,0.0,0.05528412836230032,0.05528412836230032,0.05528412836230032,0.18362379881172627,0.18362379881172627,0.18362379881172627
