Name,FitNum,N,DF,K,ChiSq,RedChiSq,Rsq,AdjRsq,AIC,BIC,RSS,TSS,SDR
A16_C8_Off,1,93,89,4,11.47207136115495,0.12889967821522416,0.9979172552346779,0.9978225850180724,-186.16506550869428,-176.48921299062673,11.472071361154956,5508.15037548826,0.3590260132848652
