Name,FitNum,N,DF,K,ChiSq,RedChiSq,Rsq,AdjRsq,AIC,BIC,RSS,TSS,SDR
gc8,1,190,183,7,243.37071096974304,1.3298945954630768,0.9667688428913404,0.9654907214640842,61.65212058146101,83.7659044711998,243.37071096974302,7323.570171630386,1.1532105598992217
