Name,FitNum,RedChiSq,lf,AlignMag,Temp,pA,pB,pC,dwB,dwC,kexAB,kexAC,kexBC,k12,k21,k13,k31,k23,k32,tau1,tau2,tau3,dG12,dG13,ddG12,ddG21,ddG13,ddG31,ddG23,ddG32,R1,R1b,R1c,R2,R2b,R2c,pA_err,pB_err,pC_err,dwB_err,dwC_err,kexAB_err,kexAC_err,kexBC_err,k12_err,k21_err,k13_err,k31_err,k23_err,k32_err,tau1_err,tau2_err,tau3_err,dG12_err,dG13_err,ddG12_err,ddG21_err,ddG13_err,ddG31_err,ddG23_err,ddG32_err,R1_err,R1b_err,R1c_err,R2_err,R2b_err,R2c_err
gc8,1,0.19349191392215806,176.04,avg,298.15,0.994,0.006,0.0,3.0468158577108575,0.0,597.9873120697888,0.0,0.0,3.58792387242,594.399388197,0.0,0.0,0.0,0.0,0.27871271397,0.00168237050686,0.0,3.02758387661,0.0,16.6962205013,13.6686366247,0.0,0.0,0.0,0.0,1.2855815730323623,1.2855815730323623,1.2855815730323623,27.564415049877915,27.564415049877915,27.564415049877915,0.006,0.006,0.0,0.04976314082494983,0.0,14.408103313760519,0.0,0.0,3.56750887537,14.7590460187,0.0,0.0,0.0,0.0,0.277126861138,4.17735687895e-05,0.0,0.589297219764,0.0,0.589113558525,0.014711505173,0.0,0.0,0.0,0.0,0.05759266812506427,0.05759266812506427,0.05759266812506427,0.09010137764517227,0.09010137764517227,0.09010137764517227
