Name,FitNum,N,DF,K,ChiSq,RedChiSq,Rsq,AdjRsq,AIC,BIC,RSS,TSS,SDR
gc1p,1,190,183,7,35.409020247754924,0.19349191392215806,0.9895400251915243,0.9891377184681214,-304.5955356765121,-282.4817517867733,35.409020247754924,3385.1917328771365,0.4398771577635716
