Name,FitNum,N,DF,K,ChiSq,RedChiSq,Rsq,AdjRsq,AIC,BIC,RSS,TSS,SDR
gc8,1,190,183,7,35.409020247754924,0.19349191392215806,0.9951650602891852,0.9949791010695385,-304.5955356765121,-282.4817517867733,35.409020247754924,7323.570171630386,0.4398771577635716
