Name,FitNum,RedChiSq,lf,AlignMag,Temp,pA,pB,pC,dwB,dwC,kexAB,kexAC,kexBC,k12,k21,k13,k31,k23,k32,tau1,tau2,tau3,dG12,dG13,ddG12,ddG21,ddG13,ddG31,ddG23,ddG32,R1,R1b,R1c,R2,R2b,R2c,pA_err,pB_err,pC_err,dwB_err,dwC_err,kexAB_err,kexAC_err,kexBC_err,k12_err,k21_err,k13_err,k31_err,k23_err,k32_err,tau1_err,tau2_err,tau3_err,dG12_err,dG13_err,ddG12_err,ddG21_err,ddG13_err,ddG31_err,ddG23_err,ddG32_err,R1_err,R1b_err,R1c_err,R2_err,R2b_err,R2c_err
A16_C8_Off,1,0.21685016069970636,150.88,auto,298.15,0.994411690239,0.005588309761176604,0.0,2.7717466921772327,0.0,3067.5110635347605,0.0,0.0,17.1422020189,3050.36886152,0.0,0.0,0.0,0.0,0.0583355626599,0.000327829205384,0.0,3.06994457244,0.0,15.7695923355,12.699647763,0.0,0.0,0.0,0.0,2.9551972084267772,2.9551972084267772,2.9551972084267772,24.63596367476894,24.63596367476894,24.63596367476894,0.000472146075493,0.00047214607549317725,0.0,0.1285581641699906,0.0,218.86620195736924,0.0,0.0,1.88951121145,217.647875139,0.0,0.0,0.0,0.0,0.00643007820995,2.3391049804e-05,0.0,0.0777955649889,0.0,0.0653070459918,0.0422745748147,0.0,0.0,0.0,0.0,0.07242652576229057,0.07242652576229057,0.07242652576229057,0.21833157566685235,0.21833157566685235,0.21833157566685235
