Name,FitNum,N,DF,K,ChiSq,RedChiSq,Rsq,AdjRsq,AIC,BIC,RSS,TSS,SDR
A21_C1p_Off,1,117,113,4,48.6425539551246,0.43046507924889027,0.9764465766332717,0.9756053829416028,-94.33085451527229,-83.63930163322414,48.64255395512459,2065.201019731054,0.6560983761974192
