Name,FitNum,RedChiSq,lf,AlignMag,Temp,pA,pB,pC,dwB,dwC,kexAB,kexAC,kexBC,k12,k21,k13,k31,k23,k32,tau1,tau2,tau3,dG12,dG13,ddG12,ddG21,ddG13,ddG31,ddG23,ddG32,R1,R1b,R1c,R2,R2b,R2c,pA_err,pB_err,pC_err,dwB_err,dwC_err,kexAB_err,kexAC_err,kexBC_err,k12_err,k21_err,k13_err,k31_err,k23_err,k32_err,tau1_err,tau2_err,tau3_err,dG12_err,dG13_err,ddG12_err,ddG21_err,ddG13_err,ddG31_err,ddG23_err,ddG32_err,R1_err,R1b_err,R1c_err,R2_err,R2b_err,R2c_err
A21_C1p_Off,1,0.43046507924889027,150.88,avg,298.15,0.9995,0.0005,0.0,5.05745418007261,0.0,2913.2474573316676,0.0,0.0,1.45662372867,2911.7908336,0.0,0.0,0.0,0.0,0.686519092282,0.000343431261772,0.0,4.50312246865,0.0,17.2303173497,12.727194881,0.0,0.0,0.0,0.0,2.4169580922451455,2.4169580922451455,2.4169580922451455,13.620413367349961,13.620413367349961,13.620413367349961,0.0005,0.0005,0.0,0.797475975465278,0.0,1841.9919301940859,0.0,0.0,1.72274941963,1841.07150988,0.0,0.0,0.0,0.0,0.811946382938,0.000217145237341,0.0,0.794583695647,0.0,0.700731930427,0.37461715266,0.0,0.0,0.0,0.0,0.08216698262057602,0.08216698262057602,0.08216698262057602,0.27760571748320345,0.27760571748320345,0.27760571748320345
