Name,FitNum,N,DF,K,ChiSq,RedChiSq,Rsq,AdjRsq,AIC,BIC,RSS,TSS,SDR
ra16_c8_10c,1,222,218,4,260.48315298942964,1.1948768485753654,0.9936405602288232,0.9935233355325803,43.4890987997377,57.09980832722681,260.48315298942975,40960.078617307096,1.0931042258519386
