Name,FitNum,RedChiSq,lf,AlignMag,Temp,pA,pB,pC,dwB,dwC,kexAB,kexAC,kexBC,k12,k21,k13,k31,k23,k32,tau1,tau2,tau3,dG12,dG13,ddG12,ddG21,ddG13,ddG31,ddG23,ddG32,R1,R1b,R1c,R2,R2b,R2c,pA_err,pB_err,pC_err,dwB_err,dwC_err,kexAB_err,kexAC_err,kexBC_err,k12_err,k21_err,k13_err,k31_err,k23_err,k32_err,tau1_err,tau2_err,tau3_err,dG12_err,dG13_err,ddG12_err,ddG21_err,ddG13_err,ddG31_err,ddG23_err,ddG32_err,R1_err,R1b_err,R1c_err,R2_err,R2b_err,R2c_err
ra16_c8_10c,1,1.1948768485753654,150.784186,auto,298.15,0.9925,0.0075,0.0,1.743323201605348,0.0,3988.4810022108495,0.0,0.0,29.9136075166,3958.56739469,0.0,0.0,0.0,0.0,0.0334296022118,0.000252616641399,0.0,2.89447995867,0.0,15.4397145424,12.5452345837,0.0,0.0,0.0,0.0,1.8844274078099772,1.8844274078099772,1.8844274078099772,41.31975120097121,41.31975120097121,41.31975120097121,0.0075,0.0075,0.0,0.12035817476333444,0.0,455.9384701923894,0.0,0.0,29.8863759489,453.491880566,0.0,0.0,0.0,0.0,0.0333991698919,2.89396603236e-05,0.0,0.595824076676,0.0,0.591945386046,0.0678748133334,0.0,0.0,0.0,0.0,0.04643247358742545,0.04643247358742545,0.04643247358742545,0.2650165558949647,0.2650165558949647,0.2650165558949647
