Name,FitNum,N,DF,K,ChiSq,RedChiSq,Rsq,AdjRsq,AIC,BIC,RSS,TSS,SDR
G_C8_Off_clean,1,253,248,5,68.21164902916507,0.27504697189179467,0.9803270423395835,0.9799288043302632,-321.6258552909253,-303.9589078472877,68.21164902916505,3467.2798166191255,0.5244492081143746
