Name,FitNum,RedChiSq,lf,AlignMag,Temp,pA,pB,pC,dwB,dwC,kexAB,kexAC,kexBC,k12,k21,k13,k31,k23,k32,tau1,tau2,tau3,dG12,dG13,ddG12,ddG21,ddG13,ddG31,ddG23,ddG32,R1,R1b,R1c,R2,R2b,R2c,pA_err,pB_err,pC_err,dwB_err,dwC_err,kexAB_err,kexAC_err,kexBC_err,k12_err,k21_err,k13_err,k31_err,k23_err,k32_err,tau1_err,tau2_err,tau3_err,dG12_err,dG13_err,ddG12_err,ddG21_err,ddG13_err,ddG31_err,ddG23_err,ddG32_err,R1_err,R1b_err,R1c_err,R2_err,R2b_err,R2c_err
ac1p,1,3.152410298008268,150.7,auto,298.15,0.9935,0.0065,0.0,5.288818157499796,0.0,3111.0492917862,0.0,0.0,20.2218203966,3090.82747139,0.0,0.0,0.0,0.0,0.0494515320771,0.00032353795521,0.0,2.97986168751,0.0,15.6717026798,12.6918409922,0.0,0.0,0.0,0.0,2.798559459930707,2.798559459930707,2.798559459930707,23.123982846961695,23.123982846961695,23.123982846961695,0.0065,0.0065,0.0,0.4273706461484342,0.0,735.4854547596339,0.0,0.0,20.6517615324,730.980946614,0.0,0.0,0.0,0.0,0.0505029333579,7.65167525377e-05,0.0,0.621094396317,0.0,0.605081713997,0.140122690965,0.0,0.0,0.0,0.0,0.7132780487088216,0.7132780487088216,0.7132780487088216,1.5115317256813856,1.5115317256813856,1.5115317256813856
