Name,FitNum,N,DF,K,ChiSq,RedChiSq,Rsq,AdjRsq,AIC,BIC,RSS,TSS,SDR
ac1p,1,219,212,7,668.3109831777529,3.152410298008268,0.9582433954340923,0.9568581052352234,258.86513720300337,282.05783362451507,668.3109831777529,16004.916829933014,1.775502829625531
