Name,FitNum,N,DF,K,ChiSq,RedChiSq,Rsq,AdjRsq,AIC,BIC,RSS,TSS,SDR
ac8,1,195,188,7,2587.6331734851183,13.764006241942118,0.9030064368152962,0.8993756617228207,518.7713028925918,541.0833693212546,2587.633173485119,26678.40100437922,3.709987364121625
