Name,FitNum,RedChiSq,lf,AlignMag,Temp,pA,pB,pC,dwB,dwC,kexAB,kexAC,kexBC,k12,k21,k13,k31,k23,k32,tau1,tau2,tau3,dG12,dG13,ddG12,ddG21,ddG13,ddG31,ddG23,ddG32,R1,R1b,R1c,R2,R2b,R2c,pA_err,pB_err,pC_err,dwB_err,dwC_err,kexAB_err,kexAC_err,kexBC_err,k12_err,k21_err,k13_err,k31_err,k23_err,k32_err,tau1_err,tau2_err,tau3_err,dG12_err,dG13_err,ddG12_err,ddG21_err,ddG13_err,ddG31_err,ddG23_err,ddG32_err,R1_err,R1b_err,R1c_err,R2_err,R2b_err,R2c_err
ac1p,1,1.8025342185669724,176.04,auto,298.15,0.999,0.001,0.0,5.831071600731462,0.0,4106.587538837019,0.0,0.0,4.10658753884,4102.4809513,0.0,0.0,0.0,0.0,0.243511185514,0.000243754940455,0.0,4.0921468707,0.0,16.6162239959,12.5240771252,0.0,0.0,0.0,0.0,1.782082343012332,1.782082343012332,1.782082343012332,21.282425798917817,21.282425798917817,21.282425798917817,0.001,0.001,0.0,1.0769874433180924,0.0,2421.0027928333466,0.0,0.0,4.76357232996,2418.58526943,0.0,0.0,0.0,0.0,0.282468870901,0.000143703801512,0.0,0.770941008413,0.0,0.687272322594,0.349294708018,0.0,0.0,0.0,0.0,0.29009933312010094,0.29009933312010094,0.29009933312010094,0.8725798002650952,0.8725798002650952,0.8725798002650952
