Name,FitNum,RedChiSq,lf,AlignMag,Temp,pA,pB,pC,dwB,dwC,kexAB,kexAC,kexBC,k12,k21,k13,k31,k23,k32,tau1,tau2,tau3,dG12,dG13,ddG12,ddG21,ddG13,ddG31,ddG23,ddG32,R1,R1b,R1c,R2,R2b,R2c,pA_err,pB_err,pC_err,dwB_err,dwC_err,kexAB_err,kexAC_err,kexBC_err,k12_err,k21_err,k13_err,k31_err,k23_err,k32_err,tau1_err,tau2_err,tau3_err,dG12_err,dG13_err,ddG12_err,ddG21_err,ddG13_err,ddG31_err,ddG23_err,ddG32_err,R1_err,R1b_err,R1c_err,R2_err,R2b_err,R2c_err
gc8,1,1.231071264148895,176.04,avg,298.15,0.985,0.015,0.0,1.354927299219002,0.0,4723.72532967149,0.0,0.0,70.8558799451,4652.86944973,0.0,0.0,0.0,0.0,0.0141131547696,0.000214921138623,0.0,2.47930660859,0.0,14.9287945167,12.4494879081,0.0,0.0,0.0,0.0,2.3926454801059083,2.3926454801059083,2.3926454801059083,25.422996472365575,25.422996472365575,25.422996472365575,0.015,0.015,0.0,0.11698208443454527,0.0,561.9074331882412,0.0,0.0,70.3081772838,557.862890288,0.0,0.0,0.0,0.0,0.0140040627305,2.57682982237e-05,0.0,0.59218111226,0.0,0.587904952919,0.0710368640343,0.0,0.0,0.0,0.0,0.13624309602425758,0.13624309602425758,0.13624309602425758,0.5808659458764119,0.5808659458764119,0.5808659458764119
