Name,FitNum,RedChiSq,lf,AlignMag,Temp,pA,pB,pC,dwB,dwC,kexAB,kexAC,kexBC,k12,k21,k13,k31,k23,k32,tau1,tau2,tau3,dG12,dG13,ddG12,ddG21,ddG13,ddG31,ddG23,ddG32,R1,R1b,R1c,R2,R2b,R2c,pA_err,pB_err,pC_err,dwB_err,dwC_err,kexAB_err,kexAC_err,kexBC_err,k12_err,k21_err,k13_err,k31_err,k23_err,k32_err,tau1_err,tau2_err,tau3_err,dG12_err,dG13_err,ddG12_err,ddG21_err,ddG13_err,ddG31_err,ddG23_err,ddG32_err,R1_err,R1b_err,R1c_err,R2_err,R2b_err,R2c_err
g10c8,1,1.560309823476653,176.04,auto,298.15,0.984,0.016,0.0,3.0758398360264496,0.0,946.6492074992244,0.0,0.0,15.14638732,931.502820179,0.0,0.0,0.0,0.0,0.0660223443963,0.00107353405522,0.0,2.4404667062,0.0,15.8429308885,13.4024641823,0.0,0.0,0.0,0.0,0.06520721698198752,0.06520721698198752,0.06520721698198752,27.15273723936186,27.15273723936186,27.15273723936186,0.016,0.016,0.0,0.12612393335849698,0.0,26.95487393589055,0.0,0.0,14.9122530646,30.4251611834,0.0,0.0,0.0,0.0,0.0650017648934,3.5064248823e-05,0.0,0.583646980566,0.0,0.583326064874,0.0193520015112,0.0,0.0,0.0,0.0,0.4617806634459355,0.4617806634459355,0.4617806634459355,0.49775821666721404,0.49775821666721404,0.49775821666721404
