Name,FitNum,N,DF,K,ChiSq,RedChiSq,Rsq,AdjRsq,AIC,BIC,RSS,TSS,SDR
g10c1p,1,180,173,7,269.933599461461,1.560309823476653,0.9601140694245041,0.9584908048080595,87.59060978033321,109.29014494586701,269.933599461461,6767.639505126548,1.2491236221754247
