Name,FitNum,RedChiSq,lf,AlignMag,Temp,pA,pB,pC,dwB,dwC,kexAB,kexAC,kexBC,k12,k21,k13,k31,k23,k32,tau1,tau2,tau3,dG12,dG13,ddG12,ddG21,ddG13,ddG31,ddG23,ddG32,R1,R1b,R1c,R2,R2b,R2c,pA_err,pB_err,pC_err,dwB_err,dwC_err,kexAB_err,kexAC_err,kexBC_err,k12_err,k21_err,k13_err,k31_err,k23_err,k32_err,tau1_err,tau2_err,tau3_err,dG12_err,dG13_err,ddG12_err,ddG21_err,ddG13_err,ddG31_err,ddG23_err,ddG32_err,R1_err,R1b_err,R1c_err,R2_err,R2b_err,R2c_err
gc1p,1,2.1738199452888347,150.88,auto,298.15,0.9999,0.0001,0.0,8.080767625345779,0.0,4854.277091880898,0.0,0.0,0.485427709188,4853.79166417,0.0,0.0,0.0,0.0,2.06003897403,0.000206024499853,0.0,5.45692695108,0.0,17.8813669321,12.424439981,0.0,0.0,0.0,0.0,2.931456054707242,2.931456054707242,2.931456054707242,15.259472243195388,15.259472243195388,15.259472243195388,0.0001,0.0001,0.0,10.799356402166547,0.0,13914.23574558224,0.0,0.0,1.47365277504,13912.8443305,0.0,0.0,0.0,0.0,6.25382954723,0.000590545905765,0.0,2.47373178591,0.0,1.79865462529,1.6982904603,0.0,0.0,0.0,0.0,0.2016871635538359,0.2016871635538359,0.2016871635538359,0.5940416890616957,0.5940416890616957,0.5940416890616957
