Name,FitNum,RedChiSq,lf,AlignMag,Temp,pA,pB,pC,dwB,dwC,kexAB,kexAC,kexBC,k12,k21,k13,k31,k23,k32,tau1,tau2,tau3,dG12,dG13,ddG12,ddG21,ddG13,ddG31,ddG23,ddG32,R1,R1b,R1c,R2,R2b,R2c,pA_err,pB_err,pC_err,dwB_err,dwC_err,kexAB_err,kexAC_err,kexBC_err,k12_err,k21_err,k13_err,k31_err,k23_err,k32_err,tau1_err,tau2_err,tau3_err,dG12_err,dG13_err,ddG12_err,ddG21_err,ddG13_err,ddG31_err,ddG23_err,ddG32_err,R1_err,R1b_err,R1c_err,R2_err,R2b_err,R2c_err
A21_C1p_Off,1,0.2126544277470267,150.7,avg,298.15,0.996,0.004,0.0,2.6949275414330627,0.0,443.8622089511478,0.0,0.0,1.7754488358,442.086760115,0.0,0.0,0.0,0.0,0.563237858413,0.00226199943138,0.0,3.26900669389,0.0,17.1130456506,13.8440389567,0.0,0.0,0.0,0.0,1.647927701118159,1.647927701118159,1.647927701118159,14.606827670529452,14.606827670529452,14.606827670529452,0.004,0.004,0.0,0.15632764153035564,0.0,48.330637724943436,0.0,0.0,1.77889721448,48.1697852793,0.0,0.0,0.0,0.0,0.564331811323,0.000246467518916,0.0,0.597135446179,0.0,0.593635506794,0.064557154184,0.0,0.0,0.0,0.0,0.0671944140252892,0.0671944140252892,0.0671944140252892,0.08314625257001863,0.08314625257001863,0.08314625257001863
