Name,FitNum,N,DF,K,ChiSq,RedChiSq,Rsq,AdjRsq,AIC,BIC,RSS,TSS,SDR
gc1p,1,190,183,7,199.53828077779335,1.0903731190043353,0.9410555452916098,0.9387884508797486,23.921970193801844,46.03575408354063,199.53828077779332,3385.1917328771365,1.0442093271965804
