Name,FitNum,N,DF,K,ChiSq,RedChiSq,Rsq,AdjRsq,AIC,BIC,RSS,TSS,SDR
gc1p,1,308,301,7,124.08702525774436,0.4122492533479879,0.9555303996785196,0.9544927756710184,-266.00792725503334,-239.89722877421832,124.08702525774432,2790.378693774901,0.642066393255392
