Name,FitNum,N,DF,K,ChiSq,RedChiSq,Rsq,AdjRsq,AIC,BIC,RSS,TSS,SDR
gc8,1,308,301,7,124.08702525774436,0.4122492533479879,0.978548845535538,0.9780483185980339,-266.00792725503334,-239.89722877421832,124.08702525774432,5784.631566721444,0.642066393255392
