Name,FitNum,RedChiSq,lf,AlignMag,Temp,pA,pB,pC,dwB,dwC,kexAB,kexAC,kexBC,k12,k21,k13,k31,k23,k32,tau1,tau2,tau3,dG12,dG13,ddG12,ddG21,ddG13,ddG31,ddG23,ddG32,R1,R1b,R1c,R2,R2b,R2c,pA_err,pB_err,pC_err,dwB_err,dwC_err,kexAB_err,kexAC_err,kexBC_err,k12_err,k21_err,k13_err,k31_err,k23_err,k32_err,tau1_err,tau2_err,tau3_err,dG12_err,dG13_err,ddG12_err,ddG21_err,ddG13_err,ddG31_err,ddG23_err,ddG32_err,R1_err,R1b_err,R1c_err,R2_err,R2b_err,R2c_err
A16_C8_Off,1,2.3889524752781397,150.7,auto,298.15,0.9995,0.0005,0.0,5.936480620921576,0.0,3498.751905554998,0.0,0.0,1.74937595278,3497.0025296,0.0,0.0,0.0,0.0,0.57163241464,0.000285959186914,0.0,4.50312246865,0.0,17.1218109471,12.6186884785,0.0,0.0,0.0,0.0,2.622557450143119,2.622557450143119,2.622557450143119,28.444894820856266,28.444894820856266,28.444894820856266,0.0005,0.0005,0.0,2.018931824371923,0.0,5001.952841192243,0.0,0.0,3.05157999968,4999.45217053,0.0,0.0,0.0,0.0,0.997145319688,0.000408818485431,0.0,1.33627802103,0.0,1.03351975713,0.847039468455,0.0,0.0,0.0,0.0,0.24177615533609398,0.24177615533609398,0.24177615533609398,0.8209332914948654,0.8209332914948654,0.8209332914948654
