Name,FitNum,N,DF,K,ChiSq,RedChiSq,Rsq,AdjRsq,AIC,BIC,RSS,TSS,SDR
A16_C8_Off,1,111,107,4,22.487224339906568,0.21016097513931373,0.99579438945564,0.9956356871709472,-168.84333902279505,-158.38257670811174,22.487224339906575,5346.958331665673,0.4584331741260811
