Name,FitNum,RedChiSq,lf,AlignMag,Temp,pA,pB,pC,dwB,dwC,kexAB,kexAC,kexBC,k12,k21,k13,k31,k23,k32,tau1,tau2,tau3,dG12,dG13,ddG12,ddG21,ddG13,ddG31,ddG23,ddG32,R1,R1b,R1c,R2,R2b,R2c,pA_err,pB_err,pC_err,dwB_err,dwC_err,kexAB_err,kexAC_err,kexBC_err,k12_err,k21_err,k13_err,k31_err,k23_err,k32_err,tau1_err,tau2_err,tau3_err,dG12_err,dG13_err,ddG12_err,ddG21_err,ddG13_err,ddG31_err,ddG23_err,ddG32_err,R1_err,R1b_err,R1c_err,R2_err,R2b_err,R2c_err
A16_C8_Off,1,0.21016097513931373,150.7,auto,298.15,0.9955,0.0045,0.0,1.588553369677372,0.0,3503.5724103709836,0.0,0.0,15.7660758467,3487.80633452,0.0,0.0,0.0,0.0,0.0634273239407,0.000286713166984,0.0,3.1989245348,0.0,15.8191731443,12.6202486095,0.0,0.0,0.0,0.0,2.20383087812733,2.20383087812733,2.20383087812733,22.030843305776322,22.030843305776322,22.030843305776322,0.0045,0.0045,0.0,0.11733148050110329,0.0,523.8327383007066,0.0,0.0,15.8713171244,521.711634702,0.0,0.0,0.0,0.0,0.0638507122765,4.2887012836e-05,0.0,0.602988107415,0.0,0.596439686864,0.0886248137752,0.0,0.0,0.0,0.0,0.050787211677242435,0.050787211677242435,0.050787211677242435,0.1697149167444142,0.1697149167444142,0.1697149167444142
