Name,FitNum,N,DF,K,ChiSq,RedChiSq,Rsq,AdjRsq,AIC,BIC,RSS,TSS,SDR
ac1p,1,195,188,7,3534.267225998758,18.799293755312544,0.850634171729063,0.8450429375157125,579.5649633832747,601.8770298119375,3534.267225998759,23661.819218703065,4.335815235375297
