Name,FitNum,RedChiSq,lf,AlignMag,Temp,pA,pB,pC,dwB,dwC,kexAB,kexAC,kexBC,k12,k21,k13,k31,k23,k32,tau1,tau2,tau3,dG12,dG13,ddG12,ddG21,ddG13,ddG31,ddG23,ddG32,R1,R1b,R1c,R2,R2b,R2c,pA_err,pB_err,pC_err,dwB_err,dwC_err,kexAB_err,kexAC_err,kexBC_err,k12_err,k21_err,k13_err,k31_err,k23_err,k32_err,tau1_err,tau2_err,tau3_err,dG12_err,dG13_err,ddG12_err,ddG21_err,ddG13_err,ddG31_err,ddG23_err,ddG32_err,R1_err,R1b_err,R1c_err,R2_err,R2b_err,R2c_err
G_C1p_Off,1,0.2537870996307503,150.88,auto,298.15,0.994,0.006,0.0,4.5788705792068685,0.0,111.61553968028244,0.0,0.0,0.669693238082,110.945846442,0.0,0.0,0.0,0.0,1.49322099005,0.00901340637859,0.0,3.02758387661,0.0,17.6907116338,14.6631277572,0.0,0.0,0.0,0.0,2.126104921663493,2.126104921663493,2.126104921663493,14.204786448073511,14.204786448073511,14.204786448073511,0.006,0.006,0.0,0.2591747210927558,0.0,7.527367627781741,0.0,0.0,0.667217551798,7.51175795033,0.0,0.0,0.0,0.0,1.48770093025,0.000610266442549,0.0,0.591655978156,0.0,0.590294482839,0.0401150846622,0.0,0.0,0.0,0.0,0.032670724775396114,0.032670724775396114,0.032670724775396114,0.047001586273591724,0.047001586273591724,0.047001586273591724
