Name,FitNum,N,DF,K,ChiSq,RedChiSq,Rsq,AdjRsq,AIC,BIC,RSS,TSS,SDR
G_C1p_Off,1,199,192,7,48.72712312910406,0.2537870996307503,0.9751222498781423,0.9742104998736764,-265.42034487256547,-242.953598534049,48.727123129104044,1958.6627765945875,0.50377286511954
