Name,FitNum,N,DF,K,ChiSq,RedChiSq,Rsq,AdjRsq,AIC,BIC,RSS,TSS,SDR
G_C8_Off,1,199,192,7,48.72712312910406,0.2537870996307503,0.9876468938050854,0.9871941621644341,-265.42034487256547,-242.953598534049,48.727123129104044,3944.5239408015236,0.50377286511954
