Name,FitNum,N,DF,K,ChiSq,RedChiSq,Rsq,AdjRsq,AIC,BIC,RSS,TSS,SDR
g10c1p,1,180,173,7,304.14545528891006,1.7580662155428326,0.9550588569236708,0.9532298569147504,109.07002012813294,130.76955529366674,304.14545528891006,6767.639505126548,1.3259208933955422
