Name,FitNum,RedChiSq,lf,AlignMag,Temp,pA,pB,pC,dwB,dwC,kexAB,kexAC,kexBC,k12,k21,k13,k31,k23,k32,tau1,tau2,tau3,dG12,dG13,ddG12,ddG21,ddG13,ddG31,ddG23,ddG32,R1,R1b,R1c,R2,R2b,R2c,pA_err,pB_err,pC_err,dwB_err,dwC_err,kexAB_err,kexAC_err,kexBC_err,k12_err,k21_err,k13_err,k31_err,k23_err,k32_err,tau1_err,tau2_err,tau3_err,dG12_err,dG13_err,ddG12_err,ddG21_err,ddG13_err,ddG31_err,ddG23_err,ddG32_err,R1_err,R1b_err,R1c_err,R2_err,R2b_err,R2c_err
A6RNAm6A_C2_37,1,0.37477007606686297,150.88,auto,298.15,0.991,0.009,0.0,1.8497563026300206,0.0,138.08554899005344,0.0,0.0,1.24276994091,136.842779049,0.0,0.0,0.0,0.0,0.804654157685,0.0073076563261,0.0,2.78556109659,0.0,17.324391208,14.5388301114,0.0,0.0,0.0,0.0,4.542522136567845,4.542522136567845,4.542522136567845,21.01738753717129,21.01738753717129,21.01738753717129,0.009,0.009,0.0,0.07306822050081693,0.0,7.8801036867052945,0.0,0.0,1.2336760198,7.90571072207,0.0,0.0,0.0,0.0,0.798766131918,0.000422179506817,0.0,0.589144458229,0.0,0.588149264593,0.0342291574648,0.0,0.0,0.0,0.0,0.030382762331883282,0.030382762331883282,0.030382762331883282,0.03171041967248564,0.03171041967248564,0.03171041967248564
