Name,FitNum,N,DF,K,ChiSq,RedChiSq,Rsq,AdjRsq,AIC,BIC,RSS,TSS,SDR
A6RNAm6A_C2_37,1,93,89,4,33.354536769950805,0.37477007606686297,0.9887103243340298,0.9881971572583039,-86.9081841769737,-77.23233165890613,33.35453676995082,2954.428254346537,0.6121846748056203
