Name,FitNum,N,DF,K,ChiSq,RedChiSq,Rsq,AdjRsq,AIC,BIC,RSS,TSS,SDR
G10_C8_Off,1,97,93,4,1271.7010809816743,13.67420517184596,0.9676488536179588,0.9662422820361309,258.0545572482198,267.9186185535377,1271.7010809816745,39309.30502319453,3.6978649477564702
