Name,FitNum,RedChiSq,lf,AlignMag,Temp,pA,pB,pC,dwB,dwC,kexAB,kexAC,kexBC,k12,k21,k13,k31,k23,k32,tau1,tau2,tau3,dG12,dG13,ddG12,ddG21,ddG13,ddG31,ddG23,ddG32,R1,R1b,R1c,R2,R2b,R2c,pA_err,pB_err,pC_err,dwB_err,dwC_err,kexAB_err,kexAC_err,kexBC_err,k12_err,k21_err,k13_err,k31_err,k23_err,k32_err,tau1_err,tau2_err,tau3_err,dG12_err,dG13_err,ddG12_err,ddG21_err,ddG13_err,ddG31_err,ddG23_err,ddG32_err,R1_err,R1b_err,R1c_err,R2_err,R2b_err,R2c_err
G10_C8_Off,1,13.67420517184596,176.04,auto,298.15,0.9975,0.0025,0.0,6.419506653955729,0.0,4478.374502404739,0.0,0.0,11.195936256,4467.17856615,0.0,0.0,0.0,0.0,0.0893181219626,0.000223854942262,0.0,3.54836830122,0.0,16.0219863944,12.4736180932,0.0,0.0,0.0,0.0,3.205946184483374,3.205946184483374,3.205946184483374,51.03154030162695,51.03154030162695,51.03154030162695,0.0025,0.0025,0.0,2.908718570819692,0.0,7762.136055769459,0.0,0.0,22.3895296175,7742.73876988,0.0,0.0,0.0,0.0,0.178617552953,0.00038799665485,0.0,1.56793896473,0.0,1.18484551269,1.02692439263,0.0,0.0,0.0,0.0,2.0145795784023433,2.0145795784023433,2.0145795784023433,6.828694153461754,6.828694153461754,6.828694153461754
