Name,FitNum,RedChiSq,lf,AlignMag,Temp,pA,pB,pC,dwB,dwC,kexAB,kexAC,kexBC,k12,k21,k13,k31,k23,k32,tau1,tau2,tau3,dG12,dG13,ddG12,ddG21,ddG13,ddG31,ddG23,ddG32,R1,R1b,R1c,R2,R2b,R2c,pA_err,pB_err,pC_err,dwB_err,dwC_err,kexAB_err,kexAC_err,kexBC_err,k12_err,k21_err,k13_err,k31_err,k23_err,k32_err,tau1_err,tau2_err,tau3_err,dG12_err,dG13_err,ddG12_err,ddG21_err,ddG13_err,ddG31_err,ddG23_err,ddG32_err,R1_err,R1b_err,R1c_err,R2_err,R2b_err,R2c_err
T8_N3_Off,1,0.8251367164246286,176.04,auto,298.15,0.9975,0.0025,0.0,-1.1349644725058738,0.0,851.3858415121914,0.0,0.0,2.12846460378,849.257376908,0.0,0.0,0.0,0.0,0.469822236284,0.00117749933906,0.0,3.54836830122,0.0,17.0055999513,13.4572316501,0.0,0.0,0.0,0.0,1.4122543246132309,1.4122543246132309,1.4122543246132309,8.083002058783942,8.083002058783942,8.083002058783942,0.0025,0.0025,0.0,0.09944111152248235,0.0,273.423549557079,0.0,0.0,2.23047508959,272.748254411,0.0,0.0,0.0,0.0,0.492339310087,0.00037816673488,0.0,0.649384606209,0.0,0.620880643739,0.19028292885,0.0,0.0,0.0,0.0,0.06826396662129479,0.06826396662129479,0.06826396662129479,0.12176206604034524,0.12176206604034524,0.12176206604034524
