Name,FitNum,N,DF,K,ChiSq,RedChiSq,Rsq,AdjRsq,AIC,BIC,RSS,TSS,SDR
T8_N3_Off,1,97,93,4,76.73771462749046,0.8251367164246286,0.8644612897219799,0.8585683023185877,-14.294031851635065,-4.429970546317186,76.73771462749046,566.1682516388443,0.9083703630263531
