Name,FitNum,N,DF,K,ChiSq,RedChiSq,Rsq,AdjRsq,AIC,BIC,RSS,TSS,SDR
ac1p,1,209,202,7,110.59823199960837,0.5475159999980612,0.978955706807148,0.9782228209745611,-118.45668711479213,-95.61756128138671,110.59823199960837,5255.497582459783,0.7399432410651923
