Name,FitNum,RedChiSq,lf,AlignMag,Temp,pA,pB,pC,dwB,dwC,kexAB,kexAC,kexBC,k12,k21,k13,k31,k23,k32,tau1,tau2,tau3,dG12,dG13,ddG12,ddG21,ddG13,ddG31,ddG23,ddG32,R1,R1b,R1c,R2,R2b,R2c,pA_err,pB_err,pC_err,dwB_err,dwC_err,kexAB_err,kexAC_err,kexBC_err,k12_err,k21_err,k13_err,k31_err,k23_err,k32_err,tau1_err,tau2_err,tau3_err,dG12_err,dG13_err,ddG12_err,ddG21_err,ddG13_err,ddG31_err,ddG23_err,ddG32_err,R1_err,R1b_err,R1c_err,R2_err,R2b_err,R2c_err
ac8,1,0.5475159999980612,150.7,auto,298.15,0.9955,0.0045,0.0,3.9174137690685202,0.0,710.5927673199602,0.0,0.0,3.19766745294,707.395099867,0.0,0.0,0.0,0.0,0.312727953959,0.00141363716004,0.0,3.1989245348,0.0,16.7644463665,13.5655218317,0.0,0.0,0.0,0.0,1.5730060388276965,1.5730060388276965,1.5730060388276965,31.38219035041421,31.38219035041421,31.38219035041421,0.0045,0.0045,0.0,0.1962527367601908,0.0,35.897795812859094,0.0,0.0,3.18740658824,35.8777568876,0.0,0.0,0.0,0.0,0.31172445398,7.16970337574e-05,0.0,0.591347540488,0.0,0.590583548743,0.0300497187277,0.0,0.0,0.0,0.0,0.1351206835227602,0.1351206835227602,0.1351206835227602,0.17592777525104705,0.17592777525104705,0.17592777525104705
