Name,FitNum,RedChiSq,lf,AlignMag,Temp,pA,pB,pC,dwB,dwC,kexAB,kexAC,kexBC,k12,k21,k13,k31,k23,k32,tau1,tau2,tau3,dG12,dG13,ddG12,ddG21,ddG13,ddG31,ddG23,ddG32,R1,R1b,R1c,R2,R2b,R2c,pA_err,pB_err,pC_err,dwB_err,dwC_err,kexAB_err,kexAC_err,kexBC_err,k12_err,k21_err,k13_err,k31_err,k23_err,k32_err,tau1_err,tau2_err,tau3_err,dG12_err,dG13_err,ddG12_err,ddG21_err,ddG13_err,ddG31_err,ddG23_err,ddG32_err,R1_err,R1b_err,R1c_err,R2_err,R2b_err,R2c_err
hpGBCm6A_m6A_C2_65C,1,80.21925296911039,150.88,auto,298.15,0.9975,0.0025,0.0,5.486078349738305,0.0,3518.8520618084613,0.0,0.0,8.79713015452,3510.05493165,0.0,0.0,0.0,0.0,0.113673434681,0.000284895826268,0.0,3.54836830122,0.0,16.1648494743,12.616481173,0.0,0.0,0.0,0.0,5.7531362990934936,5.7531362990934936,5.7531362990934936,13.872951793449845,13.872951793449845,13.872951793449845,0.0025,0.0025,0.0,1.3325564806786916,0.0,2614.8130234588098,0.0,0.0,10.9424089442,2608.29075224,0.0,0.0,0.0,0.0,0.141393975822,0.000211703566889,0.0,0.858464228093,0.0,0.736968795701,0.440270172824,0.0,0.0,0.0,0.0,0.5909671524657625,0.5909671524657625,0.5909671524657625,2.040310789571094,2.040310789571094,2.040310789571094
