Name,FitNum,RedChiSq,lf,AlignMag,Temp,pA,pB,pC,dwB,dwC,kexAB,kexAC,kexBC,k12,k21,k13,k31,k23,k32,tau1,tau2,tau3,dG12,dG13,ddG12,ddG21,ddG13,ddG31,ddG23,ddG32,R1,R1b,R1c,R2,R2b,R2c,pA_err,pB_err,pC_err,dwB_err,dwC_err,kexAB_err,kexAC_err,kexBC_err,k12_err,k21_err,k13_err,k31_err,k23_err,k32_err,tau1_err,tau2_err,tau3_err,dG12_err,dG13_err,ddG12_err,ddG21_err,ddG13_err,ddG31_err,ddG23_err,ddG32_err,R1_err,R1b_err,R1c_err,R2_err,R2b_err,R2c_err
G10_C8_Off,1,9.879418501911744,176.04,auto,298.15,0.995,0.005,0.0,5.833719279035053,0.0,4093.7834617966096,0.0,0.0,20.468917309,4073.31454449,0.0,0.0,0.0,0.0,0.048854562501,0.000245500314075,0.0,3.13620237989,0.0,15.6645067939,12.528304414,0.0,0.0,0.0,0.0,2.2885036545140407,2.2885036545140407,2.2885036545140407,46.07481813077908,46.07481813077908,46.07481813077908,0.005,0.005,0.0,1.1700202015162853,0.0,3210.904699775585,0.0,0.0,25.9336747039,3194.9150938,0.0,0.0,0.0,0.0,0.0618976720937,0.000192558824124,0.0,0.882870505716,0.0,0.750665338713,0.464716988196,0.0,0.0,0.0,0.0,1.7029729777786264,1.7029729777786264,1.7029729777786264,5.455361568855266,5.455361568855266,5.455361568855266
