Name,FitNum,RedChiSq,lf,AlignMag,Temp,pA,pB,pC,dwB,dwC,kexAB,kexAC,kexBC,k12,k21,k13,k31,k23,k32,tau1,tau2,tau3,dG12,dG13,ddG12,ddG21,ddG13,ddG31,ddG23,ddG32,R1,R1b,R1c,R2,R2b,R2c,pA_err,pB_err,pC_err,dwB_err,dwC_err,kexAB_err,kexAC_err,kexBC_err,k12_err,k21_err,k13_err,k31_err,k23_err,k32_err,tau1_err,tau2_err,tau3_err,dG12_err,dG13_err,ddG12_err,ddG21_err,ddG13_err,ddG31_err,ddG23_err,ddG32_err,R1_err,R1b_err,R1c_err,R2_err,R2b_err,R2c_err
A16_C8_Off,1,0.4612261899721252,150.7,auto,298.15,0.97,0.03,0.0,1.265546377286648,0.0,4447.179650835945,0.0,0.0,133.415389525,4313.76426131,0.0,0.0,0.0,0.0,0.00749538717804,0.00023181609829,0.0,2.05953545938,0.0,14.5538585926,12.4943231332,0.0,0.0,0.0,0.0,3.296392020328274,3.296392020328274,3.296392020328274,23.76923655844456,23.76923655844456,23.76923655844456,0.03,0.03,0.0,0.05953507990564778,0.0,356.0925061732817,0.0,0.0,129.91476928,368.878852542,0.0,0.0,0.0,0.0,0.00729871943086,1.9823071257e-05,0.0,0.579159149434,0.0,0.576938835382,0.0506645892268,0.0,0.0,0.0,0.0,0.09001453388049163,0.09001453388049163,0.09001453388049163,0.37344616781986417,0.37344616781986417,0.37344616781986417
