Name,FitNum,N,DF,K,ChiSq,RedChiSq,Rsq,AdjRsq,AIC,BIC,RSS,TSS,SDR
A16_C8_Off,1,106,102,4,47.04507137715677,0.4612261899721252,0.994367257477762,0.9941441785659902,-77.7112569591277,-67.45354018663981,47.04507137715677,8352.072048637714,0.6791363559493228
