Name,FitNum,RedChiSq,lf,AlignMag,Temp,pA,pB,pC,dwB,dwC,kexAB,kexAC,kexBC,k12,k21,k13,k31,k23,k32,tau1,tau2,tau3,dG12,dG13,ddG12,ddG21,ddG13,ddG31,ddG23,ddG32,R1,R1b,R1c,R2,R2b,R2c,pA_err,pB_err,pC_err,dwB_err,dwC_err,kexAB_err,kexAC_err,kexBC_err,k12_err,k21_err,k13_err,k31_err,k23_err,k32_err,tau1_err,tau2_err,tau3_err,dG12_err,dG13_err,ddG12_err,ddG21_err,ddG13_err,ddG31_err,ddG23_err,ddG32_err,R1_err,R1b_err,R1c_err,R2_err,R2b_err,R2c_err
ac8,1,1.4313762084058907,150.7,auto,298.15,0.9,0.1,0.0,1.3420122355418298,0.0,3743.336963019722,0.0,0.0,374.333696302,3369.00326672,0.0,0.0,0.0,0.0,0.00267141326009,0.000296823695566,0.0,1.30182205197,0.0,13.9426038408,12.6407817889,0.0,0.0,0.0,0.0,4.0350992744133025,4.0350992744133025,4.0350992744133025,21.72471642302877,21.72471642302877,21.72471642302877,0.1,0.1,0.0,0.04650245974863152,0.0,214.77035060569645,0.0,0.0,339.653279549,390.211984834,0.0,0.0,0.0,0.0,0.00242391824136,3.43793562139e-05,0.0,0.541955815951,0.0,0.537593569675,0.0686240503633,0.0,0.0,0.0,0.0,0.4487196664292539,0.4487196664292539,0.4487196664292539,1.1794183561963008,1.1794183561963008,1.1794183561963008
