Name,FitNum,RedChiSq,lf,AlignMag,Temp,pA,pB,pC,dwB,dwC,kexAB,kexAC,kexBC,k12,k21,k13,k31,k23,k32,tau1,tau2,tau3,dG12,dG13,ddG12,ddG21,ddG13,ddG31,ddG23,ddG32,R1,R1b,R1c,R2,R2b,R2c,pA_err,pB_err,pC_err,dwB_err,dwC_err,kexAB_err,kexAC_err,kexBC_err,k12_err,k21_err,k13_err,k31_err,k23_err,k32_err,tau1_err,tau2_err,tau3_err,dG12_err,dG13_err,ddG12_err,ddG21_err,ddG13_err,ddG31_err,ddG23_err,ddG32_err,R1_err,R1b_err,R1c_err,R2_err,R2b_err,R2c_err
ra16_c8_10c,1,2.3099290241905663,150.784186,auto,298.15,0.9999,0.0001,0.0,9.290737089008923,0.0,5557.791315585998,0.0,0.0,0.555779131559,5557.23553645,0.0,0.0,0.0,0.0,1.79927590515,0.000179945585074,0.0,5.45692695108,0.0,17.8011796948,12.3442527437,0.0,0.0,0.0,0.0,1.899661878907225,1.899661878907225,1.899661878907225,43.81578858935041,43.81578858935041,43.81578858935041,0.0001,0.0001,0.0,7.831612410343269,0.0,13625.872621906154,0.0,0.0,1.47155452439,13624.510046,0.0,0.0,0.0,0.0,4.7640014684,0.000441167270216,0.0,2.13797329988,0.0,1.56874118397,1.45257734002,0.0,0.0,0.0,0.0,0.07285302513777016,0.07285302513777016,0.07285302513777016,0.5465908954998318,0.5465908954998318,0.5465908954998318
