Name,FitNum,RedChiSq,lf,AlignMag,Temp,pA,pB,pC,dwB,dwC,kexAB,kexAC,kexBC,k12,k21,k13,k31,k23,k32,tau1,tau2,tau3,dG12,dG13,ddG12,ddG21,ddG13,ddG31,ddG23,ddG32,R1,R1b,R1c,R2,R2b,R2c,pA_err,pB_err,pC_err,dwB_err,dwC_err,kexAB_err,kexAC_err,kexBC_err,k12_err,k21_err,k13_err,k31_err,k23_err,k32_err,tau1_err,tau2_err,tau3_err,dG12_err,dG13_err,ddG12_err,ddG21_err,ddG13_err,ddG31_err,ddG23_err,ddG32_err,R1_err,R1b_err,R1c_err,R2_err,R2b_err,R2c_err
gc1p,1,1.1596141329553185,150.7,auto,298.15,0.98,0.02,0.0,2.0955492001133194,0.0,3348.7306862183664,0.0,0.0,66.9746137244,3281.75607249,0.0,0.0,0.0,0.0,0.0149310304964,0.000304714908089,0.0,2.30584417206,0.0,14.962171734,12.6563275619,0.0,0.0,0.0,0.0,3.0741079873282238,3.0741079873282238,3.0741079873282238,12.308510228995576,12.308510228995576,12.308510228995576,0.02,0.02,0.0,0.060524283577742824,0.0,197.15412227797322,0.0,0.0,65.7670989665,204.059474959,0.0,0.0,0.0,0.0,0.0146618323827,1.8947162063e-05,0.0,0.582967819717,0.0,0.581802580855,0.0368406804496,0.0,0.0,0.0,0.0,0.17993800211445843,0.17993800211445843,0.17993800211445843,0.5124831357749386,0.5124831357749386,0.5124831357749386
