Name,FitNum,N,DF,K,ChiSq,RedChiSq,Rsq,AdjRsq,AIC,BIC,RSS,TSS,SDR
gc8,1,220,213,7,246.99781031948285,1.1596141329553185,0.9601078460882554,0.9587906523270185,39.99372541605508,63.22081635372916,246.9978103194828,6191.638858757249,1.0768538122490527
