Name,FitNum,N,DF,K,ChiSq,RedChiSq,Rsq,AdjRsq,AIC,BIC,RSS,TSS,SDR
A6RNAm6A_C2_37,1,93,89,4,126.37865106166555,1.4199848433895006,0.957223990504512,0.9552796264365353,36.97607137985775,46.65192389792532,126.37865106166558,2954.428254346537,1.1916311691918355
