Name,FitNum,RedChiSq,lf,AlignMag,Temp,pA,pB,pC,dwB,dwC,kexAB,kexAC,kexBC,k12,k21,k13,k31,k23,k32,tau1,tau2,tau3,dG12,dG13,ddG12,ddG21,ddG13,ddG31,ddG23,ddG32,R1,R1b,R1c,R2,R2b,R2c,pA_err,pB_err,pC_err,dwB_err,dwC_err,kexAB_err,kexAC_err,kexBC_err,k12_err,k21_err,k13_err,k31_err,k23_err,k32_err,tau1_err,tau2_err,tau3_err,dG12_err,dG13_err,ddG12_err,ddG21_err,ddG13_err,ddG31_err,ddG23_err,ddG32_err,R1_err,R1b_err,R1c_err,R2_err,R2b_err,R2c_err
A6RNAm6A_C2_37,1,1.4199848433895006,150.88,auto,298.15,0.989,0.011,0.0,0.6301994358553001,0.0,1019.9851225298221,0.0,0.0,11.2198363478,1008.76528618,0.0,0.0,0.0,0.0,0.0891278597119,0.000991310876472,0.0,2.66546983069,0.0,16.0207229586,13.3552531279,0.0,0.0,0.0,0.0,4.726214940842258,4.726214940842258,4.726214940842258,20.904576503879426,20.904576503879426,20.904576503879426,0.011,0.011,0.0,0.026249564273361975,0.0,303.3294073658087,0.0,0.0,11.5878722819,300.197961537,0.0,0.0,0.0,0.0,0.0920514545027,0.000295003712402,0.0,0.636815003217,0.0,0.61191958477,0.176317242768,0.0,0.0,0.0,0.0,0.053545201479172494,0.053545201479172494,0.053545201479172494,0.08408185138985695,0.08408185138985695,0.08408185138985695
