Name,FitNum,RedChiSq,lf,AlignMag,Temp,pA,pB,pC,dwB,dwC,kexAB,kexAC,kexBC,k12,k21,k13,k31,k23,k32,tau1,tau2,tau3,dG12,dG13,ddG12,ddG21,ddG13,ddG31,ddG23,ddG32,R1,R1b,R1c,R2,R2b,R2c,pA_err,pB_err,pC_err,dwB_err,dwC_err,kexAB_err,kexAC_err,kexBC_err,k12_err,k21_err,k13_err,k31_err,k23_err,k32_err,tau1_err,tau2_err,tau3_err,dG12_err,dG13_err,ddG12_err,ddG21_err,ddG13_err,ddG31_err,ddG23_err,ddG32_err,R1_err,R1b_err,R1c_err,R2_err,R2b_err,R2c_err
gc1p,1,0.2050541718383909,150.7,auto,298.15,0.9955,0.0045,0.0,2.1859030200092584,0.0,2342.197248185617,0.0,0.0,10.5398876168,2331.65736057,0.0,0.0,0.0,0.0,0.0948776719785,0.00042887948157,0.0,3.1989245348,0.0,16.0577629921,12.8588384573,0.0,0.0,0.0,0.0,2.094932114050767,2.094932114050767,2.094932114050767,15.979573881507534,15.979573881507534,15.979573881507534,0.0045,0.0045,0.0,0.06671310733697501,0.0,188.12372038026373,0.0,0.0,10.5266606921,187.570866468,0.0,0.0,0.0,0.0,0.0947586062097,3.45013368297e-05,0.0,0.593657638224,0.0,0.591741216188,0.0476626109815,0.0,0.0,0.0,0.0,0.07587217080256087,0.07587217080256087,0.07587217080256087,0.14982590886733596,0.14982590886733596,0.14982590886733596
