Name,FitNum,RedChiSq,lf,AlignMag,Temp,pA,pB,pC,dwB,dwC,kexAB,kexAC,kexBC,k12,k21,k13,k31,k23,k32,tau1,tau2,tau3,dG12,dG13,ddG12,ddG21,ddG13,ddG31,ddG23,ddG32,R1,R1b,R1c,R2,R2b,R2c,pA_err,pB_err,pC_err,dwB_err,dwC_err,kexAB_err,kexAC_err,kexBC_err,k12_err,k21_err,k13_err,k31_err,k23_err,k32_err,tau1_err,tau2_err,tau3_err,dG12_err,dG13_err,ddG12_err,ddG21_err,ddG13_err,ddG31_err,ddG23_err,ddG32_err,R1_err,R1b_err,R1c_err,R2_err,R2b_err,R2c_err
G_C1p_Off,1,0.3668005427741697,150.88,auto,298.15,0.994,0.006,0.0,0.9600233837221579,0.0,3604.4468514185405,0.0,0.0,21.6266811085,3582.82017031,0.0,0.0,0.0,0.0,0.0462391799732,0.000279109738269,0.0,3.02758387661,0.0,15.6319081158,12.6043242392,0.0,0.0,0.0,0.0,2.269898274439498,2.269898274439498,2.269898274439498,13.942040358685341,13.942040358685341,13.942040358685341,0.006,0.006,0.0,0.10029114416919784,0.0,649.66753677198,0.0,0.0,21.8478579225,646.127249333,0.0,0.0,0.0,0.0,0.0467120696624,5.03347639227e-05,0.0,0.608006372375,0.0,0.598544110865,0.106848941023,0.0,0.0,0.0,0.0,0.03744421708897882,0.03744421708897882,0.03744421708897882,0.11065117000319859,0.11065117000319859,0.11065117000319859
