Name,FitNum,N,DF,K,ChiSq,RedChiSq,Rsq,AdjRsq,AIC,BIC,RSS,TSS,SDR
G_C1p_Off,1,199,192,7,70.42570421264058,0.3668005427741697,0.9640439870230824,0.9627262273851849,-192.12416836240965,-169.6574220238932,70.42570421264057,1958.6627765945875,0.6056406052884579
