Name,FitNum,N,DF,K,ChiSq,RedChiSq,Rsq,AdjRsq,AIC,BIC,RSS,TSS,SDR
ac1p,1,209,202,7,175.5871171725003,0.8692431543193084,0.9665898205797826,0.9654262819930088,-21.85036412762084,0.9887617057845759,175.58711717250026,5255.497582459783,0.9323321051638779
