Name,FitNum,RedChiSq,lf,AlignMag,Temp,pA,pB,pC,dwB,dwC,kexAB,kexAC,kexBC,k12,k21,k13,k31,k23,k32,tau1,tau2,tau3,dG12,dG13,ddG12,ddG21,ddG13,ddG31,ddG23,ddG32,R1,R1b,R1c,R2,R2b,R2c,pA_err,pB_err,pC_err,dwB_err,dwC_err,kexAB_err,kexAC_err,kexBC_err,k12_err,k21_err,k13_err,k31_err,k23_err,k32_err,tau1_err,tau2_err,tau3_err,dG12_err,dG13_err,ddG12_err,ddG21_err,ddG13_err,ddG31_err,ddG23_err,ddG32_err,R1_err,R1b_err,R1c_err,R2_err,R2b_err,R2c_err
G10_C8_Off,1,6.925864307497137,176.04,auto,298.15,0.9925,0.0075,0.0,5.361091782713459,0.0,3793.204859747961,0.0,0.0,28.4490364481,3764.7558233,0.0,0.0,0.0,0.0,0.0351505753745,0.000265621476381,0.0,2.89447995867,0.0,15.4694567945,12.5749768359,0.0,0.0,0.0,0.0,1.5552968951085198,1.5552968951085198,1.5552968951085198,42.228460342601615,42.228460342601615,42.228460342601615,0.0075,0.0075,0.0,0.6241216254090698,0.0,1770.6785327024986,0.0,0.0,31.2035138252,1757.62526963,0.0,0.0,0.0,0.0,0.0385539055659,0.000124008844387,0.0,0.706270252391,0.0,0.64984999007,0.276609218607,0.0,0.0,0.0,0.0,1.4187980420610438,1.4187980420610438,1.4187980420610438,4.3411856196738325,4.3411856196738325,4.3411856196738325
