Name,FitNum,RedChiSq,lf,AlignMag,Temp,pA,pB,pC,dwB,dwC,kexAB,kexAC,kexBC,k12,k21,k13,k31,k23,k32,tau1,tau2,tau3,dG12,dG13,ddG12,ddG21,ddG13,ddG31,ddG23,ddG32,R1,R1b,R1c,R2,R2b,R2c,pA_err,pB_err,pC_err,dwB_err,dwC_err,kexAB_err,kexAC_err,kexBC_err,k12_err,k21_err,k13_err,k31_err,k23_err,k32_err,tau1_err,tau2_err,tau3_err,dG12_err,dG13_err,ddG12_err,ddG21_err,ddG13_err,ddG31_err,ddG23_err,ddG32_err,R1_err,R1b_err,R1c_err,R2_err,R2b_err,R2c_err
A16_C8_Off,1,0.3141106773300754,150.7,auto,298.15,0.994,0.006,0.0,2.381535167536792,0.0,1705.500352707796,0.0,0.0,10.2330021162,1695.26735059,0.0,0.0,0.0,0.0,0.0977230326585,0.000589877460715,0.0,3.02758387661,0.0,16.0752702538,13.0476863772,0.0,0.0,0.0,0.0,2.7849862568218073,2.7849862568218073,2.7849862568218073,28.43328878442755,28.43328878442755,28.43328878442755,0.006,0.006,0.0,0.06485949454760254,0.0,140.32653684326618,0.0,0.0,10.2065760706,139.854970216,0.0,0.0,0.0,0.0,0.0974706694427,4.86632947132e-05,0.0,0.592972638713,0.0,0.590954696536,0.0488783889345,0.0,0.0,0.0,0.0,0.07003525485539458,0.07003525485539458,0.07003525485539458,0.22178402257900412,0.22178402257900412,0.22178402257900412
