Name,FitNum,N,DF,K,ChiSq,RedChiSq,Rsq,AdjRsq,AIC,BIC,RSS,TSS,SDR
ac1p,1,195,188,7,157.24175421192388,0.8363923096378929,0.9933546210982951,0.9931058635993009,-27.36801437013249,-5.055947941469682,157.2417542119239,23661.819218703065,0.9145448647485224
