Name,FitNum,RedChiSq,lf,AlignMag,Temp,pA,pB,pC,dwB,dwC,kexAB,kexAC,kexBC,k12,k21,k13,k31,k23,k32,tau1,tau2,tau3,dG12,dG13,ddG12,ddG21,ddG13,ddG31,ddG23,ddG32,R1,R1b,R1c,R2,R2b,R2c,pA_err,pB_err,pC_err,dwB_err,dwC_err,kexAB_err,kexAC_err,kexBC_err,k12_err,k21_err,k13_err,k31_err,k23_err,k32_err,tau1_err,tau2_err,tau3_err,dG12_err,dG13_err,ddG12_err,ddG21_err,ddG13_err,ddG31_err,ddG23_err,ddG32_err,R1_err,R1b_err,R1c_err,R2_err,R2b_err,R2c_err
ac8,1,0.8363923096378929,176.04,auto,298.15,0.98,0.02,0.0,3.022038818661328,0.0,2340.9034854022693,0.0,0.0,46.818069708,2294.08541569,0.0,0.0,0.0,0.0,0.0213592744476,0.000435903560155,0.0,2.30584417206,0.0,15.1743075891,12.868463417,0.0,0.0,0.0,0.0,0.9932675635140523,0.9932675635140523,0.9932675635140523,29.974242590624705,29.974242590624705,29.974242590624705,0.02,0.02,0.0,0.06781599645803744,0.0,107.62771455396575,0.0,0.0,45.9417176479,115.026159472,0.0,0.0,0.0,0.0,0.0209594663333,2.18563406933e-05,0.0,0.582152955045,0.0,0.581394474699,0.0297073704165,0.0,0.0,0.0,0.0,0.4139019738813569,0.4139019738813569,0.4139019738813569,0.6952547166201507,0.6952547166201507,0.6952547166201507
