Name,FitNum,RedChiSq,lf,AlignMag,Temp,pA,pB,pC,dwB,dwC,kexAB,kexAC,kexBC,k12,k21,k13,k31,k23,k32,tau1,tau2,tau3,dG12,dG13,ddG12,ddG21,ddG13,ddG31,ddG23,ddG32,R1,R1b,R1c,R2,R2b,R2c,pA_err,pB_err,pC_err,dwB_err,dwC_err,kexAB_err,kexAC_err,kexBC_err,k12_err,k21_err,k13_err,k31_err,k23_err,k32_err,tau1_err,tau2_err,tau3_err,dG12_err,dG13_err,ddG12_err,ddG21_err,ddG13_err,ddG31_err,ddG23_err,ddG32_err,R1_err,R1b_err,R1c_err,R2_err,R2b_err,R2c_err
G_C8_Off,1,0.2508103625948509,150.88,auto,298.15,0.98,0.02,0.0,4.27,0.0,17.531561316676395,0.0,0.0,0.350631226334,17.1809300903,0.0,0.0,0.0,0.0,2.8519992656,0.0582040666449,0.0,2.30584417206,0.0,18.0740994617,15.7682552896,0.0,0.0,0.0,0.0,2.358058677284131,2.358058677284131,2.358058677284131,20.828852039163408,20.828852039163408,20.828852039163408,0.02,0.02,0.0,4.27,0.0,2.618768238811585,0.0,0.0,0.34765802054,2.58930401929,0.0,0.0,0.0,0.0,2.82781550756,0.00877181985552,0.0,0.594208047159,0.0,0.587460726628,0.0892922055797,0.0,0.0,0.0,0.0,0.05104357920838016,0.05104357920838016,0.05104357920838016,0.0676841052160017,0.0676841052160017,0.0676841052160017
