Name,FitNum,RedChiSq,lf,AlignMag,Temp,pA,pB,pC,dwB,dwC,kexAB,kexAC,kexBC,k12,k21,k13,k31,k23,k32,tau1,tau2,tau3,dG12,dG13,ddG12,ddG21,ddG13,ddG31,ddG23,ddG32,R1,R1b,R1c,R2,R2b,R2c,pA_err,pB_err,pC_err,dwB_err,dwC_err,kexAB_err,kexAC_err,kexBC_err,k12_err,k21_err,k13_err,k31_err,k23_err,k32_err,tau1_err,tau2_err,tau3_err,dG12_err,dG13_err,ddG12_err,ddG21_err,ddG13_err,ddG31_err,ddG23_err,ddG32_err,R1_err,R1b_err,R1c_err,R2_err,R2b_err,R2c_err
hpGBCm6A_m6AC2_55C,1,38.7774410853522,150.7,auto,298.15,0.92,0.08,0.0,0.608226579917234,0.0,2832.073692633436,0.0,0.0,226.565895411,2605.50779722,0.0,0.0,0.0,0.0,0.00441372695651,0.000383802344044,0.0,1.44705336996,0.0,14.240097427,12.7930440571,0.0,0.0,0.0,0.0,5.5326767866420825,5.5326767866420825,5.5326767866420825,12.626693486181967,12.626693486181967,12.626693486181967,0.08,0.08,0.0,0.06809791517979208,0.0,660.6789746343609,0.0,0.0,215.799902782,642.827218124,0.0,0.0,0.0,0.0,0.00420399480864,9.46911743632e-05,0.0,0.582955537364,0.0,0.56433096861,0.146177003699,0.0,0.0,0.0,0.0,0.27572352690284707,0.27572352690284707,0.27572352690284707,0.7173274405224018,0.7173274405224018,0.7173274405224018
