Name,FitNum,RedChiSq,lf,AlignMag,Temp,pA,pB,pC,dwB,dwC,kexAB,kexAC,kexBC,k12,k21,k13,k31,k23,k32,tau1,tau2,tau3,dG12,dG13,ddG12,ddG21,ddG13,ddG31,ddG23,ddG32,R1,R1b,R1c,R2,R2b,R2c,pA_err,pB_err,pC_err,dwB_err,dwC_err,kexAB_err,kexAC_err,kexBC_err,k12_err,k21_err,k13_err,k31_err,k23_err,k32_err,tau1_err,tau2_err,tau3_err,dG12_err,dG13_err,ddG12_err,ddG21_err,ddG13_err,ddG31_err,ddG23_err,ddG32_err,R1_err,R1b_err,R1c_err,R2_err,R2b_err,R2c_err
G_C1p_Off_reduce_new_trunc,1,0.3197172261847294,150.88,auto,298.15,0.9925,0.0075,0.0,4.12,0.0,27780.582588251567,0.0,0.0,208.354369412,27572.2282188,0.0,0.0,0.0,0.0,0.00479951537768,3.62683781689e-05,0.0,2.89447995867,0.0,14.2897449842,11.3952650256,0.0,0.0,0.0,0.0,2.3274432563212883,2.3274432563212883,2.3274432563212883,10.941320131080552,10.941320131080552,10.941320131080552,0.0075,0.0075,0.0,4.12,0.0,1691.3229697441184,0.0,0.0,207.186295772,1691.32816104,0.0,0.0,0.0,0.0,0.00477260839507,2.22476503768e-06,0.0,0.59028309152,0.0,0.589163168363,0.0363440391119,0.0,0.0,0.0,0.0,0.04751042158675799,0.04751042158675799,0.04751042158675799,0.2162824395664016,0.2162824395664016,0.2162824395664016
