Name,FitNum,RedChiSq,lf,AlignMag,Temp,pA,pB,pC,dwB,dwC,kexAB,kexAC,kexBC,k12,k21,k13,k31,k23,k32,tau1,tau2,tau3,dG12,dG13,ddG12,ddG21,ddG13,ddG31,ddG23,ddG32,R1,R1b,R1c,R2,R2b,R2c,pA_err,pB_err,pC_err,dwB_err,dwC_err,kexAB_err,kexAC_err,kexBC_err,k12_err,k21_err,k13_err,k31_err,k23_err,k32_err,tau1_err,tau2_err,tau3_err,dG12_err,dG13_err,ddG12_err,ddG21_err,ddG13_err,ddG31_err,ddG23_err,ddG32_err,R1_err,R1b_err,R1c_err,R2_err,R2b_err,R2c_err
ra16_c8_10c,1,0.45476024273762133,150.784186,auto,298.15,0.9985,0.0015,0.0,4.20679305309384,0.0,2575.094419124745,0.0,0.0,3.86264162869,2571.2317775,0.0,0.0,0.0,0.0,0.258890183488,0.000388918653212,0.0,3.85161836479,0.0,16.6525084089,12.8008900441,0.0,0.0,0.0,0.0,1.6350700016192654,1.6350700016192654,1.6350700016192654,42.23109067834347,42.23109067834347,42.23109067834347,0.0015,0.0015,0.0,0.12586372881865138,0.0,245.48018604454447,0.0,0.0,3.874389457,245.142307791,0.0,0.0,0.0,0.0,0.259677571426,3.70796662618e-05,0.0,0.596965311462,0.0,0.594286730485,0.0564877425465,0.0,0.0,0.0,0.0,0.03571725464365683,0.03571725464365683,0.03571725464365683,0.13127625213030103,0.13127625213030103,0.13127625213030103
