Name,FitNum,RedChiSq,lf,AlignMag,Temp,pA,pB,pC,dwB,dwC,kexAB,kexAC,kexBC,k12,k21,k13,k31,k23,k32,tau1,tau2,tau3,dG12,dG13,ddG12,ddG21,ddG13,ddG31,ddG23,ddG32,R1,R1b,R1c,R2,R2b,R2c,pA_err,pB_err,pC_err,dwB_err,dwC_err,kexAB_err,kexAC_err,kexBC_err,k12_err,k21_err,k13_err,k31_err,k23_err,k32_err,tau1_err,tau2_err,tau3_err,dG12_err,dG13_err,ddG12_err,ddG21_err,ddG13_err,ddG31_err,ddG23_err,ddG32_err,R1_err,R1b_err,R1c_err,R2_err,R2b_err,R2c_err
gc1p,1,0.4851449080213977,176.04,auto,298.15,0.998,0.002,0.0,3.8872079428466395,0.0,1902.5071481430086,0.0,0.0,3.80501429629,1898.70213385,0.0,0.0,0.0,0.0,0.262811101913,0.000526675554935,0.0,3.68087436261,0.0,16.6614143793,12.9805400167,0.0,0.0,0.0,0.0,1.5510054871802363,1.5510054871802363,1.5510054871802363,18.21740670716383,18.21740670716383,18.21740670716383,0.002,0.002,0.0,0.20554231109905083,0.0,225.67112489510424,0.0,0.0,3.82414002245,225.251794292,0.0,0.0,0.0,0.0,0.264132109608,6.2481951036e-05,0.0,0.599597008162,0.0,0.595462845736,0.0702891993431,0.0,0.0,0.0,0.0,0.10596428548608382,0.10596428548608382,0.10596428548608382,0.2010206331859765,0.2010206331859765,0.2010206331859765
