Name,FitNum,N,DF,K,ChiSq,RedChiSq,Rsq,AdjRsq,AIC,BIC,RSS,TSS,SDR
hpGBCm6A_m6A_C2_65C,1,91,87,4,20.78028917427666,0.23885389855490413,0.9928633613155811,0.9925314246325848,-125.92865277159682,-116.35033102459917,20.780289174276668,2911.7754300277525,0.4887268138284457
