Name,FitNum,N,DF,K,ChiSq,RedChiSq,Rsq,AdjRsq,AIC,BIC,RSS,TSS,SDR
gc1p,1,190,183,7,182.24157151701786,0.9958555820602069,0.9461650665907401,0.9440944922288454,6.69410427473003,28.807888164468817,182.2415715170178,3385.1917328771365,0.9979256395444535
