Name,FitNum,RedChiSq,lf,AlignMag,Temp,pA,pB,pC,dwB,dwC,kexAB,kexAC,kexBC,k12,k21,k13,k31,k23,k32,tau1,tau2,tau3,dG12,dG13,ddG12,ddG21,ddG13,ddG31,ddG23,ddG32,R1,R1b,R1c,R2,R2b,R2c,pA_err,pB_err,pC_err,dwB_err,dwC_err,kexAB_err,kexAC_err,kexBC_err,k12_err,k21_err,k13_err,k31_err,k23_err,k32_err,tau1_err,tau2_err,tau3_err,dG12_err,dG13_err,ddG12_err,ddG21_err,ddG13_err,ddG31_err,ddG23_err,ddG32_err,R1_err,R1b_err,R1c_err,R2_err,R2b_err,R2c_err
A16_C8_Off,1,0.228661969491242,150.7,auto,298.15,0.999,0.001,0.0,3.3218094074071627,0.0,2761.532243819293,0.0,0.0,2.76153224382,2758.77071158,0.0,0.0,0.0,0.0,0.362117806967,0.000362480287254,0.0,4.0921468707,0.0,16.8513259226,12.7591790519,0.0,0.0,0.0,0.0,2.1007948409341863,2.1007948409341863,2.1007948409341863,22.339579425301554,22.339579425301554,22.339579425301554,0.001,0.001,0.0,0.2438776947933451,0.0,625.8037657739674,0.0,0.0,2.82886086939,625.184048904,0.0,0.0,0.0,0.0,0.37094656292,8.21441567009e-05,0.0,0.621604163088,0.0,0.606930056894,0.134267053319,0.0,0.0,0.0,0.0,0.06043282290462695,0.06043282290462695,0.06043282290462695,0.1558505504020769,0.1558505504020769,0.1558505504020769
