Name,FitNum,N,DF,K,ChiSq,RedChiSq,Rsq,AdjRsq,AIC,BIC,RSS,TSS,SDR
A16_C8_Off,1,111,107,4,24.466830735562894,0.228661969491242,0.9954241590792534,0.9952514858369611,-159.4781567006219,-149.0173943859386,24.466830735562894,5346.958331665673,0.47818612431901664
