Name,FitNum,N,DF,K,ChiSq,RedChiSq,Rsq,AdjRsq,AIC,BIC,RSS,TSS,SDR
G_C8_Off,1,200,193,7,44.6010726905,0.231093640884,0.988913460258,0.988509263497,-285.528557958,-263.023669725,44.6010726905,4022.99308249,0.480721999583
