Name,FitNum,N,DF,K,ChiSq,RedChiSq,Rsq,AdjRsq,AIC,BIC,RSS,TSS,SDR
ac1p,1,209,202,7,114.3771389061805,0.5662234599315866,0.9782366679631033,0.9774787409767436,-111.43488886415975,-88.59576303075433,114.37713890618056,5255.497582459783,0.7524782122637086
