Name,FitNum,RedChiSq,lf,AlignMag,Temp,pA,pB,pC,dwB,dwC,kexAB,kexAC,kexBC,k12,k21,k13,k31,k23,k32,tau1,tau2,tau3,dG12,dG13,ddG12,ddG21,ddG13,ddG31,ddG23,ddG32,R1,R1b,R1c,R2,R2b,R2c,pA_err,pB_err,pC_err,dwB_err,dwC_err,kexAB_err,kexAC_err,kexBC_err,k12_err,k21_err,k13_err,k31_err,k23_err,k32_err,tau1_err,tau2_err,tau3_err,dG12_err,dG13_err,ddG12_err,ddG21_err,ddG13_err,ddG31_err,ddG23_err,ddG32_err,R1_err,R1b_err,R1c_err,R2_err,R2b_err,R2c_err
ac1p,1,0.5662234599315866,150.7,auto,298.15,0.975,0.025,0.0,3.9230636077268572,0.0,90.44631336035533,0.0,0.0,2.26115783401,88.1851555263,0.0,0.0,0.0,0.0,0.442251303717,0.0113397770184,0.0,2.17060440196,0.0,16.9697687716,14.7991643697,0.0,0.0,0.0,0.0,1.4607411856354413,1.4607411856354413,1.4607411856354413,22.180182267630233,22.180182267630233,22.180182267630233,0.025,0.025,0.0,0.133559469974027,0.0,4.686075841278837,0.0,0.0,2.20846295485,5.07332731781,0.0,0.0,0.0,0.0,0.43194491172,0.000652381913735,0.0,0.579680272652,0.0,0.57867725975,0.0340858849089,0.0,0.0,0.0,0.0,0.1051150490606059,0.1051150490606059,0.1051150490606059,0.13022446176991598,0.13022446176991598,0.13022446176991598
