Name,FitNum,RedChiSq,lf,AlignMag,Temp,pA,pB,pC,dwB,dwC,kexAB,kexAC,kexBC,k12,k21,k13,k31,k23,k32,tau1,tau2,tau3,dG12,dG13,ddG12,ddG21,ddG13,ddG31,ddG23,ddG32,R1,R1b,R1c,R2,R2b,R2c,pA_err,pB_err,pC_err,dwB_err,dwC_err,kexAB_err,kexAC_err,kexBC_err,k12_err,k21_err,k13_err,k31_err,k23_err,k32_err,tau1_err,tau2_err,tau3_err,dG12_err,dG13_err,ddG12_err,ddG21_err,ddG13_err,ddG31_err,ddG23_err,ddG32_err,R1_err,R1b_err,R1c_err,R2_err,R2b_err,R2c_err
hpGBCm6A_m6AC2_55C,1,0.4116569721524815,150.7,auto,298.15,0.98,0.02,0.0,2.6175891557115585,0.0,288.9877751077576,0.0,0.0,5.77975550216,283.208019606,0.0,0.0,0.0,0.0,0.173017699387,0.00353097345687,0.0,2.30584417206,0.0,16.4137310876,14.1078869155,0.0,0.0,0.0,0.0,4.402449540145532,4.402449540145532,4.402449540145532,13.917068896191173,13.917068896191173,13.917068896191173,0.02,0.02,0.0,0.019641327999177956,0.0,2.642320111746114,0.0,0.0,5.66558628204,6.22908093295,0.0,0.0,0.0,0.0,0.169600029591,7.76627705161e-05,0.0,0.580927404419,0.0,0.580781222389,0.0130315358214,0.0,0.0,0.0,0.0,0.030114334667891145,0.030114334667891145,0.030114334667891145,0.03661453212775984,0.03661453212775984,0.03661453212775984
