Name,FitNum,N,DF,K,ChiSq,RedChiSq,Rsq,AdjRsq,AIC,BIC,RSS,TSS,SDR
T8_N3_Off,1,97,93,4,13.336237769396037,0.14340040612253804,0.9764447445952813,0.9754206030559457,-184.03513978657472,-174.17107848125684,13.336237769396034,566.1682516388443,0.3786824608065945
