Name,FitNum,RedChiSq,lf,AlignMag,Temp,pA,pB,pC,dwB,dwC,kexAB,kexAC,kexBC,k12,k21,k13,k31,k23,k32,tau1,tau2,tau3,dG12,dG13,ddG12,ddG21,ddG13,ddG31,ddG23,ddG32,R1,R1b,R1c,R2,R2b,R2c,pA_err,pB_err,pC_err,dwB_err,dwC_err,kexAB_err,kexAC_err,kexBC_err,k12_err,k21_err,k13_err,k31_err,k23_err,k32_err,tau1_err,tau2_err,tau3_err,dG12_err,dG13_err,ddG12_err,ddG21_err,ddG13_err,ddG31_err,ddG23_err,ddG32_err,R1_err,R1b_err,R1c_err,R2_err,R2b_err,R2c_err
T8_N3_Off,1,0.14340040612253804,176.04,auto,298.15,0.976,0.024,0.0,-0.5161400739999678,0.0,296.2043043611944,0.0,0.0,7.10890330467,289.095401057,0.0,0.0,0.0,0.0,0.140668673794,0.00345906574904,0.0,2.19539817638,0.0,16.2910946815,14.0956965051,0.0,0.0,0.0,0.0,1.466690924142672,1.466690924142672,1.466690924142672,7.975999367954112,7.975999367954112,7.975999367954112,0.024,0.024,0.0,0.023774929113849184,0.0,36.309280939657306,0.0,0.0,6.99488023837,36.1110892324,0.0,0.0,0.0,0.0,0.138412422326,0.000432074088581,0.0,0.587660347246,0.0,0.582981605454,0.0740076443898,0.0,0.0,0.0,0.0,0.026353020389213246,0.026353020389213246,0.026353020389213246,0.03661814650914485,0.03661814650914485,0.03661814650914485
