Name,FitNum,RedChiSq,lf,AlignMag,Temp,pA,pB,pC,dwB,dwC,kexAB,kexAC,kexBC,k12,k21,k13,k31,k23,k32,tau1,tau2,tau3,dG12,dG13,ddG12,ddG21,ddG13,ddG31,ddG23,ddG32,R1,R1b,R1c,R2,R2b,R2c,pA_err,pB_err,pC_err,dwB_err,dwC_err,kexAB_err,kexAC_err,kexBC_err,k12_err,k21_err,k13_err,k31_err,k23_err,k32_err,tau1_err,tau2_err,tau3_err,dG12_err,dG13_err,ddG12_err,ddG21_err,ddG13_err,ddG31_err,ddG23_err,ddG32_err,R1_err,R1b_err,R1c_err,R2_err,R2b_err,R2c_err
hpGBCm6A_m6AC2_55C,1,0.7561404837489103,150.7,auto,298.15,0.92,0.08,0.0,2.632361106962866,0.0,57.06883183482893,0.0,0.0,4.56550654679,52.503325288,0.0,0.0,0.0,0.0,0.219033745709,0.0190464126703,0.0,1.44705336996,0.0,16.5534578976,15.1064045276,0.0,0.0,0.0,0.0,4.449956706071599,4.449956706071599,4.449956706071599,14.130025127925421,14.130025127925421,14.130025127925421,0.08,0.08,0.0,0.015541504511455351,0.0,0.792622812645061,0.0,0.0,4.21659295053,4.27871322781,0.0,0.0,0.0,0.0,0.202294343162,0.00155217097941,0.0,0.549330885315,0.0,0.547204782181,0.0482840337914,0.0,0.0,0.0,0.0,0.041086934301824383,0.041086934301824383,0.041086934301824383,0.04757807415040663,0.04757807415040663,0.04757807415040663
