Name,FitNum,RedChiSq,lf,AlignMag,Temp,pA,pB,pC,dwB,dwC,kexAB,kexAC,kexBC,k12,k21,k13,k31,k23,k32,tau1,tau2,tau3,dG12,dG13,ddG12,ddG21,ddG13,ddG31,ddG23,ddG32,R1,R1b,R1c,R2,R2b,R2c,pA_err,pB_err,pC_err,dwB_err,dwC_err,kexAB_err,kexAC_err,kexBC_err,k12_err,k21_err,k13_err,k31_err,k23_err,k32_err,tau1_err,tau2_err,tau3_err,dG12_err,dG13_err,ddG12_err,ddG21_err,ddG13_err,ddG31_err,ddG23_err,ddG32_err,R1_err,R1b_err,R1c_err,R2_err,R2b_err,R2c_err
G_C8_Off,1,0.17628577895229697,150.88,auto,298.15,0.997,0.003,0.0,4.27,0.0,44.31863808510731,0.0,0.0,0.132955914255,44.1856821709,0.0,0.0,0.0,0.0,7.52129008778,0.02263176556,0.0,3.44004850013,0.0,18.6486422511,15.208593751,0.0,0.0,0.0,0.0,0.9612011525419915,0.9612011525419915,0.9612011525419915,32.18628684949182,32.18628684949182,32.18628684949182,0.003,0.003,0.0,4.27,0.0,68.89670582905119,0.0,0.0,0.245544974175,68.690143616,0.0,0.0,0.0,0.0,13.8904312058,0.0351828726009,0.0,1.43026384647,0.0,1.09420970989,0.921064482707,0.0,0.0,0.0,0.0,0.0995235068159804,0.0995235068159804,0.0995235068159804,0.18623414561221072,0.18623414561221072,0.18623414561221072
