Name,FitNum,RedChiSq,lf,AlignMag,Temp,pA,pB,pC,dwB,dwC,kexAB,kexAC,kexBC,k12,k21,k13,k31,k23,k32,tau1,tau2,tau3,dG12,dG13,ddG12,ddG21,ddG13,ddG31,ddG23,ddG32,R1,R1b,R1c,R2,R2b,R2c,pA_err,pB_err,pC_err,dwB_err,dwC_err,kexAB_err,kexAC_err,kexBC_err,k12_err,k21_err,k13_err,k31_err,k23_err,k32_err,tau1_err,tau2_err,tau3_err,dG12_err,dG13_err,ddG12_err,ddG21_err,ddG13_err,ddG31_err,ddG23_err,ddG32_err,R1_err,R1b_err,R1c_err,R2_err,R2b_err,R2c_err
T8_N3_Off,1,0.15018780789464675,176.04,auto,298.15,0.96,0.04,0.0,-0.4804998375012351,0.0,182.3879185385971,0.0,0.0,7.29551674154,175.092401797,0.0,0.0,0.0,0.0,0.137070482521,0.00571127010502,0.0,1.88294842564,0.0,16.2757421993,14.3927937736,0.0,0.0,0.0,0.0,1.4709383159800111,1.4709383159800111,1.4709383159800111,8.007743398000589,8.007743398000589,8.007743398000589,0.04,0.04,0.0,0.02557693845729275,0.0,21.899261352334026,0.0,0.0,7.06429346835,22.1611298936,0.0,0.0,0.0,0.0,0.132726186325,0.000722865169225,0.0,0.578586836928,0.0,0.573706605026,0.074989727398,0.0,0.0,0.0,0.0,0.027029188588130693,0.027029188588130693,0.027029188588130693,0.03432287087146051,0.03432287087146051,0.03432287087146051
