Name,FitNum,N,DF,K,ChiSq,RedChiSq,Rsq,AdjRsq,AIC,BIC,RSS,TSS,SDR
gc8,1,190,183,7,240.25278133650085,1.3128567286147588,0.9671945819175491,0.9659328350682241,59.20221958388288,81.31600347362166,240.2527813365009,7323.570171630386,1.1457996022929835
