Name,FitNum,RedChiSq,lf,AlignMag,Temp,pA,pB,pC,dwB,dwC,kexAB,kexAC,kexBC,k12,k21,k13,k31,k23,k32,tau1,tau2,tau3,dG12,dG13,ddG12,ddG21,ddG13,ddG31,ddG23,ddG32,R1,R1b,R1c,R2,R2b,R2c,pA_err,pB_err,pC_err,dwB_err,dwC_err,kexAB_err,kexAC_err,kexBC_err,k12_err,k21_err,k13_err,k31_err,k23_err,k32_err,tau1_err,tau2_err,tau3_err,dG12_err,dG13_err,ddG12_err,ddG21_err,ddG13_err,ddG31_err,ddG23_err,ddG32_err,R1_err,R1b_err,R1c_err,R2_err,R2b_err,R2c_err
A21_C1p_Off,1,0.16125700340737958,150.88,auto,298.15,0.995,0.005,0.0,2.440596060783085,0.0,3072.5774198927497,0.0,0.0,15.3628870995,3057.21453279,0.0,0.0,0.0,0.0,0.0650919318437,0.000327095134893,0.0,3.13620237989,0.0,15.834521972,12.6983195921,0.0,0.0,0.0,0.0,2.042350124784536,2.042350124784536,2.042350124784536,14.324893350118831,14.324893350118831,14.324893350118831,0.005,0.005,0.0,0.08803803232269916,0.0,229.60545178852752,0.0,0.0,15.3293145487,228.968261426,0.0,0.0,0.0,0.0,0.0649496863027,2.4497595296e-05,0.0,0.59285296535,0.0,0.591189990676,0.0443737923592,0.0,0.0,0.0,0.0,0.04961616012766822,0.04961616012766822,0.04961616012766822,0.19600796785196406,0.19600796785196406,0.19600796785196406
