Name,FitNum,N,DF,K,ChiSq,RedChiSq,Rsq,AdjRsq,AIC,BIC,RSS,TSS,SDR
gc8,1,220,213,7,40.50504436294774,0.19016452752557625,0.9934581061190837,0.9932421001890535,-357.75592423455277,-334.5288332968787,40.50504436294774,6191.638858757249,0.43607857953077245
