Name,FitNum,N,DF,K,ChiSq,RedChiSq,Rsq,AdjRsq,AIC,BIC,RSS,TSS,SDR
hpGBCm6A_m6AC2_55C,1,91,87,4,29.75052054952094,0.3419600063163326,0.9812585373018933,0.9803868413624465,-93.27405554753177,-83.69573380053413,29.750520549520942,1587.4172165082093,0.584773465810764
