Name,FitNum,RedChiSq,lf,AlignMag,Temp,pA,pB,pC,dwB,dwC,kexAB,kexAC,kexBC,k12,k21,k13,k31,k23,k32,tau1,tau2,tau3,dG12,dG13,ddG12,ddG21,ddG13,ddG31,ddG23,ddG32,R1,R1b,R1c,R2,R2b,R2c,pA_err,pB_err,pC_err,dwB_err,dwC_err,kexAB_err,kexAC_err,kexBC_err,k12_err,k21_err,k13_err,k31_err,k23_err,k32_err,tau1_err,tau2_err,tau3_err,dG12_err,dG13_err,ddG12_err,ddG21_err,ddG13_err,ddG31_err,ddG23_err,ddG32_err,R1_err,R1b_err,R1c_err,R2_err,R2b_err,R2c_err
A16_C8_Off,1,1.800984150260268,176.04,auto,298.15,0.997,0.003,0.0,5.383984350642463,0.0,4025.7586373928225,0.0,0.0,12.0772759122,4013.68136148,0.0,0.0,0.0,0.0,0.0828001287105,0.00024914782962,0.0,3.44004850013,0.0,15.97709099,12.5370424899,0.0,0.0,0.0,0.0,0.9828674245026949,0.9828674245026949,0.9828674245026949,30.743552938460667,30.743552938460667,30.743552938460667,0.003,0.003,0.0,0.6091906651434097,0.0,1681.1506649926987,0.0,0.0,13.0546720914,1676.15046387,0.0,0.0,0.0,0.0,0.0895010213646,0.000104046438314,0.0,0.68656788387,0.0,0.640433668338,0.247427111734,0.0,0.0,0.0,0.0,0.4949987589160371,0.4949987589160371,0.4949987589160371,1.5891206770373814,1.5891206770373814,1.5891206770373814
