Name,FitNum,N,DF,K,ChiSq,RedChiSq,Rsq,AdjRsq,AIC,BIC,RSS,TSS,SDR
c15_c6,1,138,134,4,150.2050659287879,1.1209333278267752,0.9922535310867793,0.992020554578111,19.995945725612618,31.40420858654219,150.20506592878792,19390.13344162995,1.0587413885490524
