Name,FitNum,RedChiSq,lf,AlignMag,Temp,pA,pB,pC,dwB,dwC,kexAB,kexAC,kexBC,k12,k21,k13,k31,k23,k32,tau1,tau2,tau3,dG12,dG13,ddG12,ddG21,ddG13,ddG31,ddG23,ddG32,R1,R1b,R1c,R2,R2b,R2c,pA_err,pB_err,pC_err,dwB_err,dwC_err,kexAB_err,kexAC_err,kexBC_err,k12_err,k21_err,k13_err,k31_err,k23_err,k32_err,tau1_err,tau2_err,tau3_err,dG12_err,dG13_err,ddG12_err,ddG21_err,ddG13_err,ddG31_err,ddG23_err,ddG32_err,R1_err,R1b_err,R1c_err,R2_err,R2b_err,R2c_err
g10c1p,1,0.9069492615530819,176.04,avg,298.15,0.989637844296,0.010362155703670156,0.0,3.915574588513803,0.0,2248.690454033035,0.0,0.0,23.301280614,2225.38917342,0.0,0.0,0.0,0.0,0.0429160961822,0.000449359605027,0.0,2.70124388732,0.0,15.587720288,12.8864764006,0.0,0.0,0.0,0.0,1.1486780719800918,1.1486780719800918,1.1486780719800918,15.673721296284237,15.673721296284237,15.673721296284237,0.000246845956877,0.00024684595687681014,0.0,0.06649749921828252,0.0,129.91409475097183,0.0,0.0,1.45396781686,128.569078346,0.0,0.0,0.0,0.0,0.00267790529232,2.59611895997e-05,0.0,0.0503834842786,0.0,0.0369702322864,0.0342300659179,0.0,0.0,0.0,0.0,0.19483996607442003,0.19483996607442003,0.19483996607442003,0.38133540908334074,0.38133540908334074,0.38133540908334074
