Name,FitNum,RedChiSq,lf,AlignMag,Temp,pA,pB,pC,dwB,dwC,kexAB,kexAC,kexBC,k12,k21,k13,k31,k23,k32,tau1,tau2,tau3,dG12,dG13,ddG12,ddG21,ddG13,ddG31,ddG23,ddG32,R1,R1b,R1c,R2,R2b,R2c,pA_err,pB_err,pC_err,dwB_err,dwC_err,kexAB_err,kexAC_err,kexBC_err,k12_err,k21_err,k13_err,k31_err,k23_err,k32_err,tau1_err,tau2_err,tau3_err,dG12_err,dG13_err,ddG12_err,ddG21_err,ddG13_err,ddG31_err,ddG23_err,ddG32_err,R1_err,R1b_err,R1c_err,R2_err,R2b_err,R2c_err
T8_N3_Off,1,0.1851469512676703,176.04,auto,298.15,0.9875,0.0125,0.0,-0.6308550585287289,0.0,457.3741951609958,0.0,0.0,5.71717743951,451.657017721,0.0,0.0,0.0,0.0,0.174911485708,0.00221406943934,0.0,2.58883121367,0.0,16.4201809667,13.831349753,0.0,0.0,0.0,0.0,1.4452756694386488,1.4452756694386488,1.4452756694386488,7.944935540601354,7.944935540601354,7.944935540601354,0.0125,0.0125,0.0,0.023354584983583095,0.0,59.608437762156264,0.0,0.0,5.69511733894,59.1335020749,0.0,0.0,0.0,0.0,0.174236578377,0.000289878546437,0.0,0.595274499378,0.0,0.590198607998,0.0775714685111,0.0,0.0,0.0,0.0,0.03005072643789309,0.03005072643789309,0.03005072643789309,0.04799999781479264,0.04799999781479264,0.04799999781479264
