Name,FitNum,N,DF,K,ChiSq,RedChiSq,Rsq,AdjRsq,AIC,BIC,RSS,TSS,SDR
T8_N3_Off,1,97,93,4,17.21866646789334,0.1851469512676703,0.9695873683873093,0.9682650800563227,-159.25075896026888,-149.386697654951,17.21866646789334,566.1682516388443,0.4302870568209905
