Name,FitNum,RedChiSq,lf,AlignMag,Temp,pA,pB,pC,dwB,dwC,kexAB,kexAC,kexBC,k12,k21,k13,k31,k23,k32,tau1,tau2,tau3,dG12,dG13,ddG12,ddG21,ddG13,ddG31,ddG23,ddG32,R1,R1b,R1c,R2,R2b,R2c,pA_err,pB_err,pC_err,dwB_err,dwC_err,kexAB_err,kexAC_err,kexBC_err,k12_err,k21_err,k13_err,k31_err,k23_err,k32_err,tau1_err,tau2_err,tau3_err,dG12_err,dG13_err,ddG12_err,ddG21_err,ddG13_err,ddG31_err,ddG23_err,ddG32_err,R1_err,R1b_err,R1c_err,R2_err,R2b_err,R2c_err
hpGBCm6A_m6AC2_55C,1,0.2375770506486611,150.7,auto,298.15,0.987,0.013,0.0,2.6243885075808473,0.0,484.300402967486,0.0,0.0,6.29590523858,478.004497729,0.0,0.0,0.0,0.0,0.158833394422,0.0020920305243,0.0,2.56529347104,0.0,16.3630510804,13.7977576094,0.0,0.0,0.0,0.0,4.439976523100348,4.439976523100348,4.439976523100348,13.757412018029822,13.757412018029822,13.757412018029822,0.013,0.013,0.0,0.015772018754294504,0.0,3.80791449346004,0.0,0.0,6.21479461478,7.26270468633,0.0,0.0,0.0,0.0,0.156787131777,3.17858931557e-05,0.0,0.584920999478,0.0,0.584851723022,0.0090020947142,0.0,0.0,0.0,0.0,0.022756401455435952,0.022756401455435952,0.022756401455435952,0.029345256109762102,0.029345256109762102,0.029345256109762102
