Name,FitNum,RedChiSq,lf,AlignMag,Temp,pA,pB,pC,dwB,dwC,kexAB,kexAC,kexBC,k12,k21,k13,k31,k23,k32,tau1,tau2,tau3,dG12,dG13,ddG12,ddG21,ddG13,ddG31,ddG23,ddG32,R1,R1b,R1c,R2,R2b,R2c,pA_err,pB_err,pC_err,dwB_err,dwC_err,kexAB_err,kexAC_err,kexBC_err,k12_err,k21_err,k13_err,k31_err,k23_err,k32_err,tau1_err,tau2_err,tau3_err,dG12_err,dG13_err,ddG12_err,ddG21_err,ddG13_err,ddG31_err,ddG23_err,ddG32_err,R1_err,R1b_err,R1c_err,R2_err,R2b_err,R2c_err
A16_C8_Off,1,0.17267616800222543,170.4,auto,298.15,0.9975,0.0025,0.0,3.059204692148586,0.0,3206.3433304845435,0.0,0.0,8.01585832621,3198.32747216,0.0,0.0,0.0,0.0,0.124752703866,0.00031266341821,0.0,3.54836830122,0.0,16.2199527358,12.6715844345,0.0,0.0,0.0,0.0,1.654511497991394,1.654511497991394,1.654511497991394,23.557523437980983,23.557523437980983,23.557523437980983,0.0025,0.0025,0.0,0.10565628522146339,0.0,335.5214975450851,0.0,0.0,8.03972074626,334.778193806,0.0,0.0,0.0,0.0,0.125124080367,3.27273849625e-05,0.0,0.597475874447,0.0,0.594248517585,0.0620170935649,0.0,0.0,0.0,0.0,0.0703469792347064,0.0703469792347064,0.0703469792347064,0.18378932880775917,0.18378932880775917,0.18378932880775917
