Name,FitNum,N,DF,K,ChiSq,RedChiSq,Rsq,AdjRsq,AIC,BIC,RSS,TSS,SDR
A16_C8_Off,1,93,89,4,15.368178952198065,0.17267616800222543,0.9972099202264725,0.9970830984185848,-158.97339391104288,-149.29754139297532,15.368178952198063,5508.15037548826,0.41554322037812796
