Name,FitNum,N,DF,K,ChiSq,RedChiSq,Rsq,AdjRsq,AIC,BIC,RSS,TSS,SDR
A16_C8_Off,1,106,102,4,101.15029417901074,0.9916695507746152,0.9878891976039037,0.9874095618654444,3.431887655170803,13.689604427658676,101.15029417901073,8352.072048637714,0.995826064518606
