Name,FitNum,RedChiSq,lf,AlignMag,Temp,pA,pB,pC,dwB,dwC,kexAB,kexAC,kexBC,k12,k21,k13,k31,k23,k32,tau1,tau2,tau3,dG12,dG13,ddG12,ddG21,ddG13,ddG31,ddG23,ddG32,R1,R1b,R1c,R2,R2b,R2c,pA_err,pB_err,pC_err,dwB_err,dwC_err,kexAB_err,kexAC_err,kexBC_err,k12_err,k21_err,k13_err,k31_err,k23_err,k32_err,tau1_err,tau2_err,tau3_err,dG12_err,dG13_err,ddG12_err,ddG21_err,ddG13_err,ddG31_err,ddG23_err,ddG32_err,R1_err,R1b_err,R1c_err,R2_err,R2b_err,R2c_err
gc1p,1,0.2504354722982376,176.04,avg,298.15,0.99,0.01,0.0,3.6064370402507757,0.0,336.19434242701504,0.0,0.0,3.36194342427,332.832399003,0.0,0.0,0.0,0.0,0.297447004248,0.00300451519442,0.0,2.72253843054,0.0,16.7347643121,14.0122258816,0.0,0.0,0.0,0.0,1.1298000426038506,1.1298000426038506,1.1298000426038506,18.32602027869368,18.32602027869368,18.32602027869368,0.01,0.01,0.0,0.07757731716438171,0.0,8.217579882134842,0.0,0.0,3.32950802835,8.78997556582,0.0,0.0,0.0,0.0,0.294577291665,7.93480899854e-05,0.0,0.586977163087,0.0,0.58676856781,0.0156472941982,0.0,0.0,0.0,0.0,0.07266317951120047,0.07266317951120047,0.07266317951120047,0.09322635628443324,0.09322635628443324,0.09322635628443324
