Name,FitNum,N,DF,K,ChiSq,RedChiSq,Rsq,AdjRsq,AIC,BIC,RSS,TSS,SDR
ac1p,1,209,202,7,75.63005937815922,0.37440623454534266,0.9856093437031397,0.9851081765684231,-197.88719739917147,-175.04807156576607,75.63005937815919,5255.497582459783,0.6118874361721627
