Name,FitNum,N,DF,K,ChiSq,RedChiSq,Rsq,AdjRsq,AIC,BIC,RSS,TSS,SDR
A16_C8_Off,1,111,107,4,22.138297157734538,0.20689997343677138,0.9958596465907303,0.9957034068394371,-170.57919354036804,-160.11843122568473,22.138297157734538,5346.958331665673,0.45486258742258784
