Name,FitNum,RedChiSq,lf,AlignMag,Temp,pA,pB,pC,dwB,dwC,kexAB,kexAC,kexBC,k12,k21,k13,k31,k23,k32,tau1,tau2,tau3,dG12,dG13,ddG12,ddG21,ddG13,ddG31,ddG23,ddG32,R1,R1b,R1c,R2,R2b,R2c,pA_err,pB_err,pC_err,dwB_err,dwC_err,kexAB_err,kexAC_err,kexBC_err,k12_err,k21_err,k13_err,k31_err,k23_err,k32_err,tau1_err,tau2_err,tau3_err,dG12_err,dG13_err,ddG12_err,ddG21_err,ddG13_err,ddG31_err,ddG23_err,ddG32_err,R1_err,R1b_err,R1c_err,R2_err,R2b_err,R2c_err
gc1p,1,0.2883074669141338,150.7,auto,298.15,0.999,0.001,0.0,4.543634011691452,0.0,2312.6482951875855,0.0,0.0,2.31264829519,2310.33564689,0.0,0.0,0.0,0.0,0.432404703336,0.000432837540876,0.0,4.0921468707,0.0,16.9564281966,12.8642813259,0.0,0.0,0.0,0.0,2.012293642638831,2.012293642638831,2.012293642638831,16.76791756726869,16.76791756726869,16.76791756726869,0.001,0.001,0.0,0.425937285256087,0.0,480.988017942768,0.0,0.0,2.35987406932,480.512584084,0.0,0.0,0.0,0.0,0.44123468708,9.00232334358e-05,0.0,0.617014082044,0.0,0.604583670717,0.123227280029,0.0,0.0,0.0,0.0,0.10015076690932137,0.10015076690932137,0.10015076690932137,0.19105648196815528,0.19105648196815528,0.19105648196815528
