Name,FitNum,N,DF,K,ChiSq,RedChiSq,Rsq,AdjRsq,AIC,BIC,RSS,TSS,SDR
gc8,1,216,209,7,60.256260585053965,0.2883074669141338,0.9895972415582954,0.9892471487261226,-261.22267546818074,-238.13418815285314,60.256260585053965,5792.334881437498,0.5369427035672742
