Name,FitNum,RedChiSq,lf,AlignMag,Temp,pA,pB,pC,dwB,dwC,kexAB,kexAC,kexBC,k12,k21,k13,k31,k23,k32,tau1,tau2,tau3,dG12,dG13,ddG12,ddG21,ddG13,ddG31,ddG23,ddG32,R1,R1b,R1c,R2,R2b,R2c,pA_err,pB_err,pC_err,dwB_err,dwC_err,kexAB_err,kexAC_err,kexBC_err,k12_err,k21_err,k13_err,k31_err,k23_err,k32_err,tau1_err,tau2_err,tau3_err,dG12_err,dG13_err,ddG12_err,ddG21_err,ddG13_err,ddG31_err,ddG23_err,ddG32_err,R1_err,R1b_err,R1c_err,R2_err,R2b_err,R2c_err
gc1p,1,1.8366462595921698,176.04,avg,298.15,0.9995,0.0005,0.0,4.98588423498656,0.0,2990.831047374251,0.0,0.0,1.49541552369,2989.33563185,0.0,0.0,0.0,0.0,0.66871045817,0.00033452249033,0.0,4.50312246865,0.0,17.2147451516,12.7116226829,0.0,0.0,0.0,0.0,1.9807066486768543,1.9807066486768543,1.9807066486768543,19.43373806607186,19.43373806607186,19.43373806607186,0.0005,0.0005,0.0,1.5458633837190012,0.0,2751.544622903388,0.0,0.0,2.03144822528,2750.16925675,0.0,0.0,0.0,0.0,0.908410172262,0.000307758506204,0.0,0.972068010506,0.0,0.804861306158,0.545082099227,0.0,0.0,0.0,0.0,0.21746066926859667,0.21746066926859667,0.21746066926859667,0.549122112392651,0.549122112392651,0.549122112392651
