Name,FitNum,N,DF,K,ChiSq,RedChiSq,Rsq,AdjRsq,AIC,BIC,RSS,TSS,SDR
gc1p,1,190,183,7,336.10626550536705,1.8366462595921698,0.9007127831959745,0.8968940440881273,122.99201241073753,145.10579630047633,336.106265505367,3385.1917328771365,1.3552292276925588
