Name,FitNum,N,DF,K,ChiSq,RedChiSq,Rsq,AdjRsq,AIC,BIC,RSS,TSS,SDR
T8_N3_Off,1,97,93,4,81.7645431839027,0.8791886363860506,0.8555826065004085,0.8493035893917307,-8.139344159882572,1.7247171454353065,81.7645431839027,566.1682516388443,0.9376505939773357
