Name,FitNum,RedChiSq,lf,AlignMag,Temp,pA,pB,pC,dwB,dwC,kexAB,kexAC,kexBC,k12,k21,k13,k31,k23,k32,tau1,tau2,tau3,dG12,dG13,ddG12,ddG21,ddG13,ddG31,ddG23,ddG32,R1,R1b,R1c,R2,R2b,R2c,pA_err,pB_err,pC_err,dwB_err,dwC_err,kexAB_err,kexAC_err,kexBC_err,k12_err,k21_err,k13_err,k31_err,k23_err,k32_err,tau1_err,tau2_err,tau3_err,dG12_err,dG13_err,ddG12_err,ddG21_err,ddG13_err,ddG31_err,ddG23_err,ddG32_err,R1_err,R1b_err,R1c_err,R2_err,R2b_err,R2c_err
T8_N3_Off,1,0.8791886363860506,176.04,auto,298.15,0.975,0.025,0.0,0.3608968469677998,0.0,1058.5504526260534,0.0,0.0,26.4637613157,1032.08669131,0.0,0.0,0.0,0.0,0.0377875234012,0.000968910856442,0.0,2.17060440196,0.0,15.5123159516,13.3417115497,0.0,0.0,0.0,0.0,1.527280866761097,1.527280866761097,1.527280866761097,7.88546830571516,7.88546830571516,7.88546830571516,0.025,0.025,0.0,0.02122282861205062,0.0,245.2609327461775,0.0,0.0,26.5289487421,240.518323619,0.0,0.0,0.0,0.0,0.037880604327,0.000225795775577,0.0,0.609781847178,0.0,0.593944199631,0.138073128714,0.0,0.0,0.0,0.0,0.06301876540812816,0.06301876540812816,0.06301876540812816,0.13043792505562893,0.13043792505562893,0.13043792505562893
