Name,FitNum,N,DF,K,ChiSq,RedChiSq,Rsq,AdjRsq,AIC,BIC,RSS,TSS,SDR
G_C8_Off,1,190,185,5,49.189092766693335,0.2658869879280721,0.9865009005232543,0.986134077167908,-246.4308243884136,-230.52179098413293,49.18909276669333,3643.8795677763133,0.5156423061852781
