Name,FitNum,RedChiSq,lf,AlignMag,Temp,pA,pB,pC,dwB,dwC,kexAB,kexAC,kexBC,k12,k21,k13,k31,k23,k32,tau1,tau2,tau3,dG12,dG13,ddG12,ddG21,ddG13,ddG31,ddG23,ddG32,R1,R1b,R1c,R2,R2b,R2c,pA_err,pB_err,pC_err,dwB_err,dwC_err,kexAB_err,kexAC_err,kexBC_err,k12_err,k21_err,k13_err,k31_err,k23_err,k32_err,tau1_err,tau2_err,tau3_err,dG12_err,dG13_err,ddG12_err,ddG21_err,ddG13_err,ddG31_err,ddG23_err,ddG32_err,R1_err,R1b_err,R1c_err,R2_err,R2b_err,R2c_err
G_C1p_Off_reduce_new_trunc,1,0.2658869879280721,150.88,auto,298.15,0.996,0.004,0.0,4.12,0.0,119.40528480770787,0.0,0.0,0.477621139231,118.927663668,0.0,0.0,0.0,0.0,2.0937096746,0.00840847258875,0.0,3.26900669389,0.0,17.8909726233,14.6219659294,0.0,0.0,0.0,0.0,2.0678507450454733,2.0678507450454733,2.0678507450454733,14.509325638990198,14.509325638990198,14.509325638990198,0.004,0.004,0.0,4.12,0.0,14.194481671218671,0.0,0.0,0.4790908159,14.145705053,0.0,0.0,0.0,0.0,2.10015217894,0.00100013545644,0.0,0.598471552444,0.0,0.59430786965,0.0704723715887,0.0,0.0,0.0,0.0,0.05370853595965025,0.05370853595965025,0.05370853595965025,0.06817283581689294,0.06817283581689294,0.06817283581689294
