Name,FitNum,N,DF,K,ChiSq,RedChiSq,Rsq,AdjRsq,AIC,BIC,RSS,TSS,SDR
G_C1p_Off_reduce_new_trunc,1,190,185,5,49.189092766693335,0.2658869879280721,0.9744627149561907,0.9737687669930437,-246.4308243884136,-230.52179098413293,49.18909276669333,1926.1676674834212,0.5156423061852781
