Name,FitNum,N,DF,K,ChiSq,RedChiSq,Rsq,AdjRsq,AIC,BIC,RSS,TSS,SDR
gc1p,1,220,213,7,130.88649383244658,0.6144905813729886,0.9673044007622219,0.9662248290892764,-99.7170508816419,-76.48995994396782,130.8864938324466,4003.1838193445337,0.7838944963277831
