Name,FitNum,N,DF,K,ChiSq,RedChiSq,Rsq,AdjRsq,AIC,BIC,RSS,TSS,SDR
gc8,1,216,209,7,25.817767047344795,0.12352998587246314,0.9955427703032016,0.9953927673807131,-444.2920880854276,-421.2036007701,25.81776704734479,5792.334881437498,0.35146832840593634
