Name,FitNum,RedChiSq,lf,AlignMag,Temp,pA,pB,pC,dwB,dwC,kexAB,kexAC,kexBC,k12,k21,k13,k31,k23,k32,tau1,tau2,tau3,dG12,dG13,ddG12,ddG21,ddG13,ddG31,ddG23,ddG32,R1,R1b,R1c,R2,R2b,R2c,pA_err,pB_err,pC_err,dwB_err,dwC_err,kexAB_err,kexAC_err,kexBC_err,k12_err,k21_err,k13_err,k31_err,k23_err,k32_err,tau1_err,tau2_err,tau3_err,dG12_err,dG13_err,ddG12_err,ddG21_err,ddG13_err,ddG31_err,ddG23_err,ddG32_err,R1_err,R1b_err,R1c_err,R2_err,R2b_err,R2c_err
ra16_c8_15c,1,7.073568118049287,150.784186,auto,298.15,0.9,0.1,0.0,1.8369120728221235,0.0,4.811788196944392,0.0,0.0,0.481178819694,4.33060937725,0.0,0.0,0.0,0.0,2.07822946287,0.230914384764,0.0,1.30182205197,0.0,17.886575708,16.5847536561,0.0,0.0,0.0,0.0,1.8615534549425743,1.8615534549425743,1.8615534549425743,35.17973366073402,35.17973366073402,35.17973366073402,0.1,0.1,0.0,0.007558429997328313,0.0,2.9773613934413885,0.0,0.0,0.52773470136,2.71482017982,0.0,0.0,0.0,0.0,2.27930607096,0.144758156868,0.0,0.748470596274,0.0,0.649809902723,0.371423375421,0.0,0.0,0.0,0.0,0.15129021410933097,0.15129021410933097,0.15129021410933097,0.2109710043413019,0.2109710043413019,0.2109710043413019
