Name,FitNum,N,DF,K,ChiSq,RedChiSq,Rsq,AdjRsq,AIC,BIC,RSS,TSS,SDR
A16_C8_Off,1,106,102,4,22.29311318040686,0.21855993314124372,0.9973308284398669,0.9972251186751091,-156.8750570653677,-146.61734029287985,22.293113180406866,8352.072048637714,0.4675039391719002
