Name,FitNum,RedChiSq,lf,AlignMag,Temp,pA,pB,pC,dwB,dwC,kexAB,kexAC,kexBC,k12,k21,k13,k31,k23,k32,tau1,tau2,tau3,dG12,dG13,ddG12,ddG21,ddG13,ddG31,ddG23,ddG32,R1,R1b,R1c,R2,R2b,R2c,pA_err,pB_err,pC_err,dwB_err,dwC_err,kexAB_err,kexAC_err,kexBC_err,k12_err,k21_err,k13_err,k31_err,k23_err,k32_err,tau1_err,tau2_err,tau3_err,dG12_err,dG13_err,ddG12_err,ddG21_err,ddG13_err,ddG31_err,ddG23_err,ddG32_err,R1_err,R1b_err,R1c_err,R2_err,R2b_err,R2c_err
A16_C8_Off,1,0.21855993314124372,150.7,auto,298.15,0.995,0.005,0.0,2.9327627628935393,0.0,2952.1917049968056,0.0,0.0,14.760958525,2937.43074647,0.0,0.0,0.0,0.0,0.0677462780149,0.000340433557864,0.0,3.13620237989,0.0,15.8582029442,12.7220005643,0.0,0.0,0.0,0.0,2.9119339188294378,2.9119339188294378,2.9119339188294378,24.764230741090316,24.764230741090316,24.764230741090316,0.005,0.005,0.0,0.0664514210108061,0.0,196.9159508053665,0.0,0.0,14.7203032984,196.481093477,0.0,0.0,0.0,0.0,0.0675596884871,2.27711777667e-05,0.0,0.592180492414,0.0,0.590852903532,0.0396305688129,0.0,0.0,0.0,0.0,0.06617277711788266,0.06617277711788266,0.06617277711788266,0.18947531789807232,0.18947531789807232,0.18947531789807232
