Name,FitNum,RedChiSq,lf,AlignMag,Temp,pA,pB,pC,dwB,dwC,kexAB,kexAC,kexBC,k12,k21,k13,k31,k23,k32,tau1,tau2,tau3,dG12,dG13,ddG12,ddG21,ddG13,ddG31,ddG23,ddG32,R1,R1b,R1c,R2,R2b,R2c,pA_err,pB_err,pC_err,dwB_err,dwC_err,kexAB_err,kexAC_err,kexBC_err,k12_err,k21_err,k13_err,k31_err,k23_err,k32_err,tau1_err,tau2_err,tau3_err,dG12_err,dG13_err,ddG12_err,ddG21_err,ddG13_err,ddG31_err,ddG23_err,ddG32_err,R1_err,R1b_err,R1c_err,R2_err,R2b_err,R2c_err
A16_C8_Off,1,0.5456723782822306,150.7,auto,298.15,0.95,0.05,0.0,0.9990320546063909,0.0,4879.535801175099,0.0,0.0,243.976790059,4635.55901112,0.0,0.0,0.0,0.0,0.00409875054,0.000215723712631,0.0,1.7445351892,0.0,14.1962314758,12.4516962866,0.0,0.0,0.0,0.0,3.2499645657812724,3.2499645657812724,3.2499645657812724,22.62468739542114,22.62468739542114,22.62468739542114,0.05,0.05,0.0,0.056257221496366104,0.0,445.8074330176258,0.0,0.0,233.166658674,482.94568154,0.0,0.0,0.0,0.0,0.00391714297053,2.24747080495e-05,0.0,0.569587487104,0.0,0.566232915769,0.0617267410834,0.0,0.0,0.0,0.0,0.09317775473471573,0.09317775473471573,0.09317775473471573,0.4293045782347037,0.4293045782347037,0.4293045782347037
