Name,FitNum,N,DF,K,ChiSq,RedChiSq,Rsq,AdjRsq,AIC,BIC,RSS,TSS,SDR
A16_C8_Off,1,104,100,4,54.567237828223064,0.5456723782822306,0.9925945344526442,0.9922953237234582,-58.67151216726592,-48.49798897474083,54.56723782822307,7368.508769540807,0.7386964046766646
