Name,FitNum,N,DF,K,ChiSq,RedChiSq,Rsq,AdjRsq,AIC,BIC,RSS,TSS,SDR
gc8,1,216,209,7,27.853162843335117,0.13326872173844553,0.9951913756000892,0.9950295468943229,-427.9012246870109,-404.8127373716833,27.85316284333512,5792.334881437498,0.3650598878792979
