Name,FitNum,RedChiSq,lf,AlignMag,Temp,pA,pB,pC,dwB,dwC,kexAB,kexAC,kexBC,k12,k21,k13,k31,k23,k32,tau1,tau2,tau3,dG12,dG13,ddG12,ddG21,ddG13,ddG31,ddG23,ddG32,R1,R1b,R1c,R2,R2b,R2c,pA_err,pB_err,pC_err,dwB_err,dwC_err,kexAB_err,kexAC_err,kexBC_err,k12_err,k21_err,k13_err,k31_err,k23_err,k32_err,tau1_err,tau2_err,tau3_err,dG12_err,dG13_err,ddG12_err,ddG21_err,ddG13_err,ddG31_err,ddG23_err,ddG32_err,R1_err,R1b_err,R1c_err,R2_err,R2b_err,R2c_err
gc1p,1,0.3615684811378828,150.7,auto,298.15,0.97,0.03,0.0,0.8872818342271943,0.0,4364.686613682122,0.0,0.0,130.94059841,4233.74601527,0.0,0.0,0.0,0.0,0.00763705078592,0.000236197446987,0.0,2.05953545938,0.0,14.5649521096,12.5054166502,0.0,0.0,0.0,0.0,2.343355892523484,2.343355892523484,2.343355892523484,15.59650247048368,15.59650247048368,15.59650247048368,0.03,0.03,0.0,0.059424710079978245,0.0,470.52156814883097,0.0,0.0,127.854711205,473.76570212,0.0,0.0,0.0,0.0,0.00745706781967,2.64310255994e-05,0.0,0.582308336629,0.0,0.578521615014,0.0663003760836,0.0,0.0,0.0,0.0,0.09424735117274567,0.09424735117274567,0.09424735117274567,0.2894131619735847,0.2894131619735847,0.2894131619735847
