Name,FitNum,RedChiSq,lf,AlignMag,Temp,pA,pB,pC,dwB,dwC,kexAB,kexAC,kexBC,k12,k21,k13,k31,k23,k32,tau1,tau2,tau3,dG12,dG13,ddG12,ddG21,ddG13,ddG31,ddG23,ddG32,R1,R1b,R1c,R2,R2b,R2c,pA_err,pB_err,pC_err,dwB_err,dwC_err,kexAB_err,kexAC_err,kexBC_err,k12_err,k21_err,k13_err,k31_err,k23_err,k32_err,tau1_err,tau2_err,tau3_err,dG12_err,dG13_err,ddG12_err,ddG21_err,ddG13_err,ddG31_err,ddG23_err,ddG32_err,R1_err,R1b_err,R1c_err,R2_err,R2b_err,R2c_err
G_C1p_Off,1,0.2502293563383524,150.88,auto,298.15,0.993,0.007,0.0,4.549791764622239,0.0,93.55848949808086,0.0,0.0,0.654909426487,92.9035800716,0.0,0.0,0.0,0.0,1.52692870122,0.0107638478434,0.0,2.93565558864,0.0,17.7039375571,14.7682819685,0.0,0.0,0.0,0.0,2.12830780176908,2.12830780176908,2.12830780176908,14.209499118239691,14.209499118239691,14.209499118239691,0.007,0.007,0.0,0.2591074827122533,0.0,6.38799364386994,0.0,0.0,0.651876688803,6.37652848597,0.0,0.0,0.0,0.0,1.51985783916,0.000738787271054,0.0,0.591141483364,0.0,0.589741085797,0.0406657727927,0.0,0.0,0.0,0.0,0.03246084101286417,0.03246084101286417,0.03246084101286417,0.04661729672894091,0.04661729672894091,0.04661729672894091
