Name,FitNum,RedChiSq,lf,AlignMag,Temp,pA,pB,pC,dwB,dwC,kexAB,kexAC,kexBC,k12,k21,k13,k31,k23,k32,tau1,tau2,tau3,dG12,dG13,ddG12,ddG21,ddG13,ddG31,ddG23,ddG32,R1,R1b,R1c,R2,R2b,R2c,pA_err,pB_err,pC_err,dwB_err,dwC_err,kexAB_err,kexAC_err,kexBC_err,k12_err,k21_err,k13_err,k31_err,k23_err,k32_err,tau1_err,tau2_err,tau3_err,dG12_err,dG13_err,ddG12_err,ddG21_err,ddG13_err,ddG31_err,ddG23_err,ddG32_err,R1_err,R1b_err,R1c_err,R2_err,R2b_err,R2c_err
gc1p,1,0.16604337043588555,150.88,auto,298.15,0.992,0.008,0.0,3.9058723106583924,0.0,610.5049576597331,0.0,0.0,4.88403966128,605.620917998,0.0,0.0,0.0,0.0,0.204748542058,0.00165119791982,0.0,2.85594331299,0.0,16.5134988267,13.6575555137,0.0,0.0,0.0,0.0,2.207909945975914,2.207909945975914,2.207909945975914,13.42587572098962,13.42587572098962,13.42587572098962,0.008,0.008,0.0,0.020094419283972157,0.0,6.735428036701794,0.0,0.0,4.845424505,8.25337952707,0.0,0.0,0.0,0.0,0.20312971881,2.2502464333e-05,0.0,0.587855783674,0.0,0.587800329283,0.00807436029915,0.0,0.0,0.0,0.0,0.027511120468876514,0.027511120468876514,0.027511120468876514,0.05653299474545588,0.05653299474545588,0.05653299474545588
