Name,FitNum,N,DF,K,ChiSq,RedChiSq,Rsq,AdjRsq,AIC,BIC,RSS,TSS,SDR
gc8,1,308,301,7,49.979054501201546,0.16604337043588555,0.9913600280459126,0.9911584287003173,-546.0966987889175,-519.9860003081025,49.97905450120156,5784.631566721444,0.4074841965474067
