Name,FitNum,N,DF,K,ChiSq,RedChiSq,Rsq,AdjRsq,AIC,BIC,RSS,TSS,SDR
gc1p,1,308,301,7,49.979054501201546,0.16604337043588555,0.9820887915275799,0.9816708633298901,-546.0966987889175,-519.9860003081025,49.97905450120156,2790.378693774901,0.4074841965474067
