Name,FitNum,RedChiSq,lf,AlignMag,Temp,pA,pB,pC,dwB,dwC,kexAB,kexAC,kexBC,k12,k21,k13,k31,k23,k32,tau1,tau2,tau3,dG12,dG13,ddG12,ddG21,ddG13,ddG31,ddG23,ddG32,R1,R1b,R1c,R2,R2b,R2c,pA_err,pB_err,pC_err,dwB_err,dwC_err,kexAB_err,kexAC_err,kexBC_err,k12_err,k21_err,k13_err,k31_err,k23_err,k32_err,tau1_err,tau2_err,tau3_err,dG12_err,dG13_err,ddG12_err,ddG21_err,ddG13_err,ddG31_err,ddG23_err,ddG32_err,R1_err,R1b_err,R1c_err,R2_err,R2b_err,R2c_err
ac1p,1,0.13607787834854465,176.04,auto,298.15,0.974,0.026,0.0,3.1763483546400098,0.0,1969.4555359066376,0.0,0.0,51.2058439336,1918.24969197,0.0,0.0,0.0,0.0,0.0195290209707,0.000521308568006,0.0,2.14675873907,0.0,15.1212301796,12.9744714406,0.0,0.0,0.0,0.0,0.7640440912022507,0.7640440912022507,0.7640440912022507,19.99757979542003,19.99757979542003,19.99757979542003,0.026,0.026,0.0,0.01873473010296396,0.0,30.56719388085952,0.0,0.0,49.8985878782,58.1002240979,0.0,0.0,0.0,0.0,0.0190304561789,1.57894693022e-05,0.0,0.577637767229,0.0,0.577358950426,0.0179452637628,0.0,0.0,0.0,0.0,0.13726961850415761,0.13726961850415761,0.13726961850415761,0.22594804667177876,0.22594804667177876,0.22594804667177876
