Name,FitNum,RedChiSq,lf,AlignMag,Temp,pA,pB,pC,dwB,dwC,kexAB,kexAC,kexBC,k12,k21,k13,k31,k23,k32,tau1,tau2,tau3,dG12,dG13,ddG12,ddG21,ddG13,ddG31,ddG23,ddG32,R1,R1b,R1c,R2,R2b,R2c,pA_err,pB_err,pC_err,dwB_err,dwC_err,kexAB_err,kexAC_err,kexBC_err,k12_err,k21_err,k13_err,k31_err,k23_err,k32_err,tau1_err,tau2_err,tau3_err,dG12_err,dG13_err,ddG12_err,ddG21_err,ddG13_err,ddG31_err,ddG23_err,ddG32_err,R1_err,R1b_err,R1c_err,R2_err,R2b_err,R2c_err
A6RNAm6A_C2_37,1,0.4021385166525811,150.88,avg,298.15,0.99591039535,0.004089604649646275,0.0,1.8834682094212718,0.0,358.75730370107055,0.0,0.0,1.46717553731,357.290128164,0.0,0.0,0.0,0.0,0.6815817021,0.00279884587111,0.0,3.25582751638,0.0,17.2260408503,13.9702133339,0.0,0.0,0.0,0.0,4.532006258360025,4.532006258360025,4.532006258360025,20.96809369455741,20.96809369455741,20.96809369455741,0.00205444831308,0.0020544483130756617,0.0,0.07796559271296052,0.0,207.325117015382,0.0,0.0,1.1214775287,206.47854403,0.0,0.0,0.0,0.0,0.520986441935,0.00161745756425,0.0,0.567749069502,0.0,0.452882640886,0.342397896466,0.0,0.0,0.0,0.0,0.03260090448516714,0.03260090448516714,0.03260090448516714,0.03846577949082954,0.03846577949082954,0.03846577949082954
