Name,FitNum,N,DF,K,ChiSq,RedChiSq,Rsq,AdjRsq,AIC,BIC,RSS,TSS,SDR
ac1p,1,196,189,7,99.26920693878421,0.5252338991470064,0.9809312245169273,0.9802212169191533,-118.73898588721134,-96.3879279534488,99.26920693878422,5205.8511584503685,0.7247302250817241
