Name,FitNum,RedChiSq,lf,AlignMag,Temp,pA,pB,pC,dwB,dwC,kexAB,kexAC,kexBC,k12,k21,k13,k31,k23,k32,tau1,tau2,tau3,dG12,dG13,ddG12,ddG21,ddG13,ddG31,ddG23,ddG32,R1,R1b,R1c,R2,R2b,R2c,pA_err,pB_err,pC_err,dwB_err,dwC_err,kexAB_err,kexAC_err,kexBC_err,k12_err,k21_err,k13_err,k31_err,k23_err,k32_err,tau1_err,tau2_err,tau3_err,dG12_err,dG13_err,ddG12_err,ddG21_err,ddG13_err,ddG31_err,ddG23_err,ddG32_err,R1_err,R1b_err,R1c_err,R2_err,R2b_err,R2c_err
ac8,1,0.5252338991470064,176.04,auto,298.15,0.92,0.08,0.0,1.7676557771488999,0.0,46.270045442826856,0.0,0.0,3.70160363543,42.5684418074,0.0,0.0,0.0,0.0,0.270153181834,0.0234915810291,0.0,1.44705336996,0.0,16.6777394717,15.2306861017,0.0,0.0,0.0,0.0,1.4130571447024114,1.4130571447024114,1.4130571447024114,30.614627741260072,30.614627741260072,30.614627741260072,0.08,0.08,0.0,0.03157351632693859,0.0,2.296882340836073,0.0,0.0,3.42326139311,4.01874110826,0.0,0.0,0.0,0.0,0.249839001872,0.00221775987965,0.0,0.550780403982,0.0,0.547932833079,0.055934460255,0.0,0.0,0.0,0.0,0.1572820180332318,0.1572820180332318,0.1572820180332318,0.15387873676164923,0.15387873676164923,0.15387873676164923
