Name,FitNum,N,DF,K,ChiSq,RedChiSq,Rsq,AdjRsq,AIC,BIC,RSS,TSS,SDR
gc1p,1,220,213,7,48.3510443765601,0.22700020834065773,0.9879218525657218,0.9875230458108164,-318.8024374688519,-295.57534653117784,48.351044376560075,4003.1838193445337,0.4764453886235626
