Name,FitNum,N,DF,K,ChiSq,RedChiSq,Rsq,AdjRsq,AIC,BIC,RSS,TSS,SDR
gc1p,1,196,189,7,99.88141260594436,0.5284730825711342,0.9841509769940651,0.9835608537970355,-117.53394129317256,-95.18288335941001,99.88141260594435,6302.054869157659,0.7269615413287928
