Name,FitNum,RedChiSq,lf,AlignMag,Temp,pA,pB,pC,dwB,dwC,kexAB,kexAC,kexBC,k12,k21,k13,k31,k23,k32,tau1,tau2,tau3,dG12,dG13,ddG12,ddG21,ddG13,ddG31,ddG23,ddG32,R1,R1b,R1c,R2,R2b,R2c,pA_err,pB_err,pC_err,dwB_err,dwC_err,kexAB_err,kexAC_err,kexBC_err,k12_err,k21_err,k13_err,k31_err,k23_err,k32_err,tau1_err,tau2_err,tau3_err,dG12_err,dG13_err,ddG12_err,ddG21_err,ddG13_err,ddG31_err,ddG23_err,ddG32_err,R1_err,R1b_err,R1c_err,R2_err,R2b_err,R2c_err
gc1p,1,0.5284730825711342,176.04,auto,298.15,0.98,0.02,0.0,1.5161230081236006,0.0,4137.078514000896,0.0,0.0,82.74157028,4054.33694372,0.0,0.0,0.0,0.0,0.0120858233245,0.000246649455603,0.0,2.30584417206,0.0,14.836915427,12.531071255,0.0,0.0,0.0,0.0,1.866223022243722,1.866223022243722,1.866223022243722,19.186546056475564,19.186546056475564,19.186546056475564,0.02,0.02,0.0,0.0587732494893704,0.0,274.59674569864893,0.0,0.0,81.2893537763,281.060841947,0.0,0.0,0.0,0.0,0.0118737022343,1.70986044376e-05,0.0,0.583533211999,0.0,0.582085911554,0.0410731186569,0.0,0.0,0.0,0.0,0.1388058915865667,0.1388058915865667,0.1388058915865667,0.42640099010348975,0.42640099010348975,0.42640099010348975
