Name,FitNum,N,DF,K,ChiSq,RedChiSq,Rsq,AdjRsq,AIC,BIC,RSS,TSS,SDR
A16_C8_Off,1,105,101,4,241.2835129029859,2.3889456723067912,0.9728966183234635,0.9718124830564021,95.76129087015532,105.9771322707854,241.28351290298585,8902.33978115971,1.5456214518137328
