Name,FitNum,RedChiSq,lf,AlignMag,Temp,pA,pB,pC,dwB,dwC,kexAB,kexAC,kexBC,k12,k21,k13,k31,k23,k32,tau1,tau2,tau3,dG12,dG13,ddG12,ddG21,ddG13,ddG31,ddG23,ddG32,R1,R1b,R1c,R2,R2b,R2c,pA_err,pB_err,pC_err,dwB_err,dwC_err,kexAB_err,kexAC_err,kexBC_err,k12_err,k21_err,k13_err,k31_err,k23_err,k32_err,tau1_err,tau2_err,tau3_err,dG12_err,dG13_err,ddG12_err,ddG21_err,ddG13_err,ddG31_err,ddG23_err,ddG32_err,R1_err,R1b_err,R1c_err,R2_err,R2b_err,R2c_err
A16_C8_Off,1,2.3889456723067912,150.7,auto,298.15,0.9995,0.0005,0.0,5.944107860947776,0.0,3509.7348319011217,0.0,0.0,1.75486741595,3507.97996449,0.0,0.0,0.0,0.0,0.569843619473,0.000285064341907,0.0,4.50312246865,0.0,17.1199539923,12.6168315237,0.0,0.0,0.0,0.0,2.6225867865027306,2.6225867865027306,2.6225867865027306,28.44208536625452,28.44208536625452,28.44208536625452,0.0005,0.0005,0.0,2.019505232297376,0.0,5010.971415469024,0.0,0.0,3.05842120372,5008.46623689,0.0,0.0,0.0,0.0,0.993135887508,0.00040699637576,0.0,1.33484795085,0.0,1.03259534163,0.845911291041,0.0,0.0,0.0,0.0,0.24180013602881517,0.24180013602881517,0.24180013602881517,0.8218275160729984,0.8218275160729984,0.8218275160729984
