Name,FitNum,RedChiSq,lf,AlignMag,Temp,pA,pB,pC,dwB,dwC,kexAB,kexAC,kexBC,k12,k21,k13,k31,k23,k32,tau1,tau2,tau3,dG12,dG13,ddG12,ddG21,ddG13,ddG31,ddG23,ddG32,R1,R1b,R1c,R2,R2b,R2c,pA_err,pB_err,pC_err,dwB_err,dwC_err,kexAB_err,kexAC_err,kexBC_err,k12_err,k21_err,k13_err,k31_err,k23_err,k32_err,tau1_err,tau2_err,tau3_err,dG12_err,dG13_err,ddG12_err,ddG21_err,ddG13_err,ddG31_err,ddG23_err,ddG32_err,R1_err,R1b_err,R1c_err,R2_err,R2b_err,R2c_err
G7N1_pH5.3HS_25C,1,0.8051094286802296,70.960765,auto,298.15,0.9925,0.0075,0.0,-1.9996667182585004,0.0,81.42690556514324,0.0,0.0,0.610701791739,80.8162037734,0.0,0.0,0.0,0.0,1.6374603997,0.012373756169,0.0,2.89447995867,0.0,17.745345233,14.8508652744,0.0,0.0,0.0,0.0,2.033587575529527,2.033587575529527,2.033587575529527,8.558923520999258,8.558923520999258,8.558923520999258,0.0075,0.0075,0.0,0.15787031104750382,0.0,6.272290998454827,0.0,0.0,0.607961555376,6.25468841003,0.0,0.0,0.0,0.0,1.63011306818,0.000957654352536,0.0,0.591606006981,0.0,0.589826252922,0.0458547583157,0.0,0.0,0.0,0.0,0.019875000095593936,0.019875000095593936,0.019875000095593936,0.023358769724297526,0.023358769724297526,0.023358769724297526
