Name,FitNum,N,DF,K,ChiSq,RedChiSq,Rsq,AdjRsq,AIC,BIC,RSS,TSS,SDR
G_C8_Off,1,199,192,7,50.02018616545127,0.2605218029450587,0.9873190816138672,0.9868543359138519,-260.208369880313,-237.74162354179654,50.020186165451264,3944.5239408015236,0.5104133647790374
