Name,FitNum,N,DF,K,ChiSq,RedChiSq,Rsq,AdjRsq,AIC,BIC,RSS,TSS,SDR
G_C1p_Off,1,199,192,7,50.02018616545127,0.2605218029450587,0.9744620734292921,0.973526128476439,-260.208369880313,-237.74162354179654,50.020186165451264,1958.6627765945875,0.5104133647790374
