Name,FitNum,N,DF,K,ChiSq,RedChiSq,Rsq,AdjRsq,AIC,BIC,RSS,TSS,SDR
G_C1p_Off,1,199,192,7,42.97971336236111,0.22385267376229745,0.978056603782971,0.9772523955446506,-290.39635648799367,-267.9296101494772,42.97971336236112,1958.6627765945875,0.47313071530212186
