Name,FitNum,RedChiSq,lf,AlignMag,Temp,pA,pB,pC,dwB,dwC,kexAB,kexAC,kexBC,k12,k21,k13,k31,k23,k32,tau1,tau2,tau3,dG12,dG13,ddG12,ddG21,ddG13,ddG31,ddG23,ddG32,R1,R1b,R1c,R2,R2b,R2c,pA_err,pB_err,pC_err,dwB_err,dwC_err,kexAB_err,kexAC_err,kexBC_err,k12_err,k21_err,k13_err,k31_err,k23_err,k32_err,tau1_err,tau2_err,tau3_err,dG12_err,dG13_err,ddG12_err,ddG21_err,ddG13_err,ddG31_err,ddG23_err,ddG32_err,R1_err,R1b_err,R1c_err,R2_err,R2b_err,R2c_err
G_C8_Off,1,0.22385267376229745,150.88,auto,298.15,0.9992,0.0008,0.0,2.780074867947759,0.0,1980.7169030603213,0.0,0.0,1.58457352245,1979.13232954,0.0,0.0,0.0,0.0,0.631084633078,0.000505271924002,0.0,4.22447462536,0.0,17.1804336549,12.9559590296,0.0,0.0,0.0,0.0,2.4961866896596003,2.4961866896596003,2.4961866896596003,20.230058844923615,20.230058844923615,20.230058844923615,0.0008,0.0008,0.0,0.21033615051055432,0.0,262.57521002297693,0.0,0.0,1.59718012101,262.369927235,0.0,0.0,0.0,0.0,0.636105435531,6.69829682209e-05,0.0,0.602341475681,0.0,0.597198457205,0.0785446117651,0.0,0.0,0.0,0.0,0.03511291713069371,0.03511291713069371,0.03511291713069371,0.07114551136623036,0.07114551136623036,0.07114551136623036
