Name,FitNum,N,DF,K,ChiSq,RedChiSq,Rsq,AdjRsq,AIC,BIC,RSS,TSS,SDR
G_C8_Off,1,199,192,7,42.97971336236111,0.22385267376229745,0.9891039542395,0.9887046227194817,-290.39635648799367,-267.9296101494772,42.97971336236112,3944.5239408015236,0.47313071530212186
