Name,FitNum,N,DF,K,ChiSq,RedChiSq,Rsq,AdjRsq,AIC,BIC,RSS,TSS,SDR
G_C1p_Off_reduce_new_trunc,1,190,185,5,59.601985127528934,0.3221728925812375,0.9690566994069627,0.9682158488473693,-209.94759935912631,-194.03856595484564,59.60198512752895,1926.1676674834212,0.5676027594905063
