Name,FitNum,RedChiSq,lf,AlignMag,Temp,pA,pB,pC,dwB,dwC,kexAB,kexAC,kexBC,k12,k21,k13,k31,k23,k32,tau1,tau2,tau3,dG12,dG13,ddG12,ddG21,ddG13,ddG31,ddG23,ddG32,R1,R1b,R1c,R2,R2b,R2c,pA_err,pB_err,pC_err,dwB_err,dwC_err,kexAB_err,kexAC_err,kexBC_err,k12_err,k21_err,k13_err,k31_err,k23_err,k32_err,tau1_err,tau2_err,tau3_err,dG12_err,dG13_err,ddG12_err,ddG21_err,ddG13_err,ddG31_err,ddG23_err,ddG32_err,R1_err,R1b_err,R1c_err,R2_err,R2b_err,R2c_err
gc1p,1,0.1788830972212018,176.04,auto,298.15,0.9945,0.0055,0.0,2.975465958276297,0.0,2523.9003996817028,0.0,0.0,13.8814521982,2510.01894748,0.0,0.0,0.0,0.0,0.0720385724576,0.000398403367035,0.0,3.07943474608,0.0,15.8946005757,12.8151658296,0.0,0.0,0.0,0.0,1.1319394003484504,1.1319394003484504,1.1319394003484504,20.624767545486446,20.624767545486446,20.624767545486446,0.0055,0.0055,0.0,0.05142011163462813,0.0,131.78104940700635,0.0,0.0,13.8243285626,131.781365709,0.0,0.0,0.0,0.0,0.0717421261559,2.09170292773e-05,0.0,0.590866001727,0.0,0.590046611843,0.0311067171223,0.0,0.0,0.0,0.0,0.09323024812571633,0.09323024812571633,0.09323024812571633,0.18771659060744167,0.18771659060744167,0.18771659060744167
