Name,FitNum,N,DF,K,ChiSq,RedChiSq,Rsq,AdjRsq,AIC,BIC,RSS,TSS,SDR
gc8,1,220,213,7,142.32477710153285,0.668191441791234,0.9770133917128849,0.9762543999298199,-81.28520439390216,-58.05811345622808,142.32477710153285,6191.638858757249,0.8174297778960796
