Name,FitNum,RedChiSq,lf,AlignMag,Temp,pA,pB,pC,dwB,dwC,kexAB,kexAC,kexBC,k12,k21,k13,k31,k23,k32,tau1,tau2,tau3,dG12,dG13,ddG12,ddG21,ddG13,ddG31,ddG23,ddG32,R1,R1b,R1c,R2,R2b,R2c,pA_err,pB_err,pC_err,dwB_err,dwC_err,kexAB_err,kexAC_err,kexBC_err,k12_err,k21_err,k13_err,k31_err,k23_err,k32_err,tau1_err,tau2_err,tau3_err,dG12_err,dG13_err,ddG12_err,ddG21_err,ddG13_err,ddG31_err,ddG23_err,ddG32_err,R1_err,R1b_err,R1c_err,R2_err,R2b_err,R2c_err
gc8,1,0.668191441791234,150.7,auto,298.15,0.987,0.013,0.0,2.1514031011876416,0.0,2592.6851974686006,0.0,0.0,33.7049075671,2558.9802899,0.0,0.0,0.0,0.0,0.029669269913,0.000390780657415,0.0,2.56529347104,0.0,15.3690133526,12.8037198816,0.0,0.0,0.0,0.0,2.5800456888467647,2.5800456888467647,2.5800456888467647,19.5827671656754,19.5827671656754,19.5827671656754,0.013,0.013,0.0,0.04080502621406769,0.0,119.2077295505181,0.0,0.0,33.3057022157,122.271337738,0.0,0.0,0.0,0.0,0.0293178631839,1.86719975659e-05,0.0,0.586151324932,0.0,0.585467281721,0.0283096759762,0.0,0.0,0.0,0.0,0.11297144582674312,0.11297144582674312,0.11297144582674312,0.2542561732520454,0.2542561732520454,0.2542561732520454
