param,fit_val,fit_err
kex(s-1),1.79245005066,0.0462170356333
tau_ex(s),0.557895601963,0.0143849369226
R1n(s-1),2.9284097402,0.0914936659078
