Name,FitNum,RedChiSq,lf,AlignMag,Temp,pA,pB,pC,dwB,dwC,kexAB,kexAC,kexBC,k12,k21,k13,k31,k23,k32,tau1,tau2,tau3,dG12,dG13,ddG12,ddG21,ddG13,ddG31,ddG23,ddG32,R1,R1b,R1c,R2,R2b,R2c,pA_err,pB_err,pC_err,dwB_err,dwC_err,kexAB_err,kexAC_err,kexBC_err,k12_err,k21_err,k13_err,k31_err,k23_err,k32_err,tau1_err,tau2_err,tau3_err,dG12_err,dG13_err,ddG12_err,ddG21_err,ddG13_err,ddG31_err,ddG23_err,ddG32_err,R1_err,R1b_err,R1c_err,R2_err,R2b_err,R2c_err
G10_C8_Off,1,0.215713624778245,176.04,auto,298.15,0.971,0.029,0.0,3.0745712434601553,0.0,3252.5382153991045,0.0,0.0,94.3236082466,3158.21460715,0.0,0.0,0.0,0.0,0.0106017996829,0.000316634594031,0.0,2.08023210609,0.0,14.7592943724,12.6790622663,0.0,0.0,0.0,0.0,1.0327874824572465,1.0327874824572465,1.0327874824572465,29.3032559005044,29.3032559005044,29.3032559005044,0.029,0.029,0.0,0.027746972646148973,0.0,96.74118057378502,0.0,0.0,91.672001345,131.224228709,0.0,0.0,0.0,0.0,0.0103037639554,1.31562086662e-05,0.0,0.576354922874,0.0,0.575828933044,0.0246178185673,0.0,0.0,0.0,0.0,0.21499602036486604,0.21499602036486604,0.21499602036486604,0.5885342409287055,0.5885342409287055,0.5885342409287055
