Name,FitNum,RedChiSq,lf,AlignMag,Temp,pA,pB,pC,dwB,dwC,kexAB,kexAC,kexBC,k12,k21,k13,k31,k23,k32,tau1,tau2,tau3,dG12,dG13,ddG12,ddG21,ddG13,ddG31,ddG23,ddG32,R1,R1b,R1c,R2,R2b,R2c,pA_err,pB_err,pC_err,dwB_err,dwC_err,kexAB_err,kexAC_err,kexBC_err,k12_err,k21_err,k13_err,k31_err,k23_err,k32_err,tau1_err,tau2_err,tau3_err,dG12_err,dG13_err,ddG12_err,ddG21_err,ddG13_err,ddG31_err,ddG23_err,ddG32_err,R1_err,R1b_err,R1c_err,R2_err,R2b_err,R2c_err
gc1p,1,0.1445968140293667,176.04,auto,298.15,0.9955,0.0045,0.0,3.5674769641682595,0.0,816.0131731020841,0.0,0.0,3.67205927896,812.341113823,0.0,0.0,0.0,0.0,0.272326758375,0.0012310099575,0.0,3.1989245348,0.0,16.6824873628,13.483562828,0.0,0.0,0.0,0.0,1.1922677434946667,1.1922677434946667,1.1922677434946667,18.213398250513997,18.213398250513997,18.213398250513997,0.0045,0.0045,0.0,0.06608596568960518,0.0,20.252220965802305,0.0,0.0,3.65670820056,20.4898169056,0.0,0.0,0.0,0.0,0.271188293797,3.10499717531e-05,0.0,0.590197093529,0.0,0.59000786082,0.0149443427368,0.0,0.0,0.0,0.0,0.055028800031929975,0.055028800031929975,0.055028800031929975,0.07717212443993461,0.07717212443993461,0.07717212443993461
