Name,FitNum,N,DF,K,ChiSq,RedChiSq,Rsq,AdjRsq,AIC,BIC,RSS,TSS,SDR
A21_C1p_Off,1,117,113,4,37.01948655620571,0.32760607571863465,0.9820746328311292,0.9814344411465266,-126.27820830483685,-115.58665542278868,37.019486556205706,2065.201019731054,0.5723688283953229
