Name,FitNum,N,DF,K,ChiSq,RedChiSq,Rsq,AdjRsq,AIC,BIC,RSS,TSS,SDR
A16_C8_Off,1,111,107,4,29.004666291969627,0.27107164758850116,0.9945754830142964,0.9943707842601189,-140.59279752861724,-130.13203521393393,29.00466629196962,5346.958331665673,0.5206454144506615
