Name,FitNum,RedChiSq,lf,AlignMag,Temp,pA,pB,pC,dwB,dwC,kexAB,kexAC,kexBC,k12,k21,k13,k31,k23,k32,tau1,tau2,tau3,dG12,dG13,ddG12,ddG21,ddG13,ddG31,ddG23,ddG32,R1,R1b,R1c,R2,R2b,R2c,pA_err,pB_err,pC_err,dwB_err,dwC_err,kexAB_err,kexAC_err,kexBC_err,k12_err,k21_err,k13_err,k31_err,k23_err,k32_err,tau1_err,tau2_err,tau3_err,dG12_err,dG13_err,ddG12_err,ddG21_err,ddG13_err,ddG31_err,ddG23_err,ddG32_err,R1_err,R1b_err,R1c_err,R2_err,R2b_err,R2c_err
A16_C8_Off,1,0.27107164758850116,150.7,auto,298.15,0.995,0.005,0.0,3.4051809652350573,0.0,179.77453219575818,0.0,0.0,0.898872660979,178.875659535,0.0,0.0,0.0,0.0,1.1125046332,0.00559047554374,0.0,3.13620237989,0.0,17.5163305595,14.3801281797,0.0,0.0,0.0,0.0,1.9652310104711992,1.9652310104711992,1.9652310104711992,22.78317552735257,22.78317552735257,22.78317552735257,0.005,0.005,0.0,0.2349359250587633,0.0,19.174682838519356,0.0,0.0,0.899513451929,19.0997618254,0.0,0.0,0.0,0.0,1.11329771873,0.00059693281721,0.0,0.596272703525,0.0,0.59290712114,0.0632635967269,0.0,0.0,0.0,0.0,0.06370474850040808,0.06370474850040808,0.06370474850040808,0.08701915204445297,0.08701915204445297,0.08701915204445297
