Name,FitNum,RedChiSq,lf,AlignMag,Temp,pA,pB,pC,dwB,dwC,kexAB,kexAC,kexBC,k12,k21,k13,k31,k23,k32,tau1,tau2,tau3,dG12,dG13,ddG12,ddG21,ddG13,ddG31,ddG23,ddG32,R1,R1b,R1c,R2,R2b,R2c,pA_err,pB_err,pC_err,dwB_err,dwC_err,kexAB_err,kexAC_err,kexBC_err,k12_err,k21_err,k13_err,k31_err,k23_err,k32_err,tau1_err,tau2_err,tau3_err,dG12_err,dG13_err,ddG12_err,ddG21_err,ddG13_err,ddG31_err,ddG23_err,ddG32_err,R1_err,R1b_err,R1c_err,R2_err,R2b_err,R2c_err
c15_c6,1,0.4198935935976594,176.002098,auto,298.15,0.993,0.007,0.0,2.1947797694996436,0.0,4960.51317408921,0.0,0.0,34.7235922186,4925.78958187,0.0,0.0,0.0,0.0,0.028798863715,0.000203013137971,0.0,2.93565558864,0.0,15.3513715889,12.4157160003,0.0,0.0,0.0,0.0,1.9055574551987873,1.9055574551987873,1.9055574551987873,29.63142882283016,29.63142882283016,29.63142882283016,0.007,0.007,0.0,0.13485185845436473,0.0,517.7902745361055,0.0,0.0,34.6713579133,515.320654259,0.0,0.0,0.0,0.0,0.0287555419115,2.1238597659e-05,0.0,0.594831782851,0.0,0.591593480817,0.0619838958534,0.0,0.0,0.0,0.0,0.055071527256212185,0.055071527256212185,0.055071527256212185,0.35559820529253694,0.35559820529253694,0.35559820529253694
