Name,FitNum,RedChiSq,lf,AlignMag,Temp,pA,pB,pC,dwB,dwC,kexAB,kexAC,kexBC,k12,k21,k13,k31,k23,k32,tau1,tau2,tau3,dG12,dG13,ddG12,ddG21,ddG13,ddG31,ddG23,ddG32,R1,R1b,R1c,R2,R2b,R2c,pA_err,pB_err,pC_err,dwB_err,dwC_err,kexAB_err,kexAC_err,kexBC_err,k12_err,k21_err,k13_err,k31_err,k23_err,k32_err,tau1_err,tau2_err,tau3_err,dG12_err,dG13_err,ddG12_err,ddG21_err,ddG13_err,ddG31_err,ddG23_err,ddG32_err,R1_err,R1b_err,R1c_err,R2_err,R2b_err,R2c_err
ac1p,1,0.4900060236435797,176.04,auto,298.15,0.991,0.009,0.0,4.080458692156513,0.0,654.3189371091102,0.0,0.0,5.88887043398,648.430066675,0.0,0.0,0.0,0.0,0.16981185292,0.00154218635346,0.0,2.78556109659,0.0,16.4026499512,13.6170888546,0.0,0.0,0.0,0.0,0.6559749023290566,0.6559749023290566,0.6559749023290566,19.99577107703101,19.99577107703101,19.99577107703101,0.009,0.009,0.0,0.1043396376349881,0.0,24.17070243989361,0.0,0.0,5.84016409826,24.6538914112,0.0,0.0,0.0,0.0,0.168407353838,5.8635305252e-05,0.0,0.588016016525,0.0,0.587584359012,0.022526800364,0.0,0.0,0.0,0.0,0.13246420201402387,0.13246420201402387,0.13246420201402387,0.1887944485172055,0.1887944485172055,0.1887944485172055
