Name,FitNum,N,DF,K,ChiSq,RedChiSq,Rsq,AdjRsq,AIC,BIC,RSS,TSS,SDR
ac1p,1,196,189,7,92.61113846863657,0.4900060236435797,0.98221018318622,0.9815477963899623,-132.3464821580014,-109.99542422423885,92.61113846863657,5205.8511584503685,0.7000043025893339
