Name,FitNum,RedChiSq,lf,AlignMag,Temp,pA,pB,pC,dwB,dwC,kexAB,kexAC,kexBC,k12,k21,k13,k31,k23,k32,tau1,tau2,tau3,dG12,dG13,ddG12,ddG21,ddG13,ddG31,ddG23,ddG32,R1,R1b,R1c,R2,R2b,R2c,pA_err,pB_err,pC_err,dwB_err,dwC_err,kexAB_err,kexAC_err,kexBC_err,k12_err,k21_err,k13_err,k31_err,k23_err,k32_err,tau1_err,tau2_err,tau3_err,dG12_err,dG13_err,ddG12_err,ddG21_err,ddG13_err,ddG31_err,ddG23_err,ddG32_err,R1_err,R1b_err,R1c_err,R2_err,R2b_err,R2c_err
hpGBCm6A_m6AC2_55C,1,74.6159837610419,150.7,auto,298.15,0.9999,0.0001,0.0,6.318463603663344,0.0,3989.3801886633173,0.0,0.0,0.398938018866,3988.98125064,0.0,0.0,0.0,0.0,2.50665505093,0.000250690574151,0.0,5.45692695108,0.0,17.997626845,12.540699894,0.0,0.0,0.0,0.0,5.520405826571151,5.520405826571151,5.520405826571151,16.316979460537958,16.316979460537958,16.316979460537958,0.0001,0.0001,0.0,25.777002733081982,0.0,53438.065524089216,0.0,0.0,5.35867410703,53432.721719,0.0,0.0,0.0,0.0,33.6702617486,0.00335802021732,0.0,11.2393610339,0.0,7.95846104547,7.93638042427,0.0,0.0,0.0,0.0,0.4518552637525834,0.4518552637525834,0.4518552637525834,1.7506819005751046,1.7506819005751046,1.7506819005751046
