Name,FitNum,RedChiSq,lf,AlignMag,Temp,pA,pB,pC,dwB,dwC,kexAB,kexAC,kexBC,k12,k21,k13,k31,k23,k32,tau1,tau2,tau3,dG12,dG13,ddG12,ddG21,ddG13,ddG31,ddG23,ddG32,R1,R1b,R1c,R2,R2b,R2c,pA_err,pB_err,pC_err,dwB_err,dwC_err,kexAB_err,kexAC_err,kexBC_err,k12_err,k21_err,k13_err,k31_err,k23_err,k32_err,tau1_err,tau2_err,tau3_err,dG12_err,dG13_err,ddG12_err,ddG21_err,ddG13_err,ddG31_err,ddG23_err,ddG32_err,R1_err,R1b_err,R1c_err,R2_err,R2b_err,R2c_err
ra16_c8_10c,1,0.7764917676082894,150.784186,auto,298.15,0.995,0.005,0.0,3.9199734110217404,0.0,281.0245469909678,0.0,0.0,1.40512273495,279.619424256,0.0,0.0,0.0,0.0,0.711681602698,0.00357628946079,0.0,3.13620237989,0.0,17.2516447792,14.1154423993,0.0,0.0,0.0,0.0,1.4589963865072315,1.4589963865072315,1.4589963865072315,43.260610114103976,43.260610114103976,43.260610114103976,0.005,0.005,0.0,0.10010700546459113,0.0,14.382282598332868,0.0,0.0,1.39996291776,14.3785064726,0.0,0.0,0.0,0.0,0.709068203255,0.000183898887914,0.0,0.591094743551,0.0,0.590309057817,0.0304665736994,0.0,0.0,0.0,0.0,0.04278198217879227,0.04278198217879227,0.04278198217879227,0.0791092524796277,0.0791092524796277,0.0791092524796277
