Name,FitNum,RedChiSq,lf,AlignMag,Temp,pA,pB,pC,dwB,dwC,kexAB,kexAC,kexBC,k12,k21,k13,k31,k23,k32,tau1,tau2,tau3,dG12,dG13,ddG12,ddG21,ddG13,ddG31,ddG23,ddG32,R1,R1b,R1c,R2,R2b,R2c,pA_err,pB_err,pC_err,dwB_err,dwC_err,kexAB_err,kexAC_err,kexBC_err,k12_err,k21_err,k13_err,k31_err,k23_err,k32_err,tau1_err,tau2_err,tau3_err,dG12_err,dG13_err,ddG12_err,ddG21_err,ddG13_err,ddG31_err,ddG23_err,ddG32_err,R1_err,R1b_err,R1c_err,R2_err,R2b_err,R2c_err
gc1p,1,3.35147336421581,150.88,auto,298.15,0.998,0.002,0.0,4.5951510428214455,0.0,1767.7757514658165,0.0,0.0,3.53555150293,1764.24019996,0.0,0.0,0.0,0.0,0.282841304722,0.000566816241927,0.0,3.68087436261,0.0,16.7049326502,13.0240582876,0.0,0.0,0.0,0.0,3.000786223307922,3.000786223307922,3.000786223307922,14.248262002005818,14.248262002005818,14.248262002005818,0.002,0.002,0.0,0.30150342939184327,0.0,279.5953442496938,0.0,0.0,3.57252266043,279.058462008,0.0,0.0,0.0,0.0,0.28579896788,8.96560846514e-05,0.0,0.605971022745,0.0,0.598680344389,0.0937161973708,0.0,0.0,0.0,0.0,0.12631141850331415,0.12631141850331415,0.12631141850331415,0.3349074881205573,0.3349074881205573,0.3349074881205573
