Name,FitNum,N,DF,K,ChiSq,RedChiSq,Rsq,AdjRsq,AIC,BIC,RSS,TSS,SDR
gc8,1,308,301,7,1008.7934826289588,3.35147336421581,0.8256079975028188,0.8215388507778846,379.4144466704387,405.5251451512537,1008.7934826289592,5784.631566721444,1.8307029699587565
