Name,FitNum,N,DF,K,ChiSq,RedChiSq,Rsq,AdjRsq,AIC,BIC,RSS,TSS,SDR
A16_C8_Off,1,105,101,4,125.93062345025555,1.2468378559431244,0.9858542106293486,0.9852883790545226,27.485933749712007,37.7017751503421,125.93062345025557,8902.33978115971,1.1166189394520962
