Name,FitNum,RedChiSq,lf,AlignMag,Temp,pA,pB,pC,dwB,dwC,kexAB,kexAC,kexBC,k12,k21,k13,k31,k23,k32,tau1,tau2,tau3,dG12,dG13,ddG12,ddG21,ddG13,ddG31,ddG23,ddG32,R1,R1b,R1c,R2,R2b,R2c,pA_err,pB_err,pC_err,dwB_err,dwC_err,kexAB_err,kexAC_err,kexBC_err,k12_err,k21_err,k13_err,k31_err,k23_err,k32_err,tau1_err,tau2_err,tau3_err,dG12_err,dG13_err,ddG12_err,ddG21_err,ddG13_err,ddG31_err,ddG23_err,ddG32_err,R1_err,R1b_err,R1c_err,R2_err,R2b_err,R2c_err
A16_C8_Off,1,1.2468378559431244,150.7,auto,298.15,0.92,0.08,0.0,0.7024080603699167,0.0,4065.8757898067083,0.0,0.0,325.270063185,3740.60572662,0.0,0.0,0.0,0.0,0.00307436838856,0.000267336381614,0.0,1.44705336996,0.0,14.0258431103,12.5787897403,0.0,0.0,0.0,0.0,2.883521132246798,2.883521132246798,2.883521132246798,25.546343596568526,25.546343596568526,25.546343596568526,0.08,0.08,0.0,0.05840146517330928,0.0,592.388073870667,0.0,0.0,304.093200935,622.292956821,0.0,0.0,0.0,0.0,0.00287421017163,4.44744941164e-05,0.0,0.562612216706,0.0,0.553910747372,0.0985666796252,0.0,0.0,0.0,0.0,0.13067282458405133,0.13067282458405133,0.13067282458405133,0.5680442040142032,0.5680442040142032,0.5680442040142032
