Name,FitNum,RedChiSq,lf,AlignMag,Temp,pA,pB,pC,dwB,dwC,kexAB,kexAC,kexBC,k12,k21,k13,k31,k23,k32,tau1,tau2,tau3,dG12,dG13,ddG12,ddG21,ddG13,ddG31,ddG23,ddG32,R1,R1b,R1c,R2,R2b,R2c,pA_err,pB_err,pC_err,dwB_err,dwC_err,kexAB_err,kexAC_err,kexBC_err,k12_err,k21_err,k13_err,k31_err,k23_err,k32_err,tau1_err,tau2_err,tau3_err,dG12_err,dG13_err,ddG12_err,ddG21_err,ddG13_err,ddG31_err,ddG23_err,ddG32_err,R1_err,R1b_err,R1c_err,R2_err,R2b_err,R2c_err
A16_C8_Off,1,0.26071693329018675,150.88,avg,298.15,0.995227589822,0.004772410178209266,0.0,2.8246478421289862,0.0,1484.2762014040804,0.0,0.0,7.08357485085,1477.19262655,0.0,0.0,0.0,0.0,0.141171657116,0.000676959783054,0.0,3.1639396506,0.0,16.2932094269,13.1292697763,0.0,0.0,0.0,0.0,2.6547441923799364,2.6547441923799364,2.6547441923799364,28.791069189345965,28.791069189345965,28.791069189345965,0.000201195100894,0.00020119510089430418,0.0,0.09753526474795172,0.0,119.6522179463978,0.0,0.0,0.643744396701,119.081559374,0.0,0.0,0.0,0.0,0.0128294632519,5.45720477819e-05,0.0,0.0719751185742,0.0,0.0538441034734,0.0477622258161,0.0,0.0,0.0,0.0,0.06855750908218075,0.06855750908218075,0.06855750908218075,0.20070247031917615,0.20070247031917615,0.20070247031917615
