Name,FitNum,RedChiSq,lf,AlignMag,Temp,pA,pB,pC,dwB,dwC,kexAB,kexAC,kexBC,k12,k21,k13,k31,k23,k32,tau1,tau2,tau3,dG12,dG13,ddG12,ddG21,ddG13,ddG31,ddG23,ddG32,R1,R1b,R1c,R2,R2b,R2c,pA_err,pB_err,pC_err,dwB_err,dwC_err,kexAB_err,kexAC_err,kexBC_err,k12_err,k21_err,k13_err,k31_err,k23_err,k32_err,tau1_err,tau2_err,tau3_err,dG12_err,dG13_err,ddG12_err,ddG21_err,ddG13_err,ddG31_err,ddG23_err,ddG32_err,R1_err,R1b_err,R1c_err,R2_err,R2b_err,R2c_err
ac8,1,0.3792235867617856,176.04,auto,298.15,0.997,0.003,0.0,3.673717084319189,0.0,3070.2925508288804,0.0,0.0,9.21087765249,3061.08167318,0.0,0.0,0.0,0.0,0.108567287258,0.000326681907498,0.0,3.44004850013,0.0,16.1376191183,12.6975706182,0.0,0.0,0.0,0.0,1.3645666457786247,1.3645666457786247,1.3645666457786247,28.323958227345457,28.323958227345457,28.323958227345457,0.003,0.003,0.0,0.16596966485591952,0.0,330.1670298954902,0.0,0.0,9.23654941305,329.304600437,0.0,0.0,0.0,0.0,0.1088698766,3.5143738882e-05,0.0,0.597545173182,0.0,0.594136071079,0.0637382384173,0.0,0.0,0.0,0.0,0.14779337213156316,0.14779337213156316,0.14779337213156316,0.3195317771832393,0.3195317771832393,0.3195317771832393
