Name,FitNum,N,DF,K,ChiSq,RedChiSq,Rsq,AdjRsq,AIC,BIC,RSS,TSS,SDR
ac1p,1,196,189,7,71.67325789797748,0.3792235867617856,0.9862321730459708,0.9857195411912995,-182.57965817193747,-160.22860023817492,71.67325789797748,5205.8511584503685,0.6158113239960642
