Name,FitNum,RedChiSq,lf,AlignMag,Temp,pA,pB,pC,dwB,dwC,kexAB,kexAC,kexBC,k12,k21,k13,k31,k23,k32,tau1,tau2,tau3,dG12,dG13,ddG12,ddG21,ddG13,ddG31,ddG23,ddG32,R1,R1b,R1c,R2,R2b,R2c,pA_err,pB_err,pC_err,dwB_err,dwC_err,kexAB_err,kexAC_err,kexBC_err,k12_err,k21_err,k13_err,k31_err,k23_err,k32_err,tau1_err,tau2_err,tau3_err,dG12_err,dG13_err,ddG12_err,ddG21_err,ddG13_err,ddG31_err,ddG23_err,ddG32_err,R1_err,R1b_err,R1c_err,R2_err,R2b_err,R2c_err
T8_N3_Off,1,0.8792410302995888,176.04,auto,298.15,0.92,0.08,0.0,-1.235191371406022,0.0,10.744760420129795,0.0,0.0,0.85958083361,9.88517958652,0.0,0.0,0.0,0.0,1.16335772146,0.101161540997,0.0,1.44705336996,0.0,17.542812561,16.095759191,0.0,0.0,0.0,0.0,1.3172135310507296,1.3172135310507296,1.3172135310507296,8.155939485564435,8.155939485564435,8.155939485564435,0.08,0.08,0.0,0.008830868324613132,0.0,1.714158340851259,0.0,0.0,0.805556676034,1.76553849151,0.0,0.0,0.0,0.0,1.09024136241,0.0180679160077,0.0,0.565241259508,0.0,0.555247425556,0.105820498318,0.0,0.0,0.0,0.0,0.06760473718788795,0.06760473718788795,0.06760473718788795,0.07917132643998251,0.07917132643998251,0.07917132643998251
