Name,FitNum,RedChiSq,lf,AlignMag,Temp,pA,pB,pC,dwB,dwC,kexAB,kexAC,kexBC,k12,k21,k13,k31,k23,k32,tau1,tau2,tau3,dG12,dG13,ddG12,ddG21,ddG13,ddG31,ddG23,ddG32,R1,R1b,R1c,R2,R2b,R2c,pA_err,pB_err,pC_err,dwB_err,dwC_err,kexAB_err,kexAC_err,kexBC_err,k12_err,k21_err,k13_err,k31_err,k23_err,k32_err,tau1_err,tau2_err,tau3_err,dG12_err,dG13_err,ddG12_err,ddG21_err,ddG13_err,ddG31_err,ddG23_err,ddG32_err,R1_err,R1b_err,R1c_err,R2_err,R2b_err,R2c_err
A16_C8_Off,1,0.12774687416937608,170.4,auto,298.15,0.9955,0.0045,0.0,2.376509617573881,0.0,3797.957097079903,0.0,0.0,17.0908069369,3780.86629014,0.0,0.0,0.0,0.0,0.0585109880238,0.00026448964953,0.0,3.1989245348,0.0,15.7713713684,12.5724468336,0.0,0.0,0.0,0.0,1.7827733344236387,1.7827733344236387,1.7827733344236387,23.009401090618002,23.009401090618002,23.009401090618002,0.0045,0.0045,0.0,0.07618173782974441,0.0,267.3622837390652,0.0,0.0,17.056558063,266.70240648,0.0,0.0,0.0,0.0,0.0583937357807,1.86571067595e-05,0.0,0.592772638426,0.0,0.591297447701,0.0417938896026,0.0,0.0,0.0,0.0,0.055482828145715646,0.055482828145715646,0.055482828145715646,0.17672139361655884,0.17672139361655884,0.17672139361655884
