Name,FitNum,N,DF,K,ChiSq,RedChiSq,Rsq,AdjRsq,AIC,BIC,RSS,TSS,SDR
A16_C8_Off,1,93,89,4,11.369471801074472,0.12774687416937608,0.9979358820972518,0.9978420585562178,-187.00054524775982,-177.32469272969226,11.36947180107448,5508.15037548826,0.3574169472330267
