Name,FitNum,N,DF,K,ChiSq,RedChiSq,Rsq,AdjRsq,AIC,BIC,RSS,TSS,SDR
A21_C1p_Off,1,117,113,4,24.33127352417173,0.2153210046386879,0.9882184478451689,0.9877976781253536,-175.38099510712513,-164.68944222507696,24.331273524171745,2065.201019731054,0.464026943871461
