Name,FitNum,RedChiSq,lf,AlignMag,Temp,pA,pB,pC,dwB,dwC,kexAB,kexAC,kexBC,k12,k21,k13,k31,k23,k32,tau1,tau2,tau3,dG12,dG13,ddG12,ddG21,ddG13,ddG31,ddG23,ddG32,R1,R1b,R1c,R2,R2b,R2c,pA_err,pB_err,pC_err,dwB_err,dwC_err,kexAB_err,kexAC_err,kexBC_err,k12_err,k21_err,k13_err,k31_err,k23_err,k32_err,tau1_err,tau2_err,tau3_err,dG12_err,dG13_err,ddG12_err,ddG21_err,ddG13_err,ddG31_err,ddG23_err,ddG32_err,R1_err,R1b_err,R1c_err,R2_err,R2b_err,R2c_err
A21_C1p_Off,1,0.2153210046386879,150.88,avg,298.15,0.9975,0.0025,0.0,2.6023790952375196,0.0,1440.794659148748,0.0,0.0,3.60198664787,1437.1926725,0.0,0.0,0.0,0.0,0.277624571593,0.000695800931311,0.0,3.54836830122,0.0,16.6939028116,13.1455345104,0.0,0.0,0.0,0.0,2.2201187898743826,2.2201187898743826,2.2201187898743826,13.334823434797885,13.334823434797885,13.334823434797885,0.0025,0.0025,0.0,0.10037961597696385,0.0,173.94436174223293,0.0,0.0,3.61921296104,173.546698267,0.0,0.0,0.0,0.0,0.278952296619,8.40207138478e-05,0.0,0.599601967476,0.0,0.595318276286,0.0715448762797,0.0,0.0,0.0,0.0,0.05745565790103708,0.05745565790103708,0.05745565790103708,0.11471309172666733,0.11471309172666733,0.11471309172666733
