Name,FitNum,N,DF,K,ChiSq,RedChiSq,Rsq,AdjRsq,AIC,BIC,RSS,TSS,SDR
A21_C1p_Off,1,117,113,4,33.57193352016627,0.2970967568156307,0.9837439875346671,0.9831634156609051,-137.71543001196534,-127.02387712991717,33.57193352016626,2065.201019731054,0.5450658279654217
