Name,FitNum,RedChiSq,lf,AlignMag,Temp,pA,pB,pC,dwB,dwC,kexAB,kexAC,kexBC,k12,k21,k13,k31,k23,k32,tau1,tau2,tau3,dG12,dG13,ddG12,ddG21,ddG13,ddG31,ddG23,ddG32,R1,R1b,R1c,R2,R2b,R2c,pA_err,pB_err,pC_err,dwB_err,dwC_err,kexAB_err,kexAC_err,kexBC_err,k12_err,k21_err,k13_err,k31_err,k23_err,k32_err,tau1_err,tau2_err,tau3_err,dG12_err,dG13_err,ddG12_err,ddG21_err,ddG13_err,ddG31_err,ddG23_err,ddG32_err,R1_err,R1b_err,R1c_err,R2_err,R2b_err,R2c_err
ra16_c8_10c,1,1.3184270577327413,150.784186,auto,298.15,0.99,0.01,0.0,1.5039716237280294,0.0,4242.355053862821,0.0,0.0,42.4235505386,4199.93150332,0.0,0.0,0.0,0.0,0.0235718129978,0.00023809912119,0.0,2.72253843054,0.0,15.2327061967,12.5101677662,0.0,0.0,0.0,0.0,1.9008667567713942,1.9008667567713942,1.9008667567713942,41.344609908563854,41.344609908563854,41.344609908563854,0.01,0.01,0.0,0.12020634113669498,0.0,538.8106556516187,0.0,0.0,42.3456506774,535.073582157,0.0,0.0,0.0,0.0,0.0235285294692,3.03339589188e-05,0.0,0.596194469541,0.0,0.591396804128,0.0754828826881,0.0,0.0,0.0,0.0,0.04874476174958427,0.04874476174958427,0.04874476174958427,0.29679585306065775,0.29679585306065775,0.29679585306065775
