Name,FitNum,N,DF,K,ChiSq,RedChiSq,Rsq,AdjRsq,AIC,BIC,RSS,TSS,SDR
T8_N3_Off,1,97,93,4,82.93650275762671,0.8917903522325453,0.8535126218795266,0.8471436054395061,-6.758879370370087,3.105181934947792,82.93650275762671,566.1682516388443,0.9443465212688325
