Name,FitNum,RedChiSq,lf,AlignMag,Temp,pA,pB,pC,dwB,dwC,kexAB,kexAC,kexBC,k12,k21,k13,k31,k23,k32,tau1,tau2,tau3,dG12,dG13,ddG12,ddG21,ddG13,ddG31,ddG23,ddG32,R1,R1b,R1c,R2,R2b,R2c,pA_err,pB_err,pC_err,dwB_err,dwC_err,kexAB_err,kexAC_err,kexBC_err,k12_err,k21_err,k13_err,k31_err,k23_err,k32_err,tau1_err,tau2_err,tau3_err,dG12_err,dG13_err,ddG12_err,ddG21_err,ddG13_err,ddG31_err,ddG23_err,ddG32_err,R1_err,R1b_err,R1c_err,R2_err,R2b_err,R2c_err
gc1p,1,0.20724830611429793,150.88,auto,298.15,0.9975,0.0025,0.0,3.5874840414879223,0.0,2931.753877416036,0.0,0.0,7.32938469354,2924.42449272,0.0,0.0,0.0,0.0,0.136437101041,0.000341947621656,0.0,3.54836830122,0.0,16.272998074,12.7246297728,0.0,0.0,0.0,0.0,2.4729674979503455,2.4729674979503455,2.4729674979503455,13.066309645420935,13.066309645420935,13.066309645420935,0.0025,0.0025,0.0,0.08588529479596047,0.0,145.28667714915113,0.0,0.0,7.32010098636,145.107757693,0.0,0.0,0.0,0.0,0.136264284065,1.69671854242e-05,0.0,0.592464127228,0.0,0.59173428277,0.029398650433,0.0,0.0,0.0,0.0,0.06163192611361689,0.06163192611361689,0.06163192611361689,0.12365779714599873,0.12365779714599873,0.12365779714599873
