Name,FitNum,N,DF,K,ChiSq,RedChiSq,Rsq,AdjRsq,AIC,BIC,RSS,TSS,SDR
G10_C8_Off,1,97,93,4,1352.950873212577,14.54785885174814,0.965581918265554,0.9640854799292737,264.06201953855896,273.92608084387683,1352.9508732125785,39309.30502319453,3.8141655511721244
