Name,FitNum,RedChiSq,lf,AlignMag,Temp,pA,pB,pC,dwB,dwC,kexAB,kexAC,kexBC,k12,k21,k13,k31,k23,k32,tau1,tau2,tau3,dG12,dG13,ddG12,ddG21,ddG13,ddG31,ddG23,ddG32,R1,R1b,R1c,R2,R2b,R2c,pA_err,pB_err,pC_err,dwB_err,dwC_err,kexAB_err,kexAC_err,kexBC_err,k12_err,k21_err,k13_err,k31_err,k23_err,k32_err,tau1_err,tau2_err,tau3_err,dG12_err,dG13_err,ddG12_err,ddG21_err,ddG13_err,ddG31_err,ddG23_err,ddG32_err,R1_err,R1b_err,R1c_err,R2_err,R2b_err,R2c_err
G10_C8_Off,1,14.54785885174814,176.04,auto,298.15,0.998,0.002,0.0,6.5322690773151955,0.0,4534.145769422239,0.0,0.0,9.06829153884,4525.07747788,0.0,0.0,0.0,0.0,0.110274354956,0.000220990691295,0.0,3.68087436261,0.0,16.146862625,12.4659882624,0.0,0.0,0.0,0.0,3.4149895101892196,3.4149895101892196,3.4149895101892196,52.22878840371532,52.22878840371532,52.22878840371532,0.002,0.002,0.0,3.7832126414294347,0.0,10048.96038985527,0.0,0.0,22.041598248,10028.8665526,0.0,0.0,0.0,0.0,0.268035386665,0.000489778608916,0.0,1.94889233817,0.0,1.44010707499,1.31311574445,0.0,0.0,0.0,0.0,2.078995950752174,2.078995950752174,2.078995950752174,7.132529206210145,7.132529206210145,7.132529206210145
