Name,FitNum,N,DF,K,ChiSq,RedChiSq,Rsq,AdjRsq,AIC,BIC,RSS,TSS,SDR
ra16_c8_10c,1,222,218,4,94.88476448935035,0.43525121325390065,0.9976834818757097,0.9976407810807918,-180.70315948923516,-167.09244996174604,94.88476448935033,40960.078617307096,0.6597357147024107
