Name,FitNum,RedChiSq,lf,AlignMag,Temp,pA,pB,pC,dwB,dwC,kexAB,kexAC,kexBC,k12,k21,k13,k31,k23,k32,tau1,tau2,tau3,dG12,dG13,ddG12,ddG21,ddG13,ddG31,ddG23,ddG32,R1,R1b,R1c,R2,R2b,R2c,pA_err,pB_err,pC_err,dwB_err,dwC_err,kexAB_err,kexAC_err,kexBC_err,k12_err,k21_err,k13_err,k31_err,k23_err,k32_err,tau1_err,tau2_err,tau3_err,dG12_err,dG13_err,ddG12_err,ddG21_err,ddG13_err,ddG31_err,ddG23_err,ddG32_err,R1_err,R1b_err,R1c_err,R2_err,R2b_err,R2c_err
ra16_c8_10c,1,0.43525121325390065,150.784186,auto,298.15,0.998,0.002,0.0,3.55506496588008,0.0,2648.673342632929,0.0,0.0,5.29734668527,2643.37599595,0.0,0.0,0.0,0.0,0.188773750221,0.00037830410866,0.0,3.68087436261,0.0,16.4653692803,12.7844949177,0.0,0.0,0.0,0.0,1.654542657182735,1.654542657182735,1.654542657182735,41.94900960685303,41.94900960685303,41.94900960685303,0.002,0.002,0.0,0.0953064454948049,0.0,207.86888767581436,0.0,0.0,5.30308370377,207.520503234,0.0,0.0,0.0,0.0,0.188978191909,2.96990890153e-05,0.0,0.594947430423,0.0,0.593126408987,0.046513524159,0.0,0.0,0.0,0.0,0.033632363085399755,0.033632363085399755,0.033632363085399755,0.1213971516529254,0.1213971516529254,0.1213971516529254
