Name,FitNum,RedChiSq,lf,AlignMag,Temp,pA,pB,pC,dwB,dwC,kexAB,kexAC,kexBC,k12,k21,k13,k31,k23,k32,tau1,tau2,tau3,dG12,dG13,ddG12,ddG21,ddG13,ddG31,ddG23,ddG32,R1,R1b,R1c,R2,R2b,R2c,pA_err,pB_err,pC_err,dwB_err,dwC_err,kexAB_err,kexAC_err,kexBC_err,k12_err,k21_err,k13_err,k31_err,k23_err,k32_err,tau1_err,tau2_err,tau3_err,dG12_err,dG13_err,ddG12_err,ddG21_err,ddG13_err,ddG31_err,ddG23_err,ddG32_err,R1_err,R1b_err,R1c_err,R2_err,R2b_err,R2c_err
c15_c6,1,0.43220688996482104,176.002098,auto,298.15,0.996,0.004,0.0,2.998584298539241,0.0,5020.179438927893,0.0,0.0,20.0807177557,5000.09872117,0.0,0.0,0.0,0.0,0.0497990167565,0.000199996051231,0.0,3.26900669389,0.0,15.6758513765,12.4068446826,0.0,0.0,0.0,0.0,1.8305675029756638,1.8305675029756638,1.8305675029756638,29.902481289868135,29.902481289868135,29.902481289868135,0.004,0.004,0.0,0.19692804290263277,0.0,569.0633939749814,0.0,0.0,20.1296690894,567.139916395,0.0,0.0,0.0,0.0,0.0499204132283,2.26847008629e-05,0.0,0.597718982011,0.0,0.593929065725,0.0672030233184,0.0,0.0,0.0,0.0,0.05623590419590674,0.05623590419590674,0.05623590419590674,0.3669300533758742,0.3669300533758742,0.3669300533758742
