Name,FitNum,N,DF,K,ChiSq,RedChiSq,Rsq,AdjRsq,AIC,BIC,RSS,TSS,SDR
A16_C8_Off,1,120,116,4,49.304130928025586,0.42503561144849644,0.9960551032673728,0.995917889467977,-98.39023874506796,-87.5880978608963,49.3041309280256,12498.20572494175,0.6519475526823432
