Name,FitNum,RedChiSq,lf,AlignMag,Temp,pA,pB,pC,dwB,dwC,kexAB,kexAC,kexBC,k12,k21,k13,k31,k23,k32,tau1,tau2,tau3,dG12,dG13,ddG12,ddG21,ddG13,ddG31,ddG23,ddG32,R1,R1b,R1c,R2,R2b,R2c,pA_err,pB_err,pC_err,dwB_err,dwC_err,kexAB_err,kexAC_err,kexBC_err,k12_err,k21_err,k13_err,k31_err,k23_err,k32_err,tau1_err,tau2_err,tau3_err,dG12_err,dG13_err,ddG12_err,ddG21_err,ddG13_err,ddG31_err,ddG23_err,ddG32_err,R1_err,R1b_err,R1c_err,R2_err,R2b_err,R2c_err
A16_C8_Off,1,0.42503561144849644,150.7,auto,298.15,0.9925,0.0075,0.0,2.0669533148965296,0.0,1957.1451963292973,0.0,0.0,14.6785889725,1942.46660736,0.0,0.0,0.0,0.0,0.0681264392562,0.000514809364657,0.0,2.89447995867,0.0,15.8615184049,12.9670384462,0.0,0.0,0.0,0.0,2.9395115006119257,2.9395115006119257,2.9395115006119257,28.138532042556974,28.138532042556974,28.138532042556974,0.0075,0.0075,0.0,0.07034234803958486,0.0,179.0690565316335,0.0,0.0,14.6306867957,178.322175004,0.0,0.0,0.0,0.0,0.0679041151116,4.72604910016e-05,0.0,0.593050726277,0.0,0.590551231357,0.0543912408477,0.0,0.0,0.0,0.0,0.07493909811265101,0.07493909811265101,0.07493909811265101,0.2672165680628443,0.2672165680628443,0.2672165680628443
