Name,FitNum,RedChiSq,lf,AlignMag,Temp,pA,pB,pC,dwB,dwC,kexAB,kexAC,kexBC,k12,k21,k13,k31,k23,k32,tau1,tau2,tau3,dG12,dG13,ddG12,ddG21,ddG13,ddG31,ddG23,ddG32,R1,R1b,R1c,R2,R2b,R2c,pA_err,pB_err,pC_err,dwB_err,dwC_err,kexAB_err,kexAC_err,kexBC_err,k12_err,k21_err,k13_err,k31_err,k23_err,k32_err,tau1_err,tau2_err,tau3_err,dG12_err,dG13_err,ddG12_err,ddG21_err,ddG13_err,ddG31_err,ddG23_err,ddG32_err,R1_err,R1b_err,R1c_err,R2_err,R2b_err,R2c_err
A16_C8_Off,1,0.24159934144713763,150.7,auto,298.15,0.9955,0.0045,0.0,2.875321853760318,0.0,1527.7641075803413,0.0,0.0,6.87493848411,1520.8891691,0.0,0.0,0.0,0.0,0.145455846959,0.000657510106798,0.0,3.1989245348,0.0,16.3109223551,13.1119978203,0.0,0.0,0.0,0.0,2.6638195978883914,2.6638195978883914,2.6638195978883914,28.84955084188485,28.84955084188485,28.84955084188485,0.0045,0.0045,0.0,0.07627521333194964,0.0,119.53043786678299,0.0,0.0,6.86517536297,119.189212931,0.0,0.0,0.0,0.0,0.145249284667,5.1527825772e-05,0.0,0.593462540698,0.0,0.591643359492,0.0464319112328,0.0,0.0,0.0,0.0,0.06575562008734902,0.06575562008734902,0.06575562008734902,0.19273622556294095,0.19273622556294095,0.19273622556294095
