Name,FitNum,RedChiSq,lf,AlignMag,Temp,pA,pB,pC,dwB,dwC,kexAB,kexAC,kexBC,k12,k21,k13,k31,k23,k32,tau1,tau2,tau3,dG12,dG13,ddG12,ddG21,ddG13,ddG31,ddG23,ddG32,R1,R1b,R1c,R2,R2b,R2c,pA_err,pB_err,pC_err,dwB_err,dwC_err,kexAB_err,kexAC_err,kexBC_err,k12_err,k21_err,k13_err,k31_err,k23_err,k32_err,tau1_err,tau2_err,tau3_err,dG12_err,dG13_err,ddG12_err,ddG21_err,ddG13_err,ddG31_err,ddG23_err,ddG32_err,R1_err,R1b_err,R1c_err,R2_err,R2b_err,R2c_err
ac1p,1,0.11045393319930182,176.04,auto,298.15,0.995,0.005,0.0,3.306974701256662,0.0,2901.086842752974,0.0,0.0,14.5054342138,2886.58140854,0.0,0.0,0.0,0.0,0.0689396804855,0.000346430555203,0.0,3.13620237989,0.0,15.868549153,12.7323467731,0.0,0.0,0.0,0.0,1.4049861341988785,1.4049861341988785,1.4049861341988785,18.18233891387359,18.18233891387359,18.18233891387359,0.005,0.005,0.0,0.04367448447780717,0.0,111.50586797356874,0.0,0.0,14.4438535322,111.88318869,0.0,0.0,0.0,0.0,0.0686470072396,1.34275635051e-05,0.0,0.590416220991,0.0,0.589969442275,0.0229645638125,0.0,0.0,0.0,0.0,0.06798998367220838,0.06798998367220838,0.06798998367220838,0.1496695090173666,0.1496695090173666,0.1496695090173666
