Name,FitNum,N,DF,K,ChiSq,RedChiSq,Rsq,AdjRsq,AIC,BIC,RSS,TSS,SDR
A21_C1p_Off,1,117,113,4,25.632679767493215,0.22683787404861253,0.9875882882476829,0.9871450128279573,-169.2846408904001,-158.59308800835194,25.632679767493222,2065.201019731054,0.47627499834508696
