Name,FitNum,N,DF,K,ChiSq,RedChiSq,Rsq,AdjRsq,AIC,BIC,RSS,TSS,SDR
gc1p,1,196,189,7,51.483200108151,0.2723978841701111,0.9918307280439416,0.9915265530243011,-247.42864210837917,-225.07758417461662,51.483200108151024,6302.054869157659,0.5219175070546218
