Name,FitNum,RedChiSq,lf,AlignMag,Temp,pA,pB,pC,dwB,dwC,kexAB,kexAC,kexBC,k12,k21,k13,k31,k23,k32,tau1,tau2,tau3,dG12,dG13,ddG12,ddG21,ddG13,ddG31,ddG23,ddG32,R1,R1b,R1c,R2,R2b,R2c,pA_err,pB_err,pC_err,dwB_err,dwC_err,kexAB_err,kexAC_err,kexBC_err,k12_err,k21_err,k13_err,k31_err,k23_err,k32_err,tau1_err,tau2_err,tau3_err,dG12_err,dG13_err,ddG12_err,ddG21_err,ddG13_err,ddG31_err,ddG23_err,ddG32_err,R1_err,R1b_err,R1c_err,R2_err,R2b_err,R2c_err
gc8,1,0.2723978841701111,176.04,auto,298.15,0.996,0.004,0.0,3.4081829898313054,0.0,2565.9977739234,0.0,0.0,10.2639910957,2555.73378283,0.0,0.0,0.0,0.0,0.097427987873,0.000391277059731,0.0,3.26900669389,0.0,16.0734787216,12.8044720277,0.0,0.0,0.0,0.0,1.2343551691645804,1.2343551691645804,1.2343551691645804,29.23512128216629,29.23512128216629,29.23512128216629,0.004,0.004,0.0,0.12724561636193482,0.0,207.83228290400478,0.0,0.0,10.2567634474,207.253238698,0.0,0.0,0.0,0.0,0.0973593814974,3.17300019284e-05,0.0,0.594013842557,0.0,0.59206753581,0.048046625166,0.0,0.0,0.0,0.0,0.1513602138257715,0.1513602138257715,0.1513602138257715,0.29080135238440585,0.29080135238440585,0.29080135238440585
