Name,FitNum,N,DF,K,ChiSq,RedChiSq,Rsq,AdjRsq,AIC,BIC,RSS,TSS,SDR
A21_C1p_Off,1,102,98,4,46.62392857239855,0.4757543731877403,0.9850333941253628,0.9844162145016665,-71.43923822298778,-61.35171810387132,46.62392857239856,3115.197190527273,0.6897495003171372
