Name,FitNum,RedChiSq,lf,AlignMag,Temp,pA,pB,pC,dwB,dwC,kexAB,kexAC,kexBC,k12,k21,k13,k31,k23,k32,tau1,tau2,tau3,dG12,dG13,ddG12,ddG21,ddG13,ddG31,ddG23,ddG32,R1,R1b,R1c,R2,R2b,R2c,pA_err,pB_err,pC_err,dwB_err,dwC_err,kexAB_err,kexAC_err,kexBC_err,k12_err,k21_err,k13_err,k31_err,k23_err,k32_err,tau1_err,tau2_err,tau3_err,dG12_err,dG13_err,ddG12_err,ddG21_err,ddG13_err,ddG31_err,ddG23_err,ddG32_err,R1_err,R1b_err,R1c_err,R2_err,R2b_err,R2c_err
A21_C1p_Off,1,0.4757543731877403,150.88,auto,298.15,0.95,0.05,0.0,0.8184161886352557,0.0,4579.4024989153195,0.0,0.0,228.970124946,4350.43237397,0.0,0.0,0.0,0.0,0.00436738199028,0.000229862210015,0.0,1.7445351892,0.0,14.233843333,12.4893081438,0.0,0.0,0.0,0.0,2.170122049006683,2.170122049006683,2.170122049006683,13.736774146209816,13.736774146209816,13.736774146209816,0.05,0.05,0.0,0.08013784198107701,0.0,652.6272372140438,0.0,0.0,220.253328405,657.14656535,0.0,0.0,0.0,0.0,0.00420111759122,3.47214136045e-05,0.0,0.576913200613,0.0,0.569929103213,0.0894966946475,0.0,0.0,0.0,0.0,0.08413999354885167,0.08413999354885167,0.08413999354885167,0.5170055830441446,0.5170055830441446,0.5170055830441446
