Name,FitNum,RedChiSq,lf,AlignMag,Temp,pA,pB,pC,dwB,dwC,kexAB,kexAC,kexBC,k12,k21,k13,k31,k23,k32,tau1,tau2,tau3,dG12,dG13,ddG12,ddG21,ddG13,ddG31,ddG23,ddG32,R1,R1b,R1c,R2,R2b,R2c,pA_err,pB_err,pC_err,dwB_err,dwC_err,kexAB_err,kexAC_err,kexBC_err,k12_err,k21_err,k13_err,k31_err,k23_err,k32_err,tau1_err,tau2_err,tau3_err,dG12_err,dG13_err,ddG12_err,ddG21_err,ddG13_err,ddG31_err,ddG23_err,ddG32_err,R1_err,R1b_err,R1c_err,R2_err,R2b_err,R2c_err
G_C8_Off,1,0.26588698792758475,150.88,auto,298.15,0.996,0.004,0.0,4.27,0.0,119.40434945221949,0.0,0.0,0.477617397809,118.926732054,0.0,0.0,0.0,0.0,2.0937260757,0.00840853845662,0.0,3.26900669389,0.0,17.8909772645,14.6219705706,0.0,0.0,0.0,0.0,2.3425389739728635,2.3425389739728635,2.3425389739728635,20.88223609172955,20.88223609172955,20.88223609172955,0.004,0.004,0.0,4.27,0.0,14.194408248603567,0.0,0.0,0.47908708087,14.1456318401,0.0,0.0,0.0,0.0,2.10016870899,0.00100014594924,0.0,0.598471596556,0.0,0.59430789186,0.0704725588934,0.0,0.0,0.0,0.0,0.05248112477538429,0.05248112477538429,0.05248112477538429,0.06955212964780343,0.06955212964780343,0.06955212964780343
