Name,FitNum,N,DF,K,ChiSq,RedChiSq,Rsq,AdjRsq,AIC,BIC,RSS,TSS,SDR
g10c8,1,180,173,7,323.0308275879444,1.8672302172713549,0.9670247748271342,0.9656827598491687,119.91352645154778,141.6130616170816,323.0308275879444,9796.167452823202,1.3664663249679279
