Name,FitNum,N,DF,K,ChiSq,RedChiSq,Rsq,AdjRsq,AIC,BIC,RSS,TSS,SDR
G7C8_pH5.3HS_25C,1,280,270,10,516.8164993952261,1.9141351829452817,0.9502391433565053,0.9483892973846281,192.42936082805457,227.95941299357605,516.816499395226,10386.004869206554,1.3835227439204898
