Name,FitNum,RedChiSq,lf,AlignMag,Temp,pA,pB,pC,dwB,dwC,kexAB,kexAC,kexBC,k12,k21,k13,k31,k23,k32,tau1,tau2,tau3,dG12,dG13,ddG12,ddG21,ddG13,ddG31,ddG23,ddG32,R1,R1b,R1c,R2,R2b,R2c,pA_err,pB_err,pC_err,dwB_err,dwC_err,kexAB_err,kexAC_err,kexBC_err,k12_err,k21_err,k13_err,k31_err,k23_err,k32_err,tau1_err,tau2_err,tau3_err,dG12_err,dG13_err,ddG12_err,ddG21_err,ddG13_err,ddG31_err,ddG23_err,ddG32_err,R1_err,R1b_err,R1c_err,R2_err,R2b_err,R2c_err
G7C8_pH5.3HS_25C,1,1.9141351829452817,176.090091,auto,298.15,0.95,0.05,0.0,3.7014297230897206,0.0,10.000000218649012,0.0,0.0,0.500000010932,9.50000020772,0.0,0.0,0.0,0.0,1.99999995627,0.105263155593,0.0,1.7445351892,0.0,17.8638425702,16.119307381,0.0,0.0,0.0,0.0,1.3313022207378284,1.3313022207378284,1.3313022207378284,30.108120197630686,30.108120197630686,30.108120197630686,0.05,0.05,0.0,0.0068745645506860615,0.0,1.294826349214174,0.0,0.0,0.480043173142,1.31884767704,0.0,0.0,0.0,0.0,1.9201726086,0.0146132700207,0.0,0.574752481784,0.0,0.568836505357,0.0822523281764,0.0,0.0,0.0,0.0,0.09369159173646212,0.09369159173646212,0.09369159173646212,0.11387587882441177,0.11387587882441177,0.11387587882441177
