Name,FitNum,RedChiSq,lf,AlignMag,Temp,pA,pB,pC,dwB,dwC,kexAB,kexAC,kexBC,k12,k21,k13,k31,k23,k32,tau1,tau2,tau3,dG12,dG13,ddG12,ddG21,ddG13,ddG31,ddG23,ddG32,R1,R1b,R1c,R2,R2b,R2c,pA_err,pB_err,pC_err,dwB_err,dwC_err,kexAB_err,kexAC_err,kexBC_err,k12_err,k21_err,k13_err,k31_err,k23_err,k32_err,tau1_err,tau2_err,tau3_err,dG12_err,dG13_err,ddG12_err,ddG21_err,ddG13_err,ddG31_err,ddG23_err,ddG32_err,R1_err,R1b_err,R1c_err,R2_err,R2b_err,R2c_err
A21_C1p_Off,1,0.20794628167926987,150.7,avg,298.15,0.9985,0.0015,0.0,3.2113847772925888,0.0,1390.3000855738653,0.0,0.0,2.08545012836,1388.21463545,0.0,0.0,0.0,0.0,0.479512785466,0.000720349702753,0.0,3.85161836479,0.0,17.0176962122,13.1660778474,0.0,0.0,0.0,0.0,1.6833161230893519,1.6833161230893519,1.6833161230893519,14.42344226326648,14.42344226326648,14.42344226326648,0.0015,0.0015,0.0,0.21038585513033767,0.0,280.44920537257997,0.0,0.0,2.12439190238,280.036273659,0.0,0.0,0.0,0.0,0.488466765366,0.000145311856927,0.0,0.615268363321,0.0,0.603548263139,0.11951842103,0.0,0.0,0.0,0.0,0.07059757417251891,0.07059757417251891,0.07059757417251891,0.12587204817402806,0.12587204817402806,0.12587204817402806
