Name,FitNum,N,DF,K,ChiSq,RedChiSq,Rsq,AdjRsq,AIC,BIC,RSS,TSS,SDR
ac8,1,195,188,7,26.385819265561246,0.1403501024763896,0.9990109669893174,0.9989739443632489,-375.4347736618133,-353.12270723315055,26.385819265561242,26678.40100437922,0.3746332906675401
