Name,FitNum,N,DF,K,ChiSq,RedChiSq,Rsq,AdjRsq,AIC,BIC,RSS,TSS,SDR
ra16_c8_15c,1,100,96,4,52.33168964100136,0.5451217670937641,0.9962449487790149,0.9960868413591839,-56.33575516190815,-46.33612704953473,52.33168964100134,13936.34508859575,0.7383236194879342
