Name,FitNum,RedChiSq,lf,AlignMag,Temp,pA,pB,pC,dwB,dwC,kexAB,kexAC,kexBC,k12,k21,k13,k31,k23,k32,tau1,tau2,tau3,dG12,dG13,ddG12,ddG21,ddG13,ddG31,ddG23,ddG32,R1,R1b,R1c,R2,R2b,R2c,pA_err,pB_err,pC_err,dwB_err,dwC_err,kexAB_err,kexAC_err,kexBC_err,k12_err,k21_err,k13_err,k31_err,k23_err,k32_err,tau1_err,tau2_err,tau3_err,dG12_err,dG13_err,ddG12_err,ddG21_err,ddG13_err,ddG31_err,ddG23_err,ddG32_err,R1_err,R1b_err,R1c_err,R2_err,R2b_err,R2c_err
ra16_c8_15c,1,0.5451217670937641,150.784186,auto,298.15,0.9965,0.0035,0.0,2.691810119187804,0.0,5053.091732097146,0.0,0.0,17.6858210623,5035.40591103,0.0,0.0,0.0,0.0,0.0565424696131,0.000198593721672,0.0,3.34841936499,0.0,15.7510950379,12.402675673,0.0,0.0,0.0,0.0,1.841601138780724,1.841601138780724,1.841601138780724,33.61116277999655,33.61116277999655,33.61116277999655,0.0035,0.0035,0.0,0.16147309513929337,0.0,492.2471855589847,0.0,0.0,17.7080398808,490.840824836,0.0,0.0,0.0,0.0,0.0566135043058,1.93585001636e-05,0.0,0.596033807373,0.0,0.593229091551,0.0577541727494,0.0,0.0,0.0,0.0,0.04113699853431387,0.04113699853431387,0.04113699853431387,0.19177662196973577,0.19177662196973577,0.19177662196973577
