Name,FitNum,RedChiSq,lf,AlignMag,Temp,pA,pB,pC,dwB,dwC,kexAB,kexAC,kexBC,k12,k21,k13,k31,k23,k32,tau1,tau2,tau3,dG12,dG13,ddG12,ddG21,ddG13,ddG31,ddG23,ddG32,R1,R1b,R1c,R2,R2b,R2c,pA_err,pB_err,pC_err,dwB_err,dwC_err,kexAB_err,kexAC_err,kexBC_err,k12_err,k21_err,k13_err,k31_err,k23_err,k32_err,tau1_err,tau2_err,tau3_err,dG12_err,dG13_err,ddG12_err,ddG21_err,ddG13_err,ddG31_err,ddG23_err,ddG32_err,R1_err,R1b_err,R1c_err,R2_err,R2b_err,R2c_err
A21_C1p_Off,1,0.5191158217868249,150.88,auto,298.15,0.92,0.08,0.0,0.6560595963429403,0.0,4660.900803981733,0.0,0.0,372.872064319,4288.02873966,0.0,0.0,0.0,0.0,0.00268188501015,0.000233207392187,0.0,1.44705336996,0.0,13.9449217988,12.4978684288,0.0,0.0,0.0,0.0,2.170544287475083,2.170544287475083,2.170544287475083,13.762372083536773,13.762372083536773,13.762372083536773,0.08,0.08,0.0,0.06954805560035165,0.0,710.5501487273644,0.0,0.0,348.997242968,738.850152087,0.0,0.0,0.0,0.0,0.00251016518551,4.01828736807e-05,0.0,0.563866789695,0.0,0.554548231556,0.102088272585,0.0,0.0,0.0,0.0,0.08792659699834053,0.08792659699834053,0.08792659699834053,0.554230359783785,0.554230359783785,0.554230359783785
