Name,FitNum,RedChiSq,lf,AlignMag,Temp,pA,pB,pC,dwB,dwC,kexAB,kexAC,kexBC,k12,k21,k13,k31,k23,k32,tau1,tau2,tau3,dG12,dG13,ddG12,ddG21,ddG13,ddG31,ddG23,ddG32,R1,R1b,R1c,R2,R2b,R2c,pA_err,pB_err,pC_err,dwB_err,dwC_err,kexAB_err,kexAC_err,kexBC_err,k12_err,k21_err,k13_err,k31_err,k23_err,k32_err,tau1_err,tau2_err,tau3_err,dG12_err,dG13_err,ddG12_err,ddG21_err,ddG13_err,ddG31_err,ddG23_err,ddG32_err,R1_err,R1b_err,R1c_err,R2_err,R2b_err,R2c_err
G_C8_Off_clean,1,0.2728737222575303,150.88,avg,298.15,0.996,0.004,0.0,4.27,0.0,19476.924311435076,0.0,0.0,77.9076972457,19399.0166142,0.0,0.0,0.0,0.0,0.012835702188,5.15490047711e-05,0.0,3.26900669389,0.0,14.8725814578,11.6035747639,0.0,0.0,0.0,0.0,2.717001447683053,2.717001447683053,2.717001447683053,14.006092113083964,14.006092113083964,14.006092113083964,0.004,0.004,0.0,4.27,0.0,932.228032815083,0.0,0.0,77.6862370629,931.735941001,0.0,0.0,0.0,0.0,0.0127992154601,2.47590181623e-06,0.0,0.591485502259,0.0,0.590800553551,0.0284570783158,0.0,0.0,0.0,0.0,0.03965056203867586,0.03965056203867586,0.03965056203867586,0.1280790867657572,0.1280790867657572,0.1280790867657572
