Name,FitNum,N,DF,K,ChiSq,RedChiSq,Rsq,AdjRsq,AIC,BIC,RSS,TSS,SDR
G_C1p_Off_clean,1,253,248,5,67.67268311986751,0.2728737222575303,0.9382993510484123,0.9370503500574895,-323.63284296883666,-305.9658955251991,67.67268311986751,1096.790459577916,0.5223731637991469
