Name,FitNum,N,DF,K,ChiSq,RedChiSq,Rsq,AdjRsq,AIC,BIC,RSS,TSS,SDR
ac1p,1,219,212,7,18.07888875814412,0.08527777716105718,0.9988704165757155,0.9988329422441041,-531.7267721049097,-508.5340756833981,18.078888758144124,16004.916829933014,0.2920235900763108
