Name,FitNum,RedChiSq,lf,AlignMag,Temp,pA,pB,pC,dwB,dwC,kexAB,kexAC,kexBC,k12,k21,k13,k31,k23,k32,tau1,tau2,tau3,dG12,dG13,ddG12,ddG21,ddG13,ddG31,ddG23,ddG32,R1,R1b,R1c,R2,R2b,R2c,pA_err,pB_err,pC_err,dwB_err,dwC_err,kexAB_err,kexAC_err,kexBC_err,k12_err,k21_err,k13_err,k31_err,k23_err,k32_err,tau1_err,tau2_err,tau3_err,dG12_err,dG13_err,ddG12_err,ddG21_err,ddG13_err,ddG31_err,ddG23_err,ddG32_err,R1_err,R1b_err,R1c_err,R2_err,R2b_err,R2c_err
ac1p,1,0.08527777716105718,150.7,auto,298.15,0.976,0.024,0.0,3.042395544396117,0.0,2377.3920560188612,0.0,0.0,57.0574093445,2320.33464667,0.0,0.0,0.0,0.0,0.0175262075774,0.000430972317477,0.0,2.19539817638,0.0,15.0571207954,12.861722619,0.0,0.0,0.0,0.0,1.2565814611770514,1.2565814611770514,1.2565814611770514,18.120004118192156,18.120004118192156,18.120004118192156,0.024,0.024,0.0,0.014943326321299091,0.0,37.2669044475476,0.0,0.0,55.712045482,66.5281197304,0.0,0.0,0.0,0.0,0.017112954915,1.2356742584e-05,0.0,0.57876383558,0.0,0.578514476156,0.0169875911517,0.0,0.0,0.0,0.0,0.10995696330799863,0.10995696330799863,0.10995696330799863,0.19821929815913708,0.19821929815913708,0.19821929815913708
