Name,FitNum,RedChiSq,lf,AlignMag,Temp,pA,pB,pC,dwB,dwC,kexAB,kexAC,kexBC,k12,k21,k13,k31,k23,k32,tau1,tau2,tau3,dG12,dG13,ddG12,ddG21,ddG13,ddG31,ddG23,ddG32,R1,R1b,R1c,R2,R2b,R2c,pA_err,pB_err,pC_err,dwB_err,dwC_err,kexAB_err,kexAC_err,kexBC_err,k12_err,k21_err,k13_err,k31_err,k23_err,k32_err,tau1_err,tau2_err,tau3_err,dG12_err,dG13_err,ddG12_err,ddG21_err,ddG13_err,ddG31_err,ddG23_err,ddG32_err,R1_err,R1b_err,R1c_err,R2_err,R2b_err,R2c_err
ac8,1,0.08527777716105718,150.7,auto,298.15,0.976,0.024,0.0,2.510773451054275,0.0,2377.3920560188612,0.0,0.0,57.0574093445,2320.33464667,0.0,0.0,0.0,0.0,0.0175262075774,0.000430972317477,0.0,2.19539817638,0.0,15.0571207954,12.861722619,0.0,0.0,0.0,0.0,2.4703892853638765,2.4703892853638765,2.4703892853638765,25.532436378687947,25.532436378687947,25.532436378687947,0.024,0.024,0.0,0.01891580392746877,0.0,37.2669044475476,0.0,0.0,55.712045482,66.5281197304,0.0,0.0,0.0,0.0,0.017112954915,1.2356742584e-05,0.0,0.57876383558,0.0,0.578514476156,0.0169875911517,0.0,0.0,0.0,0.0,0.11802642324010977,0.11802642324010977,0.11802642324010977,0.22442466449814427,0.22442466449814427,0.22442466449814427
