Name,FitNum,N,DF,K,ChiSq,RedChiSq,Rsq,AdjRsq,AIC,BIC,RSS,TSS,SDR
ac8,1,219,212,7,1931.9374650024279,9.11291257076617,0.8855334641912337,0.8817359961786205,491.3391203833899,514.5318168049016,1931.9374650024279,16877.749041257106,3.018760104871894
