Name,FitNum,N,DF,K,ChiSq,RedChiSq,Rsq,AdjRsq,AIC,BIC,RSS,TSS,SDR
ac1p,1,219,212,7,1931.9374650024279,9.11291257076617,0.8792910025380923,0.8752864386412518,491.3391203833899,514.5318168049016,1931.9374650024279,16004.916829933014,3.018760104871894
