Name,FitNum,N,DF,K,ChiSq,RedChiSq,Rsq,AdjRsq,AIC,BIC,RSS,TSS,SDR
A16_C8_Off,1,120,116,4,169.28918854453394,1.459389556418396,0.9864549206285911,0.9859837874330638,49.64182823525543,60.443969119427095,169.289188544534,12498.20572494175,1.2080519675984127
