Name,FitNum,RedChiSq,lf,AlignMag,Temp,pA,pB,pC,dwB,dwC,kexAB,kexAC,kexBC,k12,k21,k13,k31,k23,k32,tau1,tau2,tau3,dG12,dG13,ddG12,ddG21,ddG13,ddG31,ddG23,ddG32,R1,R1b,R1c,R2,R2b,R2c,pA_err,pB_err,pC_err,dwB_err,dwC_err,kexAB_err,kexAC_err,kexBC_err,k12_err,k21_err,k13_err,k31_err,k23_err,k32_err,tau1_err,tau2_err,tau3_err,dG12_err,dG13_err,ddG12_err,ddG21_err,ddG13_err,ddG31_err,ddG23_err,ddG32_err,R1_err,R1b_err,R1c_err,R2_err,R2b_err,R2c_err
A16_C8_Off,1,0.4759053950781073,150.7,auto,298.15,0.97,0.03,0.0,1.2727728040400026,0.0,4730.541822583846,0.0,0.0,141.916254678,4588.62556791,0.0,0.0,0.0,0.0,0.00704640918176,0.000217930180879,0.0,2.05953545938,0.0,14.5172610245,12.4577255652,0.0,0.0,0.0,0.0,3.2211721801469224,3.2211721801469224,3.2211721801469224,22.64207972137014,22.64207972137014,22.64207972137014,0.03,0.03,0.0,0.06401427537743345,0.0,397.00001394714025,0.0,0.0,138.238599722,408.977237585,0.0,0.0,0.0,0.0,0.00686380669057,1.94237865006e-05,0.0,0.579541831177,0.0,0.577130944091,0.0528072670842,0.0,0.0,0.0,0.0,0.08690869197177228,0.08690869197177228,0.08690869197177228,0.38639308285437685,0.38639308285437685,0.38639308285437685
