Name,FitNum,N,DF,K,ChiSq,RedChiSq,Rsq,AdjRsq,AIC,BIC,RSS,TSS,SDR
A16_C8_Off,1,111,107,4,29.112331797269647,0.2720778672642023,0.9945553471728289,0.9943498885755772,-140.18152767115615,-129.72076535647284,29.112331797269654,5346.958331665673,0.521610838905982
