Name,FitNum,RedChiSq,lf,AlignMag,Temp,pA,pB,pC,dwB,dwC,kexAB,kexAC,kexBC,k12,k21,k13,k31,k23,k32,tau1,tau2,tau3,dG12,dG13,ddG12,ddG21,ddG13,ddG31,ddG23,ddG32,R1,R1b,R1c,R2,R2b,R2c,pA_err,pB_err,pC_err,dwB_err,dwC_err,kexAB_err,kexAC_err,kexBC_err,k12_err,k21_err,k13_err,k31_err,k23_err,k32_err,tau1_err,tau2_err,tau3_err,dG12_err,dG13_err,ddG12_err,ddG21_err,ddG13_err,ddG31_err,ddG23_err,ddG32_err,R1_err,R1b_err,R1c_err,R2_err,R2b_err,R2c_err
A16_C8_Off,1,0.2720778672642023,150.7,auto,298.15,0.9955,0.0045,0.0,3.401779283771955,0.0,202.16244254008387,0.0,0.0,0.90973099143,201.252711549,0.0,0.0,0.0,0.0,1.0992260453,0.00496887715105,0.0,3.1989245348,0.0,17.5092162618,14.3102917269,0.0,0.0,0.0,0.0,1.9648622475578663,1.9648622475578663,1.9648622475578663,22.78239347013779,22.78239347013779,22.78239347013779,0.0045,0.0045,0.0,0.23409193189814795,0.0,21.54073052913335,0.0,0.0,0.910819171353,21.462913028,0.0,0.0,0.0,0.0,1.10054089082,0.000529913745355,0.0,0.596549245832,0.0,0.593193452911,0.0631864710693,0.0,0.0,0.0,0.0,0.0637934711229377,0.0637934711229377,0.0637934711229377,0.08730282071972091,0.08730282071972091,0.08730282071972091
