Name,FitNum,RedChiSq,lf,AlignMag,Temp,pA,pB,pC,dwB,dwC,kexAB,kexAC,kexBC,k12,k21,k13,k31,k23,k32,tau1,tau2,tau3,dG12,dG13,ddG12,ddG21,ddG13,ddG31,ddG23,ddG32,R1,R1b,R1c,R2,R2b,R2c,pA_err,pB_err,pC_err,dwB_err,dwC_err,kexAB_err,kexAC_err,kexBC_err,k12_err,k21_err,k13_err,k31_err,k23_err,k32_err,tau1_err,tau2_err,tau3_err,dG12_err,dG13_err,ddG12_err,ddG21_err,ddG13_err,ddG31_err,ddG23_err,ddG32_err,R1_err,R1b_err,R1c_err,R2_err,R2b_err,R2c_err
hpGBCm6A_m6AC2_55C,1,0.5886207901016794,150.7,auto,298.15,0.95,0.05,0.0,2.6192075036397684,0.0,101.56095628378168,0.0,0.0,5.07804781419,96.4829084696,0.0,0.0,0.0,0.0,0.196926070134,0.010364530007,0.0,1.7445351892,0.0,16.4904190441,14.7458838549,0.0,0.0,0.0,0.0,4.416948347761951,4.416948347761951,4.416948347761951,14.06414547038054,14.06414547038054,14.06414547038054,0.05,0.05,0.0,0.023227764859213913,0.0,1.1252222817061843,0.0,0.0,4.83115004982,4.94767859392,0.0,0.0,0.0,0.0,0.187351405176,0.000531496863697,0.0,0.564496020744,0.0,0.563677781082,0.0303828331445,0.0,0.0,0.0,0.0,0.03613415826360828,0.03613415826360828,0.03613415826360828,0.04292109805027407,0.04292109805027407,0.04292109805027407
