Name,FitNum,RedChiSq,lf,AlignMag,Temp,pA,pB,pC,dwB,dwC,kexAB,kexAC,kexBC,k12,k21,k13,k31,k23,k32,tau1,tau2,tau3,dG12,dG13,ddG12,ddG21,ddG13,ddG31,ddG23,ddG32,R1,R1b,R1c,R2,R2b,R2c,pA_err,pB_err,pC_err,dwB_err,dwC_err,kexAB_err,kexAC_err,kexBC_err,k12_err,k21_err,k13_err,k31_err,k23_err,k32_err,tau1_err,tau2_err,tau3_err,dG12_err,dG13_err,ddG12_err,ddG21_err,ddG13_err,ddG31_err,ddG23_err,ddG32_err,R1_err,R1b_err,R1c_err,R2_err,R2b_err,R2c_err
A21_C1p_Off,1,0.20120065688641697,150.7,avg,298.15,0.9975,0.0025,0.0,2.7184942989984804,0.0,866.9430725578967,0.0,0.0,2.16735768139,864.775714877,0.0,0.0,0.0,0.0,0.461391310066,0.00115636919816,0.0,3.54836830122,0.0,16.9948713022,13.446503001,0.0,0.0,0.0,0.0,1.6600059386387394,1.6600059386387394,1.6600059386387394,14.495277358358363,14.495277358358363,14.495277358358363,0.0025,0.0025,0.0,0.16140289194227062,0.0,133.66097336727387,0.0,0.0,2.18761712584,133.344348179,0.0,0.0,0.0,0.0,0.465704179922,0.000178306691932,0.0,0.604961057676,0.0,0.598023018814,0.0913583618132,0.0,0.0,0.0,0.0,0.06652282463354549,0.06652282463354549,0.06652282463354549,0.09902444544683278,0.09902444544683278,0.09902444544683278
