Name,FitNum,N,DF,K,ChiSq,RedChiSq,Rsq,AdjRsq,AIC,BIC,RSS,TSS,SDR
A16_C8_Off,1,93,89,4,25.66529633541285,0.28837411612823427,0.9953404873531366,0.9951286913237337,-111.2792113812306,-101.60335886316302,25.665296335412847,5508.15037548826,0.5370047635992015
