Name,FitNum,RedChiSq,lf,AlignMag,Temp,pA,pB,pC,dwB,dwC,kexAB,kexAC,kexBC,k12,k21,k13,k31,k23,k32,tau1,tau2,tau3,dG12,dG13,ddG12,ddG21,ddG13,ddG31,ddG23,ddG32,R1,R1b,R1c,R2,R2b,R2c,pA_err,pB_err,pC_err,dwB_err,dwC_err,kexAB_err,kexAC_err,kexBC_err,k12_err,k21_err,k13_err,k31_err,k23_err,k32_err,tau1_err,tau2_err,tau3_err,dG12_err,dG13_err,ddG12_err,ddG21_err,ddG13_err,ddG31_err,ddG23_err,ddG32_err,R1_err,R1b_err,R1c_err,R2_err,R2b_err,R2c_err
A16_C8_Off,1,0.28837411612823427,170.4,auto,298.15,0.92,0.08,0.0,0.6712797311306166,0.0,5831.605173853148,0.0,0.0,466.528413908,5365.07675994,0.0,0.0,0.0,0.0,0.00214349216508,0.000186390623051,0.0,1.44705336996,0.0,13.8121557085,12.3651023386,0.0,0.0,0.0,0.0,2.030114018566462,2.030114018566462,2.030114018566462,22.031314547455004,22.031314547455004,22.031314547455004,0.08,0.08,0.0,0.05089357752604991,0.0,644.891931958292,0.0,0.0,433.903827169,733.223321037,0.0,0.0,0.0,0.0,0.00199359658749,2.54732518766e-05,0.0,0.556969312132,0.0,0.551051966868,0.0809724920416,0.0,0.0,0.0,0.0,0.08030030796801876,0.08030030796801876,0.08030030796801876,0.4509277619657328,0.4509277619657328,0.4509277619657328
