Name,FitNum,RedChiSq,lf,AlignMag,Temp,pA,pB,pC,dwB,dwC,kexAB,kexAC,kexBC,k12,k21,k13,k31,k23,k32,tau1,tau2,tau3,dG12,dG13,ddG12,ddG21,ddG13,ddG31,ddG23,ddG32,R1,R1b,R1c,R2,R2b,R2c,pA_err,pB_err,pC_err,dwB_err,dwC_err,kexAB_err,kexAC_err,kexBC_err,k12_err,k21_err,k13_err,k31_err,k23_err,k32_err,tau1_err,tau2_err,tau3_err,dG12_err,dG13_err,ddG12_err,ddG21_err,ddG13_err,ddG31_err,ddG23_err,ddG32_err,R1_err,R1b_err,R1c_err,R2_err,R2b_err,R2c_err
A6RNAm6A_C2_37,1,3.1020052535053635,150.88,auto,298.15,0.9999,0.0001,0.0,5.452492872524337,0.0,3414.5942894521777,0.0,0.0,0.341459428945,3414.25283002,0.0,0.0,0.0,0.0,2.92860561235,0.00029288985022,0.0,5.45692695108,0.0,18.0898039599,12.6328770088,0.0,0.0,0.0,0.0,4.723612637554885,4.723612637554885,4.723612637554885,21.306636664344698,21.306636664344698,21.306636664344698,0.0001,0.0001,0.0,5.519392618256849,0.0,10011.790585630608,0.0,0.0,1.05779522231,10010.7894124,0.0,0.0,0.0,0.0,9.07242489789,0.000858770207584,0.0,2.52719127187,0.0,1.83543778131,1.73720001023,0.0,0.0,0.0,0.0,0.0915767538115366,0.0915767538115366,0.0915767538115366,0.31779294544650966,0.31779294544650966,0.31779294544650966
