Name,FitNum,N,DF,K,ChiSq,RedChiSq,Rsq,AdjRsq,AIC,BIC,RSS,TSS,SDR
A16_C8_Off,1,120,116,4,123.20574271908605,1.062118471716259,0.9901421255634149,0.9897992429743162,11.51149651223056,22.31363739640222,123.20574271908607,12498.20572494175,1.0305913213860571
