Name,FitNum,RedChiSq,lf,AlignMag,Temp,pA,pB,pC,dwB,dwC,kexAB,kexAC,kexBC,k12,k21,k13,k31,k23,k32,tau1,tau2,tau3,dG12,dG13,ddG12,ddG21,ddG13,ddG31,ddG23,ddG32,R1,R1b,R1c,R2,R2b,R2c,pA_err,pB_err,pC_err,dwB_err,dwC_err,kexAB_err,kexAC_err,kexBC_err,k12_err,k21_err,k13_err,k31_err,k23_err,k32_err,tau1_err,tau2_err,tau3_err,dG12_err,dG13_err,ddG12_err,ddG21_err,ddG13_err,ddG31_err,ddG23_err,ddG32_err,R1_err,R1b_err,R1c_err,R2_err,R2b_err,R2c_err
A16_C8_Off,1,1.062118471716259,150.7,auto,298.15,0.95,0.05,0.0,0.8067776576889982,0.0,3598.41660338509,0.0,0.0,179.920830169,3418.49577322,0.0,0.0,0.0,0.0,0.00555800014406,0.000292526323372,0.0,1.7445351892,0.0,14.3766763654,12.6321411762,0.0,0.0,0.0,0.0,3.344546970860432,3.344546970860432,3.344546970860432,27.834502828836914,27.834502828836914,27.834502828836914,0.05,0.05,0.0,0.07220099920186364,0.0,527.2158185186815,0.0,0.0,173.179396695,529.293841648,0.0,0.0,0.0,0.0,0.00534974805794,4.52925472933e-05,0.0,0.57761617653,0.0,0.570285004066,0.091735824662,0.0,0.0,0.0,0.0,0.10428644724710452,0.10428644724710452,0.10428644724710452,0.5560162674345589,0.5560162674345589,0.5560162674345589
