Name,FitNum,RedChiSq,lf,AlignMag,Temp,pA,pB,pC,dwB,dwC,kexAB,kexAC,kexBC,k12,k21,k13,k31,k23,k32,tau1,tau2,tau3,dG12,dG13,ddG12,ddG21,ddG13,ddG31,ddG23,ddG32,R1,R1b,R1c,R2,R2b,R2c,pA_err,pB_err,pC_err,dwB_err,dwC_err,kexAB_err,kexAC_err,kexBC_err,k12_err,k21_err,k13_err,k31_err,k23_err,k32_err,tau1_err,tau2_err,tau3_err,dG12_err,dG13_err,ddG12_err,ddG21_err,ddG13_err,ddG31_err,ddG23_err,ddG32_err,R1_err,R1b_err,R1c_err,R2_err,R2b_err,R2c_err
G10_C1p_Off,1,0.31398231773515667,170.4,auto,298.15,0.9994,0.0006,0.0,3.200448496790034,0.0,2070.28020730137,0.0,0.0,1.24216812438,2069.03803918,0.0,0.0,0.0,0.0,0.805044003603,0.000483316391997,0.0,4.39504044577,0.0,17.3246781907,12.9296377449,0.0,0.0,0.0,0.0,1.5558237493638203,1.5558237493638203,1.5558237493638203,14.906739686760192,14.906739686760192,14.906739686760192,0.0006,0.0006,0.0,0.4547048547297569,0.0,1067.7973604419517,0.0,0.0,1.39699678427,1067.1574041,0.0,0.0,0.0,0.0,0.905387815189,0.000249282350772,0.0,0.733066076146,0.0,0.666334349343,0.305588623614,0.0,0.0,0.0,0.0,0.0955761208957456,0.0955761208957456,0.0955761208957456,0.19586068384550603,0.19586068384550603,0.19586068384550603
