Name,FitNum,RedChiSq,lf,AlignMag,Temp,pA,pB,pC,dwB,dwC,kexAB,kexAC,kexBC,k12,k21,k13,k31,k23,k32,tau1,tau2,tau3,dG12,dG13,ddG12,ddG21,ddG13,ddG31,ddG23,ddG32,R1,R1b,R1c,R2,R2b,R2c,pA_err,pB_err,pC_err,dwB_err,dwC_err,kexAB_err,kexAC_err,kexBC_err,k12_err,k21_err,k13_err,k31_err,k23_err,k32_err,tau1_err,tau2_err,tau3_err,dG12_err,dG13_err,ddG12_err,ddG21_err,ddG13_err,ddG31_err,ddG23_err,ddG32_err,R1_err,R1b_err,R1c_err,R2_err,R2b_err,R2c_err
G7C8_pH5.3HS_25C,1,1.005503979882218,176.090091,auto,298.15,0.92,0.08,0.0,0.1700877614239433,0.0,1505.6523842945955,0.0,0.0,120.452190744,1385.20019355,0.0,0.0,0.0,0.0,0.00830204908542,0.000721917311776,0.0,1.44705336996,0.0,14.6144191686,13.1673657986,0.0,0.0,0.0,0.0,1.5670216143211546,1.5670216143211546,1.5670216143211546,30.553668120068505,30.553668120068505,30.553668120068505,0.08,0.08,0.0,0.021286848006003556,0.0,250.42982027592845,0.0,0.0,113.023987581,255.841946269,0.0,0.0,0.0,0.0,0.00779006746937,0.00013333576688,0.0,0.566614131187,0.0,0.555946624859,0.109429995749,0.0,0.0,0.0,0.0,0.06625640780972863,0.06625640780972863,0.06625640780972863,0.10633414682803301,0.10633414682803301,0.10633414682803301
