Name,FitNum,N,DF,K,ChiSq,RedChiSq,Rsq,AdjRsq,AIC,BIC,RSS,TSS,SDR
G7C8_pH5.3HS_25C,1,280,270,10,271.4860745681989,1.005503979882218,0.9738603940603641,0.9728886614975524,12.171792232219971,47.70184439774146,271.48607456819894,10386.004869206554,1.0027482136021078
