Name,FitNum,N,DF,K,ChiSq,RedChiSq,Rsq,AdjRsq,AIC,BIC,RSS,TSS,SDR
G7C1p_pH5.3HS_25C,1,280,270,10,271.4860745681989,1.005503979882218,0.9208134235287445,0.9178696846264673,12.171792232219971,47.70184439774146,271.48607456819894,3428.435558983252,1.0027482136021078
