Name,FitNum,RedChiSq,lf,AlignMag,Temp,pA,pB,pC,dwB,dwC,kexAB,kexAC,kexBC,k12,k21,k13,k31,k23,k32,tau1,tau2,tau3,dG12,dG13,ddG12,ddG21,ddG13,ddG31,ddG23,ddG32,R1,R1b,R1c,R2,R2b,R2c,pA_err,pB_err,pC_err,dwB_err,dwC_err,kexAB_err,kexAC_err,kexBC_err,k12_err,k21_err,k13_err,k31_err,k23_err,k32_err,tau1_err,tau2_err,tau3_err,dG12_err,dG13_err,ddG12_err,ddG21_err,ddG13_err,ddG31_err,ddG23_err,ddG32_err,R1_err,R1b_err,R1c_err,R2_err,R2b_err,R2c_err
G10_C8_Off,1,0.16550480287158123,176.04,auto,298.15,0.974,0.026,0.0,3.2527344338225834,0.0,3011.7771765444973,0.0,0.0,78.3062065902,2933.47096995,0.0,0.0,0.0,0.0,0.0127703798146,0.000340893095668,0.0,2.14675873907,0.0,14.8695585358,12.7227997968,0.0,0.0,0.0,0.0,0.5770020565184025,0.5770020565184025,0.5770020565184025,30.799297726990204,30.799297726990204,30.799297726990204,0.026,0.026,0.0,0.024360619095547483,0.0,85.54409042150394,0.0,0.0,76.3298255693,112.975698822,0.0,0.0,0.0,0.0,0.012448066458,1.31286916084e-05,0.0,0.57798154038,0.0,0.577530945563,0.0228181492959,0.0,0.0,0.0,0.0,0.19634030413055628,0.19634030413055628,0.19634030413055628,0.5055114619019794,0.5055114619019794,0.5055114619019794
