Name,FitNum,N,DF,K,ChiSq,RedChiSq,Rsq,AdjRsq,AIC,BIC,RSS,TSS,SDR
G_C1p_Off_clean,1,253,248,5,79.01287598204976,0.3186003063792329,0.9279599167807707,0.9265016155010293,-284.4360015940059,-266.76905415036833,79.0128759820498,1096.790459577916,0.5644469030646134
