Name,FitNum,N,DF,K,ChiSq,RedChiSq,Rsq,AdjRsq,AIC,BIC,RSS,TSS,SDR
G_C8_Off_clean,1,253,248,5,79.01287598204976,0.3186003063792329,0.9772118547792622,0.9767505562930124,-284.4360015940059,-266.76905415036833,79.0128759820498,3467.2798166191255,0.5644469030646134
