Name,FitNum,RedChiSq,lf,AlignMag,Temp,pA,pB,pC,dwB,dwC,kexAB,kexAC,kexBC,k12,k21,k13,k31,k23,k32,tau1,tau2,tau3,dG12,dG13,ddG12,ddG21,ddG13,ddG31,ddG23,ddG32,R1,R1b,R1c,R2,R2b,R2c,pA_err,pB_err,pC_err,dwB_err,dwC_err,kexAB_err,kexAC_err,kexBC_err,k12_err,k21_err,k13_err,k31_err,k23_err,k32_err,tau1_err,tau2_err,tau3_err,dG12_err,dG13_err,ddG12_err,ddG21_err,ddG13_err,ddG31_err,ddG23_err,ddG32_err,R1_err,R1b_err,R1c_err,R2_err,R2b_err,R2c_err
hpGBCm6A_m6AC2_55C,1,27.67992658563985,150.7,auto,298.15,0.9975,0.0025,0.0,4.055260968105752,0.0,2289.663272887773,0.0,0.0,5.72415818222,2283.93911471,0.0,0.0,0.0,0.0,0.174698177123,0.000437840042916,0.0,3.54836830122,0.0,16.419457977,12.8710896757,0.0,0.0,0.0,0.0,5.136696390796373,5.136696390796373,5.136696390796373,13.848029611586426,13.848029611586426,13.848029611586426,0.0025,0.0025,0.0,0.5651228238770195,0.0,890.3158628495645,0.0,0.0,6.12835264432,888.108428442,0.0,0.0,0.0,0.0,0.187033971049,0.00017025385218,0.0,0.674864320076,0.0,0.634321303154,0.230387358326,0.0,0.0,0.0,0.0,0.2683787706148692,0.2683787706148692,0.2683787706148692,0.6823224104004897,0.6823224104004897,0.6823224104004897
