Name,FitNum,N,DF,K,ChiSq,RedChiSq,Rsq,AdjRsq,AIC,BIC,RSS,TSS,SDR
hpGBCm6A_m6AC2_55C,1,91,87,4,2408.153612950667,27.67992658563985,-0.5170262662564582,-0.5875856274776889,306.5589205264717,316.1372422734693,2408.1536129506685,1587.4172165082093,5.261171598193683
