Name,FitNum,RedChiSq,lf,AlignMag,Temp,pA,pB,pC,dwB,dwC,kexAB,kexAC,kexBC,k12,k21,k13,k31,k23,k32,tau1,tau2,tau3,dG12,dG13,ddG12,ddG21,ddG13,ddG31,ddG23,ddG32,R1,R1b,R1c,R2,R2b,R2c,pA_err,pB_err,pC_err,dwB_err,dwC_err,kexAB_err,kexAC_err,kexBC_err,k12_err,k21_err,k13_err,k31_err,k23_err,k32_err,tau1_err,tau2_err,tau3_err,dG12_err,dG13_err,ddG12_err,ddG21_err,ddG13_err,ddG31_err,ddG23_err,ddG32_err,R1_err,R1b_err,R1c_err,R2_err,R2b_err,R2c_err
A16_C8_Off,1,0.24445553936852812,150.7,auto,298.15,0.95,0.05,0.0,0.5028592115332567,0.0,4153.053491722259,0.0,0.0,207.652674586,3945.40081714,0.0,0.0,0.0,0.0,0.00481573378235,0.000253459672755,0.0,1.7445351892,0.0,14.291743719,12.5472085298,0.0,0.0,0.0,0.0,2.2522268973762976,2.2522268973762976,2.2522268973762976,21.959724589779103,21.959724589779103,21.959724589779103,0.05,0.05,0.0,0.04848187918284448,0.0,689.2668574492682,0.0,0.0,200.526781515,683.952418524,0.0,0.0,0.0,0.0,0.00465047511636,4.39383383879e-05,0.0,0.581298662803,0.0,0.572152802891,0.10270981219,0.0,0.0,0.0,0.0,0.05453724409021786,0.05453724409021786,0.05453724409021786,0.21547407823257622,0.21547407823257622,0.21547407823257622
