Name,FitNum,RedChiSq,lf,AlignMag,Temp,pA,pB,pC,dwB,dwC,kexAB,kexAC,kexBC,k12,k21,k13,k31,k23,k32,tau1,tau2,tau3,dG12,dG13,ddG12,ddG21,ddG13,ddG31,ddG23,ddG32,R1,R1b,R1c,R2,R2b,R2c,pA_err,pB_err,pC_err,dwB_err,dwC_err,kexAB_err,kexAC_err,kexBC_err,k12_err,k21_err,k13_err,k31_err,k23_err,k32_err,tau1_err,tau2_err,tau3_err,dG12_err,dG13_err,ddG12_err,ddG21_err,ddG13_err,ddG31_err,ddG23_err,ddG32_err,R1_err,R1b_err,R1c_err,R2_err,R2b_err,R2c_err
A16_C8_Off,1,0.47789404176582034,150.7,auto,298.15,0.997,0.003,0.0,3.637956732931953,0.0,2154.297125052756,0.0,0.0,6.46289137516,2147.83423368,0.0,0.0,0.0,0.0,0.154729507577,0.000465585278566,0.0,3.44004850013,0.0,16.3475414063,12.9074929062,0.0,0.0,0.0,0.0,2.2542300743360713,2.2542300743360713,2.2542300743360713,26.744661806709544,26.744661806709544,26.744661806709544,0.003,0.003,0.0,0.13046755973482152,0.0,274.03697794327644,0.0,0.0,6.49576549503,273.290838957,0.0,0.0,0.0,0.0,0.15551655413,5.92411599509e-05,0.0,0.600251422875,0.0,0.595498479672,0.0753878728421,0.0,0.0,0.0,0.0,0.1033471663334169,0.1033471663334169,0.1033471663334169,0.23973214746936394,0.23973214746936394,0.23973214746936394
