Name,FitNum,RedChiSq,lf,AlignMag,Temp,pA,pB,pC,dwB,dwC,kexAB,kexAC,kexBC,k12,k21,k13,k31,k23,k32,tau1,tau2,tau3,dG12,dG13,ddG12,ddG21,ddG13,ddG31,ddG23,ddG32,R1,R1b,R1c,R2,R2b,R2c,pA_err,pB_err,pC_err,dwB_err,dwC_err,kexAB_err,kexAC_err,kexBC_err,k12_err,k21_err,k13_err,k31_err,k23_err,k32_err,tau1_err,tau2_err,tau3_err,dG12_err,dG13_err,ddG12_err,ddG21_err,ddG13_err,ddG31_err,ddG23_err,ddG32_err,R1_err,R1b_err,R1c_err,R2_err,R2b_err,R2c_err
g10c8,1,4.932521847813904,176.04,auto,298.15,0.965,0.035,0.0,2.032897852278361,0.0,6208.504991777257,0.0,0.0,217.297674712,5991.20731707,0.0,0.0,0.0,0.0,0.00460198205675,0.000166911266307,0.0,1.96514158904,0.0,14.2648441198,12.2997025308,0.0,0.0,0.0,0.0,2.947612892952228,2.947612892952228,2.947612892952228,17.46219822968346,17.46219822968346,17.46219822968346,0.035,0.035,0.0,0.15568722061382598,0.0,484.01927669754645,0.0,0.0,210.512876372,512.045999025,0.0,0.0,0.0,0.0,0.00445829197694,1.42652793639e-05,0.0,0.576214598454,0.0,0.573985289355,0.0506374473623,0.0,0.0,0.0,0.0,0.751553925817665,0.751553925817665,0.751553925817665,2.2611047876025414,2.2611047876025414,2.2611047876025414
