Name,FitNum,N,DF,K,ChiSq,RedChiSq,Rsq,AdjRsq,AIC,BIC,RSS,TSS,SDR
ac8,1,196,189,7,165.97880245448016,0.8781947219813765,0.9830403985046529,0.98240892398089,-17.990152035839998,4.360905897922557,165.9788024544801,9786.715949665248,0.9371204415556071
