Name,FitNum,RedChiSq,lf,AlignMag,Temp,pA,pB,pC,dwB,dwC,kexAB,kexAC,kexBC,k12,k21,k13,k31,k23,k32,tau1,tau2,tau3,dG12,dG13,ddG12,ddG21,ddG13,ddG31,ddG23,ddG32,R1,R1b,R1c,R2,R2b,R2c,pA_err,pB_err,pC_err,dwB_err,dwC_err,kexAB_err,kexAC_err,kexBC_err,k12_err,k21_err,k13_err,k31_err,k23_err,k32_err,tau1_err,tau2_err,tau3_err,dG12_err,dG13_err,ddG12_err,ddG21_err,ddG13_err,ddG31_err,ddG23_err,ddG32_err,R1_err,R1b_err,R1c_err,R2_err,R2b_err,R2c_err
ac1p,1,0.8781947219813765,176.04,auto,298.15,0.998,0.002,0.0,4.937514562485556,0.0,3493.5837626814096,0.0,0.0,6.98716752536,3486.59659516,0.0,0.0,0.0,0.0,0.143119511071,0.000286812647437,0.0,3.68087436261,0.0,16.3013285101,12.6204541474,0.0,0.0,0.0,0.0,1.549515407297125,1.549515407297125,1.549515407297125,19.929929166443575,19.929929166443575,19.929929166443575,0.002,0.002,0.0,0.34721646877042184,0.0,801.0318898187928,0.0,0.0,7.15487434589,799.460238148,0.0,0.0,0.0,0.0,0.146554682486,6.57647941669e-05,0.0,0.621729871305,0.0,0.606705637843,0.135853972641,0.0,0.0,0.0,0.0,0.20296023751890066,0.20296023751890066,0.20296023751890066,0.5340402121243025,0.5340402121243025,0.5340402121243025
