Name,FitNum,RedChiSq,lf,AlignMag,Temp,pA,pB,pC,dwB,dwC,kexAB,kexAC,kexBC,k12,k21,k13,k31,k23,k32,tau1,tau2,tau3,dG12,dG13,ddG12,ddG21,ddG13,ddG31,ddG23,ddG32,R1,R1b,R1c,R2,R2b,R2c,pA_err,pB_err,pC_err,dwB_err,dwC_err,kexAB_err,kexAC_err,kexBC_err,k12_err,k21_err,k13_err,k31_err,k23_err,k32_err,tau1_err,tau2_err,tau3_err,dG12_err,dG13_err,ddG12_err,ddG21_err,ddG13_err,ddG31_err,ddG23_err,ddG32_err,R1_err,R1b_err,R1c_err,R2_err,R2b_err,R2c_err
G10_C8_Off,1,0.21571362477402037,176.04,auto,298.15,0.971,0.029,0.0,3.0745704415081723,0.0,3252.5355743222485,0.0,0.0,94.3235316553,3158.21204267,0.0,0.0,0.0,0.0,0.0106018082916,0.000316634851141,0.0,2.08023210609,0.0,14.7592948535,12.6790627474,0.0,0.0,0.0,0.0,1.0328059133214011,1.0328059133214011,1.0328059133214011,29.30326561774259,29.30326561774259,29.30326561774259,0.029,0.029,0.0,0.02774692671114502,0.0,96.74160674542469,0.0,0.0,91.6719273548,131.224472981,0.0,0.0,0.0,0.0,0.0103037723724,1.31562545221e-05,0.0,0.576354928496,0.0,0.575828935857,0.0246178843828,0.0,0.0,0.0,0.0,0.21499144326985775,0.21499144326985775,0.21499144326985775,0.588535960411606,0.588535960411606,0.588535960411606
