Name,FitNum,N,DF,K,ChiSq,RedChiSq,Rsq,AdjRsq,AIC,BIC,RSS,TSS,SDR
A16_C8_Off,1,111,107,4,22.681159299265964,0.211973451395009,0.9957581193096374,0.9955980483401897,-167.8901540275391,-157.4293917128558,22.68115929926597,5346.958331665673,0.46040574648347854
