Name,FitNum,RedChiSq,lf,AlignMag,Temp,pA,pB,pC,dwB,dwC,kexAB,kexAC,kexBC,k12,k21,k13,k31,k23,k32,tau1,tau2,tau3,dG12,dG13,ddG12,ddG21,ddG13,ddG31,ddG23,ddG32,R1,R1b,R1c,R2,R2b,R2c,pA_err,pB_err,pC_err,dwB_err,dwC_err,kexAB_err,kexAC_err,kexBC_err,k12_err,k21_err,k13_err,k31_err,k23_err,k32_err,tau1_err,tau2_err,tau3_err,dG12_err,dG13_err,ddG12_err,ddG21_err,ddG13_err,ddG31_err,ddG23_err,ddG32_err,R1_err,R1b_err,R1c_err,R2_err,R2b_err,R2c_err
A16_C8_Off,1,0.211973451395009,150.7,auto,298.15,0.9985,0.0015,0.0,2.7026858137401986,0.0,2870.0835836681063,0.0,0.0,4.3051253755,2865.77845829,0.0,0.0,0.0,0.0,0.232281272385,0.000348945326568,0.0,3.85161836479,0.0,16.5882505041,12.7366321394,0.0,0.0,0.0,0.0,2.12839461628367,2.12839461628367,2.12839461628367,22.228807485722317,22.228807485722317,22.228807485722317,0.0015,0.0015,0.0,0.17889493582548802,0.0,506.814984859205,0.0,0.0,4.36537785349,506.073019549,0.0,0.0,0.0,0.0,0.235532170102,6.162088858e-05,0.0,0.609819540383,0.0,0.60077688238,0.10462795721,0.0,0.0,0.0,0.0,0.054454361864172636,0.054454361864172636,0.054454361864172636,0.14998290330051983,0.14998290330051983,0.14998290330051983
