Name,FitNum,RedChiSq,lf,AlignMag,Temp,pA,pB,pC,dwB,dwC,kexAB,kexAC,kexBC,k12,k21,k13,k31,k23,k32,tau1,tau2,tau3,dG12,dG13,ddG12,ddG21,ddG13,ddG31,ddG23,ddG32,R1,R1b,R1c,R2,R2b,R2c,pA_err,pB_err,pC_err,dwB_err,dwC_err,kexAB_err,kexAC_err,kexBC_err,k12_err,k21_err,k13_err,k31_err,k23_err,k32_err,tau1_err,tau2_err,tau3_err,dG12_err,dG13_err,ddG12_err,ddG21_err,ddG13_err,ddG31_err,ddG23_err,ddG32_err,R1_err,R1b_err,R1c_err,R2_err,R2b_err,R2c_err
hpGBCm6A_m6A_C2_65C,1,0.6399996895836229,150.88,auto,298.15,0.983,0.017,0.0,2.46258574996435,0.0,1035.743427752937,0.0,0.0,17.6076382718,1018.13578948,0.0,0.0,0.0,0.0,0.0567935338382,0.000982187258646,0.0,2.40394511756,0.0,15.7537200108,13.3497748933,0.0,0.0,0.0,0.0,4.850085370233627,4.850085370233627,4.850085370233627,12.120462996526317,12.120462996526317,12.120462996526317,0.017,0.017,0.0,0.01764914026432198,0.0,16.092914090787037,0.0,0.0,17.3130582084,23.4503408164,0.0,0.0,0.0,0.0,0.0558433642276,2.26223517519e-05,0.0,0.582732144414,0.0,0.582572335189,0.0136464796087,0.0,0.0,0.0,0.0,0.050612375790841706,0.050612375790841706,0.050612375790841706,0.07553411945156684,0.07553411945156684,0.07553411945156684
