Name,FitNum,N,DF,K,ChiSq,RedChiSq,Rsq,AdjRsq,AIC,BIC,RSS,TSS,SDR
A21_C1p_Off,1,102,98,4,15.80318633309598,0.16125700339893856,0.9949270670950942,0.9947178739856135,-181.79327401301197,-171.7057538938955,15.803186333095972,3115.197190527273,0.40156818026200547
