Name,FitNum,N,DF,K,ChiSq,RedChiSq,Rsq,AdjRsq,AIC,BIC,RSS,TSS,SDR
G_C1p_Off,1,199,192,7,70.22838524208287,0.3657728398025149,0.9641447286989419,0.962830661164348,-192.68250976652402,-170.21576342800756,70.22838524208287,1958.6627765945875,0.6047915672382634
