Name,FitNum,RedChiSq,lf,AlignMag,Temp,pA,pB,pC,dwB,dwC,kexAB,kexAC,kexBC,k12,k21,k13,k31,k23,k32,tau1,tau2,tau3,dG12,dG13,ddG12,ddG21,ddG13,ddG31,ddG23,ddG32,R1,R1b,R1c,R2,R2b,R2c,pA_err,pB_err,pC_err,dwB_err,dwC_err,kexAB_err,kexAC_err,kexBC_err,k12_err,k21_err,k13_err,k31_err,k23_err,k32_err,tau1_err,tau2_err,tau3_err,dG12_err,dG13_err,ddG12_err,ddG21_err,ddG13_err,ddG31_err,ddG23_err,ddG32_err,R1_err,R1b_err,R1c_err,R2_err,R2b_err,R2c_err
G_C8_Off,1,0.3657728398025149,150.88,auto,298.15,0.95,0.05,0.0,4.5988322675274045,0.0,10.000000000000002,0.0,0.0,0.5,9.5,0.0,0.0,0.0,0.0,2.0,0.105263157895,0.0,1.7445351892,0.0,17.8638425832,16.119307394,0.0,0.0,0.0,0.0,2.5214045920069883,2.5214045920069883,2.5214045920069883,20.080713571216503,20.080713571216503,20.080713571216503,0.05,0.05,0.0,0.00314843940704214,0.0,0.9745908521275751,0.0,0.0,0.478147015386,1.04089824885,0.0,0.0,0.0,0.0,1.91258806154,0.0115334986023,0.0,0.570296493364,0.0,0.56658962869,0.0649175092206,0.0,0.0,0.0,0.0,0.04293914996109679,0.04293914996109679,0.04293914996109679,0.06048944746717246,0.06048944746717246,0.06048944746717246
