Name,FitNum,N,DF,K,ChiSq,RedChiSq,Rsq,AdjRsq,AIC,BIC,RSS,TSS,SDR
g10c8,1,180,173,7,1017.0519430609628,5.878912965670305,0.8961785873956397,0.8919532973477878,326.3583541465489,348.0578893120827,1017.0519430609629,9796.167452823202,2.4246469775351436
