Name,FitNum,RedChiSq,lf,AlignMag,Temp,pA,pB,pC,dwB,dwC,kexAB,kexAC,kexBC,k12,k21,k13,k31,k23,k32,tau1,tau2,tau3,dG12,dG13,ddG12,ddG21,ddG13,ddG31,ddG23,ddG32,R1,R1b,R1c,R2,R2b,R2c,pA_err,pB_err,pC_err,dwB_err,dwC_err,kexAB_err,kexAC_err,kexBC_err,k12_err,k21_err,k13_err,k31_err,k23_err,k32_err,tau1_err,tau2_err,tau3_err,dG12_err,dG13_err,ddG12_err,ddG21_err,ddG13_err,ddG31_err,ddG23_err,ddG32_err,R1_err,R1b_err,R1c_err,R2_err,R2b_err,R2c_err
g10c1p,1,5.878912965670305,176.04,auto,298.15,0.95,0.05,0.0,1.979262757126802,0.0,6818.39246930851,0.0,0.0,340.919623465,6477.47284584,0.0,0.0,0.0,0.0,0.00293324270934,0.000154381195228,0.0,1.7445351892,0.0,13.9980016949,12.2534665056,0.0,0.0,0.0,0.0,4.0778149483749475,4.0778149483749475,4.0778149483749475,5.881202937593707,5.881202937593707,5.881202937593707,0.05,0.05,0.0,0.1329857668502711,0.0,610.3998268898945,0.0,0.0,325.754772056,664.413519819,0.0,0.0,0.0,0.0,0.00280276565031,1.58353351309e-05,0.0,0.569382312365,0.0,0.566129729819,0.0607729104884,0.0,0.0,0.0,0.0,0.3968075209221821,0.3968075209221821,0.3968075209221821,2.088178532261923,2.088178532261923,2.088178532261923
