Name,FitNum,N,DF,K,ChiSq,RedChiSq,Rsq,AdjRsq,AIC,BIC,RSS,TSS,SDR
G_C1p_Off,1,199,192,7,96.56141444720826,0.5029240335792097,0.9507003371886742,0.9488935432636518,-129.31560689903435,-106.84886056051789,96.56141444720825,1958.6627765945875,0.7091713710939054
