Name,FitNum,RedChiSq,lf,AlignMag,Temp,pA,pB,pC,dwB,dwC,kexAB,kexAC,kexBC,k12,k21,k13,k31,k23,k32,tau1,tau2,tau3,dG12,dG13,ddG12,ddG21,ddG13,ddG31,ddG23,ddG32,R1,R1b,R1c,R2,R2b,R2c,pA_err,pB_err,pC_err,dwB_err,dwC_err,kexAB_err,kexAC_err,kexBC_err,k12_err,k21_err,k13_err,k31_err,k23_err,k32_err,tau1_err,tau2_err,tau3_err,dG12_err,dG13_err,ddG12_err,ddG21_err,ddG13_err,ddG31_err,ddG23_err,ddG32_err,R1_err,R1b_err,R1c_err,R2_err,R2b_err,R2c_err
G_C1p_Off,1,0.5029240335792097,150.88,auto,298.15,0.9999,0.0001,0.0,7.805727153299233,0.0,4816.618578970183,0.0,0.0,0.481661857897,4816.13691711,0.0,0.0,0.0,0.0,2.07614529489,0.000207635293018,0.0,5.45692695108,0.0,17.8859812321,12.4290542811,0.0,0.0,0.0,0.0,2.245096498485889,2.245096498485889,2.245096498485889,14.373406301990869,14.373406301990869,14.373406301990869,0.0001,0.0001,0.0,3.2703005485213743,0.0,5012.090726919607,0.0,0.0,0.695098759107,5011.58954099,0.0,0.0,0.0,0.0,2.99613929262,0.000216061727633,0.0,1.05412767896,0.0,0.855030156517,0.616529476186,0.0,0.0,0.0,0.0,0.0486497407922156,0.0486497407922156,0.0486497407922156,0.1857582850552373,0.1857582850552373,0.1857582850552373
