Name,FitNum,N,DF,K,ChiSq,RedChiSq,Rsq,AdjRsq,AIC,BIC,RSS,TSS,SDR
G_C8_Off,1,199,192,7,96.56141444720826,0.5029240335792097,0.9755201347751011,0.9746229669396337,-129.31560689903435,-106.84886056051789,96.56141444720825,3944.5239408015236,0.7091713710939054
