Name,FitNum,N,DF,K,ChiSq,RedChiSq,Rsq,AdjRsq,AIC,BIC,RSS,TSS,SDR
gc1p,1,308,301,7,1365.078145056786,4.53514333905909,0.5107910807582638,0.4993762059759568,472.5710890168617,498.68178749767674,1365.0781450567865,2790.378693774901,2.1295875983530452
