Name,FitNum,RedChiSq,lf,AlignMag,Temp,pA,pB,pC,dwB,dwC,kexAB,kexAC,kexBC,k12,k21,k13,k31,k23,k32,tau1,tau2,tau3,dG12,dG13,ddG12,ddG21,ddG13,ddG31,ddG23,ddG32,R1,R1b,R1c,R2,R2b,R2c,pA_err,pB_err,pC_err,dwB_err,dwC_err,kexAB_err,kexAC_err,kexBC_err,k12_err,k21_err,k13_err,k31_err,k23_err,k32_err,tau1_err,tau2_err,tau3_err,dG12_err,dG13_err,ddG12_err,ddG21_err,ddG13_err,ddG31_err,ddG23_err,ddG32_err,R1_err,R1b_err,R1c_err,R2_err,R2b_err,R2c_err
gc8,1,4.53514333905909,150.88,auto,298.15,0.987,0.013,0.0,2.0234642577242394,0.0,3690.3801070955133,0.0,0.0,47.9749413922,3642.4051657,0.0,0.0,0.0,0.0,0.0208442151461,0.000274543867172,0.0,2.56529347104,0.0,15.1598452811,12.59455181,0.0,0.0,0.0,0.0,3.966669013697898,3.966669013697898,3.966669013697898,17.1313106939329,17.1313106939329,17.1313106939329,0.013,0.013,0.0,0.11232437317341375,0.0,342.4573910552465,0.0,0.0,47.5641807939,341.306625047,0.0,0.0,0.0,0.0,0.0206657473452,2.57257598946e-05,0.0,0.59002965348,0.0,0.587411904968,0.0555179780494,0.0,0.0,0.0,0.0,0.1051702408950147,0.1051702408950147,0.1051702408950147,0.5593111041171759,0.5593111041171759,0.5593111041171759
