Name,FitNum,RedChiSq,lf,AlignMag,Temp,pA,pB,pC,dwB,dwC,kexAB,kexAC,kexBC,k12,k21,k13,k31,k23,k32,tau1,tau2,tau3,dG12,dG13,ddG12,ddG21,ddG13,ddG31,ddG23,ddG32,R1,R1b,R1c,R2,R2b,R2c,pA_err,pB_err,pC_err,dwB_err,dwC_err,kexAB_err,kexAC_err,kexBC_err,k12_err,k21_err,k13_err,k31_err,k23_err,k32_err,tau1_err,tau2_err,tau3_err,dG12_err,dG13_err,ddG12_err,ddG21_err,ddG13_err,ddG31_err,ddG23_err,ddG32_err,R1_err,R1b_err,R1c_err,R2_err,R2b_err,R2c_err
gc1p,1,2.729660013384815,150.7,auto,298.15,0.998,0.002,0.0,5.4087516338809305,0.0,2892.7689776761767,0.0,0.0,5.78553795535,2886.98343972,0.0,0.0,0.0,0.0,0.172844773938,0.0003463823125,0.0,3.68087436261,0.0,16.4131386226,12.73226426,0.0,0.0,0.0,0.0,2.975568336500061,2.975568336500061,2.975568336500061,17.612332997841165,17.612332997841165,17.612332997841165,0.002,0.002,0.0,0.7584403512245337,0.0,957.9585503384533,0.0,0.0,6.0835487794,956.060068926,0.0,0.0,0.0,0.0,0.181747941441,0.000114708762443,0.0,0.653170013813,0.0,0.623003409322,0.196208610715,0.0,0.0,0.0,0.0,0.31355234918307545,0.31355234918307545,0.31355234918307545,0.7621814452736384,0.7621814452736384,0.7621814452736384
