Name,FitNum,RedChiSq,lf,AlignMag,Temp,pA,pB,pC,dwB,dwC,kexAB,kexAC,kexBC,k12,k21,k13,k31,k23,k32,tau1,tau2,tau3,dG12,dG13,ddG12,ddG21,ddG13,ddG31,ddG23,ddG32,R1,R1b,R1c,R2,R2b,R2c,pA_err,pB_err,pC_err,dwB_err,dwC_err,kexAB_err,kexAC_err,kexBC_err,k12_err,k21_err,k13_err,k31_err,k23_err,k32_err,tau1_err,tau2_err,tau3_err,dG12_err,dG13_err,ddG12_err,ddG21_err,ddG13_err,ddG31_err,ddG23_err,ddG32_err,R1_err,R1b_err,R1c_err,R2_err,R2b_err,R2c_err
G_C8_Off,1,0.17736659007104535,150.88,auto,298.15,0.998,0.002,0.0,4.27,0.0,69.67468835006774,0.0,0.0,0.1393493767,69.5353389734,0.0,0.0,0.0,0.0,7.17620719719,0.0143811767479,0.0,3.68087436261,0.0,18.6208152098,14.9399408472,0.0,0.0,0.0,0.0,0.9588984738745728,0.9588984738745728,0.9588984738745728,32.191826199748476,32.191826199748476,32.191826199748476,0.002,0.002,0.0,4.27,0.0,105.89972978992205,0.0,0.0,0.253376680489,105.68802183,0.0,0.0,0.0,0.0,13.0483795564,0.0218582111557,0.0,1.40411462927,0.0,1.07730527736,0.90052830689,0.0,0.0,0.0,0.0,0.099811723925582,0.099811723925582,0.099811723925582,0.18712272213688894,0.18712272213688894,0.18712272213688894
