Name,FitNum,N,DF,K,ChiSq,RedChiSq,Rsq,AdjRsq,AIC,BIC,RSS,TSS,SDR
G_C8_Off,1,98,95,3,16.849826056749308,0.17736659007104535,0.9987282452723165,0.9986876573554756,-166.28614105783652,-158.78655777076096,16.84982605674931,13249.273377927046,0.42114913044080404
