Name,FitNum,N,DF,K,ChiSq,RedChiSq,Rsq,AdjRsq,AIC,BIC,RSS,TSS,SDR
A16_C8_Off,1,106,102,4,78.80024541362333,0.7725514256237581,0.9905651861053478,0.99019153010952,-23.03539657994174,-12.777679807453868,78.80024541362327,8352.072048637714,0.8789490460907035
