Name,FitNum,RedChiSq,lf,AlignMag,Temp,pA,pB,pC,dwB,dwC,kexAB,kexAC,kexBC,k12,k21,k13,k31,k23,k32,tau1,tau2,tau3,dG12,dG13,ddG12,ddG21,ddG13,ddG31,ddG23,ddG32,R1,R1b,R1c,R2,R2b,R2c,pA_err,pB_err,pC_err,dwB_err,dwC_err,kexAB_err,kexAC_err,kexBC_err,k12_err,k21_err,k13_err,k31_err,k23_err,k32_err,tau1_err,tau2_err,tau3_err,dG12_err,dG13_err,ddG12_err,ddG21_err,ddG13_err,ddG31_err,ddG23_err,ddG32_err,R1_err,R1b_err,R1c_err,R2_err,R2b_err,R2c_err
A16_C8_Off,1,0.7725514256237581,150.7,auto,298.15,0.99,0.01,0.0,3.2640187968881853,0.0,360.8575909262756,0.0,0.0,3.60857590926,357.249015017,0.0,0.0,0.0,0.0,0.277117628989,0.00279916796958,0.0,2.72253843054,0.0,16.6928199452,13.9702815147,0.0,0.0,0.0,0.0,2.489025504698797,2.489025504698797,2.489025504698797,26.787272871267188,26.787272871267188,26.787272871267188,0.01,0.01,0.0,0.1435192225296909,0.0,25.751290643503214,0.0,0.0,3.58194094759,25.7428959397,0.0,0.0,0.0,0.0,0.27507221894,0.000201704376302,0.0,0.589659235554,0.0,0.588111608637,0.0426936747072,0.0,0.0,0.0,0.0,0.12936718573785924,0.12936718573785924,0.12936718573785924,0.18832458531728846,0.18832458531728846,0.18832458531728846
