Name,FitNum,RedChiSq,lf,AlignMag,Temp,pA,pB,pC,dwB,dwC,kexAB,kexAC,kexBC,k12,k21,k13,k31,k23,k32,tau1,tau2,tau3,dG12,dG13,ddG12,ddG21,ddG13,ddG31,ddG23,ddG32,R1,R1b,R1c,R2,R2b,R2c,pA_err,pB_err,pC_err,dwB_err,dwC_err,kexAB_err,kexAC_err,kexBC_err,k12_err,k21_err,k13_err,k31_err,k23_err,k32_err,tau1_err,tau2_err,tau3_err,dG12_err,dG13_err,ddG12_err,ddG21_err,ddG13_err,ddG31_err,ddG23_err,ddG32_err,R1_err,R1b_err,R1c_err,R2_err,R2b_err,R2c_err
gc1p,1,0.3827073407620724,150.7,auto,298.15,0.95,0.05,0.0,0.6955346912300896,0.0,4534.68511406518,0.0,0.0,226.734255703,4307.95085836,0.0,0.0,0.0,0.0,0.00441044956748,0.000232128924604,0.0,1.7445351892,0.0,14.2396573173,12.4951221281,0.0,0.0,0.0,0.0,2.3581866085543983,2.3581866085543983,2.3581866085543983,15.609380819058863,15.609380819058863,15.609380819058863,0.05,0.05,0.0,0.050564842751831714,0.0,516.8308546169188,0.0,0.0,217.238136345,536.278963729,0.0,0.0,0.0,0.0,0.0042257304328,2.88967686102e-05,0.0,0.572441622736,0.0,0.567670210499,0.0737559729924,0.0,0.0,0.0,0.0,0.09690668923149569,0.09690668923149569,0.09690668923149569,0.307630425258326,0.307630425258326,0.307630425258326
