Name,FitNum,N,DF,K,ChiSq,RedChiSq,Rsq,AdjRsq,AIC,BIC,RSS,TSS,SDR
gc1p,1,216,209,7,79.98583421927313,0.3827073407620724,0.9709518085824608,0.9699742252174475,-200.04217242641718,-176.95368511108956,79.98583421927313,2753.556428679341,0.6186334462038667
