Name,FitNum,N,DF,K,ChiSq,RedChiSq,Rsq,AdjRsq,AIC,BIC,RSS,TSS,SDR
ac8,1,209,202,7,93.19694914156383,0.4613710353542764,0.989931112946169,0.9895804551880754,-154.23521252605212,-131.39608669264672,93.19694914156386,9255.93351512513,0.6792429869746736
