Name,FitNum,N,DF,K,ChiSq,RedChiSq,Rsq,AdjRsq,AIC,BIC,RSS,TSS,SDR
ac1p,1,209,202,7,93.19694914156383,0.4613710353542764,0.9822667696675176,0.9816491944818092,-154.23521252605212,-131.39608669264672,93.19694914156386,5255.497582459783,0.6792429869746736
