Name,FitNum,N,DF,K,ChiSq,RedChiSq,Rsq,AdjRsq,AIC,BIC,RSS,TSS,SDR
ac8,1,195,188,7,846.1738455066425,4.500924710141716,0.9682824377155234,0.9670951492877622,300.8053583408436,323.1174247695064,846.1738455066429,26678.40100437922,2.1215382886343854
