Name,FitNum,N,DF,K,ChiSq,RedChiSq,Rsq,AdjRsq,AIC,BIC,RSS,TSS,SDR
A16_C8_Off,1,105,101,4,87.64427909006265,0.8677651395055708,0.9901549164326948,0.9897611130900026,-10.570771139983949,-0.35492973935385663,87.6442790900627,8902.33978115971,0.9315391239800781
