Name,FitNum,RedChiSq,lf,AlignMag,Temp,pA,pB,pC,dwB,dwC,kexAB,kexAC,kexBC,k12,k21,k13,k31,k23,k32,tau1,tau2,tau3,dG12,dG13,ddG12,ddG21,ddG13,ddG31,ddG23,ddG32,R1,R1b,R1c,R2,R2b,R2c,pA_err,pB_err,pC_err,dwB_err,dwC_err,kexAB_err,kexAC_err,kexBC_err,k12_err,k21_err,k13_err,k31_err,k23_err,k32_err,tau1_err,tau2_err,tau3_err,dG12_err,dG13_err,ddG12_err,ddG21_err,ddG13_err,ddG31_err,ddG23_err,ddG32_err,R1_err,R1b_err,R1c_err,R2_err,R2b_err,R2c_err
A16_C8_Off,1,0.8677651395055708,150.7,auto,298.15,0.998,0.002,0.0,4.2852294703138005,0.0,2487.392073735265,0.0,0.0,4.97478414747,2482.41728959,0.0,0.0,0.0,0.0,0.201013746598,0.000402833159515,0.0,3.68087436261,0.0,16.5025915941,12.8217172315,0.0,0.0,0.0,0.0,2.339136173129781,2.339136173129781,2.339136173129781,27.070655122205505,27.070655122205505,27.070655122205505,0.002,0.002,0.0,0.27701483254736947,0.0,591.4339614644805,0.0,0.0,5.10380817778,590.271973846,0.0,0.0,0.0,0.0,0.206227159475,9.57861215337e-05,0.0,0.623963724965,0.0,0.607851198559,0.140881689662,0.0,0.0,0.0,0.0,0.14351438295014793,0.14351438295014793,0.14351438295014793,0.36373358704035264,0.36373358704035264,0.36373358704035264
