Name,FitNum,RedChiSq,lf,AlignMag,Temp,pA,pB,pC,dwB,dwC,kexAB,kexAC,kexBC,k12,k21,k13,k31,k23,k32,tau1,tau2,tau3,dG12,dG13,ddG12,ddG21,ddG13,ddG31,ddG23,ddG32,R1,R1b,R1c,R2,R2b,R2c,pA_err,pB_err,pC_err,dwB_err,dwC_err,kexAB_err,kexAC_err,kexBC_err,k12_err,k21_err,k13_err,k31_err,k23_err,k32_err,tau1_err,tau2_err,tau3_err,dG12_err,dG13_err,ddG12_err,ddG21_err,ddG13_err,ddG31_err,ddG23_err,ddG32_err,R1_err,R1b_err,R1c_err,R2_err,R2b_err,R2c_err
gc1p,1,0.15936684447595867,150.88,avg,298.15,0.992657511312,0.007342488688244352,0.0,3.932231397525636,0.0,691.333747969984,0.0,0.0,5.07611022427,686.257637746,0.0,0.0,0.0,0.0,0.197001238314,0.00145717868188,0.0,2.90714957316,0.0,16.4906451569,13.5834955837,0.0,0.0,0.0,0.0,2.232351671542227,2.232351671542227,2.232351671542227,13.322997401109735,13.322997401109735,13.322997401109735,0.000142109715667,0.00014210971566660458,0.0,0.020460955223118468,0.0,18.49488890841902,0.0,0.0,0.167190499513,18.3593494326,0.0,0.0,0.0,0.0,0.00648857766739,3.89836864975e-05,0.0,0.0251407948681,0.0,0.0195145134256,0.0158506571587,0.0,0.0,0.0,0.0,0.02746549771260244,0.02746549771260244,0.02746549771260244,0.058365505192945616,0.058365505192945616,0.058365505192945616
