Name,FitNum,N,DF,K,ChiSq,RedChiSq,Rsq,AdjRsq,AIC,BIC,RSS,TSS,SDR
ra16_c8_15c,1,100,96,4,148.77947694990613,1.5497862182281887,0.9893243546995938,0.9888748538448399,48.15055294905888,58.1501810614323,148.7794769499061,13936.34508859575,1.2449041000126029
