Name,FitNum,N,DF,K,ChiSq,RedChiSq,Rsq,AdjRsq,AIC,BIC,RSS,TSS,SDR
gc1p,1,212,205,7,68.66682847991567,0.3349601389264179,0.9611084513876433,0.9597739374646703,-224.4428284586915,-201.49574414383056,68.66682847991565,1765.5976922991133,0.5787574093922407
