Name,FitNum,N,DF,K,ChiSq,RedChiSq,Rsq,AdjRsq,AIC,BIC,RSS,TSS,SDR
gc1p,1,220,213,7,329.42457331246726,1.5465942409036022,0.9177093563076986,0.9149922124121981,103.34667302911043,126.57376396678453,329.42457331246726,4003.1838193445337,1.2436214218577943
