Name,FitNum,RedChiSq,lf,AlignMag,Temp,pA,pB,pC,dwB,dwC,kexAB,kexAC,kexBC,k12,k21,k13,k31,k23,k32,tau1,tau2,tau3,dG12,dG13,ddG12,ddG21,ddG13,ddG31,ddG23,ddG32,R1,R1b,R1c,R2,R2b,R2c,pA_err,pB_err,pC_err,dwB_err,dwC_err,kexAB_err,kexAC_err,kexBC_err,k12_err,k21_err,k13_err,k31_err,k23_err,k32_err,tau1_err,tau2_err,tau3_err,dG12_err,dG13_err,ddG12_err,ddG21_err,ddG13_err,ddG31_err,ddG23_err,ddG32_err,R1_err,R1b_err,R1c_err,R2_err,R2b_err,R2c_err
gc8,1,1.5465942409036022,150.7,auto,298.15,0.97,0.03,0.0,1.493066820202633,0.0,3859.497926348315,0.0,0.0,115.78493779,3743.71298856,0.0,0.0,0.0,0.0,0.00863670196731,0.000267114493834,0.0,2.05953545938,0.0,14.6378332363,12.5782977769,0.0,0.0,0.0,0.0,2.9523347548018664,2.9523347548018664,2.9523347548018664,18.5611898004451,18.5611898004451,18.5611898004451,0.03,0.03,0.0,0.058198652393419155,0.0,266.1672616772141,0.0,0.0,112.648454465,281.574119568,0.0,0.0,0.0,0.0,0.00840274345574,2.00903564604e-05,0.0,0.578154920465,0.0,0.576435005542,0.0445622760178,0.0,0.0,0.0,0.0,0.16580836210552644,0.16580836210552644,0.16580836210552644,0.5005291398554087,0.5005291398554087,0.5005291398554087
