Name,FitNum,RedChiSq,lf,AlignMag,Temp,pA,pB,pC,dwB,dwC,kexAB,kexAC,kexBC,k12,k21,k13,k31,k23,k32,tau1,tau2,tau3,dG12,dG13,ddG12,ddG21,ddG13,ddG31,ddG23,ddG32,R1,R1b,R1c,R2,R2b,R2c,pA_err,pB_err,pC_err,dwB_err,dwC_err,kexAB_err,kexAC_err,kexBC_err,k12_err,k21_err,k13_err,k31_err,k23_err,k32_err,tau1_err,tau2_err,tau3_err,dG12_err,dG13_err,ddG12_err,ddG21_err,ddG13_err,ddG31_err,ddG23_err,ddG32_err,R1_err,R1b_err,R1c_err,R2_err,R2b_err,R2c_err
hpGBCm6A_m6AC2_55C,1,0.5184193140567056,150.7,auto,298.15,0.97,0.03,0.0,2.6176013631959147,0.0,182.2793412063227,0.0,0.0,5.46838023619,176.81096097,0.0,0.0,0.0,0.0,0.182869507388,0.00565575796044,0.0,2.05953545938,0.0,16.4465422568,14.3870067974,0.0,0.0,0.0,0.0,4.39956654767587,4.39956654767587,4.39956654767587,13.994763460381725,13.994763460381725,13.994763460381725,0.03,0.03,0.0,0.0217779819057865,0.0,1.8295388639190946,0.0,0.0,5.30714892222,5.59573135434,0.0,0.0,0.0,0.0,0.177477729624,0.000178994005678,0.0,0.575321406269,0.0,0.575015756167,0.0187510178564,0.0,0.0,0.0,0.0,0.03386367757815566,0.03386367757815566,0.03386367757815566,0.04042818974399612,0.04042818974399612,0.04042818974399612
