Name,FitNum,RedChiSq,lf,AlignMag,Temp,pA,pB,pC,dwB,dwC,kexAB,kexAC,kexBC,k12,k21,k13,k31,k23,k32,tau1,tau2,tau3,dG12,dG13,ddG12,ddG21,ddG13,ddG31,ddG23,ddG32,R1,R1b,R1c,R2,R2b,R2c,pA_err,pB_err,pC_err,dwB_err,dwC_err,kexAB_err,kexAC_err,kexBC_err,k12_err,k21_err,k13_err,k31_err,k23_err,k32_err,tau1_err,tau2_err,tau3_err,dG12_err,dG13_err,ddG12_err,ddG21_err,ddG13_err,ddG31_err,ddG23_err,ddG32_err,R1_err,R1b_err,R1c_err,R2_err,R2b_err,R2c_err
gc8,1,0.6440452030797607,176.04,auto,298.15,0.97,0.03,0.0,1.2747141875409231,0.0,4412.793272820015,0.0,0.0,132.383798185,4280.40947464,0.0,0.0,0.0,0.0,0.00755379445002,0.000233622508764,0.0,2.05953545938,0.0,14.5584575924,12.498922133,0.0,0.0,0.0,0.0,2.0060171622339658,2.0060171622339658,2.0060171622339658,26.72169178466548,26.72169178466548,26.72169178466548,0.03,0.03,0.0,0.0650297882285425,0.0,330.8310845622119,0.0,0.0,128.856478116,345.667826206,0.0,0.0,0.0,0.0,0.00735252623499,1.88663690322e-05,0.0,0.578679624537,0.0,0.576698199678,0.0478465708536,0.0,0.0,0.0,0.0,0.20495013139701715,0.20495013139701715,0.20495013139701715,0.6162448996696427,0.6162448996696427,0.6162448996696427
