Name,FitNum,N,DF,K,ChiSq,RedChiSq,Rsq,AdjRsq,AIC,BIC,RSS,TSS,SDR
gc1p,1,196,189,7,121.72454338207476,0.6440452030797607,0.9806849438938089,0.9799657662728337,-78.76964096443155,-56.418583030669,121.72454338207473,6302.054869157659,0.802524269464644
