Name,FitNum,N,DF,K,ChiSq,RedChiSq,Rsq,AdjRsq,AIC,BIC,RSS,TSS,SDR
gc8,1,196,189,7,121.72454338207476,0.6440452030797607,0.9887421227394411,0.9883229464584627,-78.76964096443155,-56.418583030669,121.72454338207473,10812.388567117056,0.802524269464644
