Name,FitNum,RedChiSq,lf,AlignMag,Temp,pA,pB,pC,dwB,dwC,kexAB,kexAC,kexBC,k12,k21,k13,k31,k23,k32,tau1,tau2,tau3,dG12,dG13,ddG12,ddG21,ddG13,ddG31,ddG23,ddG32,R1,R1b,R1c,R2,R2b,R2c,pA_err,pB_err,pC_err,dwB_err,dwC_err,kexAB_err,kexAC_err,kexBC_err,k12_err,k21_err,k13_err,k31_err,k23_err,k32_err,tau1_err,tau2_err,tau3_err,dG12_err,dG13_err,ddG12_err,ddG21_err,ddG13_err,ddG31_err,ddG23_err,ddG32_err,R1_err,R1b_err,R1c_err,R2_err,R2b_err,R2c_err
ac8,1,4.886233096433872,150.7,auto,298.15,0.996,0.004,0.0,5.3405296972491305,0.0,3539.5886380229163,0.0,0.0,14.1583545521,3525.43028347,0.0,0.0,0.0,0.0,0.0706296763738,0.00028365331877,0.0,3.26900669389,0.0,15.8828982301,12.6138915362,0.0,0.0,0.0,0.0,3.009486624864691,3.009486624864691,3.009486624864691,31.073701163705707,31.073701163705707,31.073701163705707,0.004,0.004,0.0,1.0252746274433513,0.0,1579.917809531098,0.0,0.0,15.4531547213,1573.66132398,0.0,0.0,0.0,0.0,0.0770888532917,0.000126615539459,0.0,0.698658848615,0.0,0.646668259434,0.26446993967,0.0,0.0,0.0,0.0,0.9929813988352564,0.9929813988352564,0.9929813988352564,2.2903569246235853,2.2903569246235853,2.2903569246235853
