Name,FitNum,N,DF,K,ChiSq,RedChiSq,Rsq,AdjRsq,AIC,BIC,RSS,TSS,SDR
ac8,1,219,212,7,1035.881416443981,4.886233096433872,0.9386244330383274,0.9365882767884142,354.842838646765,378.0355350682768,1035.8814164439807,16877.749041257106,2.2104825483214907
