Name,FitNum,N,DF,K,ChiSq,RedChiSq,Rsq,AdjRsq,AIC,BIC,RSS,TSS,SDR
G7C8_pH5.3HS_25C,1,280,270,10,287.6662389301325,1.0654305145560463,0.9723025126068414,0.9712728662353485,28.38101131792554,63.91106348344703,287.66623893013247,10386.004869206554,1.0321969359361838
