Name,FitNum,N,DF,K,ChiSq,RedChiSq,Rsq,AdjRsq,AIC,BIC,RSS,TSS,SDR
A16_C8_Off,1,106,102,4,60.88653880126744,0.5969268509928181,0.9927100079541102,0.9924212953978373,-50.37322044295544,-40.115503670467575,60.88653880126744,8352.072048637714,0.7726104134638738
