Name,FitNum,RedChiSq,lf,AlignMag,Temp,pA,pB,pC,dwB,dwC,kexAB,kexAC,kexBC,k12,k21,k13,k31,k23,k32,tau1,tau2,tau3,dG12,dG13,ddG12,ddG21,ddG13,ddG31,ddG23,ddG32,R1,R1b,R1c,R2,R2b,R2c,pA_err,pB_err,pC_err,dwB_err,dwC_err,kexAB_err,kexAC_err,kexBC_err,k12_err,k21_err,k13_err,k31_err,k23_err,k32_err,tau1_err,tau2_err,tau3_err,dG12_err,dG13_err,ddG12_err,ddG21_err,ddG13_err,ddG31_err,ddG23_err,ddG32_err,R1_err,R1b_err,R1c_err,R2_err,R2b_err,R2c_err
A16_C8_Off,1,1.7062455919506216,150.7,auto,298.15,0.999,0.001,0.0,5.262980522965475,0.0,3100.64273930038,0.0,0.0,3.1006427393,3097.54209656,0.0,0.0,0.0,0.0,0.322513776684,0.000322836613297,0.0,4.0921468707,0.0,16.7827021238,12.6905552531,0.0,0.0,0.0,0.0,2.506677866951322,2.506677866951322,2.506677866951322,27.773893141349014,27.773893141349014,27.773893141349014,0.001,0.001,0.0,0.8200099060834599,0.0,1940.6991560353629,0.0,0.0,3.65528246079,1938.76093134,0.0,0.0,0.0,0.0,0.38020470283,0.000202064408991,0.0,0.790808498506,0.0,0.698467799424,0.370837989529,0.0,0.0,0.0,0.0,0.20417141706022843,0.20417141706022843,0.20417141706022843,0.6191987542840994,0.6191987542840994,0.6191987542840994
