Name,FitNum,RedChiSq,lf,AlignMag,Temp,pA,pB,pC,dwB,dwC,kexAB,kexAC,kexBC,k12,k21,k13,k31,k23,k32,tau1,tau2,tau3,dG12,dG13,ddG12,ddG21,ddG13,ddG31,ddG23,ddG32,R1,R1b,R1c,R2,R2b,R2c,pA_err,pB_err,pC_err,dwB_err,dwC_err,kexAB_err,kexAC_err,kexBC_err,k12_err,k21_err,k13_err,k31_err,k23_err,k32_err,tau1_err,tau2_err,tau3_err,dG12_err,dG13_err,ddG12_err,ddG21_err,ddG13_err,ddG31_err,ddG23_err,ddG32_err,R1_err,R1b_err,R1c_err,R2_err,R2b_err,R2c_err
ac1p,1,0.12158218683384643,176.04,auto,298.15,0.9945,0.0055,0.0,3.110078145210206,0.0,3004.209011302013,0.0,0.0,16.5231495622,2987.68586174,0.0,0.0,0.0,0.0,0.0605211492057,0.000334707210288,0.0,3.07943474608,0.0,15.7913845029,12.7119497568,0.0,0.0,0.0,0.0,1.4757476577840054,1.4757476577840054,1.4757476577840054,18.01537598088069,18.01537598088069,18.01537598088069,0.0055,0.0055,0.0,0.042153705956608375,0.0,111.61080815541916,0.0,0.0,16.4439853156,112.206730871,0.0,0.0,0.0,0.0,0.0602311856514,1.25703984968e-05,0.0,0.590065795726,0.0,0.589646088592,0.0222515953285,0.0,0.0,0.0,0.0,0.06929489038260804,0.06929489038260804,0.06929489038260804,0.15695420027672705,0.15695420027672705,0.15695420027672705
