Name,FitNum,RedChiSq,lf,AlignMag,Temp,pA,pB,pC,dwB,dwC,kexAB,kexAC,kexBC,k12,k21,k13,k31,k23,k32,tau1,tau2,tau3,dG12,dG13,ddG12,ddG21,ddG13,ddG31,ddG23,ddG32,R1,R1b,R1c,R2,R2b,R2c,pA_err,pB_err,pC_err,dwB_err,dwC_err,kexAB_err,kexAC_err,kexBC_err,k12_err,k21_err,k13_err,k31_err,k23_err,k32_err,tau1_err,tau2_err,tau3_err,dG12_err,dG13_err,ddG12_err,ddG21_err,ddG13_err,ddG31_err,ddG23_err,ddG32_err,R1_err,R1b_err,R1c_err,R2_err,R2b_err,R2c_err
gc1p,1,0.17435770838117529,176.04,avg,298.15,0.996,0.004,0.0,3.556346662900894,0.0,1004.3808992070674,0.0,0.0,4.01752359683,1000.36337561,0.0,0.0,0.0,0.0,0.24890955234,0.000999636756384,0.0,3.26900669389,0.0,16.6292152365,13.3602085427,0.0,0.0,0.0,0.0,1.21575315434219,1.21575315434219,1.21575315434219,18.066699059642314,18.066699059642314,18.066699059642314,0.004,0.004,0.0,0.07326739648573256,0.0,30.286064475950127,0.0,0.0,4.00331916181,30.4291685746,0.0,0.0,0.0,0.0,0.248029502857,3.04070661871e-05,0.0,0.590664958468,0.0,0.590389948226,0.0180222694488,0.0,0.0,0.0,0.0,0.060436215763045975,0.060436215763045975,0.060436215763045975,0.0894828589480817,0.0894828589480817,0.0894828589480817
