Name,FitNum,N,DF,K,ChiSq,RedChiSq,Rsq,AdjRsq,AIC,BIC,RSS,TSS,SDR
A16_C8_Off,1,95,91,4,61.50518051844151,0.6758811045982583,0.9953375451839372,0.9951303249698901,-32.85732656058881,-23.08626343863109,61.5051805184415,13191.587467303481,0.8221198845656625
