Name,FitNum,RedChiSq,lf,AlignMag,Temp,pA,pB,pC,dwB,dwC,kexAB,kexAC,kexBC,k12,k21,k13,k31,k23,k32,tau1,tau2,tau3,dG12,dG13,ddG12,ddG21,ddG13,ddG31,ddG23,ddG32,R1,R1b,R1c,R2,R2b,R2c,pA_err,pB_err,pC_err,dwB_err,dwC_err,kexAB_err,kexAC_err,kexBC_err,k12_err,k21_err,k13_err,k31_err,k23_err,k32_err,tau1_err,tau2_err,tau3_err,dG12_err,dG13_err,ddG12_err,ddG21_err,ddG13_err,ddG31_err,ddG23_err,ddG32_err,R1_err,R1b_err,R1c_err,R2_err,R2b_err,R2c_err
gc8,1,0.13320519161482444,150.7,auto,298.15,0.9935,0.0065,0.0,3.135431114301966,0.0,1824.1048740538945,0.0,0.0,11.8566816814,1812.24819237,0.0,0.0,0.0,0.0,0.0843406297711,0.000551800798703,0.0,2.97986168751,0.0,15.9880129128,13.0081512253,0.0,0.0,0.0,0.0,1.971288542776561,1.971288542776561,1.971288542776561,20.89863155115584,20.89863155115584,20.89863155115584,0.0065,0.0065,0.0,0.030957964262854534,0.0,51.734182487842745,0.0,0.0,11.7846640536,52.7305453343,0.0,0.0,0.0,0.0,0.0838283437669,1.60556137697e-05,0.0,0.589138273129,0.0,0.588885989371,0.0172393847834,0.0,0.0,0.0,0.0,0.057540755377889954,0.057540755377889954,0.057540755377889954,0.10349003081590279,0.10349003081590279,0.10349003081590279
