Name,FitNum,RedChiSq,lf,AlignMag,Temp,pA,pB,pC,dwB,dwC,kexAB,kexAC,kexBC,k12,k21,k13,k31,k23,k32,tau1,tau2,tau3,dG12,dG13,ddG12,ddG21,ddG13,ddG31,ddG23,ddG32,R1,R1b,R1c,R2,R2b,R2c,pA_err,pB_err,pC_err,dwB_err,dwC_err,kexAB_err,kexAC_err,kexBC_err,k12_err,k21_err,k13_err,k31_err,k23_err,k32_err,tau1_err,tau2_err,tau3_err,dG12_err,dG13_err,ddG12_err,ddG21_err,ddG13_err,ddG31_err,ddG23_err,ddG32_err,R1_err,R1b_err,R1c_err,R2_err,R2b_err,R2c_err
A6RNAm6A_C2_37,1,4.426455228657275,150.88,auto,298.15,0.92,0.08,0.0,2.3575151788143636,0.0,10.000000000000002,0.0,0.0,0.8,9.2,0.0,0.0,0.0,0.0,1.25,0.108695652174,0.0,1.44705336996,0.0,17.5853726009,16.1383192309,0.0,0.0,0.0,0.0,4.46064234777932,4.46064234777932,4.46064234777932,20.695168537524005,20.695168537524005,20.695168537524005,0.08,0.08,0.0,0.005007794420146868,0.0,1.713931926562186,0.0,0.0,0.751393639149,1.74130555217,0.0,0.0,0.0,0.0,1.17405256117,0.0205730807204,0.0,0.567673253637,0.0,0.556486589514,0.112140976394,0.0,0.0,0.0,0.0,0.10097036432646654,0.10097036432646654,0.10097036432646654,0.10611469150056434,0.10611469150056434,0.10611469150056434
