Name,FitNum,RedChiSq,lf,AlignMag,Temp,pA,pB,pC,dwB,dwC,kexAB,kexAC,kexBC,k12,k21,k13,k31,k23,k32,tau1,tau2,tau3,dG12,dG13,ddG12,ddG21,ddG13,ddG31,ddG23,ddG32,R1,R1b,R1c,R2,R2b,R2c,pA_err,pB_err,pC_err,dwB_err,dwC_err,kexAB_err,kexAC_err,kexBC_err,k12_err,k21_err,k13_err,k31_err,k23_err,k32_err,tau1_err,tau2_err,tau3_err,dG12_err,dG13_err,ddG12_err,ddG21_err,ddG13_err,ddG31_err,ddG23_err,ddG32_err,R1_err,R1b_err,R1c_err,R2_err,R2b_err,R2c_err
G10_C8_Off,1,16.421220000715433,176.04,auto,298.15,0.999,0.001,0.0,6.798000779682201,0.0,4688.1174453261165,0.0,0.0,4.68811744533,4683.42932788,0.0,0.0,0.0,0.0,0.213305236411,0.000213518755167,0.0,4.0921468707,0.0,16.5377560841,12.4456092134,0.0,0.0,0.0,0.0,3.8590060480649897,3.8590060480649897,3.8590060480649897,54.76484339747877,54.76484339747877,54.76484339747877,0.001,0.001,0.0,8.224442892726687,0.0,21682.485937243597,0.0,0.0,22.1825320617,21660.8039576,0.0,0.0,0.0,0.0,1.00928577426,0.000987521658415,0.0,3.9202180923,0.0,2.80343060763,2.74023479275,0.0,0.0,0.0,0.0,2.212723586081636,2.212723586081636,2.212723586081636,7.8147122734558465,7.8147122734558465,7.8147122734558465
