Name,FitNum,N,DF,K,ChiSq,RedChiSq,Rsq,AdjRsq,AIC,BIC,RSS,TSS,SDR
hpGBCm6A_m6AC2_55C,1,91,87,4,19.768622104718443,0.2272255414335453,0.9875466752539053,0.9869674508471102,-130.47036841206236,-120.89204666506473,19.768622104718443,1587.4172165082093,0.47668180312819297
