Name,FitNum,RedChiSq,lf,AlignMag,Temp,pA,pB,pC,dwB,dwC,kexAB,kexAC,kexBC,k12,k21,k13,k31,k23,k32,tau1,tau2,tau3,dG12,dG13,ddG12,ddG21,ddG13,ddG31,ddG23,ddG32,R1,R1b,R1c,R2,R2b,R2c,pA_err,pB_err,pC_err,dwB_err,dwC_err,kexAB_err,kexAC_err,kexBC_err,k12_err,k21_err,k13_err,k31_err,k23_err,k32_err,tau1_err,tau2_err,tau3_err,dG12_err,dG13_err,ddG12_err,ddG21_err,ddG13_err,ddG31_err,ddG23_err,ddG32_err,R1_err,R1b_err,R1c_err,R2_err,R2b_err,R2c_err
hpGBCm6A_m6AC2_55C,1,0.2272255414335453,150.7,auto,298.15,0.988,0.012,0.0,2.628514159085787,0.0,536.2706861209834,0.0,0.0,6.43524823345,529.835437888,0.0,0.0,0.0,0.0,0.15539416099,0.00188737847356,0.0,2.6133175392,0.0,16.3500810229,13.7367634837,0.0,0.0,0.0,0.0,4.455204450785906,4.455204450785906,4.455204450785906,13.71235150294009,13.71235150294009,13.71235150294009,0.012,0.012,0.0,0.015736359253391285,0.0,4.312008979853,0.0,0.0,6.35870474074,7.65377719219,0.0,0.0,0.0,0.0,0.153545838843,2.72642659985e-05,0.0,0.585500050352,0.0,0.585437491288,0.00855878247004,0.0,0.0,0.0,0.0,0.022228511074061503,0.022228511074061503,0.022228511074061503,0.029232202501698473,0.029232202501698473,0.029232202501698473
