Name,FitNum,RedChiSq,lf,AlignMag,Temp,pA,pB,pC,dwB,dwC,kexAB,kexAC,kexBC,k12,k21,k13,k31,k23,k32,tau1,tau2,tau3,dG12,dG13,ddG12,ddG21,ddG13,ddG31,ddG23,ddG32,R1,R1b,R1c,R2,R2b,R2c,pA_err,pB_err,pC_err,dwB_err,dwC_err,kexAB_err,kexAC_err,kexBC_err,k12_err,k21_err,k13_err,k31_err,k23_err,k32_err,tau1_err,tau2_err,tau3_err,dG12_err,dG13_err,ddG12_err,ddG21_err,ddG13_err,ddG31_err,ddG23_err,ddG32_err,R1_err,R1b_err,R1c_err,R2_err,R2b_err,R2c_err
gc1p,1,0.9373749440929,150.88,auto,298.15,0.97,0.03,0.0,1.1607500094262766,0.0,6358.075306982393,0.0,0.0,190.742259209,6167.33304777,0.0,0.0,0.0,0.0,0.00524267671016,0.00016214464052,0.0,2.05953545938,0.0,14.3420716024,12.282536143,0.0,0.0,0.0,0.0,2.9403890661823953,2.9403890661823953,2.9403890661823953,12.031042798211848,12.031042798211848,12.031042798211848,0.03,0.03,0.0,0.09392454752509605,0.0,649.1846027983071,0.0,0.0,186.130164568,656.352533142,0.0,0.0,0.0,0.0,0.00511591024916,1.72560886069e-05,0.0,0.581586872582,0.0,0.578158632872,0.0630546238985,0.0,0.0,0.0,0.0,0.11342358187240789,0.11342358187240789,0.11342358187240789,0.4746677967360257,0.4746677967360257,0.4746677967360257
