Name,FitNum,RedChiSq,lf,AlignMag,Temp,pA,pB,pC,dwB,dwC,kexAB,kexAC,kexBC,k12,k21,k13,k31,k23,k32,tau1,tau2,tau3,dG12,dG13,ddG12,ddG21,ddG13,ddG31,ddG23,ddG32,R1,R1b,R1c,R2,R2b,R2c,pA_err,pB_err,pC_err,dwB_err,dwC_err,kexAB_err,kexAC_err,kexBC_err,k12_err,k21_err,k13_err,k31_err,k23_err,k32_err,tau1_err,tau2_err,tau3_err,dG12_err,dG13_err,ddG12_err,ddG21_err,ddG13_err,ddG31_err,ddG23_err,ddG32_err,R1_err,R1b_err,R1c_err,R2_err,R2b_err,R2c_err
A16_C8_Off,1,1.18169914815842,176.04,auto,298.15,0.98,0.02,0.0,4.411758849804384,0.0,421.899313054803,0.0,0.0,8.4379862611,413.461326794,0.0,0.0,0.0,0.0,0.118511688578,0.00241860588935,0.0,2.30584417206,0.0,16.189545343,13.8837011709,0.0,0.0,0.0,0.0,0.10000000000000002,0.10000000000000002,0.10000000000000002,31.126551856572945,31.126551856572945,31.126551856572945,0.02,0.02,0.0,0.17622088720218132,0.0,27.514262845937758,0.0,0.0,8.28923405451,28.2039833138,0.0,0.0,0.0,0.0,0.116422460812,0.000164983556443,0.0,0.583441431909,0.0,0.582039909208,0.0404159443426,0.0,0.0,0.0,0.0,0.3527548378708327,0.3527548378708327,0.3527548378708327,0.5069477186198571,0.5069477186198571,0.5069477186198571
