Name,FitNum,N,DF,K,ChiSq,RedChiSq,Rsq,AdjRsq,AIC,BIC,RSS,TSS,SDR
A16_C8_Off,1,95,91,4,107.53462248241622,1.18169914815842,0.9918482424690015,0.9914859421342905,20.218361947632292,29.989425069590013,107.53462248241622,13191.587467303481,1.0870598641098015
