Name,FitNum,N,DF,K,ChiSq,RedChiSq,Rsq,AdjRsq,AIC,BIC,RSS,TSS,SDR
G_C1p_Off_clean,1,253,248,5,66.5724406058083,0.2684372605072915,0.9393024984631725,0.9380738041000788,-327.77999678951085,-310.11304934587326,66.5724406058083,1096.790459577916,0.5181093132798247
