Name,FitNum,RedChiSq,lf,AlignMag,Temp,pA,pB,pC,dwB,dwC,kexAB,kexAC,kexBC,k12,k21,k13,k31,k23,k32,tau1,tau2,tau3,dG12,dG13,ddG12,ddG21,ddG13,ddG31,ddG23,ddG32,R1,R1b,R1c,R2,R2b,R2c,pA_err,pB_err,pC_err,dwB_err,dwC_err,kexAB_err,kexAC_err,kexBC_err,k12_err,k21_err,k13_err,k31_err,k23_err,k32_err,tau1_err,tau2_err,tau3_err,dG12_err,dG13_err,ddG12_err,ddG21_err,ddG13_err,ddG31_err,ddG23_err,ddG32_err,R1_err,R1b_err,R1c_err,R2_err,R2b_err,R2c_err
A16_C8_Off,1,0.3664809833458385,150.7,auto,298.15,0.95,0.05,0.0,2.8091644979913437,0.0,42.97677356336993,0.0,0.0,2.14883867817,40.8279348852,0.0,0.0,0.0,0.0,0.46536764726,0.0244930340663,0.0,1.7445351892,0.0,16.9999555446,15.2554203554,0.0,0.0,0.0,0.0,2.4539704700088096,2.4539704700088096,2.4539704700088096,30.1508166254852,30.1508166254852,30.1508166254852,0.05,0.05,0.0,0.021693483715027606,0.0,2.364263488581642,0.0,0.0,2.0476373681,3.03703579998,0.0,0.0,0.0,0.0,0.443450778374,0.0018219442526,0.0,0.566298799573,0.0,0.564581196434,0.0440727016536,0.0,0.0,0.0,0.0,0.07596883540975093,0.07596883540975093,0.07596883540975093,0.12344931460413443,0.12344931460413443,0.12344931460413443
