Name,FitNum,N,DF,K,ChiSq,RedChiSq,Rsq,AdjRsq,AIC,BIC,RSS,TSS,SDR
hpGBCm6A_m6A_C2_65C,1,91,87,4,4098.024709157275,47.10373228916408,-0.40739724186704107,-0.4728575786980662,354.9385937954901,364.5169155424877,4098.024709157276,2911.7754300277525,6.86321588536774
