Name,FitNum,RedChiSq,lf,AlignMag,Temp,pA,pB,pC,dwB,dwC,kexAB,kexAC,kexBC,k12,k21,k13,k31,k23,k32,tau1,tau2,tau3,dG12,dG13,ddG12,ddG21,ddG13,ddG31,ddG23,ddG32,R1,R1b,R1c,R2,R2b,R2c,pA_err,pB_err,pC_err,dwB_err,dwC_err,kexAB_err,kexAC_err,kexBC_err,k12_err,k21_err,k13_err,k31_err,k23_err,k32_err,tau1_err,tau2_err,tau3_err,dG12_err,dG13_err,ddG12_err,ddG21_err,ddG13_err,ddG31_err,ddG23_err,ddG32_err,R1_err,R1b_err,R1c_err,R2_err,R2b_err,R2c_err
A16_C8_Off,1,0.23287664368576416,150.7,auto,298.15,0.98,0.02,0.0,0.7801395734235169,0.0,4022.2848995222103,0.0,0.0,80.4456979904,3941.83920153,0.0,0.0,0.0,0.0,0.0124307455213,0.000253688684108,0.0,2.30584417206,0.0,14.8535877948,12.5477436227,0.0,0.0,0.0,0.0,2.2433497113356022,2.2433497113356022,2.2433497113356022,21.956268188478084,21.956268188478084,21.956268188478084,0.02,0.02,0.0,0.06979477437270325,0.0,636.2610208758001,0.0,0.0,79.8733895305,628.501966245,0.0,0.0,0.0,0.0,0.0123423104526,4.04490971407e-05,0.0,0.595806536653,0.0,0.588269681554,0.0944680415946,0.0,0.0,0.0,0.0,0.053190900368441034,0.053190900368441034,0.053190900368441034,0.20289792982092703,0.20289792982092703,0.20289792982092703
