Name,FitNum,N,DF,K,ChiSq,RedChiSq,Rsq,AdjRsq,AIC,BIC,RSS,TSS,SDR
A16_C8_Off,1,111,107,4,24.917800874376766,0.23287664368576416,0.9953398176442092,0.9951639617062549,-157.45084272555326,-146.99008041086995,24.917800874376756,5346.958331665673,0.48257294131122197
