Name,FitNum,RedChiSq,lf,AlignMag,Temp,pA,pB,pC,dwB,dwC,kexAB,kexAC,kexBC,k12,k21,k13,k31,k23,k32,tau1,tau2,tau3,dG12,dG13,ddG12,ddG21,ddG13,ddG31,ddG23,ddG32,R1,R1b,R1c,R2,R2b,R2c,pA_err,pB_err,pC_err,dwB_err,dwC_err,kexAB_err,kexAC_err,kexBC_err,k12_err,k21_err,k13_err,k31_err,k23_err,k32_err,tau1_err,tau2_err,tau3_err,dG12_err,dG13_err,ddG12_err,ddG21_err,ddG13_err,ddG31_err,ddG23_err,ddG32_err,R1_err,R1b_err,R1c_err,R2_err,R2b_err,R2c_err
G_C1p_Off,1,0.24647611433467528,150.88,auto,298.15,0.999,0.001,0.0,2.8682506702182686,0.0,2482.399833043594,0.0,0.0,2.48239983304,2479.91743321,0.0,0.0,0.0,0.0,0.402835992288,0.00040323923152,0.0,4.0921468707,0.0,16.9144610498,12.8223141791,0.0,0.0,0.0,0.0,2.2007188148878605,2.2007188148878605,2.2007188148878605,13.892160821029618,13.892160821029618,13.892160821029618,0.001,0.001,0.0,0.15739199108172378,0.0,339.37641388552,0.0,0.0,2.50303275811,339.046107151,0.0,0.0,0.0,0.0,0.406184238099,5.51295336959e-05,0.0,0.602875841368,0.0,0.5974092954,0.0810025547498,0.0,0.0,0.0,0.0,0.03294757605552531,0.03294757605552531,0.03294757605552531,0.07767065435765998,0.07767065435765998,0.07767065435765998
