Name,FitNum,N,DF,K,ChiSq,RedChiSq,Rsq,AdjRsq,AIC,BIC,RSS,TSS,SDR
G_C8_Off,1,199,192,7,47.32341395225765,0.24647611433467528,0.9880027565651834,0.9875630670152163,-271.2372413516929,-248.77049501317643,47.32341395225766,3944.5239408015236,0.4964636082681945
