Name,FitNum,RedChiSq,lf,AlignMag,Temp,pA,pB,pC,dwB,dwC,kexAB,kexAC,kexBC,k12,k21,k13,k31,k23,k32,tau1,tau2,tau3,dG12,dG13,ddG12,ddG21,ddG13,ddG31,ddG23,ddG32,R1,R1b,R1c,R2,R2b,R2c,pA_err,pB_err,pC_err,dwB_err,dwC_err,kexAB_err,kexAC_err,kexBC_err,k12_err,k21_err,k13_err,k31_err,k23_err,k32_err,tau1_err,tau2_err,tau3_err,dG12_err,dG13_err,ddG12_err,ddG21_err,ddG13_err,ddG31_err,ddG23_err,ddG32_err,R1_err,R1b_err,R1c_err,R2_err,R2b_err,R2c_err
G_C8_Off,1,0.17925097754402552,150.88,auto,298.15,0.9995,0.0005,0.0,4.27,0.0,288.0638055581936,0.0,0.0,0.144031902779,287.919773655,0.0,0.0,0.0,0.0,6.94290626386,0.00347318972679,0.0,4.50312246865,0.0,18.6012332683,14.0981107996,0.0,0.0,0.0,0.0,0.9571321555006381,0.9571321555006381,0.9571321555006381,32.205544548080645,32.205544548080645,32.205544548080645,0.0005,0.0005,0.0,4.27,0.0,455.6519503687181,0.0,0.0,0.269497920531,455.424147146,0.0,0.0,0.0,0.0,12.9908635826,0.00549380283653,0.0,1.45165065359,0.0,1.108597503,0.937177249191,0.0,0.0,0.0,0.0,0.09987692327059815,0.09987692327059815,0.09987692327059815,0.19195090044050528,0.19195090044050528,0.19195090044050528
