Name,FitNum,RedChiSq,lf,AlignMag,Temp,pA,pB,pC,dwB,dwC,kexAB,kexAC,kexBC,k12,k21,k13,k31,k23,k32,tau1,tau2,tau3,dG12,dG13,ddG12,ddG21,ddG13,ddG31,ddG23,ddG32,R1,R1b,R1c,R2,R2b,R2c,pA_err,pB_err,pC_err,dwB_err,dwC_err,kexAB_err,kexAC_err,kexBC_err,k12_err,k21_err,k13_err,k31_err,k23_err,k32_err,tau1_err,tau2_err,tau3_err,dG12_err,dG13_err,ddG12_err,ddG21_err,ddG13_err,ddG31_err,ddG23_err,ddG32_err,R1_err,R1b_err,R1c_err,R2_err,R2b_err,R2c_err
A6RNAm6A_C2_37,1,0.3735867342421049,150.88,auto,298.15,0.989,0.011,0.0,1.8450680012164482,0.0,109.52170059906076,0.0,0.0,1.20473870659,108.316961892,0.0,0.0,0.0,0.0,0.830055508742,0.00923216440462,0.0,2.66546983069,0.0,17.3428056395,14.6773358088,0.0,0.0,0.0,0.0,4.544361600090011,4.544361600090011,4.544361600090011,21.02241338388608,21.02241338388608,21.02241338388608,0.011,0.011,0.0,0.07490170277325801,0.0,6.443958560494273,0.0,0.0,1.19366677425,6.48350993327,0.0,0.0,0.0,0.0,0.822427034299,0.000552608091818,0.0,0.588109883792,0.0,0.587039625384,0.0354642586687,0.0,0.0,0.0,0.0,0.03028512963102165,0.03028512963102165,0.03028512963102165,0.031588976904948655,0.031588976904948655,0.031588976904948655
