Name,FitNum,N,DF,K,ChiSq,RedChiSq,Rsq,AdjRsq,AIC,BIC,RSS,TSS,SDR
ra16_c8_10c,1,222,218,4,815.5481307867512,3.741046471498859,0.9800891951793727,0.9797221757356745,296.86263896894485,310.47334849643397,815.5481307867514,40960.078617307096,1.934178500423076
