Name,FitNum,RedChiSq,lf,AlignMag,Temp,pA,pB,pC,dwB,dwC,kexAB,kexAC,kexBC,k12,k21,k13,k31,k23,k32,tau1,tau2,tau3,dG12,dG13,ddG12,ddG21,ddG13,ddG31,ddG23,ddG32,R1,R1b,R1c,R2,R2b,R2c,pA_err,pB_err,pC_err,dwB_err,dwC_err,kexAB_err,kexAC_err,kexBC_err,k12_err,k21_err,k13_err,k31_err,k23_err,k32_err,tau1_err,tau2_err,tau3_err,dG12_err,dG13_err,ddG12_err,ddG21_err,ddG13_err,ddG31_err,ddG23_err,ddG32_err,R1_err,R1b_err,R1c_err,R2_err,R2b_err,R2c_err
A21_C1p_Off,1,0.4635089687167095,150.88,auto,298.15,0.95,0.05,0.0,2.207033743802876,0.0,44.28999154480659,0.0,0.0,2.21449957724,42.0754919676,0.0,0.0,0.0,0.0,0.451569289187,0.0237668046941,0.0,1.7445351892,0.0,16.9821224013,15.2375872121,0.0,0.0,0.0,0.0,1.8387339455267504,1.8387339455267504,1.8387339455267504,16.467652369806007,16.467652369806007,16.467652369806007,0.05,0.05,0.0,0.06363032759396679,0.0,3.438535548003422,0.0,0.0,2.11369023239,3.88701176251,0.0,0.0,0.0,0.0,0.431012769482,0.00219562137204,0.0,0.568156078085,0.0,0.565513418674,0.0547348368459,0.0,0.0,0.0,0.0,0.08575395218306973,0.08575395218306973,0.08575395218306973,0.12279125215873915,0.12279125215873915,0.12279125215873915
