Name,FitNum,N,DF,K,ChiSq,RedChiSq,Rsq,AdjRsq,AIC,BIC,RSS,TSS,SDR
A16_C8_Off,1,106,102,4,71.49535606699486,0.7009348634019104,0.991439806116297,0.9911007885367444,-33.34745963918157,-23.0897428666937,71.49535606699487,8352.072048637714,0.8372185278658795
