Name,FitNum,RedChiSq,lf,AlignMag,Temp,pA,pB,pC,dwB,dwC,kexAB,kexAC,kexBC,k12,k21,k13,k31,k23,k32,tau1,tau2,tau3,dG12,dG13,ddG12,ddG21,ddG13,ddG31,ddG23,ddG32,R1,R1b,R1c,R2,R2b,R2c,pA_err,pB_err,pC_err,dwB_err,dwC_err,kexAB_err,kexAC_err,kexBC_err,k12_err,k21_err,k13_err,k31_err,k23_err,k32_err,tau1_err,tau2_err,tau3_err,dG12_err,dG13_err,ddG12_err,ddG21_err,ddG13_err,ddG31_err,ddG23_err,ddG32_err,R1_err,R1b_err,R1c_err,R2_err,R2b_err,R2c_err
A16_C8_Off,1,0.7009348634019104,150.7,auto,298.15,0.998,0.002,0.0,4.517974436322732,0.0,3008.8353288270705,0.0,0.0,6.01767065765,3002.81765817,0.0,0.0,0.0,0.0,0.166177256432,0.000333020553972,0.0,3.68087436261,0.0,16.3898309227,12.7089565601,0.0,0.0,0.0,0.0,2.7815802262373177,2.7815802262373177,2.7815802262373177,25.867238794652344,25.867238794652344,25.867238794652344,0.002,0.002,0.0,0.26984620544684484,0.0,675.206740156479,0.0,0.0,6.15560045569,673.883088378,0.0,0.0,0.0,0.0,0.16998617133,7.47354468205e-05,0.0,0.620478902217,0.0,0.606064970611,0.13296360214,0.0,0.0,0.0,0.0,0.13834391673539334,0.13834391673539334,0.13834391673539334,0.3835771453084926,0.3835771453084926,0.3835771453084926
