Name,FitNum,N,DF,K,ChiSq,RedChiSq,Rsq,AdjRsq,AIC,BIC,RSS,TSS,SDR
G_C8_Off_clean,1,253,248,5,63.88284116057496,0.2575921014539313,0.9815755160992845,0.9812025508381363,-338.2136885300987,-320.5467410864611,63.882841160574955,3467.2798166191255,0.5075353204003946
