Name,FitNum,N,DF,K,ChiSq,RedChiSq,Rsq,AdjRsq,AIC,BIC,RSS,TSS,SDR
G_C1p_Off_clean,1,253,248,5,63.88284116057496,0.2575921014539313,0.9417547439415553,0.94057569017519,-338.2136885300987,-320.5467410864611,63.882841160574955,1096.790459577916,0.5075353204003946
