Name,FitNum,RedChiSq,lf,AlignMag,Temp,pA,pB,pC,dwB,dwC,kexAB,kexAC,kexBC,k12,k21,k13,k31,k23,k32,tau1,tau2,tau3,dG12,dG13,ddG12,ddG21,ddG13,ddG31,ddG23,ddG32,R1,R1b,R1c,R2,R2b,R2c,pA_err,pB_err,pC_err,dwB_err,dwC_err,kexAB_err,kexAC_err,kexBC_err,k12_err,k21_err,k13_err,k31_err,k23_err,k32_err,tau1_err,tau2_err,tau3_err,dG12_err,dG13_err,ddG12_err,ddG21_err,ddG13_err,ddG31_err,ddG23_err,ddG32_err,R1_err,R1b_err,R1c_err,R2_err,R2b_err,R2c_err
G_C1p_Off_clean,1,0.2575921014539313,150.88,avg,298.15,0.9996,0.0004,0.0,4.12,0.0,3819.698115045238,0.0,0.0,1.52787924602,3818.1702358,0.0,0.0,0.0,0.0,0.654501985419,0.00026190555639,0.0,4.63539089476,0.0,17.2020206235,12.5666297287,0.0,0.0,0.0,0.0,2.3595550563444845,2.3595550563444845,2.3595550563444845,11.670435548897025,11.670435548897025,11.670435548897025,0.0004,0.0004,0.0,4.12,0.0,817.9856533169427,0.0,0.0,1.56192326639,817.659885413,0.0,0.0,0.0,0.0,0.669085519413,5.60869877459e-05,0.0,0.61883332255,0.0,0.605686422332,0.126880411813,0.0,0.0,0.0,0.0,0.049106626866249545,0.049106626866249545,0.049106626866249545,0.05657277764489864,0.05657277764489864,0.05657277764489864
