Name,FitNum,N,DF,K,ChiSq,RedChiSq,Rsq,AdjRsq,AIC,BIC,RSS,TSS,SDR
ac1p,1,209,202,7,116.19674518828822,0.575231411823209,0.9778904388471047,0.9771204541303372,-108.13611450837813,-85.29698867497271,116.1967451882882,5255.497582459783,0.7584401174932724
