Name,FitNum,RedChiSq,lf,AlignMag,Temp,pA,pB,pC,dwB,dwC,kexAB,kexAC,kexBC,k12,k21,k13,k31,k23,k32,tau1,tau2,tau3,dG12,dG13,ddG12,ddG21,ddG13,ddG31,ddG23,ddG32,R1,R1b,R1c,R2,R2b,R2c,pA_err,pB_err,pC_err,dwB_err,dwC_err,kexAB_err,kexAC_err,kexBC_err,k12_err,k21_err,k13_err,k31_err,k23_err,k32_err,tau1_err,tau2_err,tau3_err,dG12_err,dG13_err,ddG12_err,ddG21_err,ddG13_err,ddG31_err,ddG23_err,ddG32_err,R1_err,R1b_err,R1c_err,R2_err,R2b_err,R2c_err
G_C1p_Off,1,0.2598745408131145,150.88,auto,298.15,0.9985,0.0015,0.0,4.555866895322322,0.0,537.5479066857089,0.0,0.0,0.806321860029,536.741584826,0.0,0.0,0.0,0.0,1.24019954012,0.00186309395111,0.0,3.85161836479,0.0,17.5807089963,13.7290906315,0.0,0.0,0.0,0.0,2.1107036036963076,2.1107036036963076,2.1107036036963076,14.153922045462492,14.153922045462492,14.153922045462492,0.0015,0.0015,0.0,0.2555635244085584,0.0,35.89699858816179,0.0,0.0,0.806911854215,35.8521942265,0.0,0.0,0.0,0.0,1.24110700717,0.000124447235105,0.0,0.594237588487,0.0,0.592918276217,0.0395756149591,0.0,0.0,0.0,0.0,0.03274291058690049,0.03274291058690049,0.03274291058690049,0.05006431938527991,0.05006431938527991,0.05006431938527991
