Name,FitNum,N,DF,K,ChiSq,RedChiSq,Rsq,AdjRsq,AIC,BIC,RSS,TSS,SDR
G_C8_Off,1,199,192,7,49.89591183611799,0.2598745408131145,0.9873505871469044,0.9868869960999324,-260.7033973040168,-238.23665096550033,49.89591183611799,3944.5239408015236,0.5097789136607305
