Name,FitNum,N,DF,K,ChiSq,RedChiSq,Rsq,AdjRsq,AIC,BIC,RSS,TSS,SDR
A16_C8_Off,1,111,107,4,22.681159311544207,0.21197345150975894,0.9957581193073411,0.9955980483378069,-167.8901539674503,-157.42939165276698,22.681159311544203,5346.958331665673,0.46040574660809663
