Name,FitNum,RedChiSq,lf,AlignMag,Temp,pA,pB,pC,dwB,dwC,kexAB,kexAC,kexBC,k12,k21,k13,k31,k23,k32,tau1,tau2,tau3,dG12,dG13,ddG12,ddG21,ddG13,ddG31,ddG23,ddG32,R1,R1b,R1c,R2,R2b,R2c,pA_err,pB_err,pC_err,dwB_err,dwC_err,kexAB_err,kexAC_err,kexBC_err,k12_err,k21_err,k13_err,k31_err,k23_err,k32_err,tau1_err,tau2_err,tau3_err,dG12_err,dG13_err,ddG12_err,ddG21_err,ddG13_err,ddG31_err,ddG23_err,ddG32_err,R1_err,R1b_err,R1c_err,R2_err,R2b_err,R2c_err
A16_C8_Off,1,0.21197345150975894,150.7,auto,298.15,0.9985,0.0015,0.0,2.702723506093916,0.0,2870.156140627029,0.0,0.0,4.30523421094,2865.85090642,0.0,0.0,0.0,0.0,0.232275400362,0.000348936505302,0.0,3.85161836479,0.0,16.5882355261,12.7366171613,0.0,0.0,0.0,0.0,2.1283977067736344,2.1283977067736344,2.1283977067736344,22.228777115270812,22.228777115270812,22.228777115270812,0.0015,0.0015,0.0,0.17890987303017025,0.0,506.8485080242624,0.0,0.0,4.36549362233,506.106492144,0.0,0.0,0.0,0.0,0.235526507787,6.16218486049e-05,0.0,0.609821007398,0.0,0.600777626929,0.104632232347,0.0,0.0,0.0,0.0,0.05445380115043931,0.05445380115043931,0.05445380115043931,0.1499918109636396,0.1499918109636396,0.1499918109636396
