Name,FitNum,RedChiSq,lf,AlignMag,Temp,pA,pB,pC,dwB,dwC,kexAB,kexAC,kexBC,k12,k21,k13,k31,k23,k32,tau1,tau2,tau3,dG12,dG13,ddG12,ddG21,ddG13,ddG31,ddG23,ddG32,R1,R1b,R1c,R2,R2b,R2c,pA_err,pB_err,pC_err,dwB_err,dwC_err,kexAB_err,kexAC_err,kexBC_err,k12_err,k21_err,k13_err,k31_err,k23_err,k32_err,tau1_err,tau2_err,tau3_err,dG12_err,dG13_err,ddG12_err,ddG21_err,ddG13_err,ddG31_err,ddG23_err,ddG32_err,R1_err,R1b_err,R1c_err,R2_err,R2b_err,R2c_err
A21_C1p_Off,1,0.4660194872497242,150.7,avg,298.15,0.95,0.05,0.0,0.43731434576649286,0.0,3345.8357471289437,0.0,0.0,167.291787356,3178.54395977,0.0,0.0,0.0,0.0,0.00597757974735,0.000314609460387,0.0,1.7445351892,0.0,14.4197958675,12.6752606783,0.0,0.0,0.0,0.0,1.9964887141524736,1.9964887141524736,1.9964887141524736,14.284460318736022,14.284460318736022,14.284460318736022,0.05,0.05,0.0,0.0695690806273264,0.0,1204.9779401386454,0.0,0.0,170.169768779,1155.73889906,0.0,0.0,0.0,0.0,0.00608041422439,0.000114394010586,0.0,0.640024033892,0.0,0.602677479377,0.215431241494,0.0,0.0,0.0,0.0,0.08606448199598969,0.08606448199598969,0.08606448199598969,0.30918390583816036,0.30918390583816036,0.30918390583816036
