Name,FitNum,N,DF,K,ChiSq,RedChiSq,Rsq,AdjRsq,AIC,BIC,RSS,TSS,SDR
ra16_c8_15c,1,100,96,4,55.26390184798075,0.5756656442497995,0.9960345484058655,0.9958675820229546,-50.88397337667056,-40.88434526429714,55.263901847980726,13936.34508859575,0.7587263302731752
