Name,FitNum,N,DF,K,ChiSq,RedChiSq,Rsq,AdjRsq,AIC,BIC,RSS,TSS,SDR
A16_C8_Off,1,106,102,4,27.123443416523862,0.26591611192670456,0.996752489291451,0.9966238750059639,-136.0862713592235,-125.82855458673562,27.123443416523855,8352.072048637714,0.5156705459173565
