Name,FitNum,RedChiSq,lf,AlignMag,Temp,pA,pB,pC,dwB,dwC,kexAB,kexAC,kexBC,k12,k21,k13,k31,k23,k32,tau1,tau2,tau3,dG12,dG13,ddG12,ddG21,ddG13,ddG31,ddG23,ddG32,R1,R1b,R1c,R2,R2b,R2c,pA_err,pB_err,pC_err,dwB_err,dwC_err,kexAB_err,kexAC_err,kexBC_err,k12_err,k21_err,k13_err,k31_err,k23_err,k32_err,tau1_err,tau2_err,tau3_err,dG12_err,dG13_err,ddG12_err,ddG21_err,ddG13_err,ddG31_err,ddG23_err,ddG32_err,R1_err,R1b_err,R1c_err,R2_err,R2b_err,R2c_err
A16_C8_Off,1,0.26591611192670456,150.7,auto,298.15,0.996,0.004,0.0,3.2455018761074044,0.0,2839.6733513578683,0.0,0.0,11.3586934054,2828.31465795,0.0,0.0,0.0,0.0,0.0880382949259,0.000353567449502,0.0,3.26900669389,0.0,16.0134353516,12.7444286577,0.0,0.0,0.0,0.0,2.835324257932472,2.835324257932472,2.835324257932472,25.06037855918037,25.06037855918037,25.06037855918037,0.004,0.004,0.0,0.082699047912708,0.0,239.80429625243605,0.0,0.0,11.3539412891,239.112868077,0.0,0.0,0.0,0.0,0.0880014625014,2.98914856136e-05,0.0,0.594351357862,0.0,0.592236872105,0.0500901578264,0.0,0.0,0.0,0.0,0.07585249115045738,0.07585249115045738,0.07585249115045738,0.20789348508516756,0.20789348508516756,0.20789348508516756
