Name,FitNum,RedChiSq,lf,AlignMag,Temp,pA,pB,pC,dwB,dwC,kexAB,kexAC,kexBC,k12,k21,k13,k31,k23,k32,tau1,tau2,tau3,dG12,dG13,ddG12,ddG21,ddG13,ddG31,ddG23,ddG32,R1,R1b,R1c,R2,R2b,R2c,pA_err,pB_err,pC_err,dwB_err,dwC_err,kexAB_err,kexAC_err,kexBC_err,k12_err,k21_err,k13_err,k31_err,k23_err,k32_err,tau1_err,tau2_err,tau3_err,dG12_err,dG13_err,ddG12_err,ddG21_err,ddG13_err,ddG31_err,ddG23_err,ddG32_err,R1_err,R1b_err,R1c_err,R2_err,R2b_err,R2c_err
c15_c6,1,1.3026417031220165,176.002098,auto,298.15,0.92,0.08,0.0,0.9719510659982826,0.0,34.49777548088662,0.0,0.0,2.75982203847,31.7379534424,0.0,0.0,0.0,0.0,0.362342203976,0.031508017737,0.0,1.44705336996,0.0,16.8516929595,15.4046395896,0.0,0.0,0.0,0.0,1.9447801593209182,1.9447801593209182,1.9447801593209182,33.59969772689843,33.59969772689843,33.59969772689843,0.08,0.08,0.0,0.036276023688692274,0.0,9.342366214027654,0.0,0.0,2.65594471373,8.96488035409,0.0,0.0,0.0,0.0,0.348703955471,0.00889993142498,0.0,0.594237465818,0.0,0.570184133199,0.167356565542,0.0,0.0,0.0,0.0,0.09487363808912286,0.09487363808912286,0.09487363808912286,0.2162167863234864,0.2162167863234864,0.2162167863234864
