Name,FitNum,RedChiSq,lf,AlignMag,Temp,pA,pB,pC,dwB,dwC,kexAB,kexAC,kexBC,k12,k21,k13,k31,k23,k32,tau1,tau2,tau3,dG12,dG13,ddG12,ddG21,ddG13,ddG31,ddG23,ddG32,R1,R1b,R1c,R2,R2b,R2c,pA_err,pB_err,pC_err,dwB_err,dwC_err,kexAB_err,kexAC_err,kexBC_err,k12_err,k21_err,k13_err,k31_err,k23_err,k32_err,tau1_err,tau2_err,tau3_err,dG12_err,dG13_err,ddG12_err,ddG21_err,ddG13_err,ddG31_err,ddG23_err,ddG32_err,R1_err,R1b_err,R1c_err,R2_err,R2b_err,R2c_err
hpGBCm6A_m6A_C2_65C,1,17.970533226488904,150.88,auto,298.15,0.97,0.03,0.0,1.45711374935706,0.0,1381.3511865164899,0.0,0.0,41.4405355955,1339.91065092,0.0,0.0,0.0,0.0,0.0241309622482,0.000746318420047,0.0,2.05953545938,0.0,15.246596482,13.1870610226,0.0,0.0,0.0,0.0,5.714168302081078,5.714168302081078,5.714168302081078,11.668391003439007,11.668391003439007,11.668391003439007,0.03,0.03,0.0,0.03340771595343259,0.0,143.2341055669202,0.0,0.0,40.4454508134,144.640530105,0.0,0.0,0.0,0.0,0.0235515210569,8.05635001326e-05,0.0,0.581784012818,0.0,0.578257795771,0.0639574796278,0.0,0.0,0.0,0.0,0.2474047318439225,0.2474047318439225,0.2474047318439225,0.43641467675709017,0.43641467675709017,0.43641467675709017
