Name,FitNum,RedChiSq,lf,AlignMag,Temp,pA,pB,pC,dwB,dwC,kexAB,kexAC,kexBC,k12,k21,k13,k31,k23,k32,tau1,tau2,tau3,dG12,dG13,ddG12,ddG21,ddG13,ddG31,ddG23,ddG32,R1,R1b,R1c,R2,R2b,R2c,pA_err,pB_err,pC_err,dwB_err,dwC_err,kexAB_err,kexAC_err,kexBC_err,k12_err,k21_err,k13_err,k31_err,k23_err,k32_err,tau1_err,tau2_err,tau3_err,dG12_err,dG13_err,ddG12_err,ddG21_err,ddG13_err,ddG31_err,ddG23_err,ddG32_err,R1_err,R1b_err,R1c_err,R2_err,R2b_err,R2c_err
ac8,1,1.0044834486020444,176.04,auto,298.15,0.9,0.1,0.0,0.7367370569570969,0.0,5915.836292717439,0.0,0.0,591.583629272,5324.25266345,0.0,0.0,0.0,0.0,0.001690378081,0.000187819786778,0.0,1.30182205197,0.0,13.6714499826,12.3696279306,0.0,0.0,0.0,0.0,2.0708137280021486,2.0708137280021486,2.0708137280021486,25.61933280421083,25.61933280421083,25.61933280421083,0.1,0.1,0.0,0.05918161419662514,0.0,587.130864875305,0.0,0.0,538.9096424,752.463769668,0.0,0.0,0.0,0.0,0.00153986858675,2.65441168387e-05,0.0,0.546187237379,0.0,0.539730527274,0.0837344385784,0.0,0.0,0.0,0.0,0.2088509554738787,0.2088509554738787,0.2088509554738787,0.8346181341829555,0.8346181341829555,0.8346181341829555
