Name,FitNum,N,DF,K,ChiSq,RedChiSq,Rsq,AdjRsq,AIC,BIC,RSS,TSS,SDR
ac1p,1,196,189,7,189.8473717857864,1.0044834486020444,0.9635319247501692,0.9621740708844841,8.344478289166796,30.69553622292935,189.84737178578638,5205.8511584503685,1.0022392172540668
