Name,FitNum,RedChiSq,lf,AlignMag,Temp,pA,pB,pC,dwB,dwC,kexAB,kexAC,kexBC,k12,k21,k13,k31,k23,k32,tau1,tau2,tau3,dG12,dG13,ddG12,ddG21,ddG13,ddG31,ddG23,ddG32,R1,R1b,R1c,R2,R2b,R2c,pA_err,pB_err,pC_err,dwB_err,dwC_err,kexAB_err,kexAC_err,kexBC_err,k12_err,k21_err,k13_err,k31_err,k23_err,k32_err,tau1_err,tau2_err,tau3_err,dG12_err,dG13_err,ddG12_err,ddG21_err,ddG13_err,ddG31_err,ddG23_err,ddG32_err,R1_err,R1b_err,R1c_err,R2_err,R2b_err,R2c_err
gc8,1,1.8096474456350164,176.04,auto,298.15,0.9995,0.0005,0.0,4.450408525321159,0.0,3047.049661840204,0.0,0.0,1.52352483092,3045.52613701,0.0,0.0,0.0,0.0,0.656372629907,0.000328350490199,0.0,4.50312246865,0.0,17.2037115999,12.7005891313,0.0,0.0,0.0,0.0,2.312456955444389,2.312456955444389,2.312456955444389,28.78170635554936,28.78170635554936,28.78170635554936,0.0005,0.0005,0.0,1.4015471981431802,0.0,2774.2195146874287,0.0,0.0,2.05982558048,2772.83282306,0.0,0.0,0.0,0.0,0.887424416046,0.000298950321137,0.0,0.965746283327,0.0,0.801047161849,0.539434266851,0.0,0.0,0.0,0.0,0.19775310945854152,0.19775310945854152,0.19775310945854152,0.5266698059828753,0.5266698059828753,0.5266698059828753
