Name,FitNum,N,DF,K,ChiSq,RedChiSq,Rsq,AdjRsq,AIC,BIC,RSS,TSS,SDR
gc8,1,190,183,7,331.165482551208,1.8096474456350164,0.9547808685121831,0.9530416711472671,120.1782684735302,142.292052363269,331.165482551208,7323.570171630386,1.3452313725285387
