Name,FitNum,N,DF,K,ChiSq,RedChiSq,Rsq,AdjRsq,AIC,BIC,RSS,TSS,SDR
ac8,1,209,202,7,119.71062492661832,0.592626856072368,0.9870666070871189,0.9866161904185111,-101.90947406855409,-79.07034823514867,119.71062492661831,9255.93351512513,0.7698226133807501
