Name,FitNum,RedChiSq,lf,AlignMag,Temp,pA,pB,pC,dwB,dwC,kexAB,kexAC,kexBC,k12,k21,k13,k31,k23,k32,tau1,tau2,tau3,dG12,dG13,ddG12,ddG21,ddG13,ddG31,ddG23,ddG32,R1,R1b,R1c,R2,R2b,R2c,pA_err,pB_err,pC_err,dwB_err,dwC_err,kexAB_err,kexAC_err,kexBC_err,k12_err,k21_err,k13_err,k31_err,k23_err,k32_err,tau1_err,tau2_err,tau3_err,dG12_err,dG13_err,ddG12_err,ddG21_err,ddG13_err,ddG31_err,ddG23_err,ddG32_err,R1_err,R1b_err,R1c_err,R2_err,R2b_err,R2c_err
ac1p,1,0.6775133929293913,150.7,auto,298.15,0.95,0.05,0.0,2.776762516345206,0.0,47.78281752018194,0.0,0.0,2.38914087601,45.3936766442,0.0,0.0,0.0,0.0,0.418560500154,0.0220295000081,0.0,1.7445351892,0.0,16.9371484353,15.1926132461,0.0,0.0,0.0,0.0,1.6282152946374426,1.6282152946374426,1.6282152946374426,22.362338834113046,22.362338834113046,22.362338834113046,0.05,0.05,0.0,0.06918009547678018,0.0,3.5882583244032897,0.0,0.0,2.27989554103,4.09706745129,0.0,0.0,0.0,0.0,0.39942149395,0.00198830220691,0.0,0.567916177387,0.0,0.565392920399,0.0534755093557,0.0,0.0,0.0,0.0,0.11390772274749177,0.11390772274749177,0.11390772274749177,0.13281524199035702,0.13281524199035702,0.13281524199035702
