Name,FitNum,N,DF,K,ChiSq,RedChiSq,Rsq,AdjRsq,AIC,BIC,RSS,TSS,SDR
ac8,1,209,202,7,136.85770537173704,0.6775133929293913,0.9852140569994267,0.9846991236610981,-73.93182125024634,-51.092695416840925,136.85770537173707,9255.93351512513,0.8231120172427271
