Name,FitNum,N,DF,K,ChiSq,RedChiSq,Rsq,AdjRsq,AIC,BIC,RSS,TSS,SDR
A16_C8_Off,1,106,102,4,54.74982629798112,0.5367630029213836,0.9934447612545546,0.9931851478388934,-61.63443959041063,-51.376722817922754,54.749826297981116,8352.072048637714,0.7326411146812493
