Name,FitNum,RedChiSq,lf,AlignMag,Temp,pA,pB,pC,dwB,dwC,kexAB,kexAC,kexBC,k12,k21,k13,k31,k23,k32,tau1,tau2,tau3,dG12,dG13,ddG12,ddG21,ddG13,ddG31,ddG23,ddG32,R1,R1b,R1c,R2,R2b,R2c,pA_err,pB_err,pC_err,dwB_err,dwC_err,kexAB_err,kexAC_err,kexBC_err,k12_err,k21_err,k13_err,k31_err,k23_err,k32_err,tau1_err,tau2_err,tau3_err,dG12_err,dG13_err,ddG12_err,ddG21_err,ddG13_err,ddG31_err,ddG23_err,ddG32_err,R1_err,R1b_err,R1c_err,R2_err,R2b_err,R2c_err
gc1p,1,0.27675072617245966,176.04,auto,298.15,0.991,0.009,0.0,2.23202869138403,0.0,3208.467877838372,0.0,0.0,28.8762109005,3179.59166694,0.0,0.0,0.0,0.0,0.0346305823657,0.000314505793432,0.0,2.78556109659,0.0,15.4606265131,12.6750654165,0.0,0.0,0.0,0.0,1.5516733289326685,1.5516733289326685,1.5516733289326685,19.833682102430554,19.833682102430554,19.833682102430554,0.009,0.009,0.0,0.0497929873369714,0.0,159.7822554765078,0.0,0.0,28.6536133363,160.909453039,0.0,0.0,0.0,0.0,0.0343636261743,1.5916180598e-05,0.0,0.588681564718,0.0,0.587917471615,0.0299838491432,0.0,0.0,0.0,0.0,0.1035600650336635,0.1035600650336635,0.1035600650336635,0.2536276769549519,0.2536276769549519,0.2536276769549519
