Name,FitNum,N,DF,K,ChiSq,RedChiSq,Rsq,AdjRsq,AIC,BIC,RSS,TSS,SDR
A16_C8_Off,1,104,100,4,29.522700036085407,0.2952270003608541,0.9959933955486185,0.995831512540482,-122.55602924724796,-112.38250605472288,29.522700036085414,7368.508769540807,0.5433479551455532
