Name,FitNum,N,DF,K,ChiSq,RedChiSq,Rsq,AdjRsq,AIC,BIC,RSS,TSS,SDR
ac8,1,209,202,7,67.4209298653712,0.3337669795315406,0.9927159232771932,0.9924622489634635,-221.90094484567277,-199.06181901226736,67.42092986537119,9255.93351512513,0.5777256957514877
