Name,FitNum,RedChiSq,lf,AlignMag,Temp,pA,pB,pC,dwB,dwC,kexAB,kexAC,kexBC,k12,k21,k13,k31,k23,k32,tau1,tau2,tau3,dG12,dG13,ddG12,ddG21,ddG13,ddG31,ddG23,ddG32,R1,R1b,R1c,R2,R2b,R2c,pA_err,pB_err,pC_err,dwB_err,dwC_err,kexAB_err,kexAC_err,kexBC_err,k12_err,k21_err,k13_err,k31_err,k23_err,k32_err,tau1_err,tau2_err,tau3_err,dG12_err,dG13_err,ddG12_err,ddG21_err,ddG13_err,ddG31_err,ddG23_err,ddG32_err,R1_err,R1b_err,R1c_err,R2_err,R2b_err,R2c_err
ac8,1,0.3337669795315406,150.7,auto,298.15,0.975,0.025,0.0,1.2013097398916386,0.0,4696.900580170768,0.0,0.0,117.422514504,4579.47806567,0.0,0.0,0.0,0.0,0.00851625435055,0.000218365496168,0.0,2.17060440196,0.0,14.6295122743,12.4589078723,0.0,0.0,0.0,0.0,2.49391095026988,2.49391095026988,2.49391095026988,29.57126073408826,29.57126073408826,29.57126073408826,0.025,0.025,0.0,0.05119668009684583,0.0,277.79550637017564,0.0,0.0,114.734960191,294.067912703,0.0,0.0,0.0,0.0,0.00832133520574,1.40221843502e-05,0.0,0.580172834024,0.0,0.578924019514,0.0380459849173,0.0,0.0,0.0,0.0,0.10114150338588147,0.10114150338588147,0.10114150338588147,0.28372483386349684,0.28372483386349684,0.28372483386349684
