Name,FitNum,N,DF,K,ChiSq,RedChiSq,Rsq,AdjRsq,AIC,BIC,RSS,TSS,SDR
gc8,1,212,205,7,103.12096551495743,0.5030291000729631,0.9707894177836941,0.969787093884115,-138.2358936412296,-115.28880932636866,103.12096551495748,3530.260531999712,0.7092454441679293
