Name,FitNum,N,DF,K,ChiSq,RedChiSq,Rsq,AdjRsq,AIC,BIC,RSS,TSS,SDR
ac8,1,219,212,7,1901.547830150119,8.969565236557164,0.8873340381171774,0.8835963047845719,487.8668391869369,511.05953560844864,1901.547830150119,16877.749041257106,2.9949232438506943
