Name,FitNum,RedChiSq,lf,AlignMag,Temp,pA,pB,pC,dwB,dwC,kexAB,kexAC,kexBC,k12,k21,k13,k31,k23,k32,tau1,tau2,tau3,dG12,dG13,ddG12,ddG21,ddG13,ddG31,ddG23,ddG32,R1,R1b,R1c,R2,R2b,R2c,pA_err,pB_err,pC_err,dwB_err,dwC_err,kexAB_err,kexAC_err,kexBC_err,k12_err,k21_err,k13_err,k31_err,k23_err,k32_err,tau1_err,tau2_err,tau3_err,dG12_err,dG13_err,ddG12_err,ddG21_err,ddG13_err,ddG31_err,ddG23_err,ddG32_err,R1_err,R1b_err,R1c_err,R2_err,R2b_err,R2c_err
ac8,1,8.969565236557164,150.7,auto,298.15,0.9997,0.0003,0.0,7.019462091095388,0.0,4436.093390177345,0.0,0.0,1.33082801705,4434.76256216,0.0,0.0,0.0,0.0,0.751411893337,0.000225491215366,0.0,4.80589740444,0.0,17.283830528,12.4779331235,0.0,0.0,0.0,0.0,4.245495425500338,4.245495425500338,4.245495425500338,37.277100563232736,37.277100563232736,37.277100563232736,0.0003,0.0003,0.0,21.307800663436357,0.0,31606.883060042244,0.0,0.0,9.57494626498,31597.4010231,0.0,0.0,0.0,0.0,5.40620456541,0.00160661055902,0.0,5.99929461395,0.0,4.26276690961,4.22141612961,0.0,0.0,0.0,0.0,1.355698434986608,1.355698434986608,1.355698434986608,3.5997236901283216,3.5997236901283216,3.5997236901283216
