Name,FitNum,N,DF,K,ChiSq,RedChiSq,Rsq,AdjRsq,AIC,BIC,RSS,TSS,SDR
ac1p,1,219,212,7,1901.547830150119,8.969565236557164,0.881189771221193,0.8772481996503322,487.8668391869369,511.05953560844864,1901.547830150119,16004.916829933014,2.9949232438506943
