Name,FitNum,RedChiSq,lf,AlignMag,Temp,pA,pB,pC,dwB,dwC,kexAB,kexAC,kexBC,k12,k21,k13,k31,k23,k32,tau1,tau2,tau3,dG12,dG13,ddG12,ddG21,ddG13,ddG31,ddG23,ddG32,R1,R1b,R1c,R2,R2b,R2c,pA_err,pB_err,pC_err,dwB_err,dwC_err,kexAB_err,kexAC_err,kexBC_err,k12_err,k21_err,k13_err,k31_err,k23_err,k32_err,tau1_err,tau2_err,tau3_err,dG12_err,dG13_err,ddG12_err,ddG21_err,ddG13_err,ddG31_err,ddG23_err,ddG32_err,R1_err,R1b_err,R1c_err,R2_err,R2b_err,R2c_err
c15_c6,1,0.5748378494729044,176.002098,auto,298.15,0.998,0.002,0.0,4.829610009210051,0.0,5957.048889474177,0.0,0.0,11.9140977789,5945.1347917,0.0,0.0,0.0,0.0,0.0839341776905,0.000168204764911,0.0,3.68087436261,0.0,15.9851507241,12.3042763615,0.0,0.0,0.0,0.0,1.7367642679234936,1.7367642679234936,1.7367642679234936,30.168618307585007,30.168618307585007,30.168618307585007,0.002,0.002,0.0,0.4923436799308938,0.0,990.1454033089472,0.0,0.0,12.054071106,988.236646075,0.0,0.0,0.0,0.0,0.0849202822465,2.79600242137e-05,0.0,0.60748216889,0.0,0.59944558328,0.0984864366599,0.0,0.0,0.0,0.0,0.06827873766191203,0.06827873766191203,0.06827873766191203,0.5402059536126851,0.5402059536126851,0.5402059536126851
