Name,FitNum,N,DF,K,ChiSq,RedChiSq,Rsq,AdjRsq,AIC,BIC,RSS,TSS,SDR
c15_c6,1,138,134,4,149.8350943579153,1.1181723459545918,0.9922726114903251,0.99204020882838,19.65561726686184,31.06388012779141,149.83509435791532,19390.13344162995,1.0574366864992872
