Name,FitNum,N,DF,K,ChiSq,RedChiSq,Rsq,AdjRsq,AIC,BIC,RSS,TSS,SDR
ac1p,1,219,212,7,872.0383239850692,4.1133883206842885,0.945514348293635,0.9437067674313385,317.1366054277484,340.3293018492601,872.0383239850693,16004.916829933014,2.0281489887787556
