Name,FitNum,RedChiSq,lf,AlignMag,Temp,pA,pB,pC,dwB,dwC,kexAB,kexAC,kexBC,k12,k21,k13,k31,k23,k32,tau1,tau2,tau3,dG12,dG13,ddG12,ddG21,ddG13,ddG31,ddG23,ddG32,R1,R1b,R1c,R2,R2b,R2c,pA_err,pB_err,pC_err,dwB_err,dwC_err,kexAB_err,kexAC_err,kexBC_err,k12_err,k21_err,k13_err,k31_err,k23_err,k32_err,tau1_err,tau2_err,tau3_err,dG12_err,dG13_err,ddG12_err,ddG21_err,ddG13_err,ddG31_err,ddG23_err,ddG32_err,R1_err,R1b_err,R1c_err,R2_err,R2b_err,R2c_err
ac8,1,4.1133883206842885,150.7,auto,298.15,0.995,0.005,0.0,5.001413407384799,0.0,3347.928370777652,0.0,0.0,16.7396418539,3331.18872892,0.0,0.0,0.0,0.0,0.0597384345931,0.000300193138659,0.0,3.13620237989,0.0,15.7836719696,12.6474695897,0.0,0.0,0.0,0.0,2.7852003463427386,2.7852003463427386,2.7852003463427386,30.134842288042815,30.134842288042815,30.134842288042815,0.005,0.005,0.0,0.7259416032016751,0.0,1130.406392138552,0.0,0.0,17.5890002379,1124.87768144,0.0,0.0,0.0,0.0,0.0627695233529,0.00010136938771,0.0,0.653905993154,0.0,0.622547034171,0.200070582864,0.0,0.0,0.0,0.0,0.907814937144221,0.907814937144221,0.907814937144221,2.0292795712197496,2.0292795712197496,2.0292795712197496
