Name,FitNum,RedChiSq,lf,AlignMag,Temp,pA,pB,pC,dwB,dwC,kexAB,kexAC,kexBC,k12,k21,k13,k31,k23,k32,tau1,tau2,tau3,dG12,dG13,ddG12,ddG21,ddG13,ddG31,ddG23,ddG32,R1,R1b,R1c,R2,R2b,R2c,pA_err,pB_err,pC_err,dwB_err,dwC_err,kexAB_err,kexAC_err,kexBC_err,k12_err,k21_err,k13_err,k31_err,k23_err,k32_err,tau1_err,tau2_err,tau3_err,dG12_err,dG13_err,ddG12_err,ddG21_err,ddG13_err,ddG31_err,ddG23_err,ddG32_err,R1_err,R1b_err,R1c_err,R2_err,R2b_err,R2c_err
ra16_c8_15c,1,0.8923772047148377,150.784186,auto,298.15,0.999,0.001,0.0,5.391513168976337,0.0,4746.01697290327,0.0,0.0,4.7460169729,4741.27095593,0.0,0.0,0.0,0.0,0.210702996999,0.00021091391091,0.0,4.0921468707,0.0,16.530483553,12.4383366823,0.0,0.0,0.0,0.0,1.7687753706287996,1.7687753706287996,1.7687753706287996,34.103729123572,34.103729123572,34.103729123572,0.001,0.001,0.0,0.43480287034403137,0.0,833.7500662159429,0.0,0.0,4.81402243193,832.929810597,0.0,0.0,0.0,0.0,0.213722150557,3.70526142673e-05,0.0,0.609921381977,0.0,0.600974435624,0.10408563743,0.0,0.0,0.0,0.0,0.05756361385385696,0.05756361385385696,0.05756361385385696,0.23317452923723328,0.23317452923723328,0.23317452923723328
