Name,FitNum,N,DF,K,ChiSq,RedChiSq,Rsq,AdjRsq,AIC,BIC,RSS,TSS,SDR
ac1p,1,195,188,7,157.2417540396883,0.8363923087217462,0.9933546211055742,0.9931058636068524,-27.368014583726836,-5.05594815506403,157.24175403968826,23661.819218703065,0.9145448642476465
