Name,FitNum,RedChiSq,lf,AlignMag,Temp,pA,pB,pC,dwB,dwC,kexAB,kexAC,kexBC,k12,k21,k13,k31,k23,k32,tau1,tau2,tau3,dG12,dG13,ddG12,ddG21,ddG13,ddG31,ddG23,ddG32,R1,R1b,R1c,R2,R2b,R2c,pA_err,pB_err,pC_err,dwB_err,dwC_err,kexAB_err,kexAC_err,kexBC_err,k12_err,k21_err,k13_err,k31_err,k23_err,k32_err,tau1_err,tau2_err,tau3_err,dG12_err,dG13_err,ddG12_err,ddG21_err,ddG13_err,ddG31_err,ddG23_err,ddG32_err,R1_err,R1b_err,R1c_err,R2_err,R2b_err,R2c_err
ac1p,1,0.8363923087217462,176.04,auto,298.15,0.98,0.02,0.0,3.6026124350116207,0.0,2340.8583289973117,0.0,0.0,46.8171665799,2294.04116242,0.0,0.0,0.0,0.0,0.0213596864794,0.000435911968967,0.0,2.30584417206,0.0,15.1743190183,12.8684748463,0.0,0.0,0.0,0.0,1.155026785068059,1.155026785068059,1.155026785068059,20.23619398219261,20.23619398219261,20.23619398219261,0.02,0.02,0.0,0.06001200308007357,0.0,107.62402703951281,0.0,0.0,45.9408299148,115.02249259,0.0,0.0,0.0,0.0,0.0209598699636,2.18564871641e-05,0.0,0.582152916877,0.0,0.58139445559,0.0297069964374,0.0,0.0,0.0,0.0,0.34428250822541523,0.34428250822541523,0.34428250822541523,0.6268717511929442,0.6268717511929442,0.6268717511929442
