Name,FitNum,N,DF,K,ChiSq,RedChiSq,Rsq,AdjRsq,AIC,BIC,RSS,TSS,SDR
ac8,1,195,188,7,157.2417540396883,0.8363923087217462,0.9941060277932745,0.9938853978176216,-27.368014583726836,-5.05594815506403,157.24175403968826,26678.40100437922,0.9145448642476465
