Name,FitNum,N,DF,K,ChiSq,RedChiSq,Rsq,AdjRsq,AIC,BIC,RSS,TSS,SDR
A16_C8_Off,1,106,102,4,77.99640976848306,0.7646706840047359,0.9906614299644116,0.9902915856065666,-24.1222478876873,-13.86453111519943,77.99640976848305,8352.072048637714,0.8744545065380679
