Name,FitNum,N,DF,K,ChiSq,RedChiSq,Rsq,AdjRsq,AIC,BIC,RSS,TSS,SDR
A6RNAm6A_C2_37,1,93,89,4,34.59045824335013,0.38865683419494523,0.9882919958565719,0.9877598138500525,-83.52446543196625,-73.84861291389868,34.59045824335014,2954.428254346537,0.6234234790212392
