Name,FitNum,RedChiSq,lf,AlignMag,Temp,pA,pB,pC,dwB,dwC,kexAB,kexAC,kexBC,k12,k21,k13,k31,k23,k32,tau1,tau2,tau3,dG12,dG13,ddG12,ddG21,ddG13,ddG31,ddG23,ddG32,R1,R1b,R1c,R2,R2b,R2c,pA_err,pB_err,pC_err,dwB_err,dwC_err,kexAB_err,kexAC_err,kexBC_err,k12_err,k21_err,k13_err,k31_err,k23_err,k32_err,tau1_err,tau2_err,tau3_err,dG12_err,dG13_err,ddG12_err,ddG21_err,ddG13_err,ddG31_err,ddG23_err,ddG32_err,R1_err,R1b_err,R1c_err,R2_err,R2b_err,R2c_err
A6RNAm6A_C2_37,1,0.38865683419494523,150.88,auto,298.15,0.997,0.003,0.0,1.9122572877229451,0.0,494.8390950892168,0.0,0.0,1.48451728527,493.354577804,0.0,0.0,0.0,0.0,0.673619640488,0.00202693974069,0.0,3.44004850013,0.0,17.2190788525,13.7790303524,0.0,0.0,0.0,0.0,4.542935970783924,4.542935970783924,4.542935970783924,20.97189969436979,20.97189969436979,20.97189969436979,0.003,0.003,0.0,0.07526723640209287,0.0,34.24518217519979,0.0,0.0,1.48363172034,34.1745119977,0.0,0.0,0.0,0.0,0.673217803519,0.000140405460095,0.0,0.593551912243,0.0,0.59213131164,0.0410412268791,0.0,0.0,0.0,0.0,0.03120209469943973,0.03120209469943973,0.03120209469943973,0.03513907771337622,0.03513907771337622,0.03513907771337622
