Name,FitNum,RedChiSq,lf,AlignMag,Temp,pA,pB,pC,dwB,dwC,kexAB,kexAC,kexBC,k12,k21,k13,k31,k23,k32,tau1,tau2,tau3,dG12,dG13,ddG12,ddG21,ddG13,ddG31,ddG23,ddG32,R1,R1b,R1c,R2,R2b,R2c,pA_err,pB_err,pC_err,dwB_err,dwC_err,kexAB_err,kexAC_err,kexBC_err,k12_err,k21_err,k13_err,k31_err,k23_err,k32_err,tau1_err,tau2_err,tau3_err,dG12_err,dG13_err,ddG12_err,ddG21_err,ddG13_err,ddG31_err,ddG23_err,ddG32_err,R1_err,R1b_err,R1c_err,R2_err,R2b_err,R2c_err
ac8,1,0.09303410703361169,150.7,avg,298.15,0.976147165703,0.02385283429733949,0.0,2.5081567985638795,0.0,2245.5052857898736,0.0,0.0,53.5616654957,2191.94362029,0.0,0.0,0.0,0.0,0.0186700691762,0.000456216113746,0.0,2.19913175148,0.0,15.0945802444,12.895448493,0.0,0.0,0.0,0.0,2.419025298042396,2.419025298042396,2.419025298042396,25.862640506925853,25.862640506925853,25.862640506925853,0.000372162231304,0.00037216223130424604,0.0,0.02835331788232217,0.0,37.00453682767045,0.0,0.0,1.20206223288,36.1310894128,0.0,0.0,0.0,0.0,0.000419004615227,7.52007717931e-06,0.0,0.016498101462,0.0,0.0132968893631,0.00976627283649,0.0,0.0,0.0,0.0,0.12615631687920428,0.12615631687920428,0.12615631687920428,0.23160878723959802,0.23160878723959802,0.23160878723959802
