Name,FitNum,N,DF,K,ChiSq,RedChiSq,Rsq,AdjRsq,AIC,BIC,RSS,TSS,SDR
A16_C8_Off,1,93,89,4,76.7325852973772,0.8621638797458112,0.9860692646230496,0.9854360493786427,-9.426846716276904,0.24900580179066623,76.7325852973772,5508.15037548826,0.9285278023547875
