Name,FitNum,N,DF,K,ChiSq,RedChiSq,Rsq,AdjRsq,AIC,BIC,RSS,TSS,SDR
A21_C1p_Off,1,102,98,4,14.000928229286515,0.14286661458455627,0.9955056045017436,0.9953202686049084,-194.1442456110299,-184.05672549191343,14.000928229286513,3115.197190527273,0.3779770027191552
