Name,FitNum,RedChiSq,lf,AlignMag,Temp,pA,pB,pC,dwB,dwC,kexAB,kexAC,kexBC,k12,k21,k13,k31,k23,k32,tau1,tau2,tau3,dG12,dG13,ddG12,ddG21,ddG13,ddG31,ddG23,ddG32,R1,R1b,R1c,R2,R2b,R2c,pA_err,pB_err,pC_err,dwB_err,dwC_err,kexAB_err,kexAC_err,kexBC_err,k12_err,k21_err,k13_err,k31_err,k23_err,k32_err,tau1_err,tau2_err,tau3_err,dG12_err,dG13_err,ddG12_err,ddG21_err,ddG13_err,ddG31_err,ddG23_err,ddG32_err,R1_err,R1b_err,R1c_err,R2_err,R2b_err,R2c_err
hpGBCm6A_m6AC2_55C,1,35.87147051398364,150.7,auto,298.15,0.95,0.05,0.0,0.750718144129836,0.0,2529.7191364690516,0.0,0.0,126.485956823,2403.23317965,0.0,0.0,0.0,0.0,0.00790601601248,0.00041610610592,0.0,1.7445351892,0.0,14.5854594787,12.8409242895,0.0,0.0,0.0,0.0,5.522237679157287,5.522237679157287,5.522237679157287,12.65241084754358,12.65241084754358,12.65241084754358,0.05,0.05,0.0,0.07006727218545131,0.0,541.5794190409957,0.0,0.0,123.337308631,528.383887071,0.0,0.0,0.0,0.0,0.00770920947639,9.14866537056e-05,0.0,0.592239771627,0.0,0.5777358702,0.13026592563,0.0,0.0,0.0,0.0,0.26523596040900377,0.26523596040900377,0.26523596040900377,0.6378854725487828,0.6378854725487828,0.6378854725487828
