Name,FitNum,N,DF,K,ChiSq,RedChiSq,Rsq,AdjRsq,AIC,BIC,RSS,TSS,SDR
A16_C8_Off,1,105,101,4,34.77100922295475,0.344267418049057,0.9960941718606897,0.9959379387351174,-107.64351978210928,-97.4276783814792,34.77100922295476,8902.33978115971,0.5867430596513751
