Name,FitNum,N,DF,K,ChiSq,RedChiSq,Rsq,AdjRsq,AIC,BIC,RSS,TSS,SDR
G7N1_pH5.3HS_25C,1,280,270,10,270.7913415438002,1.0029308946066673,0.3402022132974776,0.3156744145353021,11.454353712827356,46.984405878348845,270.7913415438002,410.4156561317621,1.0014643751061079
