Name,FitNum,N,DF,K,ChiSq,RedChiSq,Rsq,AdjRsq,AIC,BIC,RSS,TSS,SDR
G7C8_pH5.3HS_25C,1,280,270,10,270.7913415438002,1.0029308946066673,0.9739272853273284,0.9729580394287161,11.454353712827356,46.984405878348845,270.7913415438002,10386.004869206554,1.0014643751061079
