Name,FitNum,RedChiSq,lf,AlignMag,Temp,pA,pB,pC,dwB,dwC,kexAB,kexAC,kexBC,k12,k21,k13,k31,k23,k32,tau1,tau2,tau3,dG12,dG13,ddG12,ddG21,ddG13,ddG31,ddG23,ddG32,R1,R1b,R1c,R2,R2b,R2c,pA_err,pB_err,pC_err,dwB_err,dwC_err,kexAB_err,kexAC_err,kexBC_err,k12_err,k21_err,k13_err,k31_err,k23_err,k32_err,tau1_err,tau2_err,tau3_err,dG12_err,dG13_err,ddG12_err,ddG21_err,ddG13_err,ddG31_err,ddG23_err,ddG32_err,R1_err,R1b_err,R1c_err,R2_err,R2b_err,R2c_err
G7N1_pH5.3HS_25C,1,1.0029308946066673,70.960765,auto,298.15,0.95,0.05,0.0,-0.42575498512491733,0.0,1501.5875252196681,0.0,0.0,75.079376261,1426.50814896,0.0,0.0,0.0,0.0,0.013319236917,0.000701012469315,0.0,1.7445351892,0.0,14.8944908644,13.1499556752,0.0,0.0,0.0,0.0,2.0711267550830725,2.0711267550830725,2.0711267550830725,8.327152065949472,8.327152065949472,8.327152065949472,0.05,0.05,0.0,0.02650276324312058,0.0,249.68016407610344,0.0,0.0,72.5069409801,247.716415262,0.0,0.0,0.0,0.0,0.012862881568,0.000121732424788,0.0,0.581361093472,0.0,0.572184518027,0.102886336962,0.0,0.0,0.0,0.0,0.021635593236061998,0.021635593236061998,0.021635593236061998,0.049754332868715674,0.049754332868715674,0.049754332868715674
