Name,FitNum,N,DF,K,ChiSq,RedChiSq,Rsq,AdjRsq,AIC,BIC,RSS,TSS,SDR
G7C1p_pH5.3HS_25C,1,280,270,10,270.7913415438002,1.0029308946066673,0.92101606202448,0.9180798561517842,11.454353712827356,46.984405878348845,270.7913415438002,3428.435558983252,1.0014643751061079
