Name,FitNum,RedChiSq,lf,AlignMag,Temp,pA,pB,pC,dwB,dwC,kexAB,kexAC,kexBC,k12,k21,k13,k31,k23,k32,tau1,tau2,tau3,dG12,dG13,ddG12,ddG21,ddG13,ddG31,ddG23,ddG32,R1,R1b,R1c,R2,R2b,R2c,pA_err,pB_err,pC_err,dwB_err,dwC_err,kexAB_err,kexAC_err,kexBC_err,k12_err,k21_err,k13_err,k31_err,k23_err,k32_err,tau1_err,tau2_err,tau3_err,dG12_err,dG13_err,ddG12_err,ddG21_err,ddG13_err,ddG31_err,ddG23_err,ddG32_err,R1_err,R1b_err,R1c_err,R2_err,R2b_err,R2c_err
hpGBCm6A_m6A_C2_65C,1,144.4777005071248,150.88,auto,298.15,0.9999,0.0001,0.0,7.5306210243185365,0.0,4908.985464462255,0.0,0.0,0.490898546446,4908.49456592,0.0,0.0,0.0,0.0,2.03708079244,0.000203728452089,0.0,5.45692695108,0.0,17.8747268944,12.4177999433,0.0,0.0,0.0,0.0,6.223838388549226,6.223838388549226,6.223838388549226,17.7221611599005,17.7221611599005,17.7221611599005,0.0001,0.0001,0.0,53.417714592272475,0.0,103539.45573015673,0.0,0.0,10.3655738925,103529.101786,0.0,0.0,0.0,0.0,43.0140028562,0.00429700458454,0.0,17.68276515,0.0,12.5106185164,12.4965838407,0.0,0.0,0.0,0.0,0.7937074095069836,0.7937074095069836,0.7937074095069836,3.5308792313231994,3.5308792313231994,3.5308792313231994
