Name,FitNum,RedChiSq,lf,AlignMag,Temp,pA,pB,pC,dwB,dwC,kexAB,kexAC,kexBC,k12,k21,k13,k31,k23,k32,tau1,tau2,tau3,dG12,dG13,ddG12,ddG21,ddG13,ddG31,ddG23,ddG32,R1,R1b,R1c,R2,R2b,R2c,pA_err,pB_err,pC_err,dwB_err,dwC_err,kexAB_err,kexAC_err,kexBC_err,k12_err,k21_err,k13_err,k31_err,k23_err,k32_err,tau1_err,tau2_err,tau3_err,dG12_err,dG13_err,ddG12_err,ddG21_err,ddG13_err,ddG31_err,ddG23_err,ddG32_err,R1_err,R1b_err,R1c_err,R2_err,R2b_err,R2c_err
T8_N3_Off,1,0.8733758793583835,176.04,auto,298.15,0.974,0.026,0.0,0.3543473017266873,0.0,1052.83081923321,0.0,0.0,27.3736013001,1025.45721793,0.0,0.0,0.0,0.0,0.0365315469104,0.000975174763522,0.0,2.14675873907,0.0,15.4922883122,13.3455295731,0.0,0.0,0.0,0.0,1.5275732275298903,1.5275732275298903,1.5275732275298903,7.884511236350761,7.884511236350761,7.884511236350761,0.026,0.026,0.0,0.02061789120350848,0.0,242.63527486948,0.0,0.0,27.4073015602,237.827036323,0.0,0.0,0.0,0.0,0.0365765217247,0.000226165382475,0.0,0.608920995281,0.0,0.593214170279,0.137410795333,0.0,0.0,0.0,0.0,0.06281219852601776,0.06281219852601776,0.06281219852601776,0.1297804403037554,0.1297804403037554,0.1297804403037554
