Name,FitNum,RedChiSq,lf,AlignMag,Temp,pA,pB,pC,dwB,dwC,kexAB,kexAC,kexBC,k12,k21,k13,k31,k23,k32,tau1,tau2,tau3,dG12,dG13,ddG12,ddG21,ddG13,ddG31,ddG23,ddG32,R1,R1b,R1c,R2,R2b,R2c,pA_err,pB_err,pC_err,dwB_err,dwC_err,kexAB_err,kexAC_err,kexBC_err,k12_err,k21_err,k13_err,k31_err,k23_err,k32_err,tau1_err,tau2_err,tau3_err,dG12_err,dG13_err,ddG12_err,ddG21_err,ddG13_err,ddG31_err,ddG23_err,ddG32_err,R1_err,R1b_err,R1c_err,R2_err,R2b_err,R2c_err
G_C8_Off,1,0.18108866682480768,150.88,auto,298.15,0.995,0.005,0.0,4.27,0.0,99999.999889019,0.0,0.0,499.999999445,99499.9998896,0.0,0.0,0.0,0.0,0.00200000000222,1.00502512674e-05,0.0,3.13620237989,0.0,13.7711029319,10.634900552,0.0,0.0,0.0,0.0,0.9773703954894288,0.9773703954894288,0.9773703954894288,31.4928591966214,31.4928591966214,31.4928591966214,0.005,0.005,0.0,4.27,0.0,942631.4316697454,0.0,0.0,4739.34203226,937918.406459,0.0,0.0,0.0,0.0,0.0189573681711,9.47368408415e-05,0.0,7.92027971528,0.0,5.61597575404,5.58494826282,0.0,0.0,0.0,0.0,0.0975301081630415,0.0975301081630415,0.0975301081630415,7.596578697886362,7.596578697886362,7.596578697886362
