Name,FitNum,N,DF,K,ChiSq,RedChiSq,Rsq,AdjRsq,AIC,BIC,RSS,TSS,SDR
A6RNAm6A_C2_37,1,93,89,4,33.23474285248193,0.37342407699417896,0.9887508715760529,0.9882395475567826,-87.24279798888142,-77.56694547081385,33.23474285248194,2954.428254346537,0.611084345237365
