Name,FitNum,N,DF,K,ChiSq,RedChiSq,Rsq,AdjRsq,AIC,BIC,RSS,TSS,SDR
G_C8_Off,1,98,95,3,68.84666162831543,0.7247017013506888,0.9948037405777277,0.9946379025110594,-28.347083594272245,-20.847500307196697,68.84666162831542,13249.273377927046,0.8512941332763245
