Name,FitNum,N,DF,K,ChiSq,RedChiSq,Rsq,AdjRsq,AIC,BIC,RSS,TSS,SDR
g10c8,1,180,173,7,302.26468559302407,1.7471947144105437,0.9691445979206987,0.9678888548128202,107.9534832896764,129.6530184552102,302.2646855930241,9796.167452823202,1.3218149319819867
