Name,FitNum,RedChiSq,lf,AlignMag,Temp,pA,pB,pC,dwB,dwC,kexAB,kexAC,kexBC,k12,k21,k13,k31,k23,k32,tau1,tau2,tau3,dG12,dG13,ddG12,ddG21,ddG13,ddG31,ddG23,ddG32,R1,R1b,R1c,R2,R2b,R2c,pA_err,pB_err,pC_err,dwB_err,dwC_err,kexAB_err,kexAC_err,kexBC_err,k12_err,k21_err,k13_err,k31_err,k23_err,k32_err,tau1_err,tau2_err,tau3_err,dG12_err,dG13_err,ddG12_err,ddG21_err,ddG13_err,ddG31_err,ddG23_err,ddG32_err,R1_err,R1b_err,R1c_err,R2_err,R2b_err,R2c_err
g10c8,1,1.7471947144105437,176.04,auto,298.15,0.9,0.1,0.0,2.8270576636364457,0.0,104.83438155996686,0.0,0.0,10.483438156,94.350943404,0.0,0.0,0.0,0.0,0.0953885533658,0.0105987281518,0.0,1.30182205197,0.0,16.0609447461,14.7591226941,0.0,0.0,0.0,0.0,0.1211379288433428,0.1211379288433428,0.1211379288433428,28.666870093448424,28.666870093448424,28.666870093448424,0.1,0.1,0.0,0.08400674024761107,0.0,3.1460560347137947,0.0,0.0,9.49836863117,9.90641920739,0.0,0.0,0.0,0.0,0.0864254292895,0.00111281816957,0.0,0.540404761268,0.0,0.536812300468,0.0622081993541,0.0,0.0,0.0,0.0,0.4739462109807664,0.4739462109807664,0.4739462109807664,0.447460661798232,0.447460661798232,0.447460661798232
