Name,FitNum,RedChiSq,lf,AlignMag,Temp,pA,pB,pC,dwB,dwC,kexAB,kexAC,kexBC,k12,k21,k13,k31,k23,k32,tau1,tau2,tau3,dG12,dG13,ddG12,ddG21,ddG13,ddG31,ddG23,ddG32,R1,R1b,R1c,R2,R2b,R2c,pA_err,pB_err,pC_err,dwB_err,dwC_err,kexAB_err,kexAC_err,kexBC_err,k12_err,k21_err,k13_err,k31_err,k23_err,k32_err,tau1_err,tau2_err,tau3_err,dG12_err,dG13_err,ddG12_err,ddG21_err,ddG13_err,ddG31_err,ddG23_err,ddG32_err,R1_err,R1b_err,R1c_err,R2_err,R2b_err,R2c_err
hpGBCm6A_m6AC2_55C,1,51.96984035387196,150.7,auto,298.15,0.999,0.001,0.0,5.198867601904826,0.0,3154.457194965332,0.0,0.0,3.15445719497,3151.30273777,0.0,0.0,0.0,0.0,0.317011751371,0.000317329080451,0.0,4.0921468707,0.0,16.7725072328,12.6803603621,0.0,0.0,0.0,0.0,5.3526278764950455,5.3526278764950455,5.3526278764950455,14.932025249396826,14.932025249396826,14.932025249396826,0.001,0.001,0.0,2.055008460771515,0.0,3955.6947891340583,0.0,0.0,5.05749346618,3951.74035084,0.0,0.0,0.0,0.0,0.508260141814,0.000397931343341,0.0,1.20597118867,0.0,0.949921828428,0.742977138121,0.0,0.0,0.0,0.0,0.3737226552651596,0.3737226552651596,0.3737226552651596,1.2696447698484248,1.2696447698484248,1.2696447698484248
