Name,FitNum,RedChiSq,lf,AlignMag,Temp,pA,pB,pC,dwB,dwC,kexAB,kexAC,kexBC,k12,k21,k13,k31,k23,k32,tau1,tau2,tau3,dG12,dG13,ddG12,ddG21,ddG13,ddG31,ddG23,ddG32,R1,R1b,R1c,R2,R2b,R2c,pA_err,pB_err,pC_err,dwB_err,dwC_err,kexAB_err,kexAC_err,kexBC_err,k12_err,k21_err,k13_err,k31_err,k23_err,k32_err,tau1_err,tau2_err,tau3_err,dG12_err,dG13_err,ddG12_err,ddG21_err,ddG13_err,ddG31_err,ddG23_err,ddG32_err,R1_err,R1b_err,R1c_err,R2_err,R2b_err,R2c_err
G_C1p_Off,1,0.33626367806716123,150.88,auto,298.15,0.9997,0.0003,0.0,4.12,0.0,2679.0013484154297,0.0,0.0,0.803700404525,2678.19764801,0.0,0.0,0.0,0.0,1.24424473892,0.000373385437308,0.0,4.80589740444,0.0,17.5826383781,12.7767409736,0.0,0.0,0.0,0.0,2.226570738805973,2.226570738805973,2.226570738805973,14.297893355469746,14.297893355469746,14.297893355469746,0.0003,0.0003,0.0,4.12,0.0,1090.6988776015714,0.0,0.0,0.867532742691,1090.37196396,0.0,0.0,0.0,0.0,1.3430664522,0.000152016044407,0.0,0.683519987751,0.0,0.639541695284,0.241217730793,0.0,0.0,0.0,0.0,0.03859121642853405,0.03859121642853405,0.03859121642853405,0.07885682695646173,0.07885682695646173,0.07885682695646173
