param,fit_val,fit_err
kex(s-1),2.65248710537,0.103679401482
tau_ex(s),0.377004660259,0.0147362139679
R1n(s-1),4.16265005975,0.201488217302
