Name,FitNum,N,DF,K,ChiSq,RedChiSq,Rsq,AdjRsq,AIC,BIC,RSS,TSS,SDR
T8_N3_Off,1,97,93,4,13.323824783928988,0.14326693316052674,0.9764666691476226,0.9754434808496931,-184.12546663220027,-174.2614053268824,13.32382478392899,566.1682516388443,0.37850618642305806
