Name,FitNum,RedChiSq,lf,AlignMag,Temp,pA,pB,pC,dwB,dwC,kexAB,kexAC,kexBC,k12,k21,k13,k31,k23,k32,tau1,tau2,tau3,dG12,dG13,ddG12,ddG21,ddG13,ddG31,ddG23,ddG32,R1,R1b,R1c,R2,R2b,R2c,pA_err,pB_err,pC_err,dwB_err,dwC_err,kexAB_err,kexAC_err,kexBC_err,k12_err,k21_err,k13_err,k31_err,k23_err,k32_err,tau1_err,tau2_err,tau3_err,dG12_err,dG13_err,ddG12_err,ddG21_err,ddG13_err,ddG31_err,ddG23_err,ddG32_err,R1_err,R1b_err,R1c_err,R2_err,R2b_err,R2c_err
G7C8_pH5.3HS_25C,1,0.9919893220899362,176.090091,auto,298.15,0.996,0.004,0.0,0.8419607907710086,0.0,1519.5341832150436,0.0,0.0,6.07813673286,1513.45604648,0.0,0.0,0.0,0.0,0.164524104006,0.000660739373518,0.0,3.26900669389,0.0,16.3839072957,13.1149006018,0.0,0.0,0.0,0.0,1.5560386039912082,1.5560386039912082,1.5560386039912082,30.482232500813662,30.482232500813662,30.482232500813662,0.004,0.004,0.0,0.08891330790186838,0.0,264.2782610510201,0.0,0.0,6.14547527554,263.290755889,0.0,0.0,0.0,0.0,0.166346835854,0.00011494656188,0.0,0.607851450081,0.0,0.599048776869,0.103072539008,0.0,0.0,0.0,0.0,0.06558341378191096,0.06558341378191096,0.06558341378191096,0.10633068448397513,0.10633068448397513,0.10633068448397513
