Name,FitNum,N,DF,K,ChiSq,RedChiSq,Rsq,AdjRsq,AIC,BIC,RSS,TSS,SDR
G7N1_pH5.3HS_25C,1,280,270,10,267.83711696428276,0.9919893220899362,0.34740034167143274,0.3231401313246458,8.382881480643189,43.912933646164674,267.8371169642827,410.4156561317621,0.9959866073848263
