Name,FitNum,N,DF,K,ChiSq,RedChiSq,Rsq,AdjRsq,AIC,BIC,RSS,TSS,SDR
G10_C8_Off,1,97,93,4,240.7897070817525,2.5891366352876615,0.9938744857753228,0.9936081590699021,96.62844257473346,106.49250388005133,240.7897070817525,39309.30502319453,1.6090794372210657
