Name,FitNum,RedChiSq,lf,AlignMag,Temp,pA,pB,pC,dwB,dwC,kexAB,kexAC,kexBC,k12,k21,k13,k31,k23,k32,tau1,tau2,tau3,dG12,dG13,ddG12,ddG21,ddG13,ddG31,ddG23,ddG32,R1,R1b,R1c,R2,R2b,R2c,pA_err,pB_err,pC_err,dwB_err,dwC_err,kexAB_err,kexAC_err,kexBC_err,k12_err,k21_err,k13_err,k31_err,k23_err,k32_err,tau1_err,tau2_err,tau3_err,dG12_err,dG13_err,ddG12_err,ddG21_err,ddG13_err,ddG31_err,ddG23_err,ddG32_err,R1_err,R1b_err,R1c_err,R2_err,R2b_err,R2c_err
A16_C8_Off,1,0.2623453269989717,176.04,auto,298.15,0.993,0.007,0.0,3.7629640879677013,0.0,3434.266529183078,0.0,0.0,24.0398657043,3410.22666348,0.0,0.0,0.0,0.0,0.0415975701487,0.000293235640525,0.0,2.93565558864,0.0,15.5692316815,12.6335760929,0.0,0.0,0.0,0.0,0.48415357484928334,0.48415357484928334,0.48415357484928334,27.479652062738147,27.479652062738147,27.479652062738147,0.007,0.007,0.0,0.08903613081647535,0.0,253.04340470100777,0.0,0.0,23.9378044948,252.403545224,0.0,0.0,0.0,0.0,0.0414209677344,2.17034592002e-05,0.0,0.591596854766,0.0,0.589969355886,0.0438519974972,0.0,0.0,0.0,0.0,0.18077469640173952,0.18077469640173952,0.18077469640173952,0.4735055737030104,0.4735055737030104,0.4735055737030104
