Name,FitNum,N,DF,K,ChiSq,RedChiSq,Rsq,AdjRsq,AIC,BIC,RSS,TSS,SDR
A16_C8_Off,1,95,91,4,23.873424756906424,0.2623453269989717,0.9981902538404814,0.9981098206778362,-122.76109924253764,-112.99003612057992,23.87342475690643,13191.587467303481,0.5121965706630334
