Name,FitNum,RedChiSq,lf,AlignMag,Temp,pA,pB,pC,dwB,dwC,kexAB,kexAC,kexBC,k12,k21,k13,k31,k23,k32,tau1,tau2,tau3,dG12,dG13,ddG12,ddG21,ddG13,ddG31,ddG23,ddG32,R1,R1b,R1c,R2,R2b,R2c,pA_err,pB_err,pC_err,dwB_err,dwC_err,kexAB_err,kexAC_err,kexBC_err,k12_err,k21_err,k13_err,k31_err,k23_err,k32_err,tau1_err,tau2_err,tau3_err,dG12_err,dG13_err,ddG12_err,ddG21_err,ddG13_err,ddG31_err,ddG23_err,ddG32_err,R1_err,R1b_err,R1c_err,R2_err,R2b_err,R2c_err
G_C8_Off_clean,1,0.2659642334073985,150.88,avg,298.15,0.9991,0.0009,0.0,4.27,0.0,589.3789043508215,0.0,0.0,0.530441013916,588.848463337,0.0,0.0,0.0,0.0,1.88522375489,0.00169822978621,0.0,4.15463067417,0.0,17.8288263412,13.674195667,0.0,0.0,0.0,0.0,2.56294302843334,2.56294302843334,2.56294302843334,16.714637752805007,16.714637752805007,16.714637752805007,0.0009,0.0009,0.0,4.27,0.0,72.8981048309828,0.0,0.0,0.534009467652,72.8344246454,0.0,0.0,0.0,0.0,1.89790628428,0.000210053344952,0.0,0.600955688764,0.0,0.596470591542,0.0732841953128,0.0,0.0,0.0,0.0,0.042033600870759545,0.042033600870759545,0.042033600870759545,0.060455323123613396,0.060455323123613396,0.060455323123613396
