Name,FitNum,N,DF,K,ChiSq,RedChiSq,Rsq,AdjRsq,AIC,BIC,RSS,TSS,SDR
G_C8_Off_clean,1,253,248,5,65.95912988503483,0.2659642334073985,0.9809766925735603,0.9805916053786932,-330.1216082175571,-312.4546607739195,65.95912988503486,3467.2798166191255,0.5157172029391677
