param,fit_val,fit_err
kex(s-1),31.674244207,0.556817806726
tau_ex(s),0.0315713926262,0.000555009725963
R1n(s-1),33.4291194196,0.634290557553
