Name,FitNum,RedChiSq,lf,AlignMag,Temp,pA,pB,pC,dwB,dwC,kexAB,kexAC,kexBC,k12,k21,k13,k31,k23,k32,tau1,tau2,tau3,dG12,dG13,ddG12,ddG21,ddG13,ddG31,ddG23,ddG32,R1,R1b,R1c,R2,R2b,R2c,pA_err,pB_err,pC_err,dwB_err,dwC_err,kexAB_err,kexAC_err,kexBC_err,k12_err,k21_err,k13_err,k31_err,k23_err,k32_err,tau1_err,tau2_err,tau3_err,dG12_err,dG13_err,ddG12_err,ddG21_err,ddG13_err,ddG31_err,ddG23_err,ddG32_err,R1_err,R1b_err,R1c_err,R2_err,R2b_err,R2c_err
G_C8_Off,1,0.18114582275260022,150.88,auto,298.15,0.9925,0.0075,0.0,4.27,0.0,99999.99999974908,0.0,0.0,749.999999998,99249.9999998,0.0,0.0,0.0,0.0,0.00133333333334,1.00755667507e-05,0.0,2.89447995867,0.0,13.5308710385,10.6363910798,0.0,0.0,0.0,0.0,0.9776395106960999,0.9776395106960999,0.9776395106960999,31.08991808276489,31.08991808276489,31.08991808276489,0.0075,0.0075,0.0,4.27,0.0,642124.48790428,0.0,0.0,4873.12454098,637308.988984,0.0,0.0,0.0,0.0,0.00866333251733,6.46977255347e-05,0.0,5.41240380849,0.0,3.84966929332,3.80449225498,0.0,0.0,0.0,0.0,0.09749193423934994,0.09749193423934994,0.09749193423934994,7.742329209719952,7.742329209719952,7.742329209719952
