Name,FitNum,RedChiSq,lf,AlignMag,Temp,pA,pB,pC,dwB,dwC,kexAB,kexAC,kexBC,k12,k21,k13,k31,k23,k32,tau1,tau2,tau3,dG12,dG13,ddG12,ddG21,ddG13,ddG31,ddG23,ddG32,R1,R1b,R1c,R2,R2b,R2c,pA_err,pB_err,pC_err,dwB_err,dwC_err,kexAB_err,kexAC_err,kexBC_err,k12_err,k21_err,k13_err,k31_err,k23_err,k32_err,tau1_err,tau2_err,tau3_err,dG12_err,dG13_err,ddG12_err,ddG21_err,ddG13_err,ddG31_err,ddG23_err,ddG32_err,R1_err,R1b_err,R1c_err,R2_err,R2b_err,R2c_err
ac8,1,0.25046752519109017,150.7,auto,298.15,0.987,0.013,0.0,1.6030066189260352,0.0,4281.551322772266,0.0,0.0,55.660167196,4225.89115558,0.0,0.0,0.0,0.0,0.0179661695316,0.000236636478126,0.0,2.56529347104,0.0,15.0718103779,12.5065169069,0.0,0.0,0.0,0.0,2.4373413236907893,2.4373413236907893,2.4373413236907893,29.7647400967458,29.7647400967458,29.7647400967458,0.013,0.013,0.0,0.055899802908330055,0.0,215.5048313151161,0.0,0.0,55.0127321559,219.684392662,0.0,0.0,0.0,0.0,0.0177571883467,1.23016280034e-05,0.0,0.586402459481,0.0,0.585593009136,0.0308005216959,0.0,0.0,0.0,0.0,0.08799969000002347,0.08799969000002347,0.08799969000002347,0.2270810264235682,0.2270810264235682,0.2270810264235682
