param,fitval,fiterror
pB,0.00750,0.00000
pC,-0.00000,0.00000
dwB,2.76880,0.01164
dwC,-0.00000,0.00000
kexAB,146.10270,12.52342
kexAC,0.00000,0.00000
kexBC,-0.00000,0.00000
R1,3.29652,0.00451
R2,18.57213,0.14815
rchi2,26.27911,0.0