Name,FitNum,RedChiSq,lf,AlignMag,Temp,pA,pB,pC,dwB,dwC,kexAB,kexAC,kexBC,k12,k21,k13,k31,k23,k32,tau1,tau2,tau3,dG12,dG13,ddG12,ddG21,ddG13,ddG31,ddG23,ddG32,R1,R1b,R1c,R2,R2b,R2c,pA_err,pB_err,pC_err,dwB_err,dwC_err,kexAB_err,kexAC_err,kexBC_err,k12_err,k21_err,k13_err,k31_err,k23_err,k32_err,tau1_err,tau2_err,tau3_err,dG12_err,dG13_err,ddG12_err,ddG21_err,ddG13_err,ddG31_err,ddG23_err,ddG32_err,R1_err,R1b_err,R1c_err,R2_err,R2b_err,R2c_err
G_C8_Off,1,0.33472602319496286,150.88,auto,298.15,0.997,0.003,0.0,1.272451825230696,0.0,3365.1624032579334,0.0,0.0,10.0954872098,3355.06691605,0.0,0.0,0.0,0.0,0.0990541594696,0.000298056648354,0.0,3.44004850013,0.0,16.0832862678,12.6432377677,0.0,0.0,0.0,0.0,2.5512492170949903,2.5512492170949903,2.5512492170949903,20.153610185623933,20.153610185623933,20.153610185623933,0.003,0.003,0.0,0.1323562590958995,0.0,546.4908061431499,0.0,0.0,10.1978945465,544.94429536,0.0,0.0,0.0,0.0,0.10005895225,4.84116335914e-05,0.0,0.606182345565,0.0,0.598494838739,0.0962339029522,0.0,0.0,0.0,0.0,0.04043932827279046,0.04043932827279046,0.04043932827279046,0.11137909207344186,0.11137909207344186,0.11137909207344186
