Name,FitNum,N,DF,K,ChiSq,RedChiSq,Rsq,AdjRsq,AIC,BIC,RSS,TSS,SDR
G_C1p_Off,1,199,192,7,64.26739645343287,0.33472602319496286,0.967188125888025,0.9659855964703087,-210.3338353252521,-187.86708898673564,64.26739645343288,1958.6627765945875,0.5785551168168535
