Name,FitNum,RedChiSq,lf,AlignMag,Temp,pA,pB,pC,dwB,dwC,kexAB,kexAC,kexBC,k12,k21,k13,k31,k23,k32,tau1,tau2,tau3,dG12,dG13,ddG12,ddG21,ddG13,ddG31,ddG23,ddG32,R1,R1b,R1c,R2,R2b,R2c,pA_err,pB_err,pC_err,dwB_err,dwC_err,kexAB_err,kexAC_err,kexBC_err,k12_err,k21_err,k13_err,k31_err,k23_err,k32_err,tau1_err,tau2_err,tau3_err,dG12_err,dG13_err,ddG12_err,ddG21_err,ddG13_err,ddG31_err,ddG23_err,ddG32_err,R1_err,R1b_err,R1c_err,R2_err,R2b_err,R2c_err
A16_C8_Off,1,0.21765159554136987,150.7,auto,298.15,0.9925,0.0075,0.0,1.2486327357152065,0.0,3740.988683094979,0.0,0.0,28.0574151232,3712.93126797,0.0,0.0,0.0,0.0,0.0356412019998,0.000269328982367,0.0,2.89447995867,0.0,15.4776694276,12.583189469,0.0,0.0,0.0,0.0,2.2231289634617064,2.2231289634617064,2.2231289634617064,21.985813756078212,21.985813756078212,21.985813756078212,0.0075,0.0075,0.0,0.09944769951940635,0.0,563.4209670852902,0.0,0.0,28.1665583015,559.888286505,0.0,0.0,0.0,0.0,0.0357798460641,4.06132329311e-05,0.0,0.601462197594,0.0,0.59478951105,0.0893432296202,0.0,0.0,0.0,0.0,0.05146548916986686,0.05146548916986686,0.05146548916986686,0.18266929873467314,0.18266929873467314,0.18266929873467314
