Name,FitNum,N,DF,K,ChiSq,RedChiSq,Rsq,AdjRsq,AIC,BIC,RSS,TSS,SDR
A16_C8_Off,1,111,107,4,23.288720722926577,0.21765159554136987,0.9956444918253792,0.9954801330263369,-164.95591773691672,-154.4951554222334,23.288720722926584,5346.958331665673,0.4665314518243866
