Name,FitNum,N,DF,K,ChiSq,RedChiSq,Rsq,AdjRsq,AIC,BIC,RSS,TSS,SDR
c15_c6,1,138,134,4,79.51926324829248,0.5934273376738245,0.9958989831871107,0.9957756443355952,-67.77235364195423,-56.36409078102466,79.51926324829242,19390.13344162995,0.7703423509543169
