Name,FitNum,N,DF,K,ChiSq,RedChiSq,Rsq,AdjRsq,AIC,BIC,RSS,TSS,SDR
A16_C8_Off,1,104,100,4,29.37206908664632,0.2937206908664632,0.9960138380769713,0.9958527810295762,-123.08801716854704,-112.91449397602196,29.372069086646327,7368.508769540807,0.5419600454521194
