Name,FitNum,RedChiSq,lf,AlignMag,Temp,pA,pB,pC,dwB,dwC,kexAB,kexAC,kexBC,k12,k21,k13,k31,k23,k32,tau1,tau2,tau3,dG12,dG13,ddG12,ddG21,ddG13,ddG31,ddG23,ddG32,R1,R1b,R1c,R2,R2b,R2c,pA_err,pB_err,pC_err,dwB_err,dwC_err,kexAB_err,kexAC_err,kexBC_err,k12_err,k21_err,k13_err,k31_err,k23_err,k32_err,tau1_err,tau2_err,tau3_err,dG12_err,dG13_err,ddG12_err,ddG21_err,ddG13_err,ddG31_err,ddG23_err,ddG32_err,R1_err,R1b_err,R1c_err,R2_err,R2b_err,R2c_err
A16_C8_Off,1,0.2937206908664632,150.7,auto,298.15,0.994,0.006,0.0,2.6869973532728517,0.0,3606.448571305832,0.0,0.0,21.6386914278,3584.80987988,0.0,0.0,0.0,0.0,0.0462135154214,0.000278954821457,0.0,3.02758387661,0.0,15.6315791723,12.6039952957,0.0,0.0,0.0,0.0,2.9716377674589376,2.9716377674589376,2.9716377674589376,23.378377951044133,23.378377951044133,23.378377951044133,0.006,0.006,0.0,0.08435308193743196,0.0,262.5732397640474,0.0,0.0,21.5668702715,261.882606636,0.0,0.0,0.0,0.0,0.0460601277673,2.03786025549e-05,0.0,0.592102354867,0.0,0.590518227954,0.0432830347025,0.0,0.0,0.0,0.0,0.06998256921329281,0.06998256921329281,0.06998256921329281,0.23880818418536473,0.23880818418536473,0.23880818418536473
