Name,FitNum,N,DF,K,ChiSq,RedChiSq,Rsq,AdjRsq,AIC,BIC,RSS,TSS,SDR
G_C1p_Off,1,199,192,7,71.50061015399748,0.3723990112187369,0.9634951912047303,0.9621573186310817,-189.1097820117263,-166.64303567320985,71.50061015399746,1958.6627765945875,0.610245041945231
