Name,FitNum,RedChiSq,lf,AlignMag,Temp,pA,pB,pC,dwB,dwC,kexAB,kexAC,kexBC,k12,k21,k13,k31,k23,k32,tau1,tau2,tau3,dG12,dG13,ddG12,ddG21,ddG13,ddG31,ddG23,ddG32,R1,R1b,R1c,R2,R2b,R2c,pA_err,pB_err,pC_err,dwB_err,dwC_err,kexAB_err,kexAC_err,kexBC_err,k12_err,k21_err,k13_err,k31_err,k23_err,k32_err,tau1_err,tau2_err,tau3_err,dG12_err,dG13_err,ddG12_err,ddG21_err,ddG13_err,ddG31_err,ddG23_err,ddG32_err,R1_err,R1b_err,R1c_err,R2_err,R2b_err,R2c_err
ac8,1,0.4142496781208272,150.7,auto,298.15,0.95,0.05,0.0,0.8793955286900078,0.0,4988.577764169669,0.0,0.0,249.428888208,4739.14887596,0.0,0.0,0.0,0.0,0.00400915871126,0.000211008353224,0.0,1.7445351892,0.0,14.183137113,12.4386019238,0.0,0.0,0.0,0.0,2.5300434652905452,2.5300434652905452,2.5300434652905452,29.467985203197337,29.467985203197337,29.467985203197337,0.05,0.05,0.0,0.04403553897262315,0.0,338.79212020693865,0.0,0.0,237.889296415,399.866737791,0.0,0.0,0.0,0.0,0.00382367877228,1.78038766156e-05,0.0,0.567280998204,0.0,0.565074001906,0.0499910321308,0.0,0.0,0.0,0.0,0.11251779264413485,0.11251779264413485,0.11251779264413485,0.33521511552378985,0.33521511552378985,0.33521511552378985
