Name,FitNum,RedChiSq,lf,AlignMag,Temp,pA,pB,pC,dwB,dwC,kexAB,kexAC,kexBC,k12,k21,k13,k31,k23,k32,tau1,tau2,tau3,dG12,dG13,ddG12,ddG21,ddG13,ddG31,ddG23,ddG32,R1,R1b,R1c,R2,R2b,R2c,pA_err,pB_err,pC_err,dwB_err,dwC_err,kexAB_err,kexAC_err,kexBC_err,k12_err,k21_err,k13_err,k31_err,k23_err,k32_err,tau1_err,tau2_err,tau3_err,dG12_err,dG13_err,ddG12_err,ddG21_err,ddG13_err,ddG31_err,ddG23_err,ddG32_err,R1_err,R1b_err,R1c_err,R2_err,R2b_err,R2c_err
A16_C8_Off,1,2.752349432501511,176.04,auto,298.15,0.998,0.002,0.0,5.930468226799003,0.0,4367.2411177013055,0.0,0.0,8.7344822354,4358.50663547,0.0,0.0,0.0,0.0,0.114488755378,0.000229436383522,0.0,3.68087436261,0.0,16.1690838931,12.4882095305,0.0,0.0,0.0,0.0,1.2778438179342502,1.2778438179342502,1.2778438179342502,32.34819038103835,32.34819038103835,32.34819038103835,0.002,0.002,0.0,1.1864752681540565,0.0,3284.477371580322,0.0,0.0,10.915025971,3277.92000753,0.0,0.0,0.0,0.0,0.143070614223,0.000172553164399,0.0,0.864141583755,0.0,0.740397226454,0.4455924414,0.0,0.0,0.0,0.0,0.6084318077939923,0.6084318077939923,0.6084318077939923,2.1389775040141354,2.1389775040141354,2.1389775040141354
