Name,FitNum,RedChiSq,lf,AlignMag,Temp,pA,pB,pC,dwB,dwC,kexAB,kexAC,kexBC,k12,k21,k13,k31,k23,k32,tau1,tau2,tau3,dG12,dG13,ddG12,ddG21,ddG13,ddG31,ddG23,ddG32,R1,R1b,R1c,R2,R2b,R2c,pA_err,pB_err,pC_err,dwB_err,dwC_err,kexAB_err,kexAC_err,kexBC_err,k12_err,k21_err,k13_err,k31_err,k23_err,k32_err,tau1_err,tau2_err,tau3_err,dG12_err,dG13_err,ddG12_err,ddG21_err,ddG13_err,ddG31_err,ddG23_err,ddG32_err,R1_err,R1b_err,R1c_err,R2_err,R2b_err,R2c_err
gc1p,1,0.22700020832346174,150.7,auto,298.15,0.991,0.009,0.0,3.1344253846195187,0.0,1941.2593833038036,0.0,0.0,17.4713344497,1923.78804885,0.0,0.0,0.0,0.0,0.0572366125139,0.000519807782669,0.0,2.78556109659,0.0,15.7583243841,12.9727632875,0.0,0.0,0.0,0.0,2.0442787745262048,2.0442787745262048,2.0442787745262048,14.574502931881396,14.574502931881396,14.574502931881396,0.009,0.009,0.0,0.03553119443751256,0.0,59.43532779032985,0.0,0.0,17.3230672594,61.3926770992,0.0,0.0,0.0,0.0,0.0567508847781,1.65883093899e-05,0.0,0.58776093549,0.0,0.587456738623,0.0189076051786,0.0,0.0,0.0,0.0,0.09110362524003979,0.09110362524003979,0.09110362524003979,0.17796114721464412,0.17796114721464412,0.17796114721464412
