Name,FitNum,RedChiSq,lf,AlignMag,Temp,pA,pB,pC,dwB,dwC,kexAB,kexAC,kexBC,k12,k21,k13,k31,k23,k32,tau1,tau2,tau3,dG12,dG13,ddG12,ddG21,ddG13,ddG31,ddG23,ddG32,R1,R1b,R1c,R2,R2b,R2c,pA_err,pB_err,pC_err,dwB_err,dwC_err,kexAB_err,kexAC_err,kexBC_err,k12_err,k21_err,k13_err,k31_err,k23_err,k32_err,tau1_err,tau2_err,tau3_err,dG12_err,dG13_err,ddG12_err,ddG21_err,ddG13_err,ddG31_err,ddG23_err,ddG32_err,R1_err,R1b_err,R1c_err,R2_err,R2b_err,R2c_err
ac1p,1,13.764024605157896,176.04,auto,298.15,0.995,0.005,0.0,5.520930110741563,0.0,3904.744626640555,0.0,0.0,19.5237231332,3885.22090351,0.0,0.0,0.0,0.0,0.0512197388366,0.000257385622294,0.0,3.13620237989,0.0,15.6925178196,12.5563154397,0.0,0.0,0.0,0.0,3.6019454172159695,3.6019454172159695,3.6019454172159695,30.021469674334757,30.021469674334757,30.021469674334757,0.005,0.005,0.0,1.0045785339565751,0.0,2275.408828794321,0.0,0.0,22.5126675357,2264.11512626,0.0,0.0,0.0,0.0,0.0590611198401,0.000149991646599,0.0,0.765480599103,0.0,0.683189987935,0.345270890733,0.0,0.0,0.0,0.0,1.4285831021671713,1.4285831021671713,1.4285831021671713,3.7881932004918912,3.7881932004918912,3.7881932004918912
