Name,FitNum,N,DF,K,ChiSq,RedChiSq,Rsq,AdjRsq,AIC,BIC,RSS,TSS,SDR
ac8,1,195,188,7,2587.6366257696845,13.764024605157896,0.9030063074115675,0.8993755274751022,518.7715630511987,541.0836294798614,2587.636625769685,26678.40100437922,3.7099898389561523
