param,fit_val,fit_err
kex(s-1),11.3479838234,0.539530955887
tau_ex(s),0.0881213804639,0.00418966165054
R1n(s-1),14.3833575467,0.808642161236
