Name,FitNum,N,DF,K,ChiSq,RedChiSq,Rsq,AdjRsq,AIC,BIC,RSS,TSS,SDR
gc1p,1,190,183,7,144.27504067973302,0.7883882004356996,0.9573805408779281,0.9557413309116946,-37.69210740934021,-15.578323519601419,144.27504067973297,3385.1917328771365,0.8879122706865241
