Name,FitNum,RedChiSq,lf,AlignMag,Temp,pA,pB,pC,dwB,dwC,kexAB,kexAC,kexBC,k12,k21,k13,k31,k23,k32,tau1,tau2,tau3,dG12,dG13,ddG12,ddG21,ddG13,ddG31,ddG23,ddG32,R1,R1b,R1c,R2,R2b,R2c,pA_err,pB_err,pC_err,dwB_err,dwC_err,kexAB_err,kexAC_err,kexBC_err,k12_err,k21_err,k13_err,k31_err,k23_err,k32_err,tau1_err,tau2_err,tau3_err,dG12_err,dG13_err,ddG12_err,ddG21_err,ddG13_err,ddG31_err,ddG23_err,ddG32_err,R1_err,R1b_err,R1c_err,R2_err,R2b_err,R2c_err
A21_C1p_Off,1,0.1983588118284107,150.7,avg,298.15,0.998,0.002,0.0,2.8847928675164263,0.0,1121.8821061824078,0.0,0.0,2.24376421236,1119.63834197,0.0,0.0,0.0,0.0,0.445679628229,0.000893145547553,0.0,3.68087436261,0.0,16.9743439925,13.2934696299,0.0,0.0,0.0,0.0,1.6664487441460183,1.6664487441460183,1.6664487441460183,14.439027410620811,14.439027410620811,14.439027410620811,0.002,0.002,0.0,0.17039786424409595,0.0,196.42413208984544,0.0,0.0,2.27347970385,196.044073153,0.0,0.0,0.0,0.0,0.451582026139,0.000156386115496,0.0,0.609229092331,0.0,0.600331373514,0.103741645048,0.0,0.0,0.0,0.0,0.06753913856098227,0.06753913856098227,0.06753913856098227,0.11162647973007322,0.11162647973007322,0.11162647973007322
