Name,FitNum,RedChiSq,lf,AlignMag,Temp,pA,pB,pC,dwB,dwC,kexAB,kexAC,kexBC,k12,k21,k13,k31,k23,k32,tau1,tau2,tau3,dG12,dG13,ddG12,ddG21,ddG13,ddG31,ddG23,ddG32,R1,R1b,R1c,R2,R2b,R2c,pA_err,pB_err,pC_err,dwB_err,dwC_err,kexAB_err,kexAC_err,kexBC_err,k12_err,k21_err,k13_err,k31_err,k23_err,k32_err,tau1_err,tau2_err,tau3_err,dG12_err,dG13_err,ddG12_err,ddG21_err,ddG13_err,ddG31_err,ddG23_err,ddG32_err,R1_err,R1b_err,R1c_err,R2_err,R2b_err,R2c_err
ac1p,1,0.16292758612587077,150.7,auto,298.15,0.98,0.02,0.0,3.369042571933174,0.0,2307.471791469796,0.0,0.0,46.1494358294,2261.32235564,0.0,0.0,0.0,0.0,0.0216687372668,0.000442219127895,0.0,2.30584417206,0.0,15.1828301842,12.8769860122,0.0,0.0,0.0,0.0,0.9967126479993407,0.9967126479993407,0.9967126479993407,18.7521446862486,18.7521446862486,18.7521446862486,0.02,0.02,0.0,0.025255203755515737,0.0,54.372863561015286,0.0,0.0,45.2489335779,69.897195581,0.0,0.0,0.0,0.0,0.0212459206853,1.36689387937e-05,0.0,0.581212341135,0.0,0.580923744067,0.0183136306369,0.0,0.0,0.0,0.0,0.15762695729889792,0.15762695729889792,0.15762695729889792,0.27410362074616135,0.27410362074616135,0.27410362074616135
