Name,FitNum,N,DF,K,ChiSq,RedChiSq,Rsq,AdjRsq,AIC,BIC,RSS,TSS,SDR
ac8,1,219,212,7,34.540648258684605,0.16292758612587077,0.9979534801605208,0.9978855861374101,-389.94793498796093,-366.7552385664492,34.54064825868461,16877.749041257106,0.40364289430865846
