Name,FitNum,RedChiSq,lf,AlignMag,Temp,pA,pB,pC,dwB,dwC,kexAB,kexAC,kexBC,k12,k21,k13,k31,k23,k32,tau1,tau2,tau3,dG12,dG13,ddG12,ddG21,ddG13,ddG31,ddG23,ddG32,R1,R1b,R1c,R2,R2b,R2c,pA_err,pB_err,pC_err,dwB_err,dwC_err,kexAB_err,kexAC_err,kexBC_err,k12_err,k21_err,k13_err,k31_err,k23_err,k32_err,tau1_err,tau2_err,tau3_err,dG12_err,dG13_err,ddG12_err,ddG21_err,ddG13_err,ddG31_err,ddG23_err,ddG32_err,R1_err,R1b_err,R1c_err,R2_err,R2b_err,R2c_err
A16_C8_Off,1,4.030360067160097,176.04,auto,298.15,0.999,0.001,0.0,6.571116324671522,0.0,4761.008413314811,0.0,0.0,4.76100841331,4756.2474049,0.0,0.0,0.0,0.0,0.210039536415,0.000210249786201,0.0,4.0921468707,0.0,16.5286149965,12.4364681258,0.0,0.0,0.0,0.0,1.6240092909801096,1.6240092909801096,1.6240092909801096,34.48251083205026,34.48251083205026,34.48251083205026,0.001,0.001,0.0,3.043656737187263,0.0,8482.643820801517,0.0,0.0,9.72507882921,8474.16251174,0.0,0.0,0.0,0.0,0.429037479365,0.000374600121619,0.0,1.60593377707,0.0,1.21023959378,1.05562465962,0.0,0.0,0.0,0.0,0.7329317457232096,0.7329317457232096,0.7329317457232096,2.87076026930078,2.87076026930078,2.87076026930078
