Name,FitNum,N,DF,K,ChiSq,RedChiSq,Rsq,AdjRsq,AIC,BIC,RSS,TSS,SDR
G_C1p_Off,1,199,192,7,77.78936202191252,0.40515292719746104,0.9602844537857812,0.9588289102072496,-172.33433999283432,-149.86759365431786,77.78936202191255,1958.6627765945875,0.6365162426815684
