Name,FitNum,RedChiSq,lf,AlignMag,Temp,pA,pB,pC,dwB,dwC,kexAB,kexAC,kexBC,k12,k21,k13,k31,k23,k32,tau1,tau2,tau3,dG12,dG13,ddG12,ddG21,ddG13,ddG31,ddG23,ddG32,R1,R1b,R1c,R2,R2b,R2c,pA_err,pB_err,pC_err,dwB_err,dwC_err,kexAB_err,kexAC_err,kexBC_err,k12_err,k21_err,k13_err,k31_err,k23_err,k32_err,tau1_err,tau2_err,tau3_err,dG12_err,dG13_err,ddG12_err,ddG21_err,ddG13_err,ddG31_err,ddG23_err,ddG32_err,R1_err,R1b_err,R1c_err,R2_err,R2b_err,R2c_err
G_C8_Off,1,0.40515292719746104,150.88,auto,298.15,0.974,0.026,0.0,0.4194897993186586,0.0,3849.0776368184656,0.0,0.0,100.076018557,3749.00161826,0.0,0.0,0.0,0.0,0.0099924039187,0.000266737681608,0.0,2.14675873907,0.0,14.7242201214,12.5774613824,0.0,0.0,0.0,0.0,2.5581709355050446,2.5581709355050446,2.5581709355050446,20.201210855838244,20.201210855838244,20.201210855838244,0.026,0.026,0.0,0.05924430080939043,0.0,798.8624140602432,0.0,0.0,99.6963872057,784.177981122,0.0,0.0,0.0,0.0,0.00995449843586,5.57934719563e-05,0.0,0.603107435213,0.0,0.590237199588,0.123929926296,0.0,0.0,0.0,0.0,0.044466693296696835,0.044466693296696835,0.044466693296696835,0.13382784731349068,0.13382784731349068,0.13382784731349068
