Name,FitNum,N,DF,K,ChiSq,RedChiSq,Rsq,AdjRsq,AIC,BIC,RSS,TSS,SDR
G_C8_Off,1,199,192,7,77.78936202191252,0.40515292719746104,0.980279150744334,0.9795563971066917,-172.33433999283432,-149.86759365431786,77.78936202191255,3944.5239408015236,0.6365162426815684
