Name,FitNum,N,DF,K,ChiSq,RedChiSq,Rsq,AdjRsq,AIC,BIC,RSS,TSS,SDR
A21_C1p_Off,1,102,98,4,46.6036383458169,0.47554733005935607,0.9850399074294462,0.984422996395609,-71.48363717519518,-61.39611705607872,46.60363834581689,3115.197190527273,0.6895993982446301
