Name,FitNum,RedChiSq,lf,AlignMag,Temp,pA,pB,pC,dwB,dwC,kexAB,kexAC,kexBC,k12,k21,k13,k31,k23,k32,tau1,tau2,tau3,dG12,dG13,ddG12,ddG21,ddG13,ddG31,ddG23,ddG32,R1,R1b,R1c,R2,R2b,R2c,pA_err,pB_err,pC_err,dwB_err,dwC_err,kexAB_err,kexAC_err,kexBC_err,k12_err,k21_err,k13_err,k31_err,k23_err,k32_err,tau1_err,tau2_err,tau3_err,dG12_err,dG13_err,ddG12_err,ddG21_err,ddG13_err,ddG31_err,ddG23_err,ddG32_err,R1_err,R1b_err,R1c_err,R2_err,R2b_err,R2c_err
A21_C1p_Off,1,0.47554733005935607,150.88,auto,298.15,0.99,0.01,0.0,2.487897330432285,0.0,278.80869346536514,0.0,0.0,2.78808693465,276.020606531,0.0,0.0,0.0,0.0,0.358668873474,0.00362291791388,0.0,2.72253843054,0.0,16.8456558508,14.1231174203,0.0,0.0,0.0,0.0,1.7436378973233468,1.7436378973233468,1.7436378973233468,16.314940783829375,16.314940783829375,16.314940783829375,0.01,0.01,0.0,0.12022770239198503,0.0,18.998325525343724,0.0,0.0,2.76687703072,19.0098199311,0.0,0.0,0.0,0.0,0.355940360149,0.000249514041846,0.0,0.589391732943,0.0,0.587977520495,0.0408050273129,0.0,0.0,0.0,0.0,0.08840794205527464,0.08840794205527464,0.08840794205527464,0.12905969722782373,0.12905969722782373,0.12905969722782373
