Name,FitNum,N,DF,K,ChiSq,RedChiSq,Rsq,AdjRsq,AIC,BIC,RSS,TSS,SDR
G7N1_pH5.3HS_25C,1,280,270,10,267.77946948461374,0.9917758129059768,0.34754080288144673,0.3232858141409801,8.322609656439058,43.852661821960545,267.77946948461374,410.4156561317621,0.9958794168502414
