Name,FitNum,RedChiSq,lf,AlignMag,Temp,pA,pB,pC,dwB,dwC,kexAB,kexAC,kexBC,k12,k21,k13,k31,k23,k32,tau1,tau2,tau3,dG12,dG13,ddG12,ddG21,ddG13,ddG31,ddG23,ddG32,R1,R1b,R1c,R2,R2b,R2c,pA_err,pB_err,pC_err,dwB_err,dwC_err,kexAB_err,kexAC_err,kexBC_err,k12_err,k21_err,k13_err,k31_err,k23_err,k32_err,tau1_err,tau2_err,tau3_err,dG12_err,dG13_err,ddG12_err,ddG21_err,ddG13_err,ddG31_err,ddG23_err,ddG32_err,R1_err,R1b_err,R1c_err,R2_err,R2b_err,R2c_err
gc8,1,0.2675082706115232,150.7,auto,298.15,0.9925,0.0075,0.0,1.5960545450505434,0.0,3322.7997675083266,0.0,0.0,24.9209982563,3297.87876925,0.0,0.0,0.0,0.0,0.0401268034978,0.000303225215349,0.0,2.89447995867,0.0,15.5479038728,12.6534239141,0.0,0.0,0.0,0.0,2.5550656571116717,2.5550656571116717,2.5550656571116717,22.959078566171364,22.959078566171364,22.959078566171364,0.0075,0.0075,0.0,0.06995851542715262,0.0,288.3611447196194,0.0,0.0,24.829166096,287.265304251,0.0,0.0,0.0,0.0,0.0399789389936,2.64127610013e-05,0.0,0.592553232155,0.0,0.590301483444,0.0516090261539,0.0,0.0,0.0,0.0,0.0661129814139287,0.0661129814139287,0.0661129814139287,0.17478932636917482,0.17478932636917482,0.17478932636917482
