Name,FitNum,N,DF,K,ChiSq,RedChiSq,Rsq,AdjRsq,AIC,BIC,RSS,TSS,SDR
G7C8_pH5.3HS_25C,1,280,270,10,269.97743470376565,0.9999164248287616,0.9740056510560455,0.973039318381549,10.61150147245153,46.14155363797302,269.97743470376565,10386.004869206554,0.9999582115412432
