Name,FitNum,N,DF,K,ChiSq,RedChiSq,Rsq,AdjRsq,AIC,BIC,RSS,TSS,SDR
G7N1_pH5.3HS_25C,1,280,270,10,269.97743470376565,0.9999164248287616,0.3421853414454281,0.31773126491923587,10.61150147245153,46.14155363797302,269.97743470376565,410.4156561317621,0.9999582115412432
