Name,FitNum,RedChiSq,lf,AlignMag,Temp,pA,pB,pC,dwB,dwC,kexAB,kexAC,kexBC,k12,k21,k13,k31,k23,k32,tau1,tau2,tau3,dG12,dG13,ddG12,ddG21,ddG13,ddG31,ddG23,ddG32,R1,R1b,R1c,R2,R2b,R2c,pA_err,pB_err,pC_err,dwB_err,dwC_err,kexAB_err,kexAC_err,kexBC_err,k12_err,k21_err,k13_err,k31_err,k23_err,k32_err,tau1_err,tau2_err,tau3_err,dG12_err,dG13_err,ddG12_err,ddG21_err,ddG13_err,ddG31_err,ddG23_err,ddG32_err,R1_err,R1b_err,R1c_err,R2_err,R2b_err,R2c_err
G_C1p_Off,1,0.40446407672131474,150.88,auto,298.15,0.975,0.025,0.0,0.45811801921627027,0.0,3845.0904118031976,0.0,0.0,96.1272602951,3748.96315151,0.0,0.0,0.0,0.0,0.0104028763218,0.000266740418507,0.0,2.17060440196,0.0,14.7480718636,12.5774674616,0.0,0.0,0.0,0.0,2.2731497317919427,2.2731497317919427,2.2731497317919427,13.98737830468586,13.98737830468586,13.98737830468586,0.025,0.025,0.0,0.057520933989505446,0.0,795.9574763809876,0.0,0.0,95.843340489,781.701244026,0.0,0.0,0.0,0.0,0.010372150567,5.56183959544e-05,0.0,0.603514436907,0.0,0.590734796232,0.123539775282,0.0,0.0,0.0,0.0,0.039337585359316425,0.039337585359316425,0.039337585359316425,0.12120942092425091,0.12120942092425091,0.12120942092425091
