Name,FitNum,N,DF,K,ChiSq,RedChiSq,Rsq,AdjRsq,AIC,BIC,RSS,TSS,SDR
G_C1p_Off,1,199,192,7,77.65710273049243,0.40446407672131474,0.9603519790856953,0.9588989102563752,-172.67297240091932,-150.20622606240286,77.65710273049243,1958.6627765945875,0.6359749025876058
