Name,FitNum,RedChiSq,lf,AlignMag,Temp,pA,pB,pC,dwB,dwC,kexAB,kexAC,kexBC,k12,k21,k13,k31,k23,k32,tau1,tau2,tau3,dG12,dG13,ddG12,ddG21,ddG13,ddG31,ddG23,ddG32,R1,R1b,R1c,R2,R2b,R2c,pA_err,pB_err,pC_err,dwB_err,dwC_err,kexAB_err,kexAC_err,kexBC_err,k12_err,k21_err,k13_err,k31_err,k23_err,k32_err,tau1_err,tau2_err,tau3_err,dG12_err,dG13_err,ddG12_err,ddG21_err,ddG13_err,ddG31_err,ddG23_err,ddG32_err,R1_err,R1b_err,R1c_err,R2_err,R2b_err,R2c_err
c15_c6,1,0.42335938868041095,176.002098,auto,298.15,0.9955,0.0045,0.0,2.7989781358304904,0.0,4978.271457870735,0.0,0.0,22.4022215604,4955.86923631,0.0,0.0,0.0,0.0,0.044638430046,0.00020178094948,0.0,3.1989245348,0.0,15.6110334906,12.4121089558,0.0,0.0,0.0,0.0,1.8481682379515392,1.8481682379515392,1.8481682379515392,29.83900091521839,29.83900091521839,29.83900091521839,0.0045,0.0045,0.0,0.17833737107033296,0.0,546.8767846856445,0.0,0.0,22.4370090093,544.872433734,0.0,0.0,0.0,0.0,0.0447077471492,2.21847816763e-05,0.0,0.596969475237,0.0,0.593404793044,0.0651406628557,0.0,0.0,0.0,0.0,0.05546105262462263,0.05546105262462263,0.05546105262462263,0.35941057960345424,0.35941057960345424,0.35941057960345424
