Name,FitNum,RedChiSq,lf,AlignMag,Temp,pA,pB,pC,dwB,dwC,kexAB,kexAC,kexBC,k12,k21,k13,k31,k23,k32,tau1,tau2,tau3,dG12,dG13,ddG12,ddG21,ddG13,ddG31,ddG23,ddG32,R1,R1b,R1c,R2,R2b,R2c,pA_err,pB_err,pC_err,dwB_err,dwC_err,kexAB_err,kexAC_err,kexBC_err,k12_err,k21_err,k13_err,k31_err,k23_err,k32_err,tau1_err,tau2_err,tau3_err,dG12_err,dG13_err,ddG12_err,ddG21_err,ddG13_err,ddG31_err,ddG23_err,ddG32_err,R1_err,R1b_err,R1c_err,R2_err,R2b_err,R2c_err
G7C8_pH5.3HS_25C,1,0.8022825155138091,176.090091,auto,298.15,0.995,0.005,0.0,3.7761520949195853,0.0,129.6091099936206,0.0,0.0,0.648045549968,128.961064444,0.0,0.0,0.0,0.0,1.54310140707,0.00775427842748,0.0,3.13620237989,0.0,17.7101799521,14.5739775722,0.0,0.0,0.0,0.0,1.3513608556334296,1.3513608556334296,1.3513608556334296,30.447966921223145,30.447966921223145,30.447966921223145,0.005,0.005,0.0,0.35786687685012214,0.0,9.496313663055707,0.0,0.0,0.646559279546,9.47080843208,0.0,0.0,0.0,0.0,1.53956235649,0.000569468667404,0.0,0.592725147226,0.0,0.591125905278,0.0435116566377,0.0,0.0,0.0,0.0,0.061622380457154256,0.061622380457154256,0.061622380457154256,0.07834930704514177,0.07834930704514177,0.07834930704514177
