Name,FitNum,N,DF,K,ChiSq,RedChiSq,Rsq,AdjRsq,AIC,BIC,RSS,TSS,SDR
G7N1_pH5.3HS_25C,1,280,270,10,216.61627918872847,0.8022825155138091,0.47220269024243844,0.4525819724075849,-51.04754793731257,-15.517495771791083,216.6162791887285,410.4156561317621,0.8957022471300433
