Name,FitNum,RedChiSq,lf,AlignMag,Temp,pA,pB,pC,dwB,dwC,kexAB,kexAC,kexBC,k12,k21,k13,k31,k23,k32,tau1,tau2,tau3,dG12,dG13,ddG12,ddG21,ddG13,ddG31,ddG23,ddG32,R1,R1b,R1c,R2,R2b,R2c,pA_err,pB_err,pC_err,dwB_err,dwC_err,kexAB_err,kexAC_err,kexBC_err,k12_err,k21_err,k13_err,k31_err,k23_err,k32_err,tau1_err,tau2_err,tau3_err,dG12_err,dG13_err,ddG12_err,ddG21_err,ddG13_err,ddG31_err,ddG23_err,ddG32_err,R1_err,R1b_err,R1c_err,R2_err,R2b_err,R2c_err
gc8,1,0.46220983034867613,176.04,auto,298.15,0.9,0.1,0.0,2.9717873867548223,0.0,18.028108517253806,0.0,0.0,1.80281085173,16.2252976655,0.0,0.0,0.0,0.0,0.554689361362,0.0616321512624,0.0,1.30182205197,0.0,17.1039843222,15.8021622702,0.0,0.0,0.0,0.0,1.4267793725807991,1.4267793725807991,1.4267793725807991,27.448625957143253,27.448625957143253,27.448625957143253,0.1,0.1,0.0,0.0035781254828610785,0.0,0.9832525534710215,0.0,0.0,1.63547301074,1.85693307257,0.0,0.0,0.0,0.0,0.50320280632,0.00705360125723,0.0,0.541750337262,0.0,0.537490006322,0.0678079717174,0.0,0.0,0.0,0.0,0.0931508692728192,0.0931508692728192,0.0931508692728192,0.12243784954588165,0.12243784954588165,0.12243784954588165
