param,fitval,fiterror
pB,0.00250,0.00000
pC,0.00000,0.00000
dwB,3.88605,0.07280
dwC,-0.00000,0.00000
kexAB,311.35618,32.40546
kexAC,0.00000,0.00000
kexBC,-0.00000,0.00000
R1,2.26283,0.01271
R2,12.67831,0.25901
rchi2,14.01316,0.0