Name,FitNum,RedChiSq,lf,AlignMag,Temp,pA,pB,pC,dwB,dwC,kexAB,kexAC,kexBC,k12,k21,k13,k31,k23,k32,tau1,tau2,tau3,dG12,dG13,ddG12,ddG21,ddG13,ddG31,ddG23,ddG32,R1,R1b,R1c,R2,R2b,R2c,pA_err,pB_err,pC_err,dwB_err,dwC_err,kexAB_err,kexAC_err,kexBC_err,k12_err,k21_err,k13_err,k31_err,k23_err,k32_err,tau1_err,tau2_err,tau3_err,dG12_err,dG13_err,ddG12_err,ddG21_err,ddG13_err,ddG31_err,ddG23_err,ddG32_err,R1_err,R1b_err,R1c_err,R2_err,R2b_err,R2c_err
A21_C1p_Off,1,0.538897583525542,150.7,avg,298.15,0.9999,0.0001,0.0,6.165237907155829,0.0,3438.6341741099254,0.0,0.0,0.343863417411,3438.29031069,0.0,0.0,0.0,0.0,2.90813139568,0.000290842223791,0.0,5.45692695108,0.0,18.0856472844,12.6287203333,0.0,0.0,0.0,0.0,1.949252165485338,1.949252165485338,1.949252165485338,15.03768529206781,15.03768529206781,15.03768529206781,0.0001,0.0001,0.0,5.160116832106529,0.0,11938.73304021815,0.0,0.0,1.24239762952,11937.5391719,0.0,0.0,0.0,0.0,10.5072402861,0.00100978687825,0.0,2.9688476586,0.0,2.14068031167,2.05707175937,0.0,0.0,0.0,0.0,0.12044303968554887,0.12044303968554887,0.12044303968554887,0.4076606267027184,0.4076606267027184,0.4076606267027184
