Name,FitNum,RedChiSq,lf,AlignMag,Temp,pA,pB,pC,dwB,dwC,kexAB,kexAC,kexBC,k12,k21,k13,k31,k23,k32,tau1,tau2,tau3,dG12,dG13,ddG12,ddG21,ddG13,ddG31,ddG23,ddG32,R1,R1b,R1c,R2,R2b,R2c,pA_err,pB_err,pC_err,dwB_err,dwC_err,kexAB_err,kexAC_err,kexBC_err,k12_err,k21_err,k13_err,k31_err,k23_err,k32_err,tau1_err,tau2_err,tau3_err,dG12_err,dG13_err,ddG12_err,ddG21_err,ddG13_err,ddG31_err,ddG23_err,ddG32_err,R1_err,R1b_err,R1c_err,R2_err,R2b_err,R2c_err
gc1p,1,0.16160220487332205,150.88,auto,298.15,0.993,0.007,0.0,3.9163292433161576,0.0,725.1299072882863,0.0,0.0,5.07590935102,720.053997937,0.0,0.0,0.0,0.0,0.197009034411,0.00138878473401,0.0,2.93565558864,0.0,16.4906686033,13.5550130147,0.0,0.0,0.0,0.0,2.242165131713158,2.242165131713158,2.242165131713158,13.322882183536075,13.322882183536075,13.322882183536075,0.007,0.007,0.0,0.020978512439459376,0.0,8.549826798155076,0.0,0.0,5.04085851742,9.87352010861,0.0,0.0,0.0,0.0,0.195648621841,1.9043285694e-05,0.0,0.588449531047,0.0,0.588393445659,0.00812426581757,0.0,0.0,0.0,0.0,0.027145494578255068,0.027145494578255068,0.027145494578255068,0.057574398888065266,0.057574398888065266,0.057574398888065266
