Name,FitNum,N,DF,K,ChiSq,RedChiSq,Rsq,AdjRsq,AIC,BIC,RSS,TSS,SDR
gc1p,1,308,301,7,48.64226366686994,0.16160220487332205,0.9825678630017542,0.9821611131384619,-554.4469582160099,-528.3362597351949,48.64226366686995,2790.378693774901,0.4019977672491753
