Name,FitNum,RedChiSq,lf,AlignMag,Temp,pA,pB,pC,dwB,dwC,kexAB,kexAC,kexBC,k12,k21,k13,k31,k23,k32,tau1,tau2,tau3,dG12,dG13,ddG12,ddG21,ddG13,ddG31,ddG23,ddG32,R1,R1b,R1c,R2,R2b,R2c,pA_err,pB_err,pC_err,dwB_err,dwC_err,kexAB_err,kexAC_err,kexBC_err,k12_err,k21_err,k13_err,k31_err,k23_err,k32_err,tau1_err,tau2_err,tau3_err,dG12_err,dG13_err,ddG12_err,ddG21_err,ddG13_err,ddG31_err,ddG23_err,ddG32_err,R1_err,R1b_err,R1c_err,R2_err,R2b_err,R2c_err
A21_C1p_Off,1,0.21663607018531816,150.7,avg,298.15,0.995,0.005,0.0,2.6943982282246015,0.0,340.666590150031,0.0,0.0,1.70333295075,338.963257199,0.0,0.0,0.0,0.0,0.587084280592,0.00295017226428,0.0,3.13620237989,0.0,17.1376138396,14.0014114597,0.0,0.0,0.0,0.0,1.647503714758971,1.647503714758971,1.647503714758971,14.626177047219624,14.626177047219624,14.626177047219624,0.005,0.005,0.0,0.15568303672220662,0.0,34.79040241437629,0.0,0.0,1.70374120082,34.6579155927,0.0,0.0,0.0,0.0,0.587224991307,0.000301645736368,0.0,0.595715005209,0.0,0.592626753977,0.0605796822546,0.0,0.0,0.0,0.0,0.06778231851592277,0.06778231851592277,0.06778231851592277,0.08167709571350204,0.08167709571350204,0.08167709571350204
