Name,FitNum,N,DF,K,ChiSq,RedChiSq,Rsq,AdjRsq,AIC,BIC,RSS,TSS,SDR
A21_C1p_Off,1,109,105,4,22.746787369458406,0.21663607018531816,0.9888999056338732,0.9884729789274836,-162.41009640070294,-152.02932025640175,22.746787369458403,2049.2427018343847,0.4654418010721836
