Name,FitNum,RedChiSq,lf,AlignMag,Temp,pA,pB,pC,dwB,dwC,kexAB,kexAC,kexBC,k12,k21,k13,k31,k23,k32,tau1,tau2,tau3,dG12,dG13,ddG12,ddG21,ddG13,ddG31,ddG23,ddG32,R1,R1b,R1c,R2,R2b,R2c,pA_err,pB_err,pC_err,dwB_err,dwC_err,kexAB_err,kexAC_err,kexBC_err,k12_err,k21_err,k13_err,k31_err,k23_err,k32_err,tau1_err,tau2_err,tau3_err,dG12_err,dG13_err,ddG12_err,ddG21_err,ddG13_err,ddG31_err,ddG23_err,ddG32_err,R1_err,R1b_err,R1c_err,R2_err,R2b_err,R2c_err
A16_C8_Off,1,0.12857492159381315,170.4,auto,298.15,0.996,0.004,0.0,2.4970255494472537,0.0,3634.8438217242146,0.0,0.0,14.5393752869,3620.30444644,0.0,0.0,0.0,0.0,0.0687787460099,0.000276219863494,0.0,3.26900669389,0.0,15.8671644252,12.5981577313,0.0,0.0,0.0,0.0,1.7555468071494087,1.7555468071494087,1.7555468071494087,23.11609517639185,23.11609517639185,23.11609517639185,0.004,0.004,0.0,0.0776022707383506,0.0,263.75135415401206,0.0,0.0,14.5197137466,263.095193211,0.0,0.0,0.0,0.0,0.0686857367807,2.00734826117e-05,0.0,0.593248110191,0.0,0.591683534085,0.0430571217949,0.0,0.0,0.0,0.0,0.05632758131813227,0.05632758131813227,0.05632758131813227,0.1709823123712767,0.1709823123712767,0.1709823123712767
