Name,FitNum,N,DF,K,ChiSq,RedChiSq,Rsq,AdjRsq,AIC,BIC,RSS,TSS,SDR
A16_C8_Off,1,93,89,4,11.44316802184937,0.12857492159381315,0.9979225026112627,0.9978280709117746,-186.3996702567364,-176.72381773866886,11.44316802184937,5508.15037548826,0.3585734535542378
