Name,FitNum,RedChiSq,lf,AlignMag,Temp,pA,pB,pC,dwB,dwC,kexAB,kexAC,kexBC,k12,k21,k13,k31,k23,k32,tau1,tau2,tau3,dG12,dG13,ddG12,ddG21,ddG13,ddG31,ddG23,ddG32,R1,R1b,R1c,R2,R2b,R2c,pA_err,pB_err,pC_err,dwB_err,dwC_err,kexAB_err,kexAC_err,kexBC_err,k12_err,k21_err,k13_err,k31_err,k23_err,k32_err,tau1_err,tau2_err,tau3_err,dG12_err,dG13_err,ddG12_err,ddG21_err,ddG13_err,ddG31_err,ddG23_err,ddG32_err,R1_err,R1b_err,R1c_err,R2_err,R2b_err,R2c_err
G10_C1p_Off,1,0.31733378753957725,170.4,auto,298.15,0.9992,0.0008,0.0,2.7240674260886095,0.0,2540.0017465533215,0.0,0.0,2.03200139724,2537.96974516,0.0,0.0,0.0,0.0,0.492125645857,0.000394015729269,0.0,4.22447462536,0.0,17.033079192,12.8086045667,0.0,0.0,0.0,0.0,1.5877191359586824,1.5877191359586824,1.5877191359586824,14.778412726948421,14.778412726948421,14.778412726948421,0.0008,0.0008,0.0,0.336139424645976,0.0,946.3873780488645,0.0,0.0,2.16694345114,945.632447869,0.0,0.0,0.0,0.0,0.524806944953,0.000146807919708,0.0,0.669285758689,0.0,0.631830740007,0.22075629723,0.0,0.0,0.0,0.0,0.08746560558702608,0.08746560558702608,0.08746560558702608,0.1895340250580699,0.1895340250580699,0.1895340250580699
