Name,FitNum,N,DF,K,ChiSq,RedChiSq,Rsq,AdjRsq,AIC,BIC,RSS,TSS,SDR
G10_C1p_Off,1,87,83,4,26.33870436578491,0.31733378753957725,0.9847756585930212,0.9840330077926808,-95.46576440037664,-86.08993680380709,26.33870436578491,1730.0389988437446,0.5633238744626197
