Name,FitNum,N,DF,K,ChiSq,RedChiSq,Rsq,AdjRsq,AIC,BIC,RSS,TSS,SDR
G7C1p_pH5.3HS_25C,1,280,270,10,231.39410150905252,0.8570151907742686,0.9325073790864322,0.9299983597216156,-32.56899430649516,2.961057859026326,231.3941015090525,3428.435558983252,0.9257511494857937
