Name,FitNum,RedChiSq,lf,AlignMag,Temp,pA,pB,pC,dwB,dwC,kexAB,kexAC,kexBC,k12,k21,k13,k31,k23,k32,tau1,tau2,tau3,dG12,dG13,ddG12,ddG21,ddG13,ddG31,ddG23,ddG32,R1,R1b,R1c,R2,R2b,R2c,pA_err,pB_err,pC_err,dwB_err,dwC_err,kexAB_err,kexAC_err,kexBC_err,k12_err,k21_err,k13_err,k31_err,k23_err,k32_err,tau1_err,tau2_err,tau3_err,dG12_err,dG13_err,ddG12_err,ddG21_err,ddG13_err,ddG31_err,ddG23_err,ddG32_err,R1_err,R1b_err,R1c_err,R2_err,R2b_err,R2c_err
G7C8_pH5.3HS_25C,1,0.8570151907742686,176.090091,auto,298.15,0.98,0.02,0.0,3.962851637549941,0.0,22.19640621874416,0.0,0.0,0.443928124375,21.7524780944,0.0,0.0,0.0,0.0,2.25261691047,0.0459717736831,0.0,2.30584417206,0.0,17.9343159371,15.628471765,0.0,0.0,0.0,0.0,1.3916756356511442,1.3916756356511442,1.3916756356511442,30.36237923090197,30.36237923090197,30.36237923090197,0.02,0.02,0.0,0.017078170358189287,0.0,2.1177194550141265,0.0,0.0,0.437196574147,2.12049218508,0.0,0.0,0.0,0.0,2.21845911996,0.00448145661411,0.0,0.58635208224,0.0,0.583500544859,0.0577570644759,0.0,0.0,0.0,0.0,0.06266561109512063,0.06266561109512063,0.06266561109512063,0.07476796440170395,0.07476796440170395,0.07476796440170395
