Name,FitNum,N,DF,K,ChiSq,RedChiSq,Rsq,AdjRsq,AIC,BIC,RSS,TSS,SDR
G7C8_pH5.3HS_25C,1,280,270,10,231.39410150905252,0.8570151907742686,0.9777205860749101,0.9768923550739773,-32.56899430649516,2.961057859026326,231.3941015090525,10386.004869206554,0.9257511494857937
