Name,FitNum,N,DF,K,ChiSq,RedChiSq,Rsq,AdjRsq,AIC,BIC,RSS,TSS,SDR
A16_C8_Off,1,95,91,4,106.66111545895382,1.1721001698786133,0.991914459444451,0.9915551020864266,19.44352274630685,29.21458586826457,106.66111545895377,13191.587467303481,1.082635751247211
