Name,FitNum,RedChiSq,lf,AlignMag,Temp,pA,pB,pC,dwB,dwC,kexAB,kexAC,kexBC,k12,k21,k13,k31,k23,k32,tau1,tau2,tau3,dG12,dG13,ddG12,ddG21,ddG13,ddG31,ddG23,ddG32,R1,R1b,R1c,R2,R2b,R2c,pA_err,pB_err,pC_err,dwB_err,dwC_err,kexAB_err,kexAC_err,kexBC_err,k12_err,k21_err,k13_err,k31_err,k23_err,k32_err,tau1_err,tau2_err,tau3_err,dG12_err,dG13_err,ddG12_err,ddG21_err,ddG13_err,ddG31_err,ddG23_err,ddG32_err,R1_err,R1b_err,R1c_err,R2_err,R2b_err,R2c_err
c15_c6,1,0.4186140558088838,176.002098,auto,298.15,0.995,0.005,0.0,2.63643518440171,0.0,4957.632735679902,0.0,0.0,24.7881636784,4932.844572,0.0,0.0,0.0,0.0,0.0403418346342,0.000202722787107,0.0,3.13620237989,0.0,15.5510703977,12.4148680178,0.0,0.0,0.0,0.0,1.8632682795793913,1.8632682795793913,1.8632682795793913,29.78374436276148,29.78374436276148,29.78374436276148,0.005,0.005,0.0,0.16488083074649482,0.0,533.2732330147705,0.0,0.0,24.8082397429,531.179806091,0.0,0.0,0.0,0.0,0.0403745076988,2.1829645993e-05,0.0,0.596387017737,0.0,0.592964605416,0.0638000912932,0.0,0.0,0.0,0.0,0.055038730740571674,0.055038730740571674,0.055038730740571674,0.3554971514672237,0.3554971514672237,0.3554971514672237
