Name,FitNum,RedChiSq,lf,AlignMag,Temp,pA,pB,pC,dwB,dwC,kexAB,kexAC,kexBC,k12,k21,k13,k31,k23,k32,tau1,tau2,tau3,dG12,dG13,ddG12,ddG21,ddG13,ddG31,ddG23,ddG32,R1,R1b,R1c,R2,R2b,R2c,pA_err,pB_err,pC_err,dwB_err,dwC_err,kexAB_err,kexAC_err,kexBC_err,k12_err,k21_err,k13_err,k31_err,k23_err,k32_err,tau1_err,tau2_err,tau3_err,dG12_err,dG13_err,ddG12_err,ddG21_err,ddG13_err,ddG31_err,ddG23_err,ddG32_err,R1_err,R1b_err,R1c_err,R2_err,R2b_err,R2c_err
ac8,1,0.22211703130699376,150.7,auto,298.15,0.997,0.003,0.0,3.1545458926765804,0.0,3022.9828935285277,0.0,0.0,9.06894868059,3013.91394485,0.0,0.0,0.0,0.0,0.110266364407,0.00033179447665,0.0,3.44004850013,0.0,16.1468196916,12.7067711915,0.0,0.0,0.0,0.0,2.1503431675206595,2.1503431675206595,2.1503431675206595,30.581334319856648,30.581334319856648,30.581334319856648,0.003,0.003,0.0,0.1076034880390834,0.0,186.79980456230766,0.0,0.0,9.05913258088,186.458761837,0.0,0.0,0.0,0.0,0.110147013679,2.05267928788e-05,0.0,0.592977432313,0.0,0.591843451917,0.0366546539508,0.0,0.0,0.0,0.0,0.08942866054963329,0.08942866054963329,0.08942866054963329,0.17710768379267608,0.17710768379267608,0.17710768379267608
