Name,FitNum,N,DF,K,ChiSq,RedChiSq,Rsq,AdjRsq,AIC,BIC,RSS,TSS,SDR
gc1p,1,308,301,7,1540.4242256649118,5.117688457358511,0.44795155256113883,0.43507042212089875,509.7917104786352,535.9024089594502,1540.4242256649115,2790.378693774901,2.2622308585461632
