Name,FitNum,RedChiSq,lf,AlignMag,Temp,pA,pB,pC,dwB,dwC,kexAB,kexAC,kexBC,k12,k21,k13,k31,k23,k32,tau1,tau2,tau3,dG12,dG13,ddG12,ddG21,ddG13,ddG31,ddG23,ddG32,R1,R1b,R1c,R2,R2b,R2c,pA_err,pB_err,pC_err,dwB_err,dwC_err,kexAB_err,kexAC_err,kexBC_err,k12_err,k21_err,k13_err,k31_err,k23_err,k32_err,tau1_err,tau2_err,tau3_err,dG12_err,dG13_err,ddG12_err,ddG21_err,ddG13_err,ddG31_err,ddG23_err,ddG32_err,R1_err,R1b_err,R1c_err,R2_err,R2b_err,R2c_err
gc1p,1,0.15867268352061614,150.88,auto,298.15,0.992639440115,0.007360559884862176,0.0,3.910990593283968,0.0,680.2417367080014,0.0,0.0,5.00696003922,675.234776669,0.0,0.0,0.0,0.0,0.19972198543,0.00148096637577,0.0,2.90568236604,0.0,16.4987718626,13.5930894966,0.0,0.0,0.0,0.0,2.226929322096369,2.226929322096369,2.226929322096369,13.35960584807447,13.35960584807447,13.35960584807447,0.000146075747495,0.00014607574749486946,0.0,0.02043317962549765,0.0,18.728222935169047,0.0,0.0,0.169505638168,18.5906344075,0.0,0.0,0.0,0.0,0.00676138861331,4.07741209623e-05,0.0,0.0258537308435,0.0,0.0200579802274,0.0163123519986,0.0,0.0,0.0,0.0,0.027420854019355626,0.027420854019355626,0.027420854019355626,0.05813105762844293,0.05813105762844293,0.05813105762844293
