Name,FitNum,N,DF,K,ChiSq,RedChiSq,Rsq,AdjRsq,AIC,BIC,RSS,TSS,SDR
gc8,1,308,301,7,47.734206502194056,0.15858540366177426,0.9917480990877958,0.9915555547331777,-560.2510695887248,-534.1403711079098,47.73420650219406,5784.631566721444,0.39822782883893776
