Name,FitNum,RedChiSq,lf,AlignMag,Temp,pA,pB,pC,dwB,dwC,kexAB,kexAC,kexBC,k12,k21,k13,k31,k23,k32,tau1,tau2,tau3,dG12,dG13,ddG12,ddG21,ddG13,ddG31,ddG23,ddG32,R1,R1b,R1c,R2,R2b,R2c,pA_err,pB_err,pC_err,dwB_err,dwC_err,kexAB_err,kexAC_err,kexBC_err,k12_err,k21_err,k13_err,k31_err,k23_err,k32_err,tau1_err,tau2_err,tau3_err,dG12_err,dG13_err,ddG12_err,ddG21_err,ddG13_err,ddG31_err,ddG23_err,ddG32_err,R1_err,R1b_err,R1c_err,R2_err,R2b_err,R2c_err
g10c1p,1,4.475194383590505,176.04,auto,298.15,0.995,0.005,0.0,5.060135764208242,0.0,3341.640968073786,0.0,0.0,16.7082048404,3324.93276323,0.0,0.0,0.0,0.0,0.0598508343388,0.000300757961502,0.0,3.13620237989,0.0,15.7847857009,12.648583321,0.0,0.0,0.0,0.0,2.173528783249721,2.173528783249721,2.173528783249721,18.148676263575364,18.148676263575364,18.148676263575364,0.005,0.005,0.0,0.26618678943522406,0.0,663.1552511181097,0.0,0.0,16.9523095264,660.04887623,0.0,0.0,0.0,0.0,0.0607252471957,5.9704953045e-05,0.0,0.612539082868,0.0,0.601140873535,0.117617082972,0.0,0.0,0.0,0.0,0.43609613167778083,0.43609613167778083,0.43609613167778083,1.1544033052860991,1.1544033052860991,1.1544033052860991
