Name,FitNum,N,DF,K,ChiSq,RedChiSq,Rsq,AdjRsq,AIC,BIC,RSS,TSS,SDR
g10c1p,1,180,173,7,774.2086283611575,4.475194383590505,0.8856013787710342,0.8809456209303205,277.25037856237157,298.94991372790537,774.2086283611575,6767.639505126548,2.115465524084594
