Name,FitNum,RedChiSq,lf,AlignMag,Temp,pA,pB,pC,dwB,dwC,kexAB,kexAC,kexBC,k12,k21,k13,k31,k23,k32,tau1,tau2,tau3,dG12,dG13,ddG12,ddG21,ddG13,ddG31,ddG23,ddG32,R1,R1b,R1c,R2,R2b,R2c,pA_err,pB_err,pC_err,dwB_err,dwC_err,kexAB_err,kexAC_err,kexBC_err,k12_err,k21_err,k13_err,k31_err,k23_err,k32_err,tau1_err,tau2_err,tau3_err,dG12_err,dG13_err,ddG12_err,ddG21_err,ddG13_err,ddG31_err,ddG23_err,ddG32_err,R1_err,R1b_err,R1c_err,R2_err,R2b_err,R2c_err
G10_C8_Off,1,2.7435260181713343,176.04,auto,298.15,0.95,0.05,0.0,3.9180438110055253,0.0,485.59674771447527,0.0,0.0,24.2798373857,461.316910329,0.0,0.0,0.0,0.0,0.0411864372942,0.00216770722601,0.0,1.7445351892,0.0,15.5633466814,13.8188114922,0.0,0.0,0.0,0.0,0.10000000000000002,0.10000000000000002,0.10000000000000002,41.53261494832192,41.53261494832192,41.53261494832192,0.05,0.05,0.0,0.12277061258095931,0.0,26.44973028096486,0.0,0.0,23.1355997594,34.1304172985,0.0,0.0,0.0,0.0,0.0392454411294,0.000160377281969,0.0,0.566261874281,0.0,0.56456267792,0.0438348373319,0.0,0.0,0.0,0.0,0.7619058057855578,0.7619058057855578,0.7619058057855578,1.133226806885948,1.133226806885948,1.133226806885948
