Name,FitNum,N,DF,K,ChiSq,RedChiSq,Rsq,AdjRsq,AIC,BIC,RSS,TSS,SDR
G10_C8_Off,1,97,93,4,255.1479196899341,2.7435260181713343,0.9935092233368312,0.9932270156558239,102.2466327506953,112.11069405601317,255.14791968993404,39309.30502319453,1.6563592660323827
