Name,FitNum,RedChiSq,lf,AlignMag,Temp,pA,pB,pC,dwB,dwC,kexAB,kexAC,kexBC,k12,k21,k13,k31,k23,k32,tau1,tau2,tau3,dG12,dG13,ddG12,ddG21,ddG13,ddG31,ddG23,ddG32,R1,R1b,R1c,R2,R2b,R2c,pA_err,pB_err,pC_err,dwB_err,dwC_err,kexAB_err,kexAC_err,kexBC_err,k12_err,k21_err,k13_err,k31_err,k23_err,k32_err,tau1_err,tau2_err,tau3_err,dG12_err,dG13_err,ddG12_err,ddG21_err,ddG13_err,ddG31_err,ddG23_err,ddG32_err,R1_err,R1b_err,R1c_err,R2_err,R2b_err,R2c_err
ra16_c8_15c,1,1.581928575504796,150.784186,auto,298.15,0.9965,0.0035,0.0,4.368261285639854,0.0,398.87782598462974,0.0,0.0,1.39607239095,397.481753594,0.0,0.0,0.0,0.0,0.716295234033,0.00251583875476,0.0,3.34841936499,0.0,17.2554732947,13.9070539297,0.0,0.0,0.0,0.0,1.5933585683879388,1.5933585683879388,1.5933585683879388,35.09593777111119,35.09593777111119,35.09593777111119,0.0035,0.0035,0.0,0.25046799584689855,0.0,39.8988827831085,0.0,0.0,1.39818588723,39.7835685325,0.0,0.0,0.0,0.0,0.7173796243,0.000251807894606,0.0,0.596337557749,0.0,0.593381704038,0.059301231815,0.0,0.0,0.0,0.0,0.07503638278834733,0.07503638278834733,0.07503638278834733,0.12216474859237907,0.12216474859237907,0.12216474859237907
