Name,FitNum,N,DF,K,ChiSq,RedChiSq,Rsq,AdjRsq,AIC,BIC,RSS,TSS,SDR
ac1p,1,195,188,7,25.582641129639104,0.13607787834914417,0.9989188218837621,0.9988783499756676,-381.46274551945737,-359.1506790907946,25.582641129639104,23661.819218703065,0.3688873518421907
