Name,FitNum,RedChiSq,lf,AlignMag,Temp,pA,pB,pC,dwB,dwC,kexAB,kexAC,kexBC,k12,k21,k13,k31,k23,k32,tau1,tau2,tau3,dG12,dG13,ddG12,ddG21,ddG13,ddG31,ddG23,ddG32,R1,R1b,R1c,R2,R2b,R2c,pA_err,pB_err,pC_err,dwB_err,dwC_err,kexAB_err,kexAC_err,kexBC_err,k12_err,k21_err,k13_err,k31_err,k23_err,k32_err,tau1_err,tau2_err,tau3_err,dG12_err,dG13_err,ddG12_err,ddG21_err,ddG13_err,ddG31_err,ddG23_err,ddG32_err,R1_err,R1b_err,R1c_err,R2_err,R2b_err,R2c_err
ac1p,1,0.13607787834914417,176.04,auto,298.15,0.974,0.026,0.0,3.1763495563173825,0.0,1969.453825414298,0.0,0.0,51.2057994608,1918.24802595,0.0,0.0,0.0,0.0,0.0195290379318,0.000521309020768,0.0,2.14675873907,0.0,15.1212306942,12.9744719551,0.0,0.0,0.0,0.0,0.7640261355306119,0.7640261355306119,0.7640261355306119,19.99758755076021,19.99758755076021,19.99758755076021,0.026,0.026,0.0,0.01873467701556157,0.0,30.56695668208469,0.0,0.0,49.8985444536,58.1000684997,0.0,0.0,0.0,0.0,0.0190304726738,1.5789454443e-05,0.0,0.577637765211,0.0,0.577358949417,0.0179452312892,0.0,0.0,0.0,0.0,0.13726747390713684,0.13726747390713684,0.13726747390713684,0.22594746571829846,0.22594746571829846,0.22594746571829846
