Name,FitNum,N,DF,K,ChiSq,RedChiSq,Rsq,AdjRsq,AIC,BIC,RSS,TSS,SDR
A21_C1p_Off,1,109,105,4,23.424501713736827,0.22309049251177931,0.988569191100318,0.9881295446041765,-159.21000513735402,-148.82922899305282,23.42450171373682,2049.2427018343847,0.4723245626809802
