Name,FitNum,RedChiSq,lf,AlignMag,Temp,pA,pB,pC,dwB,dwC,kexAB,kexAC,kexBC,k12,k21,k13,k31,k23,k32,tau1,tau2,tau3,dG12,dG13,ddG12,ddG21,ddG13,ddG31,ddG23,ddG32,R1,R1b,R1c,R2,R2b,R2c,pA_err,pB_err,pC_err,dwB_err,dwC_err,kexAB_err,kexAC_err,kexBC_err,k12_err,k21_err,k13_err,k31_err,k23_err,k32_err,tau1_err,tau2_err,tau3_err,dG12_err,dG13_err,ddG12_err,ddG21_err,ddG13_err,ddG31_err,ddG23_err,ddG32_err,R1_err,R1b_err,R1c_err,R2_err,R2b_err,R2c_err
ac1p,1,9.112918526371066,150.7,auto,298.15,0.9998,0.0002,0.0,7.3221818226304025,0.0,4452.659460661528,0.0,0.0,0.890531892132,4451.76892877,0.0,0.0,0.0,0.0,1.1229244105,0.000224629808061,0.0,5.04618856049,0.0,17.521853977,12.4756654165,0.0,0.0,0.0,0.0,5.454409314191228,5.454409314191228,5.454409314191228,32.05354227092543,32.05354227092543,32.05354227092543,0.0002,0.0002,0.0,26.46544248637625,0.0,47885.32443157215,0.0,0.0,9.61836273657,47875.747375,0.0,0.0,0.0,0.0,12.1283632864,0.00241574082475,0.0,9.03049376797,0.0,6.3992466537,6.3717705513,0.0,0.0,0.0,0.0,1.2007904699374177,1.2007904699374177,1.2007904699374177,3.31630903847649,3.31630903847649,3.31630903847649
