Name,FitNum,N,DF,K,ChiSq,RedChiSq,Rsq,AdjRsq,AIC,BIC,RSS,TSS,SDR
ac1p,1,219,212,7,1931.938727590666,9.112918526371066,0.8792909236505697,0.8752863571366075,491.3392635074501,514.5319599289618,1931.938727590666,16004.916829933014,3.018761091304025
