param,fit_val,fit_err
kex(s-1),0.256432286046,0.0143419901659
tau_ex(s),3.89966495802,0.218104191717
R1n(s-1),1.41567103962,0.0983329028843
