param,fit_val,fit_err
kex(s-1),3.80783816958,0.0488829680943
tau_ex(s),0.262616202545,0.00337132485109
R1n(s-1),4.70590244061,0.0701405106062
