param,fitval,fiterror
pB,0.00500,0.00000
pC,0.00000,0.00000
dwB,-1.58920,0.05075
dwC,-0.00000,0.00000
kexAB,262.24616,24.85553
kexAC,0.00000,0.00000
kexBC,0.00000,0.00000
R1,1.23895,0.00810
R2,4.51499,0.28422
rchi2,27.33022,0.0