Name,FitNum,RedChiSq,lf,AlignMag,Temp,pA,pB,pC,dwB,dwC,kexAB,kexAC,kexBC,k12,k21,k13,k31,k23,k32,tau1,tau2,tau3,dG12,dG13,ddG12,ddG21,ddG13,ddG31,ddG23,ddG32,R1,R1b,R1c,R2,R2b,R2c,pA_err,pB_err,pC_err,dwB_err,dwC_err,kexAB_err,kexAC_err,kexBC_err,k12_err,k21_err,k13_err,k31_err,k23_err,k32_err,tau1_err,tau2_err,tau3_err,dG12_err,dG13_err,ddG12_err,ddG21_err,ddG13_err,ddG31_err,ddG23_err,ddG32_err,R1_err,R1b_err,R1c_err,R2_err,R2b_err,R2c_err
ac1p,1,0.5826711069940902,150.7,auto,298.15,0.994,0.006,0.0,4.0147133630946525,0.0,474.1049234957106,0.0,0.0,2.84462954097,471.260293955,0.0,0.0,0.0,0.0,0.351539624262,0.00212196956295,0.0,3.02758387661,0.0,16.8337604333,13.8061765567,0.0,0.0,0.0,0.0,1.3794132348514188,1.3794132348514188,1.3794132348514188,22.00846958342452,22.00846958342452,22.00846958342452,0.006,0.006,0.0,0.1320524890491899,0.0,23.14978697207025,0.0,0.0,2.83102272892,23.1839680577,0.0,0.0,0.0,0.0,0.349858092967,0.00010439172406,0.0,0.590370673184,0.0,0.589650696688,0.0291476868924,0.0,0.0,0.0,0.0,0.10514176600522813,0.10514176600522813,0.10514176600522813,0.13729711262983388,0.13729711262983388,0.13729711262983388
