Name,FitNum,N,DF,K,ChiSq,RedChiSq,Rsq,AdjRsq,AIC,BIC,RSS,TSS,SDR
ac8,1,209,202,7,117.69956361280623,0.5826711069940902,0.9872838797490849,0.9868410297900978,-105.45036564323941,-82.61123980983399,117.69956361280617,9255.93351512513,0.7633289638118613
