Name,FitNum,N,DF,K,ChiSq,RedChiSq,Rsq,AdjRsq,AIC,BIC,RSS,TSS,SDR
G_C8_Off_clean,1,253,248,5,63.8828411675616,0.2575921014821032,0.9815755160972695,0.9812025508360805,-338.21368850242897,-320.5467410587914,63.882841167561594,3467.2798166191255,0.5075353204281483
