Name,FitNum,RedChiSq,lf,AlignMag,Temp,pA,pB,pC,dwB,dwC,kexAB,kexAC,kexBC,k12,k21,k13,k31,k23,k32,tau1,tau2,tau3,dG12,dG13,ddG12,ddG21,ddG13,ddG31,ddG23,ddG32,R1,R1b,R1c,R2,R2b,R2c,pA_err,pB_err,pC_err,dwB_err,dwC_err,kexAB_err,kexAC_err,kexBC_err,k12_err,k21_err,k13_err,k31_err,k23_err,k32_err,tau1_err,tau2_err,tau3_err,dG12_err,dG13_err,ddG12_err,ddG21_err,ddG13_err,ddG31_err,ddG23_err,ddG32_err,R1_err,R1b_err,R1c_err,R2_err,R2b_err,R2c_err
gc8,1,0.4292232683333221,150.88,auto,298.15,0.97,0.03,0.0,3.6968848560530527,0.0,124.48154476507897,0.0,0.0,3.73444634295,120.747098422,0.0,0.0,0.0,0.0,0.267777311056,0.0082817725069,0.0,2.05953545938,0.0,16.6725057979,14.6129703385,0.0,0.0,0.0,0.0,2.7488605549504106,2.7488605549504106,2.7488605549504106,20.321788103066538,20.321788103066538,20.321788103066538,0.03,0.03,0.0,0.021983917461372272,0.0,1.8185777078229137,0.0,0.0,3.62455563932,4.03065689053,0.0,0.0,0.0,0.0,0.259897632404,0.000276453710747,0.0,0.575390159692,0.0,0.575050152178,0.0197777235798,0.0,0.0,0.0,0.0,0.03913316664464261,0.03913316664464261,0.03913316664464261,0.08164128560255711,0.08164128560255711,0.08164128560255711
