Name,FitNum,N,DF,K,ChiSq,RedChiSq,Rsq,AdjRsq,AIC,BIC,RSS,TSS,SDR
gc1p,1,308,301,7,129.19620376832995,0.4292232683333221,0.9536994014265677,0.9526190541265209,-253.580412993683,-227.469714512868,129.19620376833,2790.378693774901,0.6551513323907098
