Name,FitNum,N,DF,K,ChiSq,RedChiSq,Rsq,AdjRsq,AIC,BIC,RSS,TSS,SDR
A16_C8_Off,1,105,101,4,116.31184066332854,1.151602382805233,0.9869346886860595,0.9864120762335019,19.14302413414085,29.358865534770942,116.31184066332857,8902.33978115971,1.073127384239743
