Name,FitNum,N,DF,K,ChiSq,RedChiSq,Rsq,AdjRsq,AIC,BIC,RSS,TSS,SDR
gc8,1,308,301,7,1689.4298169685312,5.612723644413725,0.7079451305615219,0.7011305169412907,538.230347134892,564.341045615707,1689.4298169685308,5784.631566721444,2.369118748483014
