Name,FitNum,N,DF,K,ChiSq,RedChiSq,Rsq,AdjRsq,AIC,BIC,RSS,TSS,SDR
gc1p,1,308,301,7,1689.4298169685312,5.612723644413725,0.3945517786752365,0.3804246535109921,538.230347134892,564.341045615707,1689.4298169685308,2790.378693774901,2.369118748483014
