Name,FitNum,RedChiSq,lf,AlignMag,Temp,pA,pB,pC,dwB,dwC,kexAB,kexAC,kexBC,k12,k21,k13,k31,k23,k32,tau1,tau2,tau3,dG12,dG13,ddG12,ddG21,ddG13,ddG31,ddG23,ddG32,R1,R1b,R1c,R2,R2b,R2c,pA_err,pB_err,pC_err,dwB_err,dwC_err,kexAB_err,kexAC_err,kexBC_err,k12_err,k21_err,k13_err,k31_err,k23_err,k32_err,tau1_err,tau2_err,tau3_err,dG12_err,dG13_err,ddG12_err,ddG21_err,ddG13_err,ddG31_err,ddG23_err,ddG32_err,R1_err,R1b_err,R1c_err,R2_err,R2b_err,R2c_err
A21_C1p_Off,1,1.8394073862157736,150.88,auto,298.15,0.9999,0.0001,0.0,6.933750256179271,0.0,4369.680901885138,0.0,0.0,0.436968090189,4369.24393379,0.0,0.0,0.0,0.0,2.28849662585,0.00022887254984,0.0,5.45692695108,0.0,17.9436786744,12.4867517233,0.0,0.0,0.0,0.0,2.0507122989643336,2.0507122989643336,2.0507122989643336,17.432675869546895,17.432675869546895,17.432675869546895,0.0001,0.0001,0.0,13.41143794507024,0.0,26586.68402285268,0.0,0.0,2.6943311973,26584.025358,0.0,0.0,0.0,0.0,14.1107966288,0.00139254153828,0.0,5.13238589884,0.0,3.65324191563,3.60488675558,0.0,0.0,0.0,0.0,0.19448157117833323,0.19448157117833323,0.19448157117833323,0.9774328464511352,0.9774328464511352,0.9774328464511352
