Name,FitNum,N,DF,K,ChiSq,RedChiSq,Rsq,AdjRsq,AIC,BIC,RSS,TSS,SDR
gc8,1,190,183,7,31.67960797401114,0.1731126118798423,0.9956742944722876,0.9955079211827602,-325.741282555841,-303.6274986661022,31.679607974011134,7323.570171630386,0.4160680375609766
