Name,FitNum,N,DF,K,ChiSq,RedChiSq,Rsq,AdjRsq,AIC,BIC,RSS,TSS,SDR
gc1p,1,190,183,7,31.67960797401114,0.1731126118798423,0.990641709399696,0.990281775145838,-325.741282555841,-303.6274986661022,31.679607974011134,3385.1917328771365,0.4160680375609766
