Name,FitNum,N,DF,K,ChiSq,RedChiSq,Rsq,AdjRsq,AIC,BIC,RSS,TSS,SDR
G_C8_Off,1,199,192,7,215.8444336033798,1.1241897583509364,0.9452799788155118,0.9432745330129391,30.755756062120177,53.22250240063664,215.84443360337988,3944.5239408015236,1.0602781514069488
