Name,FitNum,RedChiSq,lf,AlignMag,Temp,pA,pB,pC,dwB,dwC,kexAB,kexAC,kexBC,k12,k21,k13,k31,k23,k32,tau1,tau2,tau3,dG12,dG13,ddG12,ddG21,ddG13,ddG31,ddG23,ddG32,R1,R1b,R1c,R2,R2b,R2c,pA_err,pB_err,pC_err,dwB_err,dwC_err,kexAB_err,kexAC_err,kexBC_err,k12_err,k21_err,k13_err,k31_err,k23_err,k32_err,tau1_err,tau2_err,tau3_err,dG12_err,dG13_err,ddG12_err,ddG21_err,ddG13_err,ddG31_err,ddG23_err,ddG32_err,R1_err,R1b_err,R1c_err,R2_err,R2b_err,R2c_err
G10_C8_Off,1,0.19102094547436724,176.04,auto,298.15,0.972,0.028,0.0,3.128480728989615,0.0,3164.2081212375465,0.0,0.0,88.5978273947,3075.61029384,0.0,0.0,0.0,0.0,0.0112869584888,0.000325138721899,0.0,2.10163304388,0.0,14.7963982411,12.6947651972,0.0,0.0,0.0,0.0,0.8800050782618438,0.8800050782618438,0.8800050782618438,29.809099359794207,29.809099359794207,29.809099359794207,0.028,0.028,0.0,0.02596207577134348,0.0,90.97448118766661,0.0,0.0,86.1904612756,123.45718243,0.0,0.0,0.0,0.0,0.0109802710422,1.30512993096e-05,0.0,0.576876299137,0.0,0.576385847233,0.0237827587837,0.0,0.0,0.0,0.0,0.20495747331164435,0.20495747331164435,0.20495747331164435,0.5488355359115629,0.5488355359115629,0.5488355359115629
