Name,FitNum,N,DF,K,ChiSq,RedChiSq,Rsq,AdjRsq,AIC,BIC,RSS,TSS,SDR
ac1p,1,219,212,7,1568.759595946387,7.399809414841448,0.9019826461695551,0.8987308856159385,445.7349706934415,468.92766711495324,1568.7595959463865,16004.916829933014,2.7202590712727064
