Name,FitNum,N,DF,K,ChiSq,RedChiSq,Rsq,AdjRsq,AIC,BIC,RSS,TSS,SDR
ac1p,1,195,188,7,529.2440348326256,2.8151278448543917,0.9776329947439419,0.9767957271675121,209.29669616034127,231.60876258900407,529.2440348326257,23661.819218703065,1.6778342721658752
