Name,FitNum,N,DF,K,ChiSq,RedChiSq,Rsq,AdjRsq,AIC,BIC,RSS,TSS,SDR
ac8,1,195,188,7,529.2440348326256,2.8151278448543917,0.9801620781265807,0.9794194821206238,209.29669616034127,231.60876258900407,529.2440348326257,26678.40100437922,1.6778342721658752
