Name,FitNum,RedChiSq,lf,AlignMag,Temp,pA,pB,pC,dwB,dwC,kexAB,kexAC,kexBC,k12,k21,k13,k31,k23,k32,tau1,tau2,tau3,dG12,dG13,ddG12,ddG21,ddG13,ddG31,ddG23,ddG32,R1,R1b,R1c,R2,R2b,R2c,pA_err,pB_err,pC_err,dwB_err,dwC_err,kexAB_err,kexAC_err,kexBC_err,k12_err,k21_err,k13_err,k31_err,k23_err,k32_err,tau1_err,tau2_err,tau3_err,dG12_err,dG13_err,ddG12_err,ddG21_err,ddG13_err,ddG31_err,ddG23_err,ddG32_err,R1_err,R1b_err,R1c_err,R2_err,R2b_err,R2c_err
G10_C1p_Off,1,0.36397011184553596,170.4,auto,298.15,0.99,0.01,0.0,0.7754182253544384,0.0,5318.973800463647,0.0,0.0,53.1897380046,5265.78406246,0.0,0.0,0.0,0.0,0.01880061902,0.000189905242626,0.0,2.72253843054,0.0,15.0987087571,12.3761703265,0.0,0.0,0.0,0.0,1.725084504607052,1.725084504607052,1.725084504607052,14.652515695798446,14.652515695798446,14.652515695798446,0.01,0.01,0.0,0.2573565246750886,0.0,2449.015606501066,0.0,0.0,58.0766634558,2425.09727452,0.0,0.0,0.0,0.0,0.0205279676973,8.74587109629e-05,0.0,0.702111115055,0.0,0.646920602639,0.272862147915,0.0,0.0,0.0,0.0,0.07517491611431414,0.07517491611431414,0.07517491611431414,0.39944595199273225,0.39944595199273225,0.39944595199273225
