Name,FitNum,RedChiSq,lf,AlignMag,Temp,pA,pB,pC,dwB,dwC,kexAB,kexAC,kexBC,k12,k21,k13,k31,k23,k32,tau1,tau2,tau3,dG12,dG13,ddG12,ddG21,ddG13,ddG31,ddG23,ddG32,R1,R1b,R1c,R2,R2b,R2c,pA_err,pB_err,pC_err,dwB_err,dwC_err,kexAB_err,kexAC_err,kexBC_err,k12_err,k21_err,k13_err,k31_err,k23_err,k32_err,tau1_err,tau2_err,tau3_err,dG12_err,dG13_err,ddG12_err,ddG21_err,ddG13_err,ddG31_err,ddG23_err,ddG32_err,R1_err,R1b_err,R1c_err,R2_err,R2b_err,R2c_err
G10_C1p_Off,1,0.32456648898300994,170.4,auto,298.15,0.9985,0.0015,0.0,3.6232325484448147,0.0,422.2928136725123,0.0,0.0,0.633439220509,421.659374452,0.0,0.0,0.0,0.0,1.5786834279,0.00237158251563,0.0,3.85161836479,0.0,17.7236867879,13.8720684232,0.0,0.0,0.0,0.0,1.4766413170765333,1.4766413170765333,1.4766413170765333,15.091234497243878,15.091234497243878,15.091234497243878,0.0015,0.0015,0.0,0.39675301421789433,0.0,91.63476369971725,0.0,0.0,0.647252970839,91.4994976213,0.0,0.0,0.0,0.0,1.61311062789,0.00051463010642,0.0,0.618906699394,0.0,0.605405382998,0.128568366214,0.0,0.0,0.0,0.0,0.08435443634956358,0.08435443634956358,0.08435443634956358,0.12505689943751686,0.12505689943751686,0.12505689943751686
