Name,FitNum,N,DF,K,ChiSq,RedChiSq,Rsq,AdjRsq,AIC,BIC,RSS,TSS,SDR
G_C8_Off_clean,1,253,248,5,62.366802380154695,0.2514790418554625,0.9820127576432619,0.9816486434255142,-344.29016111915155,-326.62321367551397,62.36680238015472,3467.2798166191255,0.5014768607378237
