Name,FitNum,RedChiSq,lf,AlignMag,Temp,pA,pB,pC,dwB,dwC,kexAB,kexAC,kexBC,k12,k21,k13,k31,k23,k32,tau1,tau2,tau3,dG12,dG13,ddG12,ddG21,ddG13,ddG31,ddG23,ddG32,R1,R1b,R1c,R2,R2b,R2c,pA_err,pB_err,pC_err,dwB_err,dwC_err,kexAB_err,kexAC_err,kexBC_err,k12_err,k21_err,k13_err,k31_err,k23_err,k32_err,tau1_err,tau2_err,tau3_err,dG12_err,dG13_err,ddG12_err,ddG21_err,ddG13_err,ddG31_err,ddG23_err,ddG32_err,R1_err,R1b_err,R1c_err,R2_err,R2b_err,R2c_err
G_C8_Off_clean,1,0.2514790418554625,150.88,avg,298.15,0.9991,0.0009,0.0,4.27,0.0,7874.794418074834,0.0,0.0,7.08731497627,7867.7071031,0.0,0.0,0.0,0.0,0.141097157859,0.000127101833723,0.0,4.15463067417,0.0,16.2928966777,12.1382660035,0.0,0.0,0.0,0.0,2.686936778790141,2.686936778790141,2.686936778790141,15.819838745822338,15.819838745822338,15.819838745822338,0.0009,0.0009,0.0,4.27,0.0,564.0924261533481,0.0,0.0,7.09911565619,563.629224055,0.0,0.0,0.0,0.0,0.141332090609,9.10536030112e-06,0.0,0.594987127809,0.0,0.59347126112,0.0424446048776,0.0,0.0,0.0,0.0,0.03867784684442488,0.03867784684442488,0.03867784684442488,0.05628702028703605,0.05628702028703605,0.05628702028703605
