Name,FitNum,N,DF,K,ChiSq,RedChiSq,Rsq,AdjRsq,AIC,BIC,RSS,TSS,SDR
ac1p,1,195,188,7,26.385819264649584,0.14035010247154034,0.998884877826985,0.9988431352857491,-375.43477366855086,-353.1227072398881,26.385819264649573,23661.819218703065,0.37463329066106804
