Name,FitNum,RedChiSq,lf,AlignMag,Temp,pA,pB,pC,dwB,dwC,kexAB,kexAC,kexBC,k12,k21,k13,k31,k23,k32,tau1,tau2,tau3,dG12,dG13,ddG12,ddG21,ddG13,ddG31,ddG23,ddG32,R1,R1b,R1c,R2,R2b,R2c,pA_err,pB_err,pC_err,dwB_err,dwC_err,kexAB_err,kexAC_err,kexBC_err,k12_err,k21_err,k13_err,k31_err,k23_err,k32_err,tau1_err,tau2_err,tau3_err,dG12_err,dG13_err,ddG12_err,ddG21_err,ddG13_err,ddG31_err,ddG23_err,ddG32_err,R1_err,R1b_err,R1c_err,R2_err,R2b_err,R2c_err
ac1p,1,0.14035010247154034,176.04,auto,298.15,0.973,0.027,0.0,3.1158351842408476,0.0,1913.1966587059733,0.0,0.0,51.6563097851,1861.54034892,0.0,0.0,0.0,0.0,0.0193587192767,0.000537189537997,0.0,2.12378955728,0.0,15.1160407909,12.9922512336,0.0,0.0,0.0,0.0,0.7193445764489858,0.7193445764489858,0.7193445764489858,20.066597582898307,20.066597582898307,20.066597582898307,0.027,0.027,0.0,0.018361107816156404,0.0,29.496424593791417,0.0,0.0,50.2872436557,57.895283304,0.0,0.0,0.0,0.0,0.0188456480376,1.67069924154e-05,0.0,0.577076176483,0.0,0.576781908228,0.0184267144198,0.0,0.0,0.0,0.0,0.13911593075391876,0.13911593075391876,0.13911593075391876,0.2256001335653944,0.2256001335653944,0.2256001335653944
