Name,FitNum,RedChiSq,lf,AlignMag,Temp,pA,pB,pC,dwB,dwC,kexAB,kexAC,kexBC,k12,k21,k13,k31,k23,k32,tau1,tau2,tau3,dG12,dG13,ddG12,ddG21,ddG13,ddG31,ddG23,ddG32,R1,R1b,R1c,R2,R2b,R2c,pA_err,pB_err,pC_err,dwB_err,dwC_err,kexAB_err,kexAC_err,kexBC_err,k12_err,k21_err,k13_err,k31_err,k23_err,k32_err,tau1_err,tau2_err,tau3_err,dG12_err,dG13_err,ddG12_err,ddG21_err,ddG13_err,ddG31_err,ddG23_err,ddG32_err,R1_err,R1b_err,R1c_err,R2_err,R2b_err,R2c_err
ra16_c8_15c,1,0.753777004131432,150.784186,auto,298.15,0.98,0.02,0.0,1.0444515858293646,0.0,5103.654621350119,0.0,0.0,102.073092427,5001.58152892,0.0,0.0,0.0,0.0,0.00979690118348,0.000199936758847,0.0,2.30584417206,0.0,14.712513176,12.4066690039,0.0,0.0,0.0,0.0,1.8911384348975306,1.8911384348975306,1.8911384348975306,33.693409539300006,33.693409539300006,33.693409539300006,0.02,0.02,0.0,0.07994219358290863,0.0,609.3869186070041,0.0,0.0,100.792041597,605.522382374,0.0,0.0,0.0,0.0,0.0096739468564,2.42055801432e-05,0.0,0.589429686159,0.0,0.585048870727,0.0717298667622,0.0,0.0,0.0,0.0,0.048220657380696565,0.048220657380696565,0.048220657380696565,0.22680450281050377,0.22680450281050377,0.22680450281050377
