Name,FitNum,RedChiSq,lf,AlignMag,Temp,pA,pB,pC,dwB,dwC,kexAB,kexAC,kexBC,k12,k21,k13,k31,k23,k32,tau1,tau2,tau3,dG12,dG13,ddG12,ddG21,ddG13,ddG31,ddG23,ddG32,R1,R1b,R1c,R2,R2b,R2c,pA_err,pB_err,pC_err,dwB_err,dwC_err,kexAB_err,kexAC_err,kexBC_err,k12_err,k21_err,k13_err,k31_err,k23_err,k32_err,tau1_err,tau2_err,tau3_err,dG12_err,dG13_err,ddG12_err,ddG21_err,ddG13_err,ddG31_err,ddG23_err,ddG32_err,R1_err,R1b_err,R1c_err,R2_err,R2b_err,R2c_err
gc8,1,0.502631088768964,150.7,auto,298.15,0.9995,0.0005,0.0,5.012754975007108,0.0,2922.9070694030383,0.0,0.0,1.4614535347,2921.44561587,0.0,0.0,0.0,0.0,0.684250286619,0.000342296291455,0.0,4.50312246865,0.0,17.2283560657,12.7252335971,0.0,0.0,0.0,0.0,2.452481562336487,2.452481562336487,2.452481562336487,24.165852263997024,24.165852263997024,24.165852263997024,0.0005,0.0005,0.0,0.8783592664103818,0.0,1508.5072197941888,0.0,0.0,1.64396172815,1507.75367376,0.0,0.0,0.0,0.0,0.769700340769,0.00017665859948,0.0,0.733273916791,0.0,0.666475004895,0.305780484819,0.0,0.0,0.0,0.0,0.11288645388699048,0.11288645388699048,0.11288645388699048,0.2550197993002069,0.2550197993002069,0.2550197993002069
