Name,FitNum,N,DF,K,ChiSq,RedChiSq,Rsq,AdjRsq,AIC,BIC,RSS,TSS,SDR
G_C8_Off,1,199,192,7,81.12410726991278,0.42252139203079575,0.9794337394100266,0.9786800021109177,-163.98121873887217,-141.51447240035571,81.1241072699128,3944.5239408015236,0.650016455200017
