Name,FitNum,RedChiSq,lf,AlignMag,Temp,pA,pB,pC,dwB,dwC,kexAB,kexAC,kexBC,k12,k21,k13,k31,k23,k32,tau1,tau2,tau3,dG12,dG13,ddG12,ddG21,ddG13,ddG31,ddG23,ddG32,R1,R1b,R1c,R2,R2b,R2c,pA_err,pB_err,pC_err,dwB_err,dwC_err,kexAB_err,kexAC_err,kexBC_err,k12_err,k21_err,k13_err,k31_err,k23_err,k32_err,tau1_err,tau2_err,tau3_err,dG12_err,dG13_err,ddG12_err,ddG21_err,ddG13_err,ddG31_err,ddG23_err,ddG32_err,R1_err,R1b_err,R1c_err,R2_err,R2b_err,R2c_err
gc1p,1,0.18012243044539425,150.7,auto,298.15,0.996,0.004,0.0,2.3284771344716004,0.0,2009.4412818391354,0.0,0.0,8.03776512736,2001.40351671,0.0,0.0,0.0,0.0,0.124412692354,0.000499649366882,0.0,3.26900669389,0.0,16.2183357234,12.9493290295,0.0,0.0,0.0,0.0,2.021107160024919,2.021107160024919,2.021107160024919,16.114731629777324,16.114731629777324,16.114731629777324,0.004,0.004,0.0,0.06405879147447464,0.0,161.27195142270844,0.0,0.0,8.03162676891,160.826242279,0.0,0.0,0.0,0.0,0.124317679662,4.01501893356e-05,0.0,0.593943548727,0.0,0.592032274393,0.0476101370747,0.0,0.0,0.0,0.0,0.07359301037053473,0.07359301037053473,0.07359301037053473,0.1330142370260279,0.1330142370260279,0.1330142370260279
