Name,FitNum,N,DF,K,ChiSq,RedChiSq,Rsq,AdjRsq,AIC,BIC,RSS,TSS,SDR
gc8,1,216,209,7,37.6455879630874,0.18012243044539425,0.9935007922135634,0.9932820688745967,-362.8270699717041,-339.7385826563765,37.645587963087394,5792.334881437498,0.4244083298492081
