Name,FitNum,N,DF,K,ChiSq,RedChiSq,Rsq,AdjRsq,AIC,BIC,RSS,TSS,SDR
ac8,1,219,212,7,254.15192579048934,1.1988298386343836,0.984941598244575,0.9844420304138263,47.131253309321124,70.32394973083285,254.1519257904893,16877.749041257106,1.0949108815946544
