Name,FitNum,N,DF,K,ChiSq,RedChiSq,Rsq,AdjRsq,AIC,BIC,RSS,TSS,SDR
ac1p,1,219,212,7,254.15192579048934,1.1988298386343836,0.9841203844736535,0.9835935725841538,47.131253309321124,70.32394973083285,254.1519257904893,16004.916829933014,1.0949108815946544
