Name,FitNum,RedChiSq,lf,AlignMag,Temp,pA,pB,pC,dwB,dwC,kexAB,kexAC,kexBC,k12,k21,k13,k31,k23,k32,tau1,tau2,tau3,dG12,dG13,ddG12,ddG21,ddG13,ddG31,ddG23,ddG32,R1,R1b,R1c,R2,R2b,R2c,pA_err,pB_err,pC_err,dwB_err,dwC_err,kexAB_err,kexAC_err,kexBC_err,k12_err,k21_err,k13_err,k31_err,k23_err,k32_err,tau1_err,tau2_err,tau3_err,dG12_err,dG13_err,ddG12_err,ddG21_err,ddG13_err,ddG31_err,ddG23_err,ddG32_err,R1_err,R1b_err,R1c_err,R2_err,R2b_err,R2c_err
hpGBCm6A_m6A_C2_65C,1,144.47614219062982,150.88,auto,298.15,0.9999,0.0001,0.0,7.047752486290907,0.0,4432.683220325129,0.0,0.0,0.443268322033,4432.239952,0.0,0.0,0.0,0.0,2.25596991776,0.000225619553731,0.0,5.45692695108,0.0,17.9351971915,12.4782702404,0.0,0.0,0.0,0.0,6.223862241678547,6.223862241678547,6.223862241678547,17.748277616262587,17.748277616262587,17.748277616262587,0.0001,0.0001,0.0,50.43711927370558,0.0,95220.68395675719,0.0,0.0,9.53237819454,95211.1618894,0.0,0.0,0.0,0.0,48.5140881554,0.00484664641092,0.0,18.009094853,0.0,12.7412414112,12.7274610479,0.0,0.0,0.0,0.0,0.7904312449274283,0.7904312449274283,0.7904312449274283,3.290549613275412,3.290549613275412,3.290549613275412
