Name,FitNum,RedChiSq,lf,AlignMag,Temp,pA,pB,pC,dwB,dwC,kexAB,kexAC,kexBC,k12,k21,k13,k31,k23,k32,tau1,tau2,tau3,dG12,dG13,ddG12,ddG21,ddG13,ddG31,ddG23,ddG32,R1,R1b,R1c,R2,R2b,R2c,pA_err,pB_err,pC_err,dwB_err,dwC_err,kexAB_err,kexAC_err,kexBC_err,k12_err,k21_err,k13_err,k31_err,k23_err,k32_err,tau1_err,tau2_err,tau3_err,dG12_err,dG13_err,ddG12_err,ddG21_err,ddG13_err,ddG31_err,ddG23_err,ddG32_err,R1_err,R1b_err,R1c_err,R2_err,R2b_err,R2c_err
gc1p,1,0.22700020834065773,150.7,auto,298.15,0.991,0.009,0.0,3.134425463895358,0.0,1941.2583360689196,0.0,0.0,17.4713250246,1923.78701104,0.0,0.0,0.0,0.0,0.0572366433909,0.000519808063086,0.0,2.78556109659,0.0,15.7583247037,12.9727636071,0.0,0.0,0.0,0.0,2.044280068369632,2.044280068369632,2.044280068369632,14.574503684795031,14.574503684795031,14.574503684795031,0.009,0.009,0.0,0.03553127378803161,0.0,59.435033143158996,0.0,0.0,17.3230578413,61.3923943232,0.0,0.0,0.0,0.0,0.056750915154,1.65882508813e-05,0.0,0.587760930543,0.0,0.587456736149,0.0189075282896,0.0,0.0,0.0,0.0,0.0911043870242813,0.0911043870242813,0.0911043870242813,0.17796100508229037,0.17796100508229037,0.17796100508229037
