Name,FitNum,RedChiSq,lf,AlignMag,Temp,pA,pB,pC,dwB,dwC,kexAB,kexAC,kexBC,k12,k21,k13,k31,k23,k32,tau1,tau2,tau3,dG12,dG13,ddG12,ddG21,ddG13,ddG31,ddG23,ddG32,R1,R1b,R1c,R2,R2b,R2c,pA_err,pB_err,pC_err,dwB_err,dwC_err,kexAB_err,kexAC_err,kexBC_err,k12_err,k21_err,k13_err,k31_err,k23_err,k32_err,tau1_err,tau2_err,tau3_err,dG12_err,dG13_err,ddG12_err,ddG21_err,ddG13_err,ddG31_err,ddG23_err,ddG32_err,R1_err,R1b_err,R1c_err,R2_err,R2b_err,R2c_err
A16_C8_Off,1,0.21972884892965464,176.04,auto,298.15,0.99,0.01,0.0,3.1419436213734975,0.0,3774.2861241177084,0.0,0.0,37.7428612412,3736.54326288,0.0,0.0,0.0,0.0,0.0264950766083,0.000267627036447,0.0,2.72253843054,0.0,15.3019719853,12.5794335547,0.0,0.0,0.0,0.0,0.8208297805113945,0.8208297805113945,0.8208297805113945,25.956071732310967,25.956071732310967,25.956071732310967,0.01,0.01,0.0,0.06826166485471247,0.0,189.381025257218,0.0,0.0,37.4152980098,191.174720604,0.0,0.0,0.0,0.0,0.0262651307954,1.36927422806e-05,0.0,0.588124428984,0.0,0.587342684607,0.0303136076216,0.0,0.0,0.0,0.0,0.14913995197635013,0.14913995197635013,0.14913995197635013,0.4358812544401226,0.4358812544401226,0.4358812544401226
