Name,FitNum,RedChiSq,lf,AlignMag,Temp,pA,pB,pC,dwB,dwC,kexAB,kexAC,kexBC,k12,k21,k13,k31,k23,k32,tau1,tau2,tau3,dG12,dG13,ddG12,ddG21,ddG13,ddG31,ddG23,ddG32,R1,R1b,R1c,R2,R2b,R2c,pA_err,pB_err,pC_err,dwB_err,dwC_err,kexAB_err,kexAC_err,kexBC_err,k12_err,k21_err,k13_err,k31_err,k23_err,k32_err,tau1_err,tau2_err,tau3_err,dG12_err,dG13_err,ddG12_err,ddG21_err,ddG13_err,ddG31_err,ddG23_err,ddG32_err,R1_err,R1b_err,R1c_err,R2_err,R2b_err,R2c_err
G_C8_Off,1,0.1809890055910248,150.88,auto,298.15,0.9995,0.0005,0.0,4.27,0.0,98392.68649897959,0.0,0.0,49.1963432495,98343.4901557,0.0,0.0,0.0,0.0,0.0203267140187,1.016844123e-05,0.0,4.50312246865,0.0,15.1449499323,10.6418274637,0.0,0.0,0.0,0.0,0.976765621469338,0.976765621469338,0.976765621469338,32.22198244234494,32.22198244234494,32.22198244234494,0.0005,0.0005,0.0,4.27,0.0,7156644.317721349,0.0,0.0,3578.65999135,7153065.99573,0.0,0.0,0.0,0.0,1.47861392554,0.000739606974255,0.0,60.9479762202,0.0,43.09876154,43.0946929338,0.0,0.0,0.0,0.0,0.10324938843649606,0.10324938843649606,0.10324938843649606,5.987053337155217,5.987053337155217,5.987053337155217
