Name,FitNum,RedChiSq,lf,AlignMag,Temp,pA,pB,pC,dwB,dwC,kexAB,kexAC,kexBC,k12,k21,k13,k31,k23,k32,tau1,tau2,tau3,dG12,dG13,ddG12,ddG21,ddG13,ddG31,ddG23,ddG32,R1,R1b,R1c,R2,R2b,R2c,pA_err,pB_err,pC_err,dwB_err,dwC_err,kexAB_err,kexAC_err,kexBC_err,k12_err,k21_err,k13_err,k31_err,k23_err,k32_err,tau1_err,tau2_err,tau3_err,dG12_err,dG13_err,ddG12_err,ddG21_err,ddG13_err,ddG31_err,ddG23_err,ddG32_err,R1_err,R1b_err,R1c_err,R2_err,R2b_err,R2c_err
ac1p,1,0.844261811105098,176.04,auto,298.15,0.95,0.05,0.0,1.1190098396676522,0.0,5754.044749996541,0.0,0.0,287.7022375,5466.3425125,0.0,0.0,0.0,0.0,0.00347581585979,0.000182937676831,0.0,1.7445351892,0.0,14.0985586173,12.3540234281,0.0,0.0,0.0,0.0,2.2238234491297217,2.2238234491297217,2.2238234491297217,15.7772492026055,15.7772492026055,15.7772492026055,0.05,0.05,0.0,0.06953801698299876,0.0,495.39943179128113,0.0,0.0,274.81399909,544.427471215,0.0,0.0,0.0,0.0,0.00332010923805,1.82199151552e-05,0.0,0.569011174069,0.0,0.565943124594,0.0590092868926,0.0,0.0,0.0,0.0,0.16455897790290602,0.16455897790290602,0.16455897790290602,0.736152459164999,0.736152459164999,0.736152459164999
