Name,FitNum,N,DF,K,ChiSq,RedChiSq,Rsq,AdjRsq,AIC,BIC,RSS,TSS,SDR
T8_N3_Off,1,97,93,4,82.33443030746822,0.8853164549190131,0.8545760380078873,0.8482532570517085,-7.465613276103502,2.398448029214377,82.3344303074682,566.1682516388443,0.9409125649703127
