Name,FitNum,RedChiSq,lf,AlignMag,Temp,pA,pB,pC,dwB,dwC,kexAB,kexAC,kexBC,k12,k21,k13,k31,k23,k32,tau1,tau2,tau3,dG12,dG13,ddG12,ddG21,ddG13,ddG31,ddG23,ddG32,R1,R1b,R1c,R2,R2b,R2c,pA_err,pB_err,pC_err,dwB_err,dwC_err,kexAB_err,kexAC_err,kexBC_err,k12_err,k21_err,k13_err,k31_err,k23_err,k32_err,tau1_err,tau2_err,tau3_err,dG12_err,dG13_err,ddG12_err,ddG21_err,ddG13_err,ddG31_err,ddG23_err,ddG32_err,R1_err,R1b_err,R1c_err,R2_err,R2b_err,R2c_err
T8_N3_Off,1,0.8853164549190131,176.04,auto,298.15,0.976,0.024,0.0,0.36784570383954474,0.0,1064.5593844519608,0.0,0.0,25.5494252268,1039.00995923,0.0,0.0,0.0,0.0,0.0391398237385,0.000962454682095,0.0,2.19539817638,0.0,15.5331485918,13.3377504154,0.0,0.0,0.0,0.0,1.5269683682762158,1.5269683682762158,1.5269683682762158,7.886514509465592,7.886514509465592,7.886514509465592,0.024,0.024,0.0,0.021874119165208095,0.0,248.0787088136281,0.0,0.0,25.6445083442,243.406286644,0.0,0.0,0.0,0.0,0.0392854840194,0.000225471871711,0.0,0.610672795869,0.0,0.594689702485,0.138799932899,0.0,0.0,0.0,0.0,0.0632360573299043,0.0632360573299043,0.0632360573299043,0.13113114780700869,0.13113114780700869,0.13113114780700869
