Name,FitNum,RedChiSq,lf,AlignMag,Temp,pA,pB,pC,dwB,dwC,kexAB,kexAC,kexBC,k12,k21,k13,k31,k23,k32,tau1,tau2,tau3,dG12,dG13,ddG12,ddG21,ddG13,ddG31,ddG23,ddG32,R1,R1b,R1c,R2,R2b,R2c,pA_err,pB_err,pC_err,dwB_err,dwC_err,kexAB_err,kexAC_err,kexBC_err,k12_err,k21_err,k13_err,k31_err,k23_err,k32_err,tau1_err,tau2_err,tau3_err,dG12_err,dG13_err,ddG12_err,ddG21_err,ddG13_err,ddG31_err,ddG23_err,ddG32_err,R1_err,R1b_err,R1c_err,R2_err,R2b_err,R2c_err
A16_C8_Off,1,2.327816910023083,150.7,auto,298.15,0.9995,0.0005,0.0,-2.026900429039766,0.0,1919.2311008782385,0.0,0.0,0.959615550439,1918.27148533,0.0,0.0,0.0,0.0,1.04208398826,0.000521302645454,0.0,4.50312246865,0.0,17.477587178,12.9744647093,0.0,0.0,0.0,0.0,3.474899786516544,3.474899786516544,3.474899786516544,31.63762403163439,31.63762403163439,31.63762403163439,0.0005,0.0005,0.0,2.821038017925518,0.0,7937.409885778868,0.0,0.0,4.08295977531,7933.44123881,0.0,0.0,0.0,0.0,4.43384541301,0.00215596381272,0.0,3.51555830624,0.0,2.52089641118,2.45035333955,0.0,0.0,0.0,0.0,0.15361945066209978,0.15361945066209978,0.15361945066209978,0.6301526390182841,0.6301526390182841,0.6301526390182841
