Name,FitNum,N,DF,K,ChiSq,RedChiSq,Rsq,AdjRsq,AIC,BIC,RSS,TSS,SDR
A16_C8_Off,1,120,116,4,270.0267615626776,2.327816910023083,0.9783947578152115,0.9776432711305232,105.67134547136205,116.47348635553371,270.02676156267756,12498.20572494175,1.5257184897690277
