Name,FitNum,N,DF,K,ChiSq,RedChiSq,Rsq,AdjRsq,AIC,BIC,RSS,TSS,SDR
G_C1p_Off,1,199,192,7,78.25058558584755,0.4075551332596226,0.9600489749838932,0.9585848012922035,-171.15792641504254,-148.69118007652608,78.25058558584756,1958.6627765945875,0.6384004489813762
