Name,FitNum,N,DF,K,ChiSq,RedChiSq,Rsq,AdjRsq,AIC,BIC,RSS,TSS,SDR
G_C8_Off,1,199,192,7,78.25058558584755,0.4075551332596226,0.9801622231832754,0.9794351842423483,-171.15792641504254,-148.69118007652608,78.25058558584756,3944.5239408015236,0.6384004489813762
