Name,FitNum,RedChiSq,lf,AlignMag,Temp,pA,pB,pC,dwB,dwC,kexAB,kexAC,kexBC,k12,k21,k13,k31,k23,k32,tau1,tau2,tau3,dG12,dG13,ddG12,ddG21,ddG13,ddG31,ddG23,ddG32,R1,R1b,R1c,R2,R2b,R2c,pA_err,pB_err,pC_err,dwB_err,dwC_err,kexAB_err,kexAC_err,kexBC_err,k12_err,k21_err,k13_err,k31_err,k23_err,k32_err,tau1_err,tau2_err,tau3_err,dG12_err,dG13_err,ddG12_err,ddG21_err,ddG13_err,ddG31_err,ddG23_err,ddG32_err,R1_err,R1b_err,R1c_err,R2_err,R2b_err,R2c_err
G_C8_Off,1,0.4075551332596226,150.88,auto,298.15,0.97,0.03,0.0,0.3907233535904281,0.0,3863.1683880489322,0.0,0.0,115.895051641,3747.27333641,0.0,0.0,0.0,0.0,0.00862849609053,0.000266860703831,0.0,2.05953545938,0.0,14.6372700389,12.5777345796,0.0,0.0,0.0,0.0,2.5582378423680034,2.5582378423680034,2.5582378423680034,20.203623654120054,20.203623654120054,20.203623654120054,0.03,0.03,0.0,0.05578326229821485,0.0,809.3830436110601,0.0,0.0,115.063161041,793.116881447,0.0,0.0,0.0,0.0,0.00856656104939,5.64815294221e-05,0.0,0.601449956904,0.0,0.588231914227,0.12540042163,0.0,0.0,0.0,0.0,0.04459841127221719,0.04459841127221719,0.04459841127221719,0.13458225123841336,0.13458225123841336,0.13458225123841336
