Name,FitNum,N,DF,K,ChiSq,RedChiSq,Rsq,AdjRsq,AIC,BIC,RSS,TSS,SDR
hpGBCm6A_m6A_C2_65C,1,91,87,4,44.97397432664932,0.5169422336396473,0.9845544495420717,0.9838360518463541,-55.66945716488029,-46.09113541788266,44.97397432664931,2911.7754300277525,0.718986949561428
