Name,FitNum,RedChiSq,lf,AlignMag,Temp,pA,pB,pC,dwB,dwC,kexAB,kexAC,kexBC,k12,k21,k13,k31,k23,k32,tau1,tau2,tau3,dG12,dG13,ddG12,ddG21,ddG13,ddG31,ddG23,ddG32,R1,R1b,R1c,R2,R2b,R2c,pA_err,pB_err,pC_err,dwB_err,dwC_err,kexAB_err,kexAC_err,kexBC_err,k12_err,k21_err,k13_err,k31_err,k23_err,k32_err,tau1_err,tau2_err,tau3_err,dG12_err,dG13_err,ddG12_err,ddG21_err,ddG13_err,ddG31_err,ddG23_err,ddG32_err,R1_err,R1b_err,R1c_err,R2_err,R2b_err,R2c_err
hpGBCm6A_m6A_C2_65C,1,0.5169422336396473,150.88,auto,298.15,0.986,0.014,0.0,2.6644237208883426,0.0,1299.1104934739735,0.0,0.0,18.1875469086,1280.92294657,0.0,0.0,0.0,0.0,0.0549826760598,0.000780687084013,0.0,2.52078503496,0.0,15.7345209434,13.2137359084,0.0,0.0,0.0,0.0,4.92492535977699,4.92492535977699,4.92492535977699,11.78894837724453,11.78894837724453,11.78894837724453,0.014,0.014,0.0,0.017716101555230294,0.0,20.461665358579683,0.0,0.0,17.9370164766,26.9943193348,0.0,0.0,0.0,0.0,0.054225298847,1.64522905167e-05,0.0,0.584456759157,0.0,0.584323370075,0.0124860925909,0.0,0.0,0.0,0.0,0.04609033631045495,0.04609033631045495,0.04609033631045495,0.07521172662881756,0.07521172662881756,0.07521172662881756
