Name,FitNum,N,DF,K,ChiSq,RedChiSq,Rsq,AdjRsq,AIC,BIC,RSS,TSS,SDR
G_C8_Off,1,98,94,4,23.4042126986,0.248980986155,0.994182388033,0.993932168164,-131.910933853,-122.001171466,23.4042126986,4022.99308249,0.498979945645
