Name,FitNum,N,DF,K,ChiSq,RedChiSq,Rsq,AdjRsq,AIC,BIC,RSS,TSS,SDR
gc1p,1,212,205,7,42.48590275711939,0.2072483061322897,0.9759368156503447,0.9751111181481508,-326.2227385550778,-303.27565424021685,42.48590275711939,1765.5976922991133,0.45524532521739275
