Name,FitNum,N,DF,K,ChiSq,RedChiSq,Rsq,AdjRsq,AIC,BIC,RSS,TSS,SDR
gc8,1,212,205,7,42.48590275711939,0.2072483061322897,0.9879652217245696,0.9875522636464912,-326.2227385550778,-303.27565424021685,42.48590275711939,3530.260531999712,0.45524532521739275
