Name,FitNum,N,DF,K,ChiSq,RedChiSq,Rsq,AdjRsq,AIC,BIC,RSS,TSS,SDR
ac1p,1,195,188,7,4221.693892909352,22.455818579305063,0.8215820240240704,0.8149032762602656,614.2224025299887,636.5344689586515,4221.693892909352,23661.819218703065,4.738757071142713
