Name,FitNum,RedChiSq,lf,AlignMag,Temp,pA,pB,pC,dwB,dwC,kexAB,kexAC,kexBC,k12,k21,k13,k31,k23,k32,tau1,tau2,tau3,dG12,dG13,ddG12,ddG21,ddG13,ddG31,ddG23,ddG32,R1,R1b,R1c,R2,R2b,R2c,pA_err,pB_err,pC_err,dwB_err,dwC_err,kexAB_err,kexAC_err,kexBC_err,k12_err,k21_err,k13_err,k31_err,k23_err,k32_err,tau1_err,tau2_err,tau3_err,dG12_err,dG13_err,ddG12_err,ddG21_err,ddG13_err,ddG31_err,ddG23_err,ddG32_err,R1_err,R1b_err,R1c_err,R2_err,R2b_err,R2c_err
A21_C1p_Off,1,0.2647688264174968,150.7,avg,298.15,0.97,0.03,0.0,2.3853718030253286,0.0,59.61020255589785,0.0,0.0,1.78830607668,57.8218964792,0.0,0.0,0.0,0.0,0.559188392324,0.0172944863605,0.0,2.05953545938,0.0,17.1087705237,15.0492350643,0.0,0.0,0.0,0.0,1.7037248806388432,1.7037248806388432,1.7037248806388432,14.62188543322702,14.62188543322702,14.62188543322702,0.03,0.03,0.0,0.1604961842321271,0.0,6.811409960347971,0.0,0.0,1.74747490713,6.83119724939,0.0,0.0,0.0,0.0,0.546420826216,0.00204320603179,0.0,0.583173027829,0.0,0.578956949849,0.0699973614391,0.0,0.0,0.0,0.0,0.0744138138378457,0.0744138138378457,0.0744138138378457,0.08785822514076698,0.08785822514076698,0.08785822514076698
