Name,FitNum,N,DF,K,ChiSq,RedChiSq,Rsq,AdjRsq,AIC,BIC,RSS,TSS,SDR
gc8,1,220,213,7,140.77739683927737,0.6609267457243069,0.9772633062020136,0.9765125663124575,-83.69018096521404,-60.463090027539955,140.7773968392773,6191.638858757249,0.8129740129452518
