Name,FitNum,RedChiSq,lf,AlignMag,Temp,pA,pB,pC,dwB,dwC,kexAB,kexAC,kexBC,k12,k21,k13,k31,k23,k32,tau1,tau2,tau3,dG12,dG13,ddG12,ddG21,ddG13,ddG31,ddG23,ddG32,R1,R1b,R1c,R2,R2b,R2c,pA_err,pB_err,pC_err,dwB_err,dwC_err,kexAB_err,kexAC_err,kexBC_err,k12_err,k21_err,k13_err,k31_err,k23_err,k32_err,tau1_err,tau2_err,tau3_err,dG12_err,dG13_err,ddG12_err,ddG21_err,ddG13_err,ddG31_err,ddG23_err,ddG32_err,R1_err,R1b_err,R1c_err,R2_err,R2b_err,R2c_err
T8_N3_Off,1,0.862589877766088,176.04,auto,298.15,0.972,0.028,0.0,0.3423068847680045,0.0,1042.2472680418664,0.0,0.0,29.1829235052,1013.06434454,0.0,0.0,0.0,0.0,0.0342666148518,0.000987104131532,0.0,2.10163304388,0.0,15.4543665427,13.3527334989,0.0,0.0,0.0,0.0,1.5281121234284263,1.5281121234284263,1.5281121234284263,7.882796748447689,7.882796748447689,7.882796748447689,0.028,0.028,0.0,0.019528255812886204,0.0,237.86364611947644,0.0,0.0,29.148660633,232.938464342,0.0,0.0,0.0,0.0,0.0342263833567,0.000226969315211,0.0,0.607267420958,0.0,0.591789128758,0.136232696667,0.0,0.0,0.0,0.0,0.062426825112298225,0.062426825112298225,0.062426825112298225,0.12855833265388414,0.12855833265388414,0.12855833265388414
