Name,FitNum,N,DF,K,ChiSq,RedChiSq,Rsq,AdjRsq,AIC,BIC,RSS,TSS,SDR
T8_N3_Off,1,97,93,4,80.22085863224618,0.862589877766088,0.8583091538601166,0.8521486822888173,-9.988176622075535,-0.1241153167576563,80.22085863224622,566.1682516388443,0.9287571683524647
