Name,FitNum,RedChiSq,lf,AlignMag,Temp,pA,pB,pC,dwB,dwC,kexAB,kexAC,kexBC,k12,k21,k13,k31,k23,k32,tau1,tau2,tau3,dG12,dG13,ddG12,ddG21,ddG13,ddG31,ddG23,ddG32,R1,R1b,R1c,R2,R2b,R2c,pA_err,pB_err,pC_err,dwB_err,dwC_err,kexAB_err,kexAC_err,kexBC_err,k12_err,k21_err,k13_err,k31_err,k23_err,k32_err,tau1_err,tau2_err,tau3_err,dG12_err,dG13_err,ddG12_err,ddG21_err,ddG13_err,ddG31_err,ddG23_err,ddG32_err,R1_err,R1b_err,R1c_err,R2_err,R2b_err,R2c_err
A16_C8_Off,1,0.3440928183105551,150.7,auto,298.15,0.996,0.004,0.0,3.2704098326000173,0.0,3281.395409903964,0.0,0.0,13.1255816396,3268.26982826,0.0,0.0,0.0,0.0,0.0761870999287,0.00030597228887,0.0,3.26900669389,0.0,15.9277740646,12.6587673707,0.0,0.0,0.0,0.0,2.8535847336968625,2.8535847336968625,2.8535847336968625,23.79297317796011,23.79297317796011,23.79297317796011,0.004,0.004,0.0,0.10727243433405342,0.0,301.37953148559825,0.0,0.0,13.1286493278,300.458560297,0.0,0.0,0.0,0.0,0.0762049062455,2.81286424425e-05,0.0,0.595121064202,0.0,0.592623223401,0.0544683040277,0.0,0.0,0.0,0.0,0.07953794891016482,0.07953794891016482,0.07953794891016482,0.24711009234910208,0.24711009234910208,0.24711009234910208
