Name,FitNum,N,DF,K,ChiSq,RedChiSq,Rsq,AdjRsq,AIC,BIC,RSS,TSS,SDR
A16_C8_Off,1,104,100,4,34.40928183105551,0.3440928183105551,0.9953302244854083,0.995141546686839,-106.62667284659221,-96.45314965406712,34.40928183105551,7368.508769540807,0.5865942535608025
