Name,FitNum,RedChiSq,lf,AlignMag,Temp,pA,pB,pC,dwB,dwC,kexAB,kexAC,kexBC,k12,k21,k13,k31,k23,k32,tau1,tau2,tau3,dG12,dG13,ddG12,ddG21,ddG13,ddG31,ddG23,ddG32,R1,R1b,R1c,R2,R2b,R2c,pA_err,pB_err,pC_err,dwB_err,dwC_err,kexAB_err,kexAC_err,kexBC_err,k12_err,k21_err,k13_err,k31_err,k23_err,k32_err,tau1_err,tau2_err,tau3_err,dG12_err,dG13_err,ddG12_err,ddG21_err,ddG13_err,ddG31_err,ddG23_err,ddG32_err,R1_err,R1b_err,R1c_err,R2_err,R2b_err,R2c_err
A16_C8_Off,1,1.0237214889355681,150.7,auto,298.15,0.97,0.03,0.0,1.1219271561118251,0.0,3739.4364661710783,0.0,0.0,112.183093985,3627.25337219,0.0,0.0,0.0,0.0,0.00891399911053,0.00027569069414,0.0,2.05953545938,0.0,14.6565570469,12.5970215875,0.0,0.0,0.0,0.0,2.8358545625195806,2.8358545625195806,2.8358545625195806,25.49489086671263,25.49489086671263,25.49489086671263,0.03,0.03,0.0,0.07340470407541914,0.0,461.4409525542001,0.0,0.0,109.746215619,460.647717215,0.0,0.0,0.0,0.0,0.0087203662661,3.50116950436e-05,0.0,0.584478097901,0.0,0.579614598719,0.075243364347,0.0,0.0,0.0,0.0,0.11825409499534695,0.11825409499534695,0.11825409499534695,0.4731347257646936,0.4731347257646936,0.4731347257646936
