Name,FitNum,RedChiSq,lf,AlignMag,Temp,pA,pB,pC,dwB,dwC,kexAB,kexAC,kexBC,k12,k21,k13,k31,k23,k32,tau1,tau2,tau3,dG12,dG13,ddG12,ddG21,ddG13,ddG31,ddG23,ddG32,R1,R1b,R1c,R2,R2b,R2c,pA_err,pB_err,pC_err,dwB_err,dwC_err,kexAB_err,kexAC_err,kexBC_err,k12_err,k21_err,k13_err,k31_err,k23_err,k32_err,tau1_err,tau2_err,tau3_err,dG12_err,dG13_err,ddG12_err,ddG21_err,ddG13_err,ddG31_err,ddG23_err,ddG32_err,R1_err,R1b_err,R1c_err,R2_err,R2b_err,R2c_err
ac1p,1,0.8122906785239772,150.7,auto,298.15,0.9,0.1,0.0,1.2967368215057977,0.0,60.1175978854657,0.0,0.0,6.01175978855,54.1058380969,0.0,0.0,0.0,0.0,0.166340644865,0.0184822938739,0.0,1.30182205197,0.0,16.390413178,15.0885911261,0.0,0.0,0.0,0.0,2.0954871828832893,2.0954871828832893,2.0954871828832893,22.510392993799034,22.510392993799034,22.510392993799034,0.1,0.1,0.0,0.07606985228510853,0.0,8.41447795494788,0.0,0.0,5.50852649188,9.3266615418,0.0,0.0,0.0,0.0,0.152416577033,0.00318594269197,0.0,0.55241219171,0.0,0.542888946018,0.102131394984,0.0,0.0,0.0,0.0,0.1176736241873234,0.1176736241873234,0.1176736241873234,0.1461845097331984,0.1461845097331984,0.1461845097331984
