Name,FitNum,RedChiSq,lf,AlignMag,Temp,pA,pB,pC,dwB,dwC,kexAB,kexAC,kexBC,k12,k21,k13,k31,k23,k32,tau1,tau2,tau3,dG12,dG13,ddG12,ddG21,ddG13,ddG31,ddG23,ddG32,R1,R1b,R1c,R2,R2b,R2c,pA_err,pB_err,pC_err,dwB_err,dwC_err,kexAB_err,kexAC_err,kexBC_err,k12_err,k21_err,k13_err,k31_err,k23_err,k32_err,tau1_err,tau2_err,tau3_err,dG12_err,dG13_err,ddG12_err,ddG21_err,ddG13_err,ddG31_err,ddG23_err,ddG32_err,R1_err,R1b_err,R1c_err,R2_err,R2b_err,R2c_err
ac8,1,0.16116037242501058,176.04,auto,298.15,0.996,0.004,0.0,3.1156541540445164,0.0,2830.3336539739166,0.0,0.0,11.3213346159,2819.01231936,0.0,0.0,0.0,0.0,0.0883288087427,0.000354734171658,0.0,3.26900669389,0.0,16.015387248,12.7463805541,0.0,0.0,0.0,0.0,1.3847963449907015,1.3847963449907015,1.3847963449907015,28.10113772670988,28.10113772670988,28.10113772670988,0.004,0.004,0.0,0.0761209216917336,0.0,157.59127419175172,0.0,0.0,11.2937459784,157.365429247,0.0,0.0,0.0,0.0,0.0881135627873,1.98022884852e-05,0.0,0.591965620656,0.0,0.591040939703,0.03307421404,0.0,0.0,0.0,0.0,0.09321608618289307,0.09321608618289307,0.09321608618289307,0.19050581702357705,0.19050581702357705,0.19050581702357705
