Name,FitNum,N,DF,K,ChiSq,RedChiSq,Rsq,AdjRsq,AIC,BIC,RSS,TSS,SDR
ac8,1,196,189,7,30.459310388326998,0.16116037242501058,0.9968876883170019,0.9967718043713584,-350.3019538974801,-327.9508959637175,30.459310388326998,9786.715949665248,0.4014478452115674
