Name,FitNum,N,DF,K,ChiSq,RedChiSq,Rsq,AdjRsq,AIC,BIC,RSS,TSS,SDR
c15_c6,1,138,134,4,151.1377520913059,1.1278936723231785,0.992205430016958,0.9919710068595734,20.850196059344725,32.25845892027429,151.1377520913059,19390.13344162995,1.0620233859586985
