Name,FitNum,RedChiSq,lf,AlignMag,Temp,pA,pB,pC,dwB,dwC,kexAB,kexAC,kexBC,k12,k21,k13,k31,k23,k32,tau1,tau2,tau3,dG12,dG13,ddG12,ddG21,ddG13,ddG31,ddG23,ddG32,R1,R1b,R1c,R2,R2b,R2c,pA_err,pB_err,pC_err,dwB_err,dwC_err,kexAB_err,kexAC_err,kexBC_err,k12_err,k21_err,k13_err,k31_err,k23_err,k32_err,tau1_err,tau2_err,tau3_err,dG12_err,dG13_err,ddG12_err,ddG21_err,ddG13_err,ddG31_err,ddG23_err,ddG32_err,R1_err,R1b_err,R1c_err,R2_err,R2b_err,R2c_err
c15_c6,1,1.1278936723231785,176.002098,auto,298.15,0.991,0.009,0.0,1.886965811534377,0.0,277.65675457801717,0.0,0.0,2.4989107912,275.157843787,0.0,0.0,0.0,0.0,0.400174349369,0.00363427764311,0.0,2.78556109659,0.0,16.9105333578,14.1249722612,0.0,0.0,0.0,0.0,1.8189464477476358,1.8189464477476358,1.8189464477476358,33.18189485981658,33.18189485981658,33.18189485981658,0.009,0.009,0.0,0.15413895702287272,0.0,41.326668529393615,0.0,0.0,2.50429713569,41.0295375591,0.0,0.0,0.0,0.0,0.401036915935,0.000541917064787,0.0,0.600298520537,0.0,0.593761836084,0.0883470190177,0.0,0.0,0.0,0.0,0.09432824435586397,0.09432824435586397,0.09432824435586397,0.20911565346047892,0.20911565346047892,0.20911565346047892
