Name,FitNum,RedChiSq,lf,AlignMag,Temp,pA,pB,pC,dwB,dwC,kexAB,kexAC,kexBC,k12,k21,k13,k31,k23,k32,tau1,tau2,tau3,dG12,dG13,ddG12,ddG21,ddG13,ddG31,ddG23,ddG32,R1,R1b,R1c,R2,R2b,R2c,pA_err,pB_err,pC_err,dwB_err,dwC_err,kexAB_err,kexAC_err,kexBC_err,k12_err,k21_err,k13_err,k31_err,k23_err,k32_err,tau1_err,tau2_err,tau3_err,dG12_err,dG13_err,ddG12_err,ddG21_err,ddG13_err,ddG31_err,ddG23_err,ddG32_err,R1_err,R1b_err,R1c_err,R2_err,R2b_err,R2c_err
gc8,1,0.4246894450472714,150.88,auto,298.15,0.965,0.035,0.0,3.6863093534877347,0.0,104.7271391077355,0.0,0.0,3.66544986877,101.061689239,0.0,0.0,0.0,0.0,0.272817808401,0.00989494641867,0.0,1.96514158904,0.0,16.6835547484,14.7184131594,0.0,0.0,0.0,0.0,2.7535449547588193,2.7535449547588193,2.7535449547588193,20.32082533655272,20.32082533655272,20.32082533655272,0.035,0.035,0.0,0.02197716017639749,0.0,1.5362576523925702,0.0,0.0,3.53989325921,3.837411332,0.0,0.0,0.0,0.0,0.263472685625,0.000375720807781,0.0,0.572631829101,0.0,0.572189729469,0.0224972262641,0.0,0.0,0.0,0.0,0.03902133823709275,0.03902133823709275,0.03902133823709275,0.08113013331412638,0.08113013331412638,0.08113013331412638
