Name,FitNum,N,DF,K,ChiSq,RedChiSq,Rsq,AdjRsq,AIC,BIC,RSS,TSS,SDR
gc8,1,308,301,7,127.83152295922869,0.4246894450472714,0.9779015272649975,0.9773858962345141,-256.85107678011013,-230.74037829929512,127.83152295922875,5784.631566721444,0.6516820122170564
