Name,FitNum,N,DF,K,ChiSq,RedChiSq,Rsq,AdjRsq,AIC,BIC,RSS,TSS,SDR
T8_N3_Off,1,97,93,4,83.5740648679093,0.8986458587947237,0.8523865218051458,0.8459685444923261,-6.016057724756315,3.8480035805615636,83.57406486790927,566.1682516388443,0.9479693343113602
