Name,FitNum,RedChiSq,lf,AlignMag,Temp,pA,pB,pC,dwB,dwC,kexAB,kexAC,kexBC,k12,k21,k13,k31,k23,k32,tau1,tau2,tau3,dG12,dG13,ddG12,ddG21,ddG13,ddG31,ddG23,ddG32,R1,R1b,R1c,R2,R2b,R2c,pA_err,pB_err,pC_err,dwB_err,dwC_err,kexAB_err,kexAC_err,kexBC_err,k12_err,k21_err,k13_err,k31_err,k23_err,k32_err,tau1_err,tau2_err,tau3_err,dG12_err,dG13_err,ddG12_err,ddG21_err,ddG13_err,ddG31_err,ddG23_err,ddG32_err,R1_err,R1b_err,R1c_err,R2_err,R2b_err,R2c_err
T8_N3_Off,1,0.8986458587947237,176.04,auto,298.15,0.978,0.022,0.0,0.38311459791382674,0.0,1077.5839679338217,0.0,0.0,23.7068472945,1053.87712064,0.0,0.0,0.0,0.0,0.0421819058256,0.00094887722716,0.0,2.24816395606,0.0,15.5774966077,13.3293326516,0.0,0.0,0.0,0.0,1.5262803179177034,1.5262803179177034,1.5262803179177034,7.8889180141291,7.8889180141291,7.8889180141291,0.022,0.022,0.0,0.0233399053036664,0.0,254.33915122028333,0.0,0.0,23.8566381426,249.822443463,0.0,0.0,0.0,0.0,0.0424484306557,0.000224932131833,0.0,0.612547269639,0.0,0.596228342122,0.140448999968,0.0,0.0,0.0,0.0,0.06370614323249847,0.06370614323249847,0.06370614323249847,0.13263914005059896,0.13263914005059896,0.13263914005059896
