Name,FitNum,RedChiSq,lf,AlignMag,Temp,pA,pB,pC,dwB,dwC,kexAB,kexAC,kexBC,k12,k21,k13,k31,k23,k32,tau1,tau2,tau3,dG12,dG13,ddG12,ddG21,ddG13,ddG31,ddG23,ddG32,R1,R1b,R1c,R2,R2b,R2c,pA_err,pB_err,pC_err,dwB_err,dwC_err,kexAB_err,kexAC_err,kexBC_err,k12_err,k21_err,k13_err,k31_err,k23_err,k32_err,tau1_err,tau2_err,tau3_err,dG12_err,dG13_err,ddG12_err,ddG21_err,ddG13_err,ddG31_err,ddG23_err,ddG32_err,R1_err,R1b_err,R1c_err,R2_err,R2b_err,R2c_err
A21_C1p_Off,1,0.43046608725079677,150.88,avg,298.15,0.9995,0.0005,0.0,5.052934557020906,0.0,2906.0153387632145,0.0,0.0,1.45300766938,2904.56233109,0.0,0.0,0.0,0.0,0.688227613021,0.000344285949485,0.0,4.50312246865,0.0,17.231790018,12.7286675494,0.0,0.0,0.0,0.0,2.4169455960987127,2.4169455960987127,2.4169455960987127,13.62212182459664,13.62212182459664,13.62212182459664,0.0005,0.0005,0.0,0.7981134204313303,0.0,1838.9048924243614,0.0,0.0,1.71886995216,1837.98601374,0.0,0.0,0.0,0.0,0.814155210052,0.000217861656163,0.0,0.794869378699,0.0,0.700893913672,0.374920059439,0.0,0.0,0.0,0.0,0.08213776279692116,0.08213776279692116,0.08213776279692116,0.277251156727697,0.277251156727697,0.277251156727697
