Name,FitNum,N,DF,K,ChiSq,RedChiSq,Rsq,AdjRsq,AIC,BIC,RSS,TSS,SDR
ac1p,1,195,188,7,40.90159186969718,0.21756165888136797,0.9982714096709281,0.9982067030810698,-289.9580316930327,-267.6459652643699,40.90159186969717,23661.819218703065,0.46643505322967305
