Name,FitNum,N,DF,K,ChiSq,RedChiSq,Rsq,AdjRsq,AIC,BIC,RSS,TSS,SDR
ac8,1,195,188,7,40.90159186969718,0.21756165888136797,0.9984668649420562,0.9984094748596732,-289.9580316930327,-267.6459652643699,40.90159186969717,26678.40100437922,0.46643505322967305
