Name,FitNum,RedChiSq,lf,AlignMag,Temp,pA,pB,pC,dwB,dwC,kexAB,kexAC,kexBC,k12,k21,k13,k31,k23,k32,tau1,tau2,tau3,dG12,dG13,ddG12,ddG21,ddG13,ddG31,ddG23,ddG32,R1,R1b,R1c,R2,R2b,R2c,pA_err,pB_err,pC_err,dwB_err,dwC_err,kexAB_err,kexAC_err,kexBC_err,k12_err,k21_err,k13_err,k31_err,k23_err,k32_err,tau1_err,tau2_err,tau3_err,dG12_err,dG13_err,ddG12_err,ddG21_err,ddG13_err,ddG31_err,ddG23_err,ddG32_err,R1_err,R1b_err,R1c_err,R2_err,R2b_err,R2c_err
ac8,1,0.21756165888136797,176.04,auto,298.15,0.976,0.024,0.0,2.730464322082423,0.0,2084.920026863325,0.0,0.0,50.0380806447,2034.88194622,0.0,0.0,0.0,0.0,0.0199847793344,0.000491429000025,0.0,2.19539817638,0.0,15.1348984096,12.9395002332,0.0,0.0,0.0,0.0,0.9808579387514211,0.9808579387514211,0.9808579387514211,30.165714866052443,30.165714866052443,30.165714866052443,0.024,0.024,0.0,0.02843102833080327,0.0,43.00517431315571,0.0,0.0,48.8628317517,64.406893914,0.0,0.0,0.0,0.0,0.0195153950277,1.55544234543e-05,0.0,0.578872843946,0.0,0.578569006397,0.0187529809474,0.0,0.0,0.0,0.0,0.20875177681810064,0.20875177681810064,0.20875177681810064,0.3284505806396796,0.3284505806396796,0.3284505806396796
