Name,FitNum,N,DF,K,ChiSq,RedChiSq,Rsq,AdjRsq,AIC,BIC,RSS,TSS,SDR
G_C8_Off,1,190,185,5,66.43472975210219,0.3591066473086605,0.9817681324213895,0.9812727012371881,-189.32669469963065,-173.41766129534997,66.43472975210219,3643.8795677763133,0.5992550769986521
