Name,FitNum,N,DF,K,ChiSq,RedChiSq,Rsq,AdjRsq,AIC,BIC,RSS,TSS,SDR
ac8,1,219,212,7,18.67397598515546,0.08808479238280878,0.9988935742592506,0.9988568681920219,-524.6342369062156,-501.441540484704,18.673975985155465,16877.749041257106,0.29679082260543166
