Name,FitNum,RedChiSq,lf,AlignMag,Temp,pA,pB,pC,dwB,dwC,kexAB,kexAC,kexBC,k12,k21,k13,k31,k23,k32,tau1,tau2,tau3,dG12,dG13,ddG12,ddG21,ddG13,ddG31,ddG23,ddG32,R1,R1b,R1c,R2,R2b,R2c,pA_err,pB_err,pC_err,dwB_err,dwC_err,kexAB_err,kexAC_err,kexBC_err,k12_err,k21_err,k13_err,k31_err,k23_err,k32_err,tau1_err,tau2_err,tau3_err,dG12_err,dG13_err,ddG12_err,ddG21_err,ddG13_err,ddG31_err,ddG23_err,ddG32_err,R1_err,R1b_err,R1c_err,R2_err,R2b_err,R2c_err
ac8,1,0.08808479238280878,150.7,auto,298.15,0.974,0.026,0.0,2.4115499376518064,0.0,2392.942781825456,0.0,0.0,62.2165123275,2330.7262695,0.0,0.0,0.0,0.0,0.0160729035202,0.000429050812653,0.0,2.14675873907,0.0,15.0058338381,12.8590750991,0.0,0.0,0.0,0.0,2.5975281074192176,2.5975281074192176,2.5975281074192176,25.30644433119614,25.30644433119614,25.30644433119614,0.026,0.026,0.0,0.018085609558165478,0.0,37.27710056465866,0.0,0.0,60.6282170602,70.6619038423,0.0,0.0,0.0,0.0,0.0156625861359,1.30077682926e-05,0.0,0.577638850153,0.0,0.57735949215,0.0179626843797,0.0,0.0,0.0,0.0,0.11893503931198753,0.11893503931198753,0.11893503931198753,0.22856177619404094,0.22856177619404094,0.22856177619404094
