Name,FitNum,RedChiSq,lf,AlignMag,Temp,pA,pB,pC,dwB,dwC,kexAB,kexAC,kexBC,k12,k21,k13,k31,k23,k32,tau1,tau2,tau3,dG12,dG13,ddG12,ddG21,ddG13,ddG31,ddG23,ddG32,R1,R1b,R1c,R2,R2b,R2c,pA_err,pB_err,pC_err,dwB_err,dwC_err,kexAB_err,kexAC_err,kexBC_err,k12_err,k21_err,k13_err,k31_err,k23_err,k32_err,tau1_err,tau2_err,tau3_err,dG12_err,dG13_err,ddG12_err,ddG21_err,ddG13_err,ddG31_err,ddG23_err,ddG32_err,R1_err,R1b_err,R1c_err,R2_err,R2b_err,R2c_err
A21_C1p_Off,1,0.5129284438461879,150.88,avg,298.15,0.95,0.05,0.0,0.5104636724920435,0.0,3949.4594112333266,0.0,0.0,197.472970562,3751.98644067,0.0,0.0,0.0,0.0,0.00506398418556,0.000266525483451,0.0,1.7445351892,0.0,14.3215250439,12.5769898547,0.0,0.0,0.0,0.0,2.5358677004515116,2.5358677004515116,2.5358677004515116,13.090679867450364,13.090679867450364,13.090679867450364,0.05,0.05,0.0,0.06887657824376357,0.0,1063.9686208974297,0.0,0.0,195.246171866,1028.07945766,0.0,0.0,0.0,0.0,0.0050068803027,7.30304810027e-05,0.0,0.607883389778,0.0,0.585803610395,0.162346375432,0.0,0.0,0.0,0.0,0.0717463261415558,0.0717463261415558,0.0717463261415558,0.3208038855717898,0.3208038855717898,0.3208038855717898
