Name,FitNum,RedChiSq,lf,AlignMag,Temp,pA,pB,pC,dwB,dwC,kexAB,kexAC,kexBC,k12,k21,k13,k31,k23,k32,tau1,tau2,tau3,dG12,dG13,ddG12,ddG21,ddG13,ddG31,ddG23,ddG32,R1,R1b,R1c,R2,R2b,R2c,pA_err,pB_err,pC_err,dwB_err,dwC_err,kexAB_err,kexAC_err,kexBC_err,k12_err,k21_err,k13_err,k31_err,k23_err,k32_err,tau1_err,tau2_err,tau3_err,dG12_err,dG13_err,ddG12_err,ddG21_err,ddG13_err,ddG31_err,ddG23_err,ddG32_err,R1_err,R1b_err,R1c_err,R2_err,R2b_err,R2c_err
A16_C8_Off,1,0.2245004229813085,150.88,gs,298.15,0.994141303003,0.0058586969970377345,0.0,2.6751776829832754,0.0,3185.0200777846085,0.0,0.0,18.6600675652,3166.36001022,0.0,0.0,0.0,0.0,0.0535903740169,0.000315820057344,0.0,3.04178833803,0.0,15.7193244844,12.6775361464,0.0,0.0,0.0,0.0,2.9695219397514037,2.9695219397514037,2.9695219397514037,24.632533617935724,24.632533617935724,24.632533617935724,0.000579321099474,0.0005793210994741989,0.0,0.140027065739021,0.0,239.66632312085446,0.0,0.0,2.31008760187,238.269252023,0.0,0.0,0.0,0.0,0.00663440569887,2.37655252702e-05,0.0,0.0858359962279,0.0,0.0733486986547,0.0445846010871,0.0,0.0,0.0,0.0,0.07357406787309478,0.07357406787309478,0.07357406787309478,0.2284664808939614,0.2284664808939614,0.2284664808939614
