Name,FitNum,N,DF,K,ChiSq,RedChiSq,Rsq,AdjRsq,AIC,BIC,RSS,TSS,SDR
ac8,1,219,212,7,1755.925884732426,8.282669267605783,0.8959620811732582,0.8925105862358782,470.41868990602705,493.61138632753875,1755.925884732426,16877.749041257106,2.8779626939218277
