Name,FitNum,RedChiSq,lf,AlignMag,Temp,pA,pB,pC,dwB,dwC,kexAB,kexAC,kexBC,k12,k21,k13,k31,k23,k32,tau1,tau2,tau3,dG12,dG13,ddG12,ddG21,ddG13,ddG31,ddG23,ddG32,R1,R1b,R1c,R2,R2b,R2c,pA_err,pB_err,pC_err,dwB_err,dwC_err,kexAB_err,kexAC_err,kexBC_err,k12_err,k21_err,k13_err,k31_err,k23_err,k32_err,tau1_err,tau2_err,tau3_err,dG12_err,dG13_err,ddG12_err,ddG21_err,ddG13_err,ddG31_err,ddG23_err,ddG32_err,R1_err,R1b_err,R1c_err,R2_err,R2b_err,R2c_err
ra16_c8_15c,1,1.579687529327474,150.784186,auto,298.15,0.995,0.005,0.0,4.404484177495285,0.0,262.6706789115686,0.0,0.0,1.31335339456,261.357325517,0.0,0.0,0.0,0.0,0.76140968923,0.00382617934287,0.0,3.13620237989,0.0,17.2916617592,14.1554593793,0.0,0.0,0.0,0.0,1.6044990185807604,1.6044990185807604,1.6044990185807604,35.11860669358617,35.11860669358617,35.11860669358617,0.005,0.005,0.0,0.25496235329279676,0.0,26.588042219024217,0.0,0.0,1.31354768173,26.4873584312,0.0,0.0,0.0,0.0,0.761522326194,0.000387765613518,0.0,0.595606848846,0.0,0.592572396429,0.0600455941991,0.0,0.0,0.0,0.0,0.07541909283325861,0.07541909283325861,0.07541909283325861,0.12071453201714742,0.12071453201714742,0.12071453201714742
