Name,FitNum,N,DF,K,ChiSq,RedChiSq,Rsq,AdjRsq,AIC,BIC,RSS,TSS,SDR
ra16_c8_15c,1,100,96,4,151.6500028154375,1.579687529327474,0.9891183806190668,0.9886602071714485,50.061559302765254,60.061187415138676,151.65000281543752,13936.34508859575,1.2568562086919386
