Name,FitNum,RedChiSq,lf,AlignMag,Temp,pA,pB,pC,dwB,dwC,kexAB,kexAC,kexBC,k12,k21,k13,k31,k23,k32,tau1,tau2,tau3,dG12,dG13,ddG12,ddG21,ddG13,ddG31,ddG23,ddG32,R1,R1b,R1c,R2,R2b,R2c,pA_err,pB_err,pC_err,dwB_err,dwC_err,kexAB_err,kexAC_err,kexBC_err,k12_err,k21_err,k13_err,k31_err,k23_err,k32_err,tau1_err,tau2_err,tau3_err,dG12_err,dG13_err,ddG12_err,ddG21_err,ddG13_err,ddG31_err,ddG23_err,ddG32_err,R1_err,R1b_err,R1c_err,R2_err,R2b_err,R2c_err
G_C8_Off,1,0.23271091926582801,150.88,avg,298.15,0.998490450442,0.0015095495582269805,0.0,2.130814982127095,0.0,3147.361098030617,0.0,0.0,4.75109755511,3142.61000048,0.0,0.0,0.0,0.0,0.210477681925,0.000318206840763,0.0,3.84785267608,0.0,16.529849641,12.6819969649,0.0,0.0,0.0,0.0,2.5370856296552,2.5370856296552,2.5370856296552,20.511890129211377,20.511890129211377,20.511890129211377,0.000569393742989,0.0005693937429892589,0.0,0.4437508264536157,0.0,682.1828647377746,0.0,0.0,2.06454886232,681.155426242,0.0,0.0,0.0,0.0,0.0914612789407,6.89707969554e-05,0.0,0.287709832703,0.0,0.257459187079,0.128420071728,0.0,0.0,0.0,0.0,0.04844077308787253,0.04844077308787253,0.04844077308787253,0.12516461979805577,0.12516461979805577,0.12516461979805577
