Name,FitNum,RedChiSq,lf,AlignMag,Temp,pA,pB,pC,dwB,dwC,kexAB,kexAC,kexBC,k12,k21,k13,k31,k23,k32,tau1,tau2,tau3,dG12,dG13,ddG12,ddG21,ddG13,ddG31,ddG23,ddG32,R1,R1b,R1c,R2,R2b,R2c,pA_err,pB_err,pC_err,dwB_err,dwC_err,kexAB_err,kexAC_err,kexBC_err,k12_err,k21_err,k13_err,k31_err,k23_err,k32_err,tau1_err,tau2_err,tau3_err,dG12_err,dG13_err,ddG12_err,ddG21_err,ddG13_err,ddG31_err,ddG23_err,ddG32_err,R1_err,R1b_err,R1c_err,R2_err,R2b_err,R2c_err
A16_C8_Off,1,0.44014216837594705,150.7,auto,298.15,0.997,0.003,0.0,3.3695262593011286,0.0,1776.3897780861578,0.0,0.0,5.32916933426,1771.06060875,0.0,0.0,0.0,0.0,0.187646504976,0.000564633415174,0.0,3.44004850013,0.0,16.4618207061,13.021772206,0.0,0.0,0.0,0.0,2.830547643376133,2.830547643376133,2.830547643376133,29.288672125548135,29.288672125548135,29.288672125548135,0.003,0.003,0.0,0.17070638873196858,0.0,232.4226317368127,0.0,0.0,5.35876284575,231.7862688,0.0,0.0,0.0,0.0,0.188688528348,7.38959874644e-05,0.0,0.600799737467,0.0,0.59577488721,0.0775410105043,0.0,0.0,0.0,0.0,0.08942490274538148,0.08942490274538148,0.08942490274538148,0.269987837080275,0.269987837080275,0.269987837080275
