Name,FitNum,RedChiSq,lf,AlignMag,Temp,pA,pB,pC,dwB,dwC,kexAB,kexAC,kexBC,k12,k21,k13,k31,k23,k32,tau1,tau2,tau3,dG12,dG13,ddG12,ddG21,ddG13,ddG31,ddG23,ddG32,R1,R1b,R1c,R2,R2b,R2c,pA_err,pB_err,pC_err,dwB_err,dwC_err,kexAB_err,kexAC_err,kexBC_err,k12_err,k21_err,k13_err,k31_err,k23_err,k32_err,tau1_err,tau2_err,tau3_err,dG12_err,dG13_err,ddG12_err,ddG21_err,ddG13_err,ddG31_err,ddG23_err,ddG32_err,R1_err,R1b_err,R1c_err,R2_err,R2b_err,R2c_err
ra16_c8_15c,1,0.6639787831178311,150.784186,auto,298.15,0.99,0.01,0.0,1.5077724697703172,0.0,5118.723448548072,0.0,0.0,51.1872344855,5067.53621406,0.0,0.0,0.0,0.0,0.0195361208718,0.00019733455426,0.0,2.72253843054,0.0,15.1214455421,12.3989071116,0.0,0.0,0.0,0.0,1.880657725012876,1.880657725012876,1.880657725012876,33.64179613272012,33.64179613272012,33.64179613272012,0.01,0.01,0.0,0.10553403028238706,0.0,561.4161657578882,0.0,0.0,50.9879706646,558.107625914,0.0,0.0,0.0,0.0,0.0194600698382,2.1733227931e-05,0.0,0.59377465055,0.0,0.590178299326,0.0652526676923,0.0,0.0,0.0,0.0,0.04521141949043166,0.04521141949043166,0.04521141949043166,0.2137253182470719,0.2137253182470719,0.2137253182470719
