Name,FitNum,N,DF,K,ChiSq,RedChiSq,Rsq,AdjRsq,AIC,BIC,RSS,TSS,SDR
ra16_c8_15c,1,100,96,4,63.74196317931179,0.6639787831178311,0.9954262066005044,0.9952336258257888,-36.611655135647744,-26.612027023274322,63.741963179311796,13936.34508859575,0.81484893269724
