Name,FitNum,N,DF,K,ChiSq,RedChiSq,Rsq,AdjRsq,AIC,BIC,RSS,TSS,SDR
A16_C8_Off,1,120,116,4,28.02552360965727,0.24159934146256268,0.9977576362378379,0.9976796409765453,-166.1773047532794,-155.37516386910775,28.02552360965727,12498.20572494175,0.4915275592096161
