param,fit_val,fit_err
kex(s-1),6.82938445125,0.254430086997
tau_ex(s),0.146426080877,0.00545513300096
R1n(s-1),8.96381515812,0.39601747811
