Name,FitNum,RedChiSq,lf,AlignMag,Temp,pA,pB,pC,dwB,dwC,kexAB,kexAC,kexBC,k12,k21,k13,k31,k23,k32,tau1,tau2,tau3,dG12,dG13,ddG12,ddG21,ddG13,ddG31,ddG23,ddG32,R1,R1b,R1c,R2,R2b,R2c,pA_err,pB_err,pC_err,dwB_err,dwC_err,kexAB_err,kexAC_err,kexBC_err,k12_err,k21_err,k13_err,k31_err,k23_err,k32_err,tau1_err,tau2_err,tau3_err,dG12_err,dG13_err,ddG12_err,ddG21_err,ddG13_err,ddG31_err,ddG23_err,ddG32_err,R1_err,R1b_err,R1c_err,R2_err,R2b_err,R2c_err
gc8,1,0.44142252123905773,150.88,auto,298.15,0.9925,0.0075,0.0,5.179326554297995,0.0,306.2965769271642,0.0,0.0,2.29722432695,303.9993526,0.0,0.0,0.0,0.0,0.435307944578,0.0032894806895,0.0,2.89447995867,0.0,16.9603929483,14.0659129896,0.0,0.0,0.0,0.0,2.532245997456374,2.532245997456374,2.532245997456374,19.939688839469184,19.939688839469184,19.939688839469184,0.0075,0.0075,0.0,0.13106784178081612,0.0,10.816258101821756,0.0,0.0,2.28150289768,10.9745989998,0.0,0.0,0.0,0.0,0.432328843677,0.000118752659097,0.0,0.588818596668,0.0,0.588429982903,0.0213891328288,0.0,0.0,0.0,0.0,0.06945336812140225,0.06945336812140225,0.06945336812140225,0.08811326319167555,0.08811326319167555,0.08811326319167555
