Name,FitNum,N,DF,K,ChiSq,RedChiSq,Rsq,AdjRsq,AIC,BIC,RSS,TSS,SDR
gc8,1,212,205,7,90.49161685400684,0.44142252123905773,0.9743668729166717,0.9734873048304791,-165.93274104943197,-142.98565673457102,90.49161685400682,3530.260531999712,0.6643963585383785
