Name,FitNum,N,DF,K,ChiSq,RedChiSq,Rsq,AdjRsq,AIC,BIC,RSS,TSS,SDR
A21_C1p_Off,1,109,105,4,21.126068973362997,0.2012006568891714,0.9896907921377727,0.9892942841430716,-170.46695638485426,-160.08618024055306,21.126068973363004,2049.2427018343847,0.4485539620705311
