Name,FitNum,N,DF,K,ChiSq,RedChiSq,Rsq,AdjRsq,AIC,BIC,RSS,TSS,SDR
gc1p,1,196,189,7,69.50511037283604,0.36775190673458225,0.9889710401105845,0.9885603873487445,-188.60027356759568,-166.2492156338331,69.50511037283601,6302.054869157659,0.6064255162298022
