Name,FitNum,RedChiSq,lf,AlignMag,Temp,pA,pB,pC,dwB,dwC,kexAB,kexAC,kexBC,k12,k21,k13,k31,k23,k32,tau1,tau2,tau3,dG12,dG13,ddG12,ddG21,ddG13,ddG31,ddG23,ddG32,R1,R1b,R1c,R2,R2b,R2c,pA_err,pB_err,pC_err,dwB_err,dwC_err,kexAB_err,kexAC_err,kexBC_err,k12_err,k21_err,k13_err,k31_err,k23_err,k32_err,tau1_err,tau2_err,tau3_err,dG12_err,dG13_err,ddG12_err,ddG21_err,ddG13_err,ddG31_err,ddG23_err,ddG32_err,R1_err,R1b_err,R1c_err,R2_err,R2b_err,R2c_err
gc1p,1,0.36775190673458225,176.04,auto,298.15,0.9925,0.0075,0.0,3.13966101656784,0.0,988.7368673898742,0.0,0.0,7.41552650542,981.321340884,0.0,0.0,0.0,0.0,0.134852191448,0.00101903419231,0.0,2.89447995867,0.0,16.2660752394,13.3715952807,0.0,0.0,0.0,0.0,0.46607172861834034,0.46607172861834034,0.46607172861834034,21.97648948666761,21.97648948666761,21.97648948666761,0.0075,0.0075,0.0,0.08314627977579031,0.0,40.60594177483066,0.0,0.0,7.36641816775,40.9679629275,0.0,0.0,0.0,0.0,0.133959150752,4.25423898095e-05,0.0,0.589080623631,0.0,0.588561097472,0.0247349081453,0.0,0.0,0.0,0.0,0.12457228159578063,0.12457228159578063,0.12457228159578063,0.17300636408334233,0.17300636408334233,0.17300636408334233
