Name,FitNum,N,DF,K,ChiSq,RedChiSq,Rsq,AdjRsq,AIC,BIC,RSS,TSS,SDR
A16_C8_Off,1,106,102,4,101.15029385696447,0.9916695476172986,0.9878891976424625,0.9874095619055303,3.4318873176838465,13.689604090171718,101.15029385696445,8352.072048637714,0.995826062933331
