Name,FitNum,RedChiSq,lf,AlignMag,Temp,pA,pB,pC,dwB,dwC,kexAB,kexAC,kexBC,k12,k21,k13,k31,k23,k32,tau1,tau2,tau3,dG12,dG13,ddG12,ddG21,ddG13,ddG31,ddG23,ddG32,R1,R1b,R1c,R2,R2b,R2c,pA_err,pB_err,pC_err,dwB_err,dwC_err,kexAB_err,kexAC_err,kexBC_err,k12_err,k21_err,k13_err,k31_err,k23_err,k32_err,tau1_err,tau2_err,tau3_err,dG12_err,dG13_err,ddG12_err,ddG21_err,ddG13_err,ddG31_err,ddG23_err,ddG32_err,R1_err,R1b_err,R1c_err,R2_err,R2b_err,R2c_err
A16_C8_Off,1,0.9916695476172986,150.7,auto,298.15,0.9985,0.0015,0.0,5.012872880870746,0.0,3228.961751296604,0.0,0.0,4.84344262694,3224.11830867,0.0,0.0,0.0,0.0,0.206464714672,0.00031016231548,0.0,3.85161836479,0.0,16.518444251,12.6668258862,0.0,0.0,0.0,0.0,2.8280406698244094,2.8280406698244094,2.8280406698244094,26.249214960166356,26.249214960166356,26.249214960166356,0.0015,0.0015,0.0,0.45117902547201505,0.0,1077.0976587497114,0.0,0.0,5.09891937678,1075.49288578,0.0,0.0,0.0,0.0,0.217355095403,0.000103463127528,0.0,0.654300082041,0.0,0.623736502993,0.19763950059,0.0,0.0,0.0,0.0,0.16747817714517066,0.16747817714517066,0.16747817714517066,0.48482362467048135,0.48482362467048135,0.48482362467048135
