Name,FitNum,RedChiSq,lf,AlignMag,Temp,pA,pB,pC,dwB,dwC,kexAB,kexAC,kexBC,k12,k21,k13,k31,k23,k32,tau1,tau2,tau3,dG12,dG13,ddG12,ddG21,ddG13,ddG31,ddG23,ddG32,R1,R1b,R1c,R2,R2b,R2c,pA_err,pB_err,pC_err,dwB_err,dwC_err,kexAB_err,kexAC_err,kexBC_err,k12_err,k21_err,k13_err,k31_err,k23_err,k32_err,tau1_err,tau2_err,tau3_err,dG12_err,dG13_err,ddG12_err,ddG21_err,ddG13_err,ddG31_err,ddG23_err,ddG32_err,R1_err,R1b_err,R1c_err,R2_err,R2b_err,R2c_err
A16_C8_Off,1,0.3349169573748741,150.7,auto,298.15,0.995,0.005,0.0,2.7483544942877733,0.0,2045.7538932973468,0.0,0.0,10.2287694665,2035.52512383,0.0,0.0,0.0,0.0,0.0977634703056,0.000491273720129,0.0,3.13620237989,0.0,16.0755153724,12.9393129925,0.0,0.0,0.0,0.0,2.3340262027833796,2.3340262027833796,2.3340262027833796,26.43562070133418,26.43562070133418,26.43562070133418,0.005,0.005,0.0,0.0606333609844376,0.0,169.17190810230267,0.0,0.0,10.2128427629,168.633464364,0.0,0.0,0.0,0.0,0.0976112477121,4.06996643796e-05,0.0,0.593595106206,0.0,0.591562220624,0.0490845112246,0.0,0.0,0.0,0.0,0.07822342565644685,0.07822342565644685,0.07822342565644685,0.18894068399299366,0.18894068399299366,0.18894068399299366
