Name,FitNum,N,DF,K,ChiSq,RedChiSq,Rsq,AdjRsq,AIC,BIC,RSS,TSS,SDR
g10c8,1,180,173,7,357.0344810326325,2.0637831273562575,0.9635536567997582,0.962070375390446,137.92875490586476,159.62829007139857,357.03448103263247,9796.167452823202,1.4365873197812435
