Name,FitNum,RedChiSq,lf,AlignMag,Temp,pA,pB,pC,dwB,dwC,kexAB,kexAC,kexBC,k12,k21,k13,k31,k23,k32,tau1,tau2,tau3,dG12,dG13,ddG12,ddG21,ddG13,ddG31,ddG23,ddG32,R1,R1b,R1c,R2,R2b,R2c,pA_err,pB_err,pC_err,dwB_err,dwC_err,kexAB_err,kexAC_err,kexBC_err,k12_err,k21_err,k13_err,k31_err,k23_err,k32_err,tau1_err,tau2_err,tau3_err,dG12_err,dG13_err,ddG12_err,ddG21_err,ddG13_err,ddG31_err,ddG23_err,ddG32_err,R1_err,R1b_err,R1c_err,R2_err,R2b_err,R2c_err
g10c8,1,2.0637831273562575,176.04,auto,298.15,0.993,0.007,0.0,3.725746967184279,0.0,2939.735312216933,0.0,0.0,20.5781471855,2919.15716503,0.0,0.0,0.0,0.0,0.04859523994,0.000342564632004,0.0,2.93565558864,0.0,15.6613534776,12.725697889,0.0,0.0,0.0,0.0,1.281920468123321,1.281920468123321,1.281920468123321,25.613704773275323,25.613704773275323,25.613704773275323,0.007,0.007,0.0,0.2269797225557307,0.0,310.85776580974346,0.0,0.0,20.5501385318,309.357403419,0.0,0.0,0.0,0.0,0.0485290975787,3.63032543534e-05,0.0,0.5950005365,0.0,0.591678325459,0.0627885150133,0.0,0.0,0.0,0.0,0.5578548825243584,0.5578548825243584,0.5578548825243584,0.9051197823221983,0.9051197823221983,0.9051197823221983
