Name,FitNum,N,DF,K,ChiSq,RedChiSq,Rsq,AdjRsq,AIC,BIC,RSS,TSS,SDR
G_C8_Off,1,199,192,7,44.93079028139794,0.23401453271561426,0.9886093249893502,0.9881918656957661,-281.56173357828516,-259.09498723976867,44.93079028139795,3944.5239408015236,0.48375048601072673
