Name,FitNum,RedChiSq,lf,AlignMag,Temp,pA,pB,pC,dwB,dwC,kexAB,kexAC,kexBC,k12,k21,k13,k31,k23,k32,tau1,tau2,tau3,dG12,dG13,ddG12,ddG21,ddG13,ddG31,ddG23,ddG32,R1,R1b,R1c,R2,R2b,R2c,pA_err,pB_err,pC_err,dwB_err,dwC_err,kexAB_err,kexAC_err,kexBC_err,k12_err,k21_err,k13_err,k31_err,k23_err,k32_err,tau1_err,tau2_err,tau3_err,dG12_err,dG13_err,ddG12_err,ddG21_err,ddG13_err,ddG31_err,ddG23_err,ddG32_err,R1_err,R1b_err,R1c_err,R2_err,R2b_err,R2c_err
G_C8_Off,1,0.23401453271561426,150.88,auto,298.15,0.9991,0.0009,0.0,2.531391372830554,0.0,2303.5613618826546,0.0,0.0,2.07320522569,2301.48815666,0.0,0.0,0.0,0.0,0.482344915789,0.000434501475538,0.0,4.15463067417,0.0,17.0211852914,12.8665546172,0.0,0.0,0.0,0.0,2.511009645225328,2.511009645225328,2.511009645225328,20.195688432533686,20.195688432533686,20.195688432533686,0.0009,0.0009,0.0,0.1851595686868475,0.0,318.8097464314426,0.0,0.0,2.09111890316,318.529552507,0.0,0.0,0.0,0.0,0.486512651399,6.01356822828e-05,0.0,0.603203829762,0.0,0.597604155579,0.0820008138587,0.0,0.0,0.0,0.0,0.035191949172362486,0.035191949172362486,0.035191949172362486,0.07803930011288357,0.07803930011288357,0.07803930011288357
