Name,FitNum,RedChiSq,lf,AlignMag,Temp,pA,pB,pC,dwB,dwC,kexAB,kexAC,kexBC,k12,k21,k13,k31,k23,k32,tau1,tau2,tau3,dG12,dG13,ddG12,ddG21,ddG13,ddG31,ddG23,ddG32,R1,R1b,R1c,R2,R2b,R2c,pA_err,pB_err,pC_err,dwB_err,dwC_err,kexAB_err,kexAC_err,kexBC_err,k12_err,k21_err,k13_err,k31_err,k23_err,k32_err,tau1_err,tau2_err,tau3_err,dG12_err,dG13_err,ddG12_err,ddG21_err,ddG13_err,ddG31_err,ddG23_err,ddG32_err,R1_err,R1b_err,R1c_err,R2_err,R2b_err,R2c_err
ac8,1,6.794437875145456,176.04,auto,298.15,0.99,0.01,0.0,4.118937017034245,0.0,3224.7359662220424,0.0,0.0,32.2473596622,3192.48860656,0.0,0.0,0.0,0.0,0.0310102907796,0.0003132352604,0.0,2.72253843054,0.0,15.3952054936,12.672667063,0.0,0.0,0.0,0.0,1.5103683698125658,1.5103683698125658,1.5103683698125658,32.462734754973226,32.462734754973226,32.462734754973226,0.01,0.01,0.0,0.414362996073397,0.0,740.1091063506063,0.0,0.0,32.7731366892,733.403257428,0.0,0.0,0.0,0.0,0.0315158980189,7.19588348245e-05,0.0,0.617336605415,0.0,0.602144915589,0.136110194386,0.0,0.0,0.0,0.0,1.2198295052653307,1.2198295052653307,1.2198295052653307,2.4775389058377804,2.4775389058377804,2.4775389058377804
