Name,FitNum,N,DF,K,ChiSq,RedChiSq,Rsq,AdjRsq,AIC,BIC,RSS,TSS,SDR
ac1p,1,195,188,7,1277.3543205273456,6.794437875145456,0.9460162251802818,0.94399544216564,381.11054131016544,403.4226077388282,1277.3543205273452,23661.819218703065,2.6066142551488998
