Name,FitNum,RedChiSq,lf,AlignMag,Temp,pA,pB,pC,dwB,dwC,kexAB,kexAC,kexBC,k12,k21,k13,k31,k23,k32,tau1,tau2,tau3,dG12,dG13,ddG12,ddG21,ddG13,ddG31,ddG23,ddG32,R1,R1b,R1c,R2,R2b,R2c,pA_err,pB_err,pC_err,dwB_err,dwC_err,kexAB_err,kexAC_err,kexBC_err,k12_err,k21_err,k13_err,k31_err,k23_err,k32_err,tau1_err,tau2_err,tau3_err,dG12_err,dG13_err,ddG12_err,ddG21_err,ddG13_err,ddG31_err,ddG23_err,ddG32_err,R1_err,R1b_err,R1c_err,R2_err,R2b_err,R2c_err
A16_C8_Off,1,0.33015493587061034,150.7,auto,298.15,0.9955,0.0045,0.0,2.930094390203005,0.0,2022.7764547638892,0.0,0.0,9.10249404644,2013.67396072,0.0,0.0,0.0,0.0,0.109860000446,0.000496604723261,0.0,3.1989245348,0.0,16.1446321779,12.9457076431,0.0,0.0,0.0,0.0,2.2933618158445213,2.2933618158445213,2.2933618158445213,26.497896795112766,26.497896795112766,26.497896795112766,0.0045,0.0045,0.0,0.06688266309365595,0.0,170.8269997248824,0.0,0.0,9.09417328133,170.299533318,0.0,0.0,0.0,0.0,0.109759575304,4.19986324819e-05,0.0,0.59406012871,0.0,0.591943147174,0.0501073551144,0.0,0.0,0.0,0.0,0.07971277860857395,0.07971277860857395,0.07971277860857395,0.18745920407953442,0.18745920407953442,0.18745920407953442
