Name,FitNum,RedChiSq,lf,AlignMag,Temp,pA,pB,pC,dwB,dwC,kexAB,kexAC,kexBC,k12,k21,k13,k31,k23,k32,tau1,tau2,tau3,dG12,dG13,ddG12,ddG21,ddG13,ddG31,ddG23,ddG32,R1,R1b,R1c,R2,R2b,R2c,pA_err,pB_err,pC_err,dwB_err,dwC_err,kexAB_err,kexAC_err,kexBC_err,k12_err,k21_err,k13_err,k31_err,k23_err,k32_err,tau1_err,tau2_err,tau3_err,dG12_err,dG13_err,ddG12_err,ddG21_err,ddG13_err,ddG31_err,ddG23_err,ddG32_err,R1_err,R1b_err,R1c_err,R2_err,R2b_err,R2c_err
ac1p,1,0.8692430319550362,150.7,auto,298.15,0.999,0.001,0.0,5.509205985958702,0.0,3400.743043875449,0.0,0.0,3.40074304388,3397.34230083,0.0,0.0,0.0,0.0,0.294053383951,0.000294347731683,0.0,4.0921468707,0.0,16.7279657018,12.6358188311,0.0,0.0,0.0,0.0,2.0516809038836805,2.0516809038836805,2.0516809038836805,21.79078008547338,21.79078008547338,21.79078008547338,0.001,0.001,0.0,0.5789034946300204,0.0,1109.801178707679,0.0,0.0,3.57401803721,1108.69658273,0.0,0.0,0.0,0.0,0.30903602083,9.60581228953e-05,0.0,0.652002378514,0.0,0.622673089969,0.193352850037,0.0,0.0,0.0,0.0,0.14787703300100688,0.14787703300100688,0.14787703300100688,0.3643911560877457,0.3643911560877457,0.3643911560877457
