Name,FitNum,N,DF,K,ChiSq,RedChiSq,Rsq,AdjRsq,AIC,BIC,RSS,TSS,SDR
ac1p,1,209,202,7,175.5870924549173,0.8692430319550362,0.9665898252829687,0.9654262868599874,-21.850393548772534,0.9887322846328814,175.58709245491724,5255.497582459783,0.9323320395411904
