Name,FitNum,N,DF,K,ChiSq,RedChiSq,Rsq,AdjRsq,AIC,BIC,RSS,TSS,SDR
g10c8,1,180,173,7,2727.1852903597037,15.76407682288846,0.7216069137758825,0.7102769625923427,503.9034885139572,525.603023679491,2727.1852903597037,9796.167452823202,3.9704000834788
