Name,FitNum,N,DF,K,ChiSq,RedChiSq,Rsq,AdjRsq,AIC,BIC,RSS,TSS,SDR
g10c1p,1,180,173,7,2727.1852903597037,15.76407682288846,0.597025626395461,0.5806255065394622,503.9034885139572,525.603023679491,2727.1852903597037,6767.639505126548,3.9704000834788
