Name,FitNum,RedChiSq,lf,AlignMag,Temp,pA,pB,pC,dwB,dwC,kexAB,kexAC,kexBC,k12,k21,k13,k31,k23,k32,tau1,tau2,tau3,dG12,dG13,ddG12,ddG21,ddG13,ddG31,ddG23,ddG32,R1,R1b,R1c,R2,R2b,R2c,pA_err,pB_err,pC_err,dwB_err,dwC_err,kexAB_err,kexAC_err,kexBC_err,k12_err,k21_err,k13_err,k31_err,k23_err,k32_err,tau1_err,tau2_err,tau3_err,dG12_err,dG13_err,ddG12_err,ddG21_err,ddG13_err,ddG31_err,ddG23_err,ddG32_err,R1_err,R1b_err,R1c_err,R2_err,R2b_err,R2c_err
A6RNAm6A_C2_37,1,0.868009418739217,150.88,auto,298.15,0.999,0.001,0.0,2.7650795388091995,0.0,1430.5587197203154,0.0,0.0,1.43055871972,1429.128161,0.0,0.0,0.0,0.0,0.699027580074,0.000699727307381,0.0,4.0921468707,0.0,17.2410153503,13.1488684796,0.0,0.0,0.0,0.0,4.583189701851386,4.583189701851386,4.583189701851386,20.940811693055903,20.940811693055903,20.940811693055903,0.001,0.001,0.0,0.2253515599355253,0.0,286.4189622607626,0.0,0.0,1.45754765583,286.136112268,0.0,0.0,0.0,0.0,0.712215441876,0.000140097478201,0.0,0.615207729574,0.0,0.603662572503,0.118625667909,0.0,0.0,0.0,0.0,0.048364503247919084,0.048364503247919084,0.048364503247919084,0.07939144639065762,0.07939144639065762,0.07939144639065762
