Name,FitNum,RedChiSq,lf,AlignMag,Temp,pA,pB,pC,dwB,dwC,kexAB,kexAC,kexBC,k12,k21,k13,k31,k23,k32,tau1,tau2,tau3,dG12,dG13,ddG12,ddG21,ddG13,ddG31,ddG23,ddG32,R1,R1b,R1c,R2,R2b,R2c,pA_err,pB_err,pC_err,dwB_err,dwC_err,kexAB_err,kexAC_err,kexBC_err,k12_err,k21_err,k13_err,k31_err,k23_err,k32_err,tau1_err,tau2_err,tau3_err,dG12_err,dG13_err,ddG12_err,ddG21_err,ddG13_err,ddG31_err,ddG23_err,ddG32_err,R1_err,R1b_err,R1c_err,R2_err,R2b_err,R2c_err
A21_C1p_Off,1,0.1983588118229535,150.7,avg,298.15,0.998,0.002,0.0,2.8848330681198693,0.0,1121.8248270335746,0.0,0.0,2.24364965407,1119.58117738,0.0,0.0,0.0,0.0,0.445702384143,0.000893191150588,0.0,3.68087436261,0.0,16.9743742434,13.2934998808,0.0,0.0,0.0,0.0,1.6664423345875754,1.6664423345875754,1.6664423345875754,14.439046995337211,14.439046995337211,14.439046995337211,0.002,0.002,0.0,0.17040458394186664,0.0,196.40570572700577,0.0,0.0,2.27336072628,196.025683537,0.0,0.0,0.0,0.0,0.451604506918,0.000156387414652,0.0,0.609227581984,0.0,0.600330607148,0.103737210158,0.0,0.0,0.0,0.0,0.06753853183710201,0.06753853183710201,0.06753853183710201,0.1116217976292251,0.1116217976292251,0.1116217976292251
