Name,FitNum,RedChiSq,lf,AlignMag,Temp,pA,pB,pC,dwB,dwC,kexAB,kexAC,kexBC,k12,k21,k13,k31,k23,k32,tau1,tau2,tau3,dG12,dG13,ddG12,ddG21,ddG13,ddG31,ddG23,ddG32,R1,R1b,R1c,R2,R2b,R2c,pA_err,pB_err,pC_err,dwB_err,dwC_err,kexAB_err,kexAC_err,kexBC_err,k12_err,k21_err,k13_err,k31_err,k23_err,k32_err,tau1_err,tau2_err,tau3_err,dG12_err,dG13_err,ddG12_err,ddG21_err,ddG13_err,ddG31_err,ddG23_err,ddG32_err,R1_err,R1b_err,R1c_err,R2_err,R2b_err,R2c_err
A21_C1p_Off,1,0.24905554950266787,150.7,avg,298.15,0.999,0.001,0.0,3.718177401773332,0.0,1754.7966361455326,0.0,0.0,1.75479663615,1753.04183951,0.0,0.0,0.0,0.0,0.569866604142,0.000570437041183,0.0,4.0921468707,0.0,17.1199778897,13.027831019,0.0,0.0,0.0,0.0,1.7317883888638372,1.7317883888638372,1.7317883888638372,14.466214676352681,14.466214676352681,14.466214676352681,0.001,0.001,0.0,0.33039181088947245,0.0,495.6560609690052,0.0,0.0,1.82176664289,495.163508093,0.0,0.0,0.0,0.0,0.591614976311,0.000161125422162,0.0,0.637456282109,0.0,0.615096319268,0.167353009005,0.0,0.0,0.0,0.0,0.0787115697160445,0.0787115697160445,0.0787115697160445,0.1564109533359095,0.1564109533359095,0.1564109533359095
