Name,FitNum,N,DF,K,ChiSq,RedChiSq,Rsq,AdjRsq,AIC,BIC,RSS,TSS,SDR
gc8,1,308,301,7,130.00151619299595,0.43189872489367426,0.9775263965053738,0.9770020124238326,-251.666530225391,-225.55583174457598,130.00151619299606,5784.631566721444,0.6571900219066588
