Name,FitNum,RedChiSq,lf,AlignMag,Temp,pA,pB,pC,dwB,dwC,kexAB,kexAC,kexBC,k12,k21,k13,k31,k23,k32,tau1,tau2,tau3,dG12,dG13,ddG12,ddG21,ddG13,ddG31,ddG23,ddG32,R1,R1b,R1c,R2,R2b,R2c,pA_err,pB_err,pC_err,dwB_err,dwC_err,kexAB_err,kexAC_err,kexBC_err,k12_err,k21_err,k13_err,k31_err,k23_err,k32_err,tau1_err,tau2_err,tau3_err,dG12_err,dG13_err,ddG12_err,ddG21_err,ddG13_err,ddG31_err,ddG23_err,ddG32_err,R1_err,R1b_err,R1c_err,R2_err,R2b_err,R2c_err
ac1p,1,1.3635614028153782,150.7,auto,298.15,0.9995,0.0005,0.0,6.287079160986147,0.0,3844.3785387436774,0.0,0.0,1.92218926937,3842.45634947,0.0,0.0,0.0,0.0,0.520240132402,0.000260250191297,0.0,4.50312246865,0.0,17.0659955333,12.5628730647,0.0,0.0,0.0,0.0,2.242002977588772,2.242002977588772,2.242002977588772,22.47866213622754,22.47866213622754,22.47866213622754,0.0005,0.0005,0.0,1.5482109790218284,0.0,2965.5143637920255,0.0,0.0,2.42686783397,2964.03222926,0.0,0.0,0.0,0.0,0.656831282635,0.000200754383269,0.0,0.876614208401,0.0,0.74804401529,0.457036783595,0.0,0.0,0.0,0.0,0.18460744789422576,0.18460744789422576,0.18460744789422576,0.5082413378457296,0.5082413378457296,0.5082413378457296
