Name,FitNum,N,DF,K,ChiSq,RedChiSq,Rsq,AdjRsq,AIC,BIC,RSS,TSS,SDR
ac8,1,209,202,7,275.4394033687064,1.3635614028153782,0.9702418558950742,0.9692055026177882,72.2481947311001,95.08732056450552,275.43940336870645,9255.93351512513,1.1677163194951838
