Name,FitNum,N,DF,K,ChiSq,RedChiSq,Rsq,AdjRsq,AIC,BIC,RSS,TSS,SDR
gc1p,1,190,183,7,32.60272165238503,0.17815694892013675,0.9903690177026767,0.9899985953066258,-320.28399257521,-298.1702086854712,32.60272165238502,3385.1917328771365,0.4220864235202747
