Name,FitNum,RedChiSq,lf,AlignMag,Temp,pA,pB,pC,dwB,dwC,kexAB,kexAC,kexBC,k12,k21,k13,k31,k23,k32,tau1,tau2,tau3,dG12,dG13,ddG12,ddG21,ddG13,ddG31,ddG23,ddG32,R1,R1b,R1c,R2,R2b,R2c,pA_err,pB_err,pC_err,dwB_err,dwC_err,kexAB_err,kexAC_err,kexBC_err,k12_err,k21_err,k13_err,k31_err,k23_err,k32_err,tau1_err,tau2_err,tau3_err,dG12_err,dG13_err,ddG12_err,ddG21_err,ddG13_err,ddG31_err,ddG23_err,ddG32_err,R1_err,R1b_err,R1c_err,R2_err,R2b_err,R2c_err
gc8,1,0.17815694892013675,176.04,avg,298.15,0.995,0.005,0.0,3.0340554563892783,0.0,750.4299183858783,0.0,0.0,3.75214959193,746.677768794,0.0,0.0,0.0,0.0,0.266513894369,0.00133926580085,0.0,3.13620237989,0.0,16.6697037435,13.5335013636,0.0,0.0,0.0,0.0,1.336596360683212,1.336596360683212,1.336596360683212,27.494752856868732,27.494752856868732,27.494752856868732,0.005,0.005,0.0,0.05158586748166135,0.0,18.988951838061343,0.0,0.0,3.73464305299,19.2593366377,0.0,0.0,0.0,0.0,0.265270410932,3.45441795428e-05,0.0,0.589918351647,0.0,0.589720371548,0.0152821788843,0.0,0.0,0.0,0.0,0.054624596667080104,0.054624596667080104,0.054624596667080104,0.08967787531879798,0.08967787531879798,0.08967787531879798
