Name,FitNum,N,DF,K,ChiSq,RedChiSq,Rsq,AdjRsq,AIC,BIC,RSS,TSS,SDR
A16_C8_Off,1,111,107,4,22.337108610386895,0.20875802439613922,0.9958224644321422,0.9956648215805249,-169.58681504018523,-159.12605272550192,22.33710861038689,5346.958331665673,0.45690045348646696
