Name,FitNum,RedChiSq,lf,AlignMag,Temp,pA,pB,pC,dwB,dwC,kexAB,kexAC,kexBC,k12,k21,k13,k31,k23,k32,tau1,tau2,tau3,dG12,dG13,ddG12,ddG21,ddG13,ddG31,ddG23,ddG32,R1,R1b,R1c,R2,R2b,R2c,pA_err,pB_err,pC_err,dwB_err,dwC_err,kexAB_err,kexAC_err,kexBC_err,k12_err,k21_err,k13_err,k31_err,k23_err,k32_err,tau1_err,tau2_err,tau3_err,dG12_err,dG13_err,ddG12_err,ddG21_err,ddG13_err,ddG31_err,ddG23_err,ddG32_err,R1_err,R1b_err,R1c_err,R2_err,R2b_err,R2c_err
G_C1p_Off_clean,1,0.2881238431073111,150.88,avg,298.15,0.98,0.02,0.0,4.12,0.0,39490.39287316187,0.0,0.0,789.807857463,38700.5850157,0.0,0.0,0.0,0.0,0.0012661307311,2.58394026756e-05,0.0,2.30584417206,0.0,13.5002298064,11.1943856343,0.0,0.0,0.0,0.0,2.437372835679178,2.437372835679178,2.437372835679178,4.8488960085090245,4.8488960085090245,4.8488960085090245,0.02,0.02,0.0,4.12,0.0,1803.8199728250029,0.0,0.0,775.012991763,1929.8344416,0.0,0.0,0.0,0.0,0.00124241327381,1.28850169095e-06,0.0,0.582136398851,0.0,0.581386185861,0.0295447077628,0.0,0.0,0.0,0.0,0.04685145747241549,0.04685145747241549,0.04685145747241549,0.32064063897975675,0.32064063897975675,0.32064063897975675
