Name,FitNum,RedChiSq,lf,AlignMag,Temp,pA,pB,pC,dwB,dwC,kexAB,kexAC,kexBC,k12,k21,k13,k31,k23,k32,tau1,tau2,tau3,dG12,dG13,ddG12,ddG21,ddG13,ddG31,ddG23,ddG32,R1,R1b,R1c,R2,R2b,R2c,pA_err,pB_err,pC_err,dwB_err,dwC_err,kexAB_err,kexAC_err,kexBC_err,k12_err,k21_err,k13_err,k31_err,k23_err,k32_err,tau1_err,tau2_err,tau3_err,dG12_err,dG13_err,ddG12_err,ddG21_err,ddG13_err,ddG31_err,ddG23_err,ddG32_err,R1_err,R1b_err,R1c_err,R2_err,R2b_err,R2c_err
gc1p,1,0.20964330563349748,176.04,auto,298.15,0.997,0.003,0.0,3.601127370709207,0.0,1369.9621259584276,0.0,0.0,4.10988637788,1365.85223958,0.0,0.0,0.0,0.0,0.243315728966,0.000732143617751,0.0,3.44004850013,0.0,16.6157482415,13.1756997413,0.0,0.0,0.0,0.0,1.347434412930908,1.347434412930908,1.347434412930908,18.05837710400137,18.05837710400137,18.05837710400137,0.003,0.003,0.0,0.09626153224765031,0.0,64.62482348141,0.0,0.0,4.10215923558,64.5611130135,0.0,0.0,0.0,0.0,0.242858262485,3.46069695374e-05,0.0,0.592033556631,0.0,0.591370797426,0.0280055731679,0.0,0.0,0.0,0.0,0.06710309345484705,0.06710309345484705,0.06710309345484705,0.10994909236618966,0.10994909236618966,0.10994909236618966
