Name,FitNum,N,DF,K,ChiSq,RedChiSq,Rsq,AdjRsq,AIC,BIC,RSS,TSS,SDR
gc1p,1,190,183,7,38.36472493093004,0.20964330563349748,0.98866689748816,0.9882310089300123,-289.3628900908413,-267.2491062011025,38.36472493093004,3385.1917328771365,0.4578682186322801
