Name,FitNum,N,DF,K,ChiSq,RedChiSq,Rsq,AdjRsq,AIC,BIC,RSS,TSS,SDR
G_C8_Off,1,98,95,3,17.193955531147356,0.1809890055910248,0.9987022718121439,0.9986608549550846,-164.30481961484642,-156.80523632777087,17.19395553114736,13249.273377927046,0.4254280263346843
