Name,FitNum,N,DF,K,ChiSq,RedChiSq,Rsq,AdjRsq,AIC,BIC,RSS,TSS,SDR
G_C8_Off,1,199,192,7,49.39357400875059,0.25725819796224264,0.9874779378322865,0.9870190140879201,-262.7170260329343,-240.25027969441786,49.3935740087506,3944.5239408015236,0.5072062676685322
