Name,FitNum,N,DF,K,ChiSq,RedChiSq,Rsq,AdjRsq,AIC,BIC,RSS,TSS,SDR
G_C1p_Off,1,199,192,7,49.39357400875059,0.25725819796224264,0.9747819917757214,0.9738577715790201,-262.7170260329343,-240.25027969441786,49.3935740087506,1958.6627765945875,0.5072062676685322
