Name,FitNum,N,DF,K,ChiSq,RedChiSq,Rsq,AdjRsq,AIC,BIC,RSS,TSS,SDR
gc1p,1,190,183,7,95.89533912210342,0.5240182465688712,0.971672109975112,0.9705825757433856,-115.30028703373489,-93.1865031439961,95.8953391221034,3385.1917328771365,0.7238910460620928
