Name,FitNum,RedChiSq,lf,AlignMag,Temp,pA,pB,pC,dwB,dwC,kexAB,kexAC,kexBC,k12,k21,k13,k31,k23,k32,tau1,tau2,tau3,dG12,dG13,ddG12,ddG21,ddG13,ddG31,ddG23,ddG32,R1,R1b,R1c,R2,R2b,R2c,pA_err,pB_err,pC_err,dwB_err,dwC_err,kexAB_err,kexAC_err,kexBC_err,k12_err,k21_err,k13_err,k31_err,k23_err,k32_err,tau1_err,tau2_err,tau3_err,dG12_err,dG13_err,ddG12_err,ddG21_err,ddG13_err,ddG31_err,ddG23_err,ddG32_err,R1_err,R1b_err,R1c_err,R2_err,R2b_err,R2c_err
gc8,1,0.5240182465688712,176.04,avg,298.15,0.998,0.002,0.0,3.3442316806702364,0.0,1923.8386679440084,0.0,0.0,3.84767733589,1919.99099061,0.0,0.0,0.0,0.0,0.259897052872,0.000520835777299,0.0,3.68087436261,0.0,16.6548082168,12.9739338542,0.0,0.0,0.0,0.0,1.9107237633096492,1.9107237633096492,1.9107237633096492,27.57264565483704,27.57264565483704,27.57264565483704,0.002,0.002,0.0,0.18642726715639557,0.0,237.5865400874354,0.0,0.0,3.86927774794,237.142459051,0.0,0.0,0.0,0.0,0.261356084631,6.43296127923e-05,0.0,0.600288099409,0.0,0.595810889209,0.073179140418,0.0,0.0,0.0,0.0,0.10344267827639848,0.10344267827639848,0.10344267827639848,0.21430841204426024,0.21430841204426024,0.21430841204426024
