Name,FitNum,N,DF,K,ChiSq,RedChiSq,Rsq,AdjRsq,AIC,BIC,RSS,TSS,SDR
g10c8,1,180,173,7,178.68562234493646,1.0328648690458755,0.981759639858602,0.9810172996202893,13.331962788513957,35.03149795404775,178.68562234493646,9796.167452823202,1.016299596106323
