Name,FitNum,RedChiSq,lf,AlignMag,Temp,pA,pB,pC,dwB,dwC,kexAB,kexAC,kexBC,k12,k21,k13,k31,k23,k32,tau1,tau2,tau3,dG12,dG13,ddG12,ddG21,ddG13,ddG31,ddG23,ddG32,R1,R1b,R1c,R2,R2b,R2c,pA_err,pB_err,pC_err,dwB_err,dwC_err,kexAB_err,kexAC_err,kexBC_err,k12_err,k21_err,k13_err,k31_err,k23_err,k32_err,tau1_err,tau2_err,tau3_err,dG12_err,dG13_err,ddG12_err,ddG21_err,ddG13_err,ddG31_err,ddG23_err,ddG32_err,R1_err,R1b_err,R1c_err,R2_err,R2b_err,R2c_err
ra16_c8_10c,1,0.9885902637655651,150.784186,auto,298.15,0.995,0.005,0.0,2.1467549200971474,0.0,3551.785584413451,0.0,0.0,17.7589279221,3534.02665649,0.0,0.0,0.0,0.0,0.0563097054275,0.000282963343857,0.0,3.13620237989,0.0,15.7486509659,12.612448586,0.0,0.0,0.0,0.0,1.843438297354725,1.843438297354725,1.843438297354725,41.34938528055766,41.34938528055766,41.34938528055766,0.005,0.005,0.0,0.11474714647880734,0.0,344.44509384176763,0.0,0.0,17.7540855939,343.178096621,0.0,0.0,0.0,0.0,0.056294351456,2.7477670996e-05,0.0,0.595110885037,0.0,0.592323196033,0.0575343109053,0.0,0.0,0.0,0.0,0.04258497100942741,0.04258497100942741,0.04258497100942741,0.21513307079380956,0.21513307079380956,0.21513307079380956
