Name,FitNum,N,DF,K,ChiSq,RedChiSq,Rsq,AdjRsq,AIC,BIC,RSS,TSS,SDR
ra16_c8_10c,1,222,218,4,215.5126775008932,0.9885902637655651,0.9947384701207621,0.9946414833948776,1.4160026438586,15.026712171347718,215.51267750089323,40960.078617307096,0.9942787656213751
