Name,FitNum,N,DF,K,ChiSq,RedChiSq,Rsq,AdjRsq,AIC,BIC,RSS,TSS,SDR
gc1p,1,212,205,7,83.8546615162484,0.40904712934755316,0.9525063598111894,0.9508766760792204,-182.0812336119253,-159.13414929706437,83.8546615162484,1765.5976922991133,0.6395679239514386
