Name,FitNum,N,DF,K,ChiSq,RedChiSq,Rsq,AdjRsq,AIC,BIC,RSS,TSS,SDR
A6RNAm6A_C2_37,1,93,89,4,33.54548462061773,0.37691555753503064,0.9886456932669575,0.9881295884154556,-86.37729650411318,-76.7014439860456,33.54548462061774,2954.428254346537,0.6139344896119054
