Name,FitNum,RedChiSq,lf,AlignMag,Temp,pA,pB,pC,dwB,dwC,kexAB,kexAC,kexBC,k12,k21,k13,k31,k23,k32,tau1,tau2,tau3,dG12,dG13,ddG12,ddG21,ddG13,ddG31,ddG23,ddG32,R1,R1b,R1c,R2,R2b,R2c,pA_err,pB_err,pC_err,dwB_err,dwC_err,kexAB_err,kexAC_err,kexBC_err,k12_err,k21_err,k13_err,k31_err,k23_err,k32_err,tau1_err,tau2_err,tau3_err,dG12_err,dG13_err,ddG12_err,ddG21_err,ddG13_err,ddG31_err,ddG23_err,ddG32_err,R1_err,R1b_err,R1c_err,R2_err,R2b_err,R2c_err
A6RNAm6A_C2_37,1,0.37691555753503064,150.88,auto,298.15,0.993,0.007,0.0,1.8556898651761022,0.0,183.85870341330943,0.0,0.0,1.28701092389,182.571692489,0.0,0.0,0.0,0.0,0.776994181972,0.00547730037644,0.0,2.93565558864,0.0,17.3036662664,14.3680106778,0.0,0.0,0.0,0.0,4.5409848612791,4.5409848612791,4.5409848612791,21.010960040769433,21.010960040769433,21.010960040769433,0.007,0.007,0.0,0.07195082496420717,0.0,10.377492500591725,0.0,0.0,1.28009640678,10.3838000993,0.0,0.0,0.0,0.0,0.772819749988,0.000311522511608,0.0,0.590264272177,0.0,0.589301601138,0.0336976839646,0.0,0.0,0.0,0.0,0.03050449720508152,0.03050449720508152,0.03050449720508152,0.03196806589021234,0.03196806589021234,0.03196806589021234
