Name,FitNum,RedChiSq,lf,AlignMag,Temp,pA,pB,pC,dwB,dwC,kexAB,kexAC,kexBC,k12,k21,k13,k31,k23,k32,tau1,tau2,tau3,dG12,dG13,ddG12,ddG21,ddG13,ddG31,ddG23,ddG32,R1,R1b,R1c,R2,R2b,R2c,pA_err,pB_err,pC_err,dwB_err,dwC_err,kexAB_err,kexAC_err,kexBC_err,k12_err,k21_err,k13_err,k31_err,k23_err,k32_err,tau1_err,tau2_err,tau3_err,dG12_err,dG13_err,ddG12_err,ddG21_err,ddG13_err,ddG31_err,ddG23_err,ddG32_err,R1_err,R1b_err,R1c_err,R2_err,R2b_err,R2c_err
A16_C8_Off,1,1.099661647113724,150.7,auto,298.15,0.92,0.08,0.0,1.500821804358134,0.0,63.60173982764373,0.0,0.0,5.08813918621,58.5136006414,0.0,0.0,0.0,0.0,0.196535504121,0.0170900438366,0.0,1.44705336996,0.0,16.4892427946,15.0421894247,0.0,0.0,0.0,0.0,2.9023652852913546,2.9023652852913546,2.9023652852913546,26.212092385464253,26.212092385464253,26.212092385464253,0.08,0.08,0.0,0.07604242529563879,0.0,8.46399610096842,0.0,0.0,4.74729049486,9.09470836477,0.0,0.0,0.0,0.0,0.183369812906,0.00265628781909,0.0,0.560412884208,0.0,0.552794865438,0.0920892910826,0.0,0.0,0.0,0.0,0.13598635958331606,0.13598635958331606,0.13598635958331606,0.19347485720913668,0.19347485720913668,0.19347485720913668
