Name,FitNum,N,DF,K,ChiSq,RedChiSq,Rsq,AdjRsq,AIC,BIC,RSS,TSS,SDR
A16_C8_Off,1,104,100,4,109.9661647113724,1.099661647113724,0.9850761981629256,0.9844732162705185,14.205350287393456,24.37887347991854,109.96616471137241,7368.508769540807,1.0486475323547584
