Name,FitNum,RedChiSq,lf,AlignMag,Temp,pA,pB,pC,dwB,dwC,kexAB,kexAC,kexBC,k12,k21,k13,k31,k23,k32,tau1,tau2,tau3,dG12,dG13,ddG12,ddG21,ddG13,ddG31,ddG23,ddG32,R1,R1b,R1c,R2,R2b,R2c,pA_err,pB_err,pC_err,dwB_err,dwC_err,kexAB_err,kexAC_err,kexBC_err,k12_err,k21_err,k13_err,k31_err,k23_err,k32_err,tau1_err,tau2_err,tau3_err,dG12_err,dG13_err,ddG12_err,ddG21_err,ddG13_err,ddG31_err,ddG23_err,ddG32_err,R1_err,R1b_err,R1c_err,R2_err,R2b_err,R2c_err
gc1p,1,5.34066931718617,150.88,auto,298.15,0.975,0.025,0.0,1.5441836363050971,0.0,4599.505260682224,0.0,0.0,114.987631517,4484.51762917,0.0,0.0,0.0,0.0,0.00869658750952,0.000222989423321,0.0,2.17060440196,0.0,14.6419272557,12.4713228538,0.0,0.0,0.0,0.0,3.516739721241407,3.516739721241407,3.516739721241407,10.626970132373366,10.626970132373366,10.626970132373366,0.025,0.025,0.0,0.10919415533651806,0.0,532.9019103304269,0.0,0.0,112.938326554,531.545190306,0.0,0.0,0.0,0.0,0.00854159727527,2.64307034238e-05,0.0,0.586147655161,0.0,0.581925509431,0.0702265984095,0.0,0.0,0.0,0.0,0.12828955912082107,0.12828955912082107,0.12828955912082107,0.7164344613602555,0.7164344613602555,0.7164344613602555
