Name,FitNum,RedChiSq,lf,AlignMag,Temp,pA,pB,pC,dwB,dwC,kexAB,kexAC,kexBC,k12,k21,k13,k31,k23,k32,tau1,tau2,tau3,dG12,dG13,ddG12,ddG21,ddG13,ddG31,ddG23,ddG32,R1,R1b,R1c,R2,R2b,R2c,pA_err,pB_err,pC_err,dwB_err,dwC_err,kexAB_err,kexAC_err,kexBC_err,k12_err,k21_err,k13_err,k31_err,k23_err,k32_err,tau1_err,tau2_err,tau3_err,dG12_err,dG13_err,ddG12_err,ddG21_err,ddG13_err,ddG31_err,ddG23_err,ddG32_err,R1_err,R1b_err,R1c_err,R2_err,R2b_err,R2c_err
gc8,1,0.13226328450095207,150.7,auto,298.15,0.98,0.02,0.0,2.674274522520959,0.0,95.27432747886654,0.0,0.0,1.90548654958,93.3688409293,0.0,0.0,0.0,0.0,0.524800345729,0.0107102111373,0.0,2.30584417206,0.0,17.0711663837,14.7653222117,0.0,0.0,0.0,0.0,2.160697402051933,2.160697402051933,2.160697402051933,24.06168511923953,24.06168511923953,24.06168511923953,0.02,0.02,0.0,0.0817559525746498,0.0,3.5413779775302303,0.0,0.0,1.86910809676,3.9412268062,0.0,0.0,0.0,0.0,0.514781159491,0.000452092698318,0.0,0.581711240141,0.0,0.581173370974,0.0250095936863,0.0,0.0,0.0,0.0,0.05381759490179143,0.05381759490179143,0.05381759490179143,0.060830296038750356,0.060830296038750356,0.060830296038750356
