Name,FitNum,N,DF,K,ChiSq,RedChiSq,Rsq,AdjRsq,AIC,BIC,RSS,TSS,SDR
gc8,1,216,209,7,27.643026460698984,0.13226328450095207,0.9952276539553531,0.9950670461557736,-429.53700098609204,-406.44851367076444,27.64302646069899,5792.334881437498,0.3636801953653129
