Name,FitNum,RedChiSq,lf,AlignMag,Temp,pA,pB,pC,dwB,dwC,kexAB,kexAC,kexBC,k12,k21,k13,k31,k23,k32,tau1,tau2,tau3,dG12,dG13,ddG12,ddG21,ddG13,ddG31,ddG23,ddG32,R1,R1b,R1c,R2,R2b,R2c,pA_err,pB_err,pC_err,dwB_err,dwC_err,kexAB_err,kexAC_err,kexBC_err,k12_err,k21_err,k13_err,k31_err,k23_err,k32_err,tau1_err,tau2_err,tau3_err,dG12_err,dG13_err,ddG12_err,ddG21_err,ddG13_err,ddG31_err,ddG23_err,ddG32_err,R1_err,R1b_err,R1c_err,R2_err,R2b_err,R2c_err
G10_C1p_Off,1,0.37083077913465,170.4,auto,298.15,0.97,0.03,0.0,0.445624292355642,0.0,5579.165247222607,0.0,0.0,167.374957417,5411.79028981,0.0,0.0,0.0,0.0,0.00597460943641,0.000184781735147,0.0,2.05953545938,0.0,14.4195013836,12.3599659242,0.0,0.0,0.0,0.0,1.7310207427009314,1.7310207427009314,1.7310207427009314,14.69462936649245,14.69462936649245,14.69462936649245,0.03,0.03,0.0,0.17171383237986235,0.0,2908.712760220496,0.0,0.0,184.386790728,2826.1231068,0.0,0.0,0.0,0.0,0.00658186312237,9.64959659275e-05,0.0,0.722325685732,0.0,0.652704341734,0.309404974991,0.0,0.0,0.0,0.0,0.07593555976984688,0.07593555976984688,0.07593555976984688,0.43424025773594727,0.43424025773594727,0.43424025773594727
