Name,FitNum,N,DF,K,ChiSq,RedChiSq,Rsq,AdjRsq,AIC,BIC,RSS,TSS,SDR
gc1p,1,216,209,7,28.361332767835393,0.1357001567839014,0.989700108386216,0.9893534774184444,-423.99590835936067,-400.9074210440331,28.361332767835385,2753.556428679341,0.3683750219326785
