Name,FitNum,RedChiSq,lf,AlignMag,Temp,pA,pB,pC,dwB,dwC,kexAB,kexAC,kexBC,k12,k21,k13,k31,k23,k32,tau1,tau2,tau3,dG12,dG13,ddG12,ddG21,ddG13,ddG31,ddG23,ddG32,R1,R1b,R1c,R2,R2b,R2c,pA_err,pB_err,pC_err,dwB_err,dwC_err,kexAB_err,kexAC_err,kexBC_err,k12_err,k21_err,k13_err,k31_err,k23_err,k32_err,tau1_err,tau2_err,tau3_err,dG12_err,dG13_err,ddG12_err,ddG21_err,ddG13_err,ddG31_err,ddG23_err,ddG32_err,R1_err,R1b_err,R1c_err,R2_err,R2b_err,R2c_err
gc8,1,0.5240181559324176,176.04,avg,298.15,0.998,0.002,0.0,3.344285153815826,0.0,1923.5097409210923,0.0,0.0,3.84701948184,1919.66272144,0.0,0.0,0.0,0.0,0.259941496195,0.000520924842073,0.0,3.68087436261,0.0,16.6549095251,12.9740351625,0.0,0.0,0.0,0.0,1.9106857693341543,1.9106857693341543,1.9106857693341543,27.572846872590002,27.572846872590002,27.572846872590002,0.002,0.002,0.0,0.186434408173309,0.0,237.5129100943103,0.0,0.0,3.86860809393,237.068975322,0.0,0.0,0.0,0.0,0.261400229677,6.43316751171e-05,0.0,0.600285620938,0.0,0.595809640663,0.0731689742919,0.0,0.0,0.0,0.0,0.10343524169901885,0.10343524169901885,0.10343524169901885,0.21428787078789513,0.21428787078789513,0.21428787078789513
