Name,FitNum,N,DF,K,ChiSq,RedChiSq,Rsq,AdjRsq,AIC,BIC,RSS,TSS,SDR
gc8,1,190,183,7,95.89532253563243,0.5240181559324176,0.9869059324498445,0.9864023144671462,-115.30031989695624,-93.18653600721746,95.89532253563243,7323.570171630386,0.7238909834584332
