Name,FitNum,RedChiSq,lf,AlignMag,Temp,pA,pB,pC,dwB,dwC,kexAB,kexAC,kexBC,k12,k21,k13,k31,k23,k32,tau1,tau2,tau3,dG12,dG13,ddG12,ddG21,ddG13,ddG31,ddG23,ddG32,R1,R1b,R1c,R2,R2b,R2c,pA_err,pB_err,pC_err,dwB_err,dwC_err,kexAB_err,kexAC_err,kexBC_err,k12_err,k21_err,k13_err,k31_err,k23_err,k32_err,tau1_err,tau2_err,tau3_err,dG12_err,dG13_err,ddG12_err,ddG21_err,ddG13_err,ddG31_err,ddG23_err,ddG32_err,R1_err,R1b_err,R1c_err,R2_err,R2b_err,R2c_err
G10_C1p_Off,1,0.324921531798252,170.4,auto,298.15,0.998,0.002,0.0,3.643397521328968,0.0,304.27841136357074,0.0,0.0,0.608556822727,303.669854541,0.0,0.0,0.0,0.0,1.64323192618,0.00329304995226,0.0,3.68087436261,0.0,17.7474298814,14.0665555188,0.0,0.0,0.0,0.0,1.4784271210518054,1.4784271210518054,1.4784271210518054,15.101192814751043,15.101192814751043,15.101192814751043,0.002,0.002,0.0,0.3997251657649896,0.0,65.08734584082633,0.0,0.0,0.621134811412,64.9600103656,0.0,0.0,0.0,0.0,1.67719515164,0.000704437914514,0.0,0.617869443895,0.0,0.604730551075,0.126742298763,0.0,0.0,0.0,0.0,0.08514164902780973,0.08514164902780973,0.08514164902780973,0.12306498205359707,0.12306498205359707,0.12306498205359707
