Name,FitNum,N,DF,K,ChiSq,RedChiSq,Rsq,AdjRsq,AIC,BIC,RSS,TSS,SDR
A6RNAm6A_C2_37,1,93,89,4,33.289831910227925,0.37404305517110026,0.9887322253091602,0.9882200537323038,-87.08877119322736,-77.41291867515979,33.28983191022792,2954.428254346537,0.6115905944102641
