Name,FitNum,N,DF,K,ChiSq,RedChiSq,Rsq,AdjRsq,AIC,BIC,RSS,TSS,SDR
G_C8_Off,1,190,185,5,49.519504778788644,0.26767299880426293,0.9864102246362088,0.9860409372621928,-245.1588274533512,-229.24979404907052,49.519504778788644,3643.8795677763133,0.5173712388645729
