Name,FitNum,RedChiSq,lf,AlignMag,Temp,pA,pB,pC,dwB,dwC,kexAB,kexAC,kexBC,k12,k21,k13,k31,k23,k32,tau1,tau2,tau3,dG12,dG13,ddG12,ddG21,ddG13,ddG31,ddG23,ddG32,R1,R1b,R1c,R2,R2b,R2c,pA_err,pB_err,pC_err,dwB_err,dwC_err,kexAB_err,kexAC_err,kexBC_err,k12_err,k21_err,k13_err,k31_err,k23_err,k32_err,tau1_err,tau2_err,tau3_err,dG12_err,dG13_err,ddG12_err,ddG21_err,ddG13_err,ddG31_err,ddG23_err,ddG32_err,R1_err,R1b_err,R1c_err,R2_err,R2b_err,R2c_err
gc1p,1,0.9858099059233911,176.04,auto,298.15,0.998,0.002,0.0,4.774405197693042,0.0,3325.7853543930696,0.0,0.0,6.65157070879,3319.13378368,0.0,0.0,0.0,0.0,0.15034042992,0.000301283426693,0.0,3.68087436261,0.0,16.3304919321,12.6496175695,0.0,0.0,0.0,0.0,1.3131426336554033,1.3131426336554033,1.3131426336554033,22.077690202519044,22.077690202519044,22.077690202519044,0.002,0.002,0.0,0.398140906175307,0.0,932.0955009681666,0.0,0.0,6.89506935145,930.254995587,0.0,0.0,0.0,0.0,0.155844045866,8.44408303595e-05,0.0,0.636226832926,0.0,0.614174247279,0.166055945131,0.0,0.0,0.0,0.0,0.2336491129164557,0.2336491129164557,0.2336491129164557,0.6083700785091055,0.6083700785091055,0.6083700785091055
