Name,FitNum,RedChiSq,lf,AlignMag,Temp,pA,pB,pC,dwB,dwC,kexAB,kexAC,kexBC,k12,k21,k13,k31,k23,k32,tau1,tau2,tau3,dG12,dG13,ddG12,ddG21,ddG13,ddG31,ddG23,ddG32,R1,R1b,R1c,R2,R2b,R2c,pA_err,pB_err,pC_err,dwB_err,dwC_err,kexAB_err,kexAC_err,kexBC_err,k12_err,k21_err,k13_err,k31_err,k23_err,k32_err,tau1_err,tau2_err,tau3_err,dG12_err,dG13_err,ddG12_err,ddG21_err,ddG13_err,ddG31_err,ddG23_err,ddG32_err,R1_err,R1b_err,R1c_err,R2_err,R2b_err,R2c_err
A21_C1p_Off,1,1.3074310408833911,150.88,auto,298.15,0.9995,0.0005,0.0,6.115085578353057,0.0,3911.273744852896,0.0,0.0,1.95563687243,3909.31810798,0.0,0.0,0.0,0.0,0.511342373474,0.00025579908628,0.0,4.50312246865,0.0,17.0557745046,12.552652036,0.0,0.0,0.0,0.0,2.000260978025772,2.000260978025772,2.000260978025772,16.61771424555496,16.61771424555496,16.61771424555496,0.0005,0.0005,0.0,2.1827087605622184,0.0,4630.650025613692,0.0,0.0,3.03008628399,4628.33511335,0.0,0.0,0.0,0.0,0.79227976018,0.000302846650053,0.0,1.15532274856,0.0,0.918002690789,0.701456850449,0.0,0.0,0.0,0.0,0.16528511284651853,0.16528511284651853,0.16528511284651853,0.8129412632416261,0.8129412632416261,0.8129412632416261
