Name,FitNum,RedChiSq,lf,AlignMag,Temp,pA,pB,pC,dwB,dwC,kexAB,kexAC,kexBC,k12,k21,k13,k31,k23,k32,tau1,tau2,tau3,dG12,dG13,ddG12,ddG21,ddG13,ddG31,ddG23,ddG32,R1,R1b,R1c,R2,R2b,R2c,pA_err,pB_err,pC_err,dwB_err,dwC_err,kexAB_err,kexAC_err,kexBC_err,k12_err,k21_err,k13_err,k31_err,k23_err,k32_err,tau1_err,tau2_err,tau3_err,dG12_err,dG13_err,ddG12_err,ddG21_err,ddG13_err,ddG31_err,ddG23_err,ddG32_err,R1_err,R1b_err,R1c_err,R2_err,R2b_err,R2c_err
G_C8_Off,1,0.18226311694695949,150.88,auto,298.15,0.95,0.05,0.0,4.27,0.0,99999.99962269007,0.0,0.0,4999.99998113,94999.9996416,0.0,0.0,0.0,0.0,0.000200000000755,1.05263158292e-05,0.0,1.7445351892,0.0,12.4068563829,10.6623211937,0.0,0.0,0.0,0.0,0.9827731628048307,0.9827731628048307,0.9827731628048307,24.54952043887212,24.54952043887212,24.54952043887212,0.05,0.05,0.0,4.27,0.0,101671.66626764621,0.0,0.0,6961.88330363,96705.1331037,0.0,0.0,0.0,0.0,0.000278475334247,1.07152502863e-05,0.0,1.02191725608,0.0,0.824961939308,0.603119123367,0.0,0.0,0.0,0.0,0.09788381514201465,0.09788381514201465,0.09788381514201465,7.830788365599392,7.830788365599392,7.830788365599392
