Name,FitNum,RedChiSq,lf,AlignMag,Temp,pA,pB,pC,dwB,dwC,kexAB,kexAC,kexBC,k12,k21,k13,k31,k23,k32,tau1,tau2,tau3,dG12,dG13,ddG12,ddG21,ddG13,ddG31,ddG23,ddG32,R1,R1b,R1c,R2,R2b,R2c,pA_err,pB_err,pC_err,dwB_err,dwC_err,kexAB_err,kexAC_err,kexBC_err,k12_err,k21_err,k13_err,k31_err,k23_err,k32_err,tau1_err,tau2_err,tau3_err,dG12_err,dG13_err,ddG12_err,ddG21_err,ddG13_err,ddG31_err,ddG23_err,ddG32_err,R1_err,R1b_err,R1c_err,R2_err,R2b_err,R2c_err
G_C8_Off_clean,1,0.2805199348534719,150.88,avg,298.15,0.9925,0.0075,0.0,4.27,0.0,26282.133305093135,0.0,0.0,197.115999788,26085.0173053,0.0,0.0,0.0,0.0,0.00507315489902,3.8336183116e-05,0.0,2.89447995867,0.0,14.3225970444,11.4281170857,0.0,0.0,0.0,0.0,2.722069603272672,2.722069603272672,2.722069603272672,12.659650308290278,12.659650308290278,12.659650308290278,0.0075,0.0075,0.0,4.27,0.0,1218.7861057901696,0.0,0.0,195.856640795,1225.36435473,0.0,0.0,0.0,0.0,0.00504074290175,1.80087257512e-06,0.0,0.589356970998,0.0,0.588699409308,0.027832440497,0.0,0.0,0.0,0.0,0.04016710542432767,0.04016710542432767,0.04016710542432767,0.186931406863934,0.186931406863934,0.186931406863934
