Name,FitNum,N,DF,K,ChiSq,RedChiSq,Rsq,AdjRsq,AIC,BIC,RSS,TSS,SDR
G_C1p_Off_clean,1,253,248,5,69.56894384366103,0.2805199348534719,0.9365704330885285,0.9352864337583368,-316.64102121805024,-298.97407377441266,69.56894384366105,1096.790459577916,0.5296413266102561
