Name,FitNum,RedChiSq,lf,AlignMag,Temp,pA,pB,pC,dwB,dwC,kexAB,kexAC,kexBC,k12,k21,k13,k31,k23,k32,tau1,tau2,tau3,dG12,dG13,ddG12,ddG21,ddG13,ddG31,ddG23,ddG32,R1,R1b,R1c,R2,R2b,R2c,pA_err,pB_err,pC_err,dwB_err,dwC_err,kexAB_err,kexAC_err,kexBC_err,k12_err,k21_err,k13_err,k31_err,k23_err,k32_err,tau1_err,tau2_err,tau3_err,dG12_err,dG13_err,ddG12_err,ddG21_err,ddG13_err,ddG31_err,ddG23_err,ddG32_err,R1_err,R1b_err,R1c_err,R2_err,R2b_err,R2c_err
gc1p,1,0.11103210492447871,150.7,gs,298.15,0.997491453306,0.002508546693600591,0.0,3.4891146442120355,0.0,1321.106588520231,0.0,0.0,3.31405756453,1317.79253096,0.0,0.0,0.0,0.0,0.301744909534,0.000758844792719,0.0,3.54634116489,0.0,16.7432640497,13.1969228848,0.0,0.0,0.0,0.0,1.7184016245568257,1.7184016245568257,1.7184016245568257,16.44793355800881,16.44793355800881,16.44793355800881,0.000117835961378,0.00011783596137772954,0.0,0.11899174715147083,0.0,108.03413016467923,0.0,0.0,0.312343985099,107.763233385,0.0,0.0,0.0,0.0,0.0284389168541,6.20549643282e-05,0.0,0.0739300566235,0.0,0.0558406255705,0.0484507771686,0.0,0.0,0.0,0.0,0.06318097051013458,0.06318097051013458,0.06318097051013458,0.09412618139418144,0.09412618139418144,0.09412618139418144
