Name,FitNum,RedChiSq,lf,AlignMag,Temp,pA,pB,pC,dwB,dwC,kexAB,kexAC,kexBC,k12,k21,k13,k31,k23,k32,tau1,tau2,tau3,dG12,dG13,ddG12,ddG21,ddG13,ddG31,ddG23,ddG32,R1,R1b,R1c,R2,R2b,R2c,pA_err,pB_err,pC_err,dwB_err,dwC_err,kexAB_err,kexAC_err,kexBC_err,k12_err,k21_err,k13_err,k31_err,k23_err,k32_err,tau1_err,tau2_err,tau3_err,dG12_err,dG13_err,ddG12_err,ddG21_err,ddG13_err,ddG31_err,ddG23_err,ddG32_err,R1_err,R1b_err,R1c_err,R2_err,R2b_err,R2c_err
gc1p,1,0.1649048049377626,176.04,auto,298.15,0.9965,0.0035,0.0,3.5628796201105626,0.0,1141.2474776047147,0.0,0.0,3.99436617162,1137.25311143,0.0,0.0,0.0,0.0,0.250352610911,0.000879311729242,0.0,3.34841936499,0.0,16.6326402611,13.2842208961,0.0,0.0,0.0,0.0,1.2710553346748155,1.2710553346748155,1.2710553346748155,18.091328202429246,18.091328202429246,18.091328202429246,0.0035,0.0035,0.0,0.07733919295277776,0.0,38.934497865421896,0.0,0.0,3.98274239651,39.0018729699,0.0,0.0,0.0,0.0,0.249624074187,3.01558237301e-05,0.0,0.59110992733,0.0,0.590760593126,0.0203191485525,0.0,0.0,0.0,0.0,0.05893478025117226,0.05893478025117226,0.05893478025117226,0.09049171599634603,0.09049171599634603,0.09049171599634603
