Name,FitNum,N,DF,K,ChiSq,RedChiSq,Rsq,AdjRsq,AIC,BIC,RSS,TSS,SDR
gc8,1,190,183,7,30.177579303610557,0.1649048049377626,0.9958793896151209,0.9957209046003179,-334.97033321106943,-312.85654932133065,30.177579303610564,7323.570171630386,0.40608472630445314
