Name,FitNum,N,DF,K,ChiSq,RedChiSq,Rsq,AdjRsq,AIC,BIC,RSS,TSS,SDR
gc1p,1,190,183,7,30.177579303610557,0.1649048049377626,0.9910854150414806,0.9907425463892299,-334.97033321106943,-312.85654932133065,30.177579303610564,3385.1917328771365,0.40608472630445314
