Name,FitNum,RedChiSq,lf,AlignMag,Temp,pA,pB,pC,dwB,dwC,kexAB,kexAC,kexBC,k12,k21,k13,k31,k23,k32,tau1,tau2,tau3,dG12,dG13,ddG12,ddG21,ddG13,ddG31,ddG23,ddG32,R1,R1b,R1c,R2,R2b,R2c,pA_err,pB_err,pC_err,dwB_err,dwC_err,kexAB_err,kexAC_err,kexBC_err,k12_err,k21_err,k13_err,k31_err,k23_err,k32_err,tau1_err,tau2_err,tau3_err,dG12_err,dG13_err,ddG12_err,ddG21_err,ddG13_err,ddG31_err,ddG23_err,ddG32_err,R1_err,R1b_err,R1c_err,R2_err,R2b_err,R2c_err
G_C8_Off,1,0.34956403672453834,150.88,auto,298.15,0.996,0.004,0.0,1.0929388008319894,0.0,3480.321007171965,0.0,0.0,13.9212840287,3466.39972314,0.0,0.0,0.0,0.0,0.0718324543871,0.000288483752558,0.0,3.26900669389,0.0,15.8929029177,12.6238962238,0.0,0.0,0.0,0.0,2.5536677482908456,2.5536677482908456,2.5536677482908456,20.15986026932971,20.15986026932971,20.15986026932971,0.004,0.004,0.0,0.12108407251051002,0.0,592.2345307042692,0.0,0.0,14.0666201098,590.028537653,0.0,0.0,0.0,0.0,0.0725823742505,4.91038715248e-05,0.0,0.607105037219,0.0,0.59867019927,0.100848989699,0.0,0.0,0.0,0.0,0.04130758693234018,0.04130758693234018,0.04130758693234018,0.11613158321231996,0.11613158321231996,0.11613158321231996
