Name,FitNum,N,DF,K,ChiSq,RedChiSq,Rsq,AdjRsq,AIC,BIC,RSS,TSS,SDR
G_C8_Off,1,199,192,7,67.11629505111136,0.34956403672453834,0.9829849441761853,0.9823613557428518,-201.70232719647407,-179.23558085795761,67.11629505111136,3944.5239408015236,0.5912394072831566
