Name,FitNum,RedChiSq,lf,AlignMag,Temp,pA,pB,pC,dwB,dwC,kexAB,kexAC,kexBC,k12,k21,k13,k31,k23,k32,tau1,tau2,tau3,dG12,dG13,ddG12,ddG21,ddG13,ddG31,ddG23,ddG32,R1,R1b,R1c,R2,R2b,R2c,pA_err,pB_err,pC_err,dwB_err,dwC_err,kexAB_err,kexAC_err,kexBC_err,k12_err,k21_err,k13_err,k31_err,k23_err,k32_err,tau1_err,tau2_err,tau3_err,dG12_err,dG13_err,ddG12_err,ddG21_err,ddG13_err,ddG31_err,ddG23_err,ddG32_err,R1_err,R1b_err,R1c_err,R2_err,R2b_err,R2c_err
G10_C1p_Off,1,0.3202486373504612,170.4,auto,298.15,0.9991,0.0009,0.0,2.558306581232261,0.0,2739.046741018103,0.0,0.0,2.46514206692,2736.58159895,0.0,0.0,0.0,0.0,0.405656133746,0.000365419397829,0.0,4.15463067417,0.0,16.9185944174,12.7639637432,0.0,0.0,0.0,0.0,1.604985472749078,1.604985472749078,1.604985472749078,14.736342532682468,14.736342532682468,14.736342532682468,0.0009,0.0009,0.0,0.32630181810696834,0.0,927.9666040318966,0.0,0.0,2.60067407103,927.134705462,0.0,0.0,0.0,0.0,0.427958860037,0.00012380153616,0.0,0.656499359747,0.0,0.625059198252,0.200729688954,0.0,0.0,0.0,0.0,0.08283460540991384,0.08283460540991384,0.08283460540991384,0.1956604186397943,0.1956604186397943,0.1956604186397943
