Name,FitNum,RedChiSq,lf,AlignMag,Temp,pA,pB,pC,dwB,dwC,kexAB,kexAC,kexBC,k12,k21,k13,k31,k23,k32,tau1,tau2,tau3,dG12,dG13,ddG12,ddG21,ddG13,ddG31,ddG23,ddG32,R1,R1b,R1c,R2,R2b,R2c,pA_err,pB_err,pC_err,dwB_err,dwC_err,kexAB_err,kexAC_err,kexBC_err,k12_err,k21_err,k13_err,k31_err,k23_err,k32_err,tau1_err,tau2_err,tau3_err,dG12_err,dG13_err,ddG12_err,ddG21_err,ddG13_err,ddG31_err,ddG23_err,ddG32_err,R1_err,R1b_err,R1c_err,R2_err,R2b_err,R2c_err
T8_N3_Off,1,0.15359243712300696,176.04,auto,298.15,0.955,0.045,0.0,-0.4740295596901287,0.0,163.50700447860163,0.0,0.0,7.35781520154,156.149189277,0.0,0.0,0.0,0.0,0.13590990975,0.00640413187305,0.0,1.81006985117,0.0,16.2707042857,14.4606344345,0.0,0.0,0.0,0.0,1.4713109270727274,1.4713109270727274,1.4713109270727274,8.012912577860236,8.012912577860236,8.012912577860236,0.045,0.045,0.0,0.02582169008412927,0.0,19.753890497958466,0.0,0.0,7.09045266299,20.133833507,0.0,0.0,0.0,0.0,0.130971321665,0.000825747001864,0.0,0.576043707427,0.0,0.570955501124,0.0763948205233,0.0,0.0,0.0,0.0,0.027337992049830565,0.027337992049830565,0.027337992049830565,0.0343830285196014,0.0343830285196014,0.0343830285196014
