Name,FitNum,N,DF,K,ChiSq,RedChiSq,Rsq,AdjRsq,AIC,BIC,RSS,TSS,SDR
G10_C1p_Off,1,87,83,4,29.00668289044586,0.3494781071138055,0.9832335092389061,0.9824156316408039,-87.07141787443733,-77.69559027786778,29.00668289044587,1730.0389988437446,0.5911667337678987
