Name,FitNum,RedChiSq,lf,AlignMag,Temp,pA,pB,pC,dwB,dwC,kexAB,kexAC,kexBC,k12,k21,k13,k31,k23,k32,tau1,tau2,tau3,dG12,dG13,ddG12,ddG21,ddG13,ddG31,ddG23,ddG32,R1,R1b,R1c,R2,R2b,R2c,pA_err,pB_err,pC_err,dwB_err,dwC_err,kexAB_err,kexAC_err,kexBC_err,k12_err,k21_err,k13_err,k31_err,k23_err,k32_err,tau1_err,tau2_err,tau3_err,dG12_err,dG13_err,ddG12_err,ddG21_err,ddG13_err,ddG31_err,ddG23_err,ddG32_err,R1_err,R1b_err,R1c_err,R2_err,R2b_err,R2c_err
G10_C1p_Off,1,0.3494781071138055,170.4,auto,298.15,0.997,0.003,0.0,1.4129279229005756,0.0,4589.818026870544,0.0,0.0,13.7694540806,4576.04857279,0.0,0.0,0.0,0.0,0.072624520489,0.000218529148914,0.0,3.44004850013,0.0,15.8994002404,12.4593517403,0.0,0.0,0.0,0.0,1.7049533602929428,1.7049533602929428,1.7049533602929428,14.618998880865616,14.618998880865616,14.618998880865616,0.003,0.003,0.0,0.3439916191888773,0.0,1696.5950022844804,0.0,0.0,14.6413661474,1691.56092523,0.0,0.0,0.0,0.0,0.0772232645922,8.07804732504e-05,0.0,0.66698605393,0.0,0.630002184146,0.219015168673,0.0,0.0,0.0,0.0,0.07396297091610285,0.07396297091610285,0.07396297091610285,0.3215631177396895,0.3215631177396895,0.3215631177396895
