Name,FitNum,N,DF,K,ChiSq,RedChiSq,Rsq,AdjRsq,AIC,BIC,RSS,TSS,SDR
ac8,1,209,202,7,120.59350162692755,0.596997532806572,0.9869712221430863,0.986517483610756,-100.37373630777542,-77.53461047437,120.59350162692755,9255.93351512513,0.7726561543187059
