Name,FitNum,RedChiSq,lf,AlignMag,Temp,pA,pB,pC,dwB,dwC,kexAB,kexAC,kexBC,k12,k21,k13,k31,k23,k32,tau1,tau2,tau3,dG12,dG13,ddG12,ddG21,ddG13,ddG31,ddG23,ddG32,R1,R1b,R1c,R2,R2b,R2c,pA_err,pB_err,pC_err,dwB_err,dwC_err,kexAB_err,kexAC_err,kexBC_err,k12_err,k21_err,k13_err,k31_err,k23_err,k32_err,tau1_err,tau2_err,tau3_err,dG12_err,dG13_err,ddG12_err,ddG21_err,ddG13_err,ddG31_err,ddG23_err,ddG32_err,R1_err,R1b_err,R1c_err,R2_err,R2b_err,R2c_err
ac8,1,0.596997532806572,150.7,auto,298.15,0.99,0.01,0.0,4.168088412235092,0.0,259.41061363443237,0.0,0.0,2.59410613634,256.816507498,0.0,0.0,0.0,0.0,0.385489238852,0.00389383069547,0.0,2.72253843054,0.0,16.8883821023,14.1658436717,0.0,0.0,0.0,0.0,1.6001842517845117,1.6001842517845117,1.6001842517845117,31.553562272523937,31.553562272523937,31.553562272523937,0.01,0.01,0.0,0.20594658511699218,0.0,12.667722338038917,0.0,0.0,2.57141826818,12.8013263906,0.0,0.0,0.0,0.0,0.382117777327,0.000194092654433,0.0,0.588045001467,0.0,0.587302919329,0.0295331118935,0.0,0.0,0.0,0.0,0.1416827474642907,0.1416827474642907,0.1416827474642907,0.17265903378535333,0.17265903378535333,0.17265903378535333
