Name,FitNum,RedChiSq,lf,AlignMag,Temp,pA,pB,pC,dwB,dwC,kexAB,kexAC,kexBC,k12,k21,k13,k31,k23,k32,tau1,tau2,tau3,dG12,dG13,ddG12,ddG21,ddG13,ddG31,ddG23,ddG32,R1,R1b,R1c,R2,R2b,R2c,pA_err,pB_err,pC_err,dwB_err,dwC_err,kexAB_err,kexAC_err,kexBC_err,k12_err,k21_err,k13_err,k31_err,k23_err,k32_err,tau1_err,tau2_err,tau3_err,dG12_err,dG13_err,ddG12_err,ddG21_err,ddG13_err,ddG31_err,ddG23_err,ddG32_err,R1_err,R1b_err,R1c_err,R2_err,R2b_err,R2c_err
T8_N3_Off,1,0.22061613921942205,70.960783,gs,283.15,0.997074785665,0.002925214335146094,0.0,-0.496300485762153,0.0,1259.761771376666,0.0,0.0,3.6850731925,1256.07669818,0.0,0.0,0.0,0.0,0.271365030696,0.000796129727942,0.0,3.28122552802,0.0,15.8121513617,12.5309258337,0.0,0.0,0.0,0.0,1.48081107588019,1.48081107588019,1.48081107588019,7.520201699300663,7.520201699300663,7.520201699300663,0.109816225403,0.10981622540310697,0.0,9.345892251047962,0.0,1931.8117387543905,0.0,0.0,138.053899428,1931.09354468,0.0,0.0,0.0,0.0,10.166148323,0.00122397062264,0.0,21.0973000262,0.0,21.0795573983,0.865059701572,0.0,0.0,0.0,0.0,0.015096541146418143,0.015096541146418143,0.015096541146418143,0.029341107243120185,0.029341107243120185,0.029341107243120185
