Name,FitNum,RedChiSq,lf,AlignMag,Temp,pA,pB,pC,dwB,dwC,kexAB,kexAC,kexBC,k12,k21,k13,k31,k23,k32,tau1,tau2,tau3,dG12,dG13,ddG12,ddG21,ddG13,ddG31,ddG23,ddG32,R1,R1b,R1c,R2,R2b,R2c,pA_err,pB_err,pC_err,dwB_err,dwC_err,kexAB_err,kexAC_err,kexBC_err,k12_err,k21_err,k13_err,k31_err,k23_err,k32_err,tau1_err,tau2_err,tau3_err,dG12_err,dG13_err,ddG12_err,ddG21_err,ddG13_err,ddG31_err,ddG23_err,ddG32_err,R1_err,R1b_err,R1c_err,R2_err,R2b_err,R2c_err
hpGBCm6A_m6AC2_55C,1,0.23757705064246862,150.7,auto,298.15,0.987,0.013,0.0,2.624389281196473,0.0,484.30038918288125,0.0,0.0,6.29590505938,478.004484124,0.0,0.0,0.0,0.0,0.158833398942,0.00209203058384,0.0,2.56529347104,0.0,16.3630510973,13.7977576262,0.0,0.0,0.0,0.0,4.439976294635027,4.439976294635027,4.439976294635027,13.75741146664627,13.75741146664627,13.75741146664627,0.013,0.013,0.0,0.01577203031819155,0.0,3.8079263519948383,0.0,0.0,6.21479443913,7.26271059193,0.0,0.0,0.0,0.0,0.156787136271,3.17859208116e-05,0.0,0.584920999711,0.0,0.584851723138,0.00900210229039,0.0,0.0,0.0,0.0,0.02275642573155201,0.02275642573155201,0.02275642573155201,0.029345263465378316,0.029345263465378316,0.029345263465378316
