Name,FitNum,RedChiSq,lf,AlignMag,Temp,pA,pB,pC,dwB,dwC,kexAB,kexAC,kexBC,k12,k21,k13,k31,k23,k32,tau1,tau2,tau3,dG12,dG13,ddG12,ddG21,ddG13,ddG31,ddG23,ddG32,R1,R1b,R1c,R2,R2b,R2c,pA_err,pB_err,pC_err,dwB_err,dwC_err,kexAB_err,kexAC_err,kexBC_err,k12_err,k21_err,k13_err,k31_err,k23_err,k32_err,tau1_err,tau2_err,tau3_err,dG12_err,dG13_err,ddG12_err,ddG21_err,ddG13_err,ddG31_err,ddG23_err,ddG32_err,R1_err,R1b_err,R1c_err,R2_err,R2b_err,R2c_err
ra16_c8_15c,1,0.8519705115452479,150.784186,auto,298.15,0.95,0.05,0.0,0.6561428345070716,0.0,5083.644990009417,0.0,0.0,254.1822495,4829.46274051,0.0,0.0,0.0,0.0,0.00393418502655,0.000207062369819,0.0,1.7445351892,0.0,14.1719523813,12.4274171921,0.0,0.0,0.0,0.0,1.8972159152042083,1.8972159152042083,1.8972159152042083,33.753130563730394,33.753130563730394,33.753130563730394,0.05,0.05,0.0,0.054804197040135484,0.0,661.5624063485146,0.0,0.0,244.059336,673.3968334,0.0,0.0,0.0,0.0,0.00377750447628,2.88717713841e-05,0.0,0.574855986109,0.0,0.568888798053,0.0826131963698,0.0,0.0,0.0,0.0,0.05131958173271788,0.05131958173271788,0.05131958173271788,0.23996442413475097,0.23996442413475097,0.23996442413475097
