Name,FitNum,N,DF,K,ChiSq,RedChiSq,Rsq,AdjRsq,AIC,BIC,RSS,TSS,SDR
ra16_c8_15c,1,100,96,4,81.7891691083438,0.8519705115452479,0.9941312325011762,0.9938841265012257,-11.68148318186421,-1.6818550694907906,81.78916910834377,13936.34508859575,0.9230224870203584
