Name,FitNum,N,DF,K,ChiSq,RedChiSq,Rsq,AdjRsq,AIC,BIC,RSS,TSS,SDR
ac8,1,209,202,7,37.237325285032824,0.18434319448036052,0.9959769238592538,0.9958368167299742,-345.9725148713765,-323.13338903797114,37.23732528503281,9255.93351512513,0.42935206355665795
