Name,FitNum,RedChiSq,lf,AlignMag,Temp,pA,pB,pC,dwB,dwC,kexAB,kexAC,kexBC,k12,k21,k13,k31,k23,k32,tau1,tau2,tau3,dG12,dG13,ddG12,ddG21,ddG13,ddG31,ddG23,ddG32,R1,R1b,R1c,R2,R2b,R2c,pA_err,pB_err,pC_err,dwB_err,dwC_err,kexAB_err,kexAC_err,kexBC_err,k12_err,k21_err,k13_err,k31_err,k23_err,k32_err,tau1_err,tau2_err,tau3_err,dG12_err,dG13_err,ddG12_err,ddG21_err,ddG13_err,ddG31_err,ddG23_err,ddG32_err,R1_err,R1b_err,R1c_err,R2_err,R2b_err,R2c_err
ac8,1,0.18434319448036052,150.7,auto,298.15,0.993,0.007,0.0,2.097402123590131,0.0,3753.9739500991795,0.0,0.0,26.2778176507,3727.69613245,0.0,0.0,0.0,0.0,0.0380549105444,0.000268262209276,0.0,2.93565558864,0.0,15.5164936515,12.5808380628,0.0,0.0,0.0,0.0,2.348267862611726,2.348267862611726,2.348267862611726,30.057742977214097,30.057742977214097,30.057742977214097,0.007,0.007,0.0,0.05996980876353101,0.0,164.94097385741162,0.0,0.0,26.1200518896,165.852056423,0.0,0.0,0.0,0.0,0.0378264379215,1.19354790434e-05,0.0,0.589517277113,0.0,0.588927611517,0.0263607360986,0.0,0.0,0.0,0.0,0.07645618782207389,0.07645618782207389,0.07645618782207389,0.1772861823523099,0.1772861823523099,0.1772861823523099
