Name,FitNum,RedChiSq,lf,AlignMag,Temp,pA,pB,pC,dwB,dwC,kexAB,kexAC,kexBC,k12,k21,k13,k31,k23,k32,tau1,tau2,tau3,dG12,dG13,ddG12,ddG21,ddG13,ddG31,ddG23,ddG32,R1,R1b,R1c,R2,R2b,R2c,pA_err,pB_err,pC_err,dwB_err,dwC_err,kexAB_err,kexAC_err,kexBC_err,k12_err,k21_err,k13_err,k31_err,k23_err,k32_err,tau1_err,tau2_err,tau3_err,dG12_err,dG13_err,ddG12_err,ddG21_err,ddG13_err,ddG31_err,ddG23_err,ddG32_err,R1_err,R1b_err,R1c_err,R2_err,R2b_err,R2c_err
A16_C8_Off,1,0.1446474005915572,170.4,auto,298.15,0.997,0.003,0.0,2.836576797003167,0.0,3284.6602499662954,0.0,0.0,9.8539807499,3274.80626922,0.0,0.0,0.0,0.0,0.101481830073,0.000305361574943,0.0,3.44004850013,0.0,16.0976321026,12.6575836024,0.0,0.0,0.0,0.0,1.6852209553201951,1.6852209553201951,1.6852209553201951,23.383825844950874,23.383825844950874,23.383825844950874,0.003,0.003,0.0,0.0875598656513563,0.0,281.1631527158647,0.0,0.0,9.8606061316,280.491771159,0.0,0.0,0.0,0.0,0.101550061976,2.61546491481e-05,0.0,0.595050968496,0.0,0.592883109486,0.0507471535534,0.0,0.0,0.0,0.0,0.06251689267566017,0.06251689267566017,0.06251689267566017,0.16945758185742307,0.16945758185742307,0.16945758185742307
