Name,FitNum,N,DF,K,ChiSq,RedChiSq,Rsq,AdjRsq,AIC,BIC,RSS,TSS,SDR
ac8,1,219,212,7,62.98832392777022,0.2971147355083501,0.9962679665532532,0.9961441550171052,-258.3699900756148,-235.17729365410307,62.988323927770196,16877.749041257106,0.545082319937411
