Name,FitNum,N,DF,K,ChiSq,RedChiSq,Rsq,AdjRsq,AIC,BIC,RSS,TSS,SDR
ac1p,1,219,212,7,62.98832392777022,0.2971147355083501,0.9960644391597233,0.995933875529951,-258.3699900756148,-235.17729365410307,62.988323927770196,16004.916829933014,0.545082319937411
