Name,FitNum,RedChiSq,lf,AlignMag,Temp,pA,pB,pC,dwB,dwC,kexAB,kexAC,kexBC,k12,k21,k13,k31,k23,k32,tau1,tau2,tau3,dG12,dG13,ddG12,ddG21,ddG13,ddG31,ddG23,ddG32,R1,R1b,R1c,R2,R2b,R2c,pA_err,pB_err,pC_err,dwB_err,dwC_err,kexAB_err,kexAC_err,kexBC_err,k12_err,k21_err,k13_err,k31_err,k23_err,k32_err,tau1_err,tau2_err,tau3_err,dG12_err,dG13_err,ddG12_err,ddG21_err,ddG13_err,ddG31_err,ddG23_err,ddG32_err,R1_err,R1b_err,R1c_err,R2_err,R2b_err,R2c_err
ac1p,1,0.2971147355083501,150.7,auto,298.15,0.965,0.035,0.0,2.527036353951778,0.0,2533.433576429621,0.0,0.0,88.670175175,2444.76340125,0.0,0.0,0.0,0.0,0.0112777492322,0.000409037536919,0.0,1.96514158904,0.0,14.7959146235,12.8307730345,0.0,0.0,0.0,0.0,2.1723991318859843,2.1723991318859843,2.1723991318859843,16.589069077374955,16.589069077374955,16.589069077374955,0.035,0.035,0.0,0.02155817533367793,0.0,67.57987290432422,0.0,0.0,85.6556447115,107.630088485,0.0,0.0,0.0,0.0,0.0108943382538,1.80077737868e-05,0.0,0.572936043959,0.0,0.572341974604,0.026083990752,0.0,0.0,0.0,0.0,0.19235383212747814,0.19235383212747814,0.19235383212747814,0.3816996581603348,0.3816996581603348,0.3816996581603348
