Name,FitNum,N,DF,K,ChiSq,RedChiSq,Rsq,AdjRsq,AIC,BIC,RSS,TSS,SDR
ac8,1,209,202,7,41.88860946551715,0.20736935378968885,0.995474404672736,0.995316796875269,-321.37273137373717,-298.5336055403318,41.88860946551716,9255.93351512513,0.45537825353181827
