Name,FitNum,RedChiSq,lf,AlignMag,Temp,pA,pB,pC,dwB,dwC,kexAB,kexAC,kexBC,k12,k21,k13,k31,k23,k32,tau1,tau2,tau3,dG12,dG13,ddG12,ddG21,ddG13,ddG31,ddG23,ddG32,R1,R1b,R1c,R2,R2b,R2c,pA_err,pB_err,pC_err,dwB_err,dwC_err,kexAB_err,kexAC_err,kexBC_err,k12_err,k21_err,k13_err,k31_err,k23_err,k32_err,tau1_err,tau2_err,tau3_err,dG12_err,dG13_err,ddG12_err,ddG21_err,ddG13_err,ddG31_err,ddG23_err,ddG32_err,R1_err,R1b_err,R1c_err,R2_err,R2b_err,R2c_err
ac8,1,0.20736935378968885,150.7,auto,298.15,0.991,0.009,0.0,1.8800698663575717,0.0,3981.573990892764,0.0,0.0,35.834165918,3945.73982497,0.0,0.0,0.0,0.0,0.0279063283428,0.000253437896151,0.0,2.78556109659,0.0,15.3327187195,12.5471576229,0.0,0.0,0.0,0.0,2.389864812830393,2.389864812830393,2.389864812830393,29.92576552778569,29.92576552778569,29.92576552778569,0.009,0.009,0.0,0.0578928779297376,0.0,183.0048684485504,0.0,0.0,35.5512960171,184.80217112,0.0,0.0,0.0,0.0,0.0276860396844,1.18699852322e-05,0.0,0.588462400023,0.0,0.587807757035,0.0277495407218,0.0,0.0,0.0,0.0,0.08054005450233423,0.08054005450233423,0.08054005450233423,0.19565552015813073,0.19565552015813073,0.19565552015813073
