Name,FitNum,N,DF,K,ChiSq,RedChiSq,Rsq,AdjRsq,AIC,BIC,RSS,TSS,SDR
G7N1_pH5.3HS_25C,1,280,270,10,268.26560067396247,0.9935762987924536,0.3463563178792648,0.32205729623908874,8.830465349593197,44.36051751511469,268.26560067396247,410.4156561317621,0.9967829747705633
