Name,FitNum,N,DF,K,ChiSq,RedChiSq,Rsq,AdjRsq,AIC,BIC,RSS,TSS,SDR
G7C1p_pH5.3HS_25C,1,280,270,10,268.26560067396247,0.9935762987924536,0.9217527656394043,0.9188439465181926,8.830465349593197,44.36051751511469,268.26560067396247,3428.435558983252,0.9967829747705633
