param,fit_val,fit_err
kex(s-1),14.6578988828,0.489832742343
tau_ex(s),0.0682226018883,0.00227983999889
R1n(s-1),17.6014381308,0.683876737193
