Name,FitNum,N,DF,K,ChiSq,RedChiSq,Rsq,AdjRsq,AIC,BIC,RSS,TSS,SDR
A16_C8_Off,1,120,116,4,49.219053882019594,0.42430218863809993,0.9960619104081639,0.9959249333788827,-98.59748434067039,-87.79534345649873,49.219053882019615,12498.20572494175,0.6513848237701736
