Name,FitNum,RedChiSq,lf,AlignMag,Temp,pA,pB,pC,dwB,dwC,kexAB,kexAC,kexBC,k12,k21,k13,k31,k23,k32,tau1,tau2,tau3,dG12,dG13,ddG12,ddG21,ddG13,ddG31,ddG23,ddG32,R1,R1b,R1c,R2,R2b,R2c,pA_err,pB_err,pC_err,dwB_err,dwC_err,kexAB_err,kexAC_err,kexBC_err,k12_err,k21_err,k13_err,k31_err,k23_err,k32_err,tau1_err,tau2_err,tau3_err,dG12_err,dG13_err,ddG12_err,ddG21_err,ddG13_err,ddG31_err,ddG23_err,ddG32_err,R1_err,R1b_err,R1c_err,R2_err,R2b_err,R2c_err
A21_C1p_Off,1,0.2641434383357972,150.88,auto,298.15,0.99,0.01,0.0,1.735806527049445,0.0,3735.327396223255,0.0,0.0,37.3532739622,3697.97412226,0.0,0.0,0.0,0.0,0.0267714150307,0.000270418333644,0.0,2.72253843054,0.0,15.3081194812,12.5855810506,0.0,0.0,0.0,0.0,2.129172129541141,2.129172129541141,2.129172129541141,13.978982753075163,13.978982753075163,13.978982753075163,0.01,0.01,0.0,0.09786000625626232,0.0,356.4713849511776,0.0,0.0,37.1530344982,354.839061119,0.0,0.0,0.0,0.0,0.0266279016723,2.59479878569e-05,0.0,0.592044579283,0.0,0.589308619576,0.0568518667448,0.0,0.0,0.0,0.0,0.06258534101417876,0.06258534101417876,0.06258534101417876,0.29843989938038396,0.29843989938038396,0.29843989938038396
