Name,FitNum,N,DF,K,ChiSq,RedChiSq,Rsq,AdjRsq,AIC,BIC,RSS,TSS,SDR
ac8,1,195,188,7,30.22514158117318,0.1607720296870914,0.9988670557288568,0.9988246460502578,-348.9445376961957,-326.63247126753294,30.225141581173194,26678.40100437922,0.4009638757881955
