Name,FitNum,N,DF,K,ChiSq,RedChiSq,Rsq,AdjRsq,AIC,BIC,RSS,TSS,SDR
G_C8_Off,1,199,192,7,55.184557862175566,0.2874195721988311,0.9860098306689546,0.9854971019500158,-240.65532279641073,-218.18857645789427,55.18455786217558,3944.5239408015236,0.5361152601808973
