Name,FitNum,RedChiSq,lf,AlignMag,Temp,pA,pB,pC,dwB,dwC,kexAB,kexAC,kexBC,k12,k21,k13,k31,k23,k32,tau1,tau2,tau3,dG12,dG13,ddG12,ddG21,ddG13,ddG31,ddG23,ddG32,R1,R1b,R1c,R2,R2b,R2c,pA_err,pB_err,pC_err,dwB_err,dwC_err,kexAB_err,kexAC_err,kexBC_err,k12_err,k21_err,k13_err,k31_err,k23_err,k32_err,tau1_err,tau2_err,tau3_err,dG12_err,dG13_err,ddG12_err,ddG21_err,ddG13_err,ddG31_err,ddG23_err,ddG32_err,R1_err,R1b_err,R1c_err,R2_err,R2b_err,R2c_err
G_C8_Off,1,0.2874195721988311,150.88,auto,298.15,0.9985,0.0015,0.0,1.8576878092266487,0.0,2920.9894181945365,0.0,0.0,4.38148412729,2916.60793407,0.0,0.0,0.0,0.0,0.228233167335,0.000342864047073,0.0,3.85161836479,0.0,16.5778338827,12.726215518,0.0,0.0,0.0,0.0,2.5381328473375513,2.5381328473375513,2.5381328473375513,20.150399888711448,20.150399888711448,20.150399888711448,0.0015,0.0015,0.0,0.15825439518874673,0.0,417.479328971531,0.0,0.0,4.4195076156,416.87606695,0.0,0.0,0.0,0.0,0.230213825239,4.90061806981e-05,0.0,0.603596657204,0.0,0.597626462584,0.0846849207813,0.0,0.0,0.0,0.0,0.03771604569469504,0.03771604569469504,0.03771604569469504,0.09578100004783255,0.09578100004783255,0.09578100004783255
