Name,FitNum,N,DF,K,ChiSq,RedChiSq,Rsq,AdjRsq,AIC,BIC,RSS,TSS,SDR
G_C1p_Off,1,199,192,7,55.184557862175566,0.2874195721988311,0.9718253910159452,0.9707928137233358,-240.65532279641073,-218.18857645789427,55.18455786217558,1958.6627765945875,0.5361152601808973
