Name,FitNum,RedChiSq,lf,AlignMag,Temp,pA,pB,pC,dwB,dwC,kexAB,kexAC,kexBC,k12,k21,k13,k31,k23,k32,tau1,tau2,tau3,dG12,dG13,ddG12,ddG21,ddG13,ddG31,ddG23,ddG32,R1,R1b,R1c,R2,R2b,R2c,pA_err,pB_err,pC_err,dwB_err,dwC_err,kexAB_err,kexAC_err,kexBC_err,k12_err,k21_err,k13_err,k31_err,k23_err,k32_err,tau1_err,tau2_err,tau3_err,dG12_err,dG13_err,ddG12_err,ddG21_err,ddG13_err,ddG31_err,ddG23_err,ddG32_err,R1_err,R1b_err,R1c_err,R2_err,R2b_err,R2c_err
G10_C1p_Off,1,0.32456140459772254,170.4,auto,298.15,0.997,0.003,0.0,3.648845974657885,0.0,195.39935826421458,0.0,0.0,0.586198074793,194.813160189,0.0,0.0,0.0,0.0,1.70590802495,0.00513312344519,0.0,3.44004850013,0.0,17.7696080938,14.3295595937,0.0,0.0,0.0,0.0,1.4808752780577767,1.4808752780577767,1.4808752780577767,15.107734548565471,15.107734548565471,15.107734548565471,0.003,0.003,0.0,0.4036495407860579,0.0,41.84375195752384,0.0,0.0,0.597771440687,41.7223143067,0.0,0.0,0.0,0.0,1.73958793385,0.00109933943655,0.0,0.617363129715,0.0,0.604182233209,0.126889964165,0.0,0.0,0.0,0.0,0.08552983568189457,0.08552983568189457,0.08552983568189457,0.12176173235669058,0.12176173235669058,0.12176173235669058
