Name,FitNum,N,DF,K,ChiSq,RedChiSq,Rsq,AdjRsq,AIC,BIC,RSS,TSS,SDR
G10_C1p_Off,1,87,83,4,26.93859658161097,0.32456140459772254,0.9844289079034547,0.9836693424353306,-93.50647488497194,-84.13064728840237,26.93859658161097,1730.0389988437446,0.5697029090655256
