Name,FitNum,RedChiSq,lf,AlignMag,Temp,pA,pB,pC,dwB,dwC,kexAB,kexAC,kexBC,k12,k21,k13,k31,k23,k32,tau1,tau2,tau3,dG12,dG13,ddG12,ddG21,ddG13,ddG31,ddG23,ddG32,R1,R1b,R1c,R2,R2b,R2c,pA_err,pB_err,pC_err,dwB_err,dwC_err,kexAB_err,kexAC_err,kexBC_err,k12_err,k21_err,k13_err,k31_err,k23_err,k32_err,tau1_err,tau2_err,tau3_err,dG12_err,dG13_err,ddG12_err,ddG21_err,ddG13_err,ddG31_err,ddG23_err,ddG32_err,R1_err,R1b_err,R1c_err,R2_err,R2b_err,R2c_err
A16_C8_Off,1,0.30468127114400617,150.7,auto,298.15,0.995,0.005,0.0,2.930052852561098,0.0,3441.8808732006933,0.0,0.0,17.209404366,3424.67146883,0.0,0.0,0.0,0.0,0.0581077635653,0.000291998811886,0.0,3.13620237989,0.0,15.7672741664,12.6310717865,0.0,0.0,0.0,0.0,2.919014975247681,2.919014975247681,2.919014975247681,23.557560858681537,23.557560858681537,23.557560858681537,0.005,0.005,0.0,0.09139550176337577,0.0,270.4451936806284,0.0,0.0,17.1768823101,269.637241573,0.0,0.0,0.0,0.0,0.0579979524473,2.29901626758e-05,0.0,0.593202112096,0.0,0.591365080734,0.0466485485745,0.0,0.0,0.0,0.0,0.07251556692735885,0.07251556692735885,0.07251556692735885,0.23676753196623204,0.23676753196623204,0.23676753196623204
