Name,FitNum,RedChiSq,lf,AlignMag,Temp,pA,pB,pC,dwB,dwC,kexAB,kexAC,kexBC,k12,k21,k13,k31,k23,k32,tau1,tau2,tau3,dG12,dG13,ddG12,ddG21,ddG13,ddG31,ddG23,ddG32,R1,R1b,R1c,R2,R2b,R2c,pA_err,pB_err,pC_err,dwB_err,dwC_err,kexAB_err,kexAC_err,kexBC_err,k12_err,k21_err,k13_err,k31_err,k23_err,k32_err,tau1_err,tau2_err,tau3_err,dG12_err,dG13_err,ddG12_err,ddG21_err,ddG13_err,ddG31_err,ddG23_err,ddG32_err,R1_err,R1b_err,R1c_err,R2_err,R2b_err,R2c_err
G_C8_Off,1,0.17856412296870228,150.88,auto,298.15,0.999,0.001,0.0,4.27,0.0,147.95044964216896,0.0,0.0,0.147950449642,147.802499193,0.0,0.0,0.0,0.0,6.75901967462,0.00676578546008,0.0,4.0921468707,0.0,18.5853294396,14.4931825689,0.0,0.0,0.0,0.0,0.956582674199732,0.956582674199732,0.956582674199732,32.196940357583124,32.196940357583124,32.196940357583124,0.001,0.001,0.0,4.27,0.0,216.90661664536975,0.0,0.0,0.262476819932,216.689760436,0.0,0.0,0.0,0.0,11.9910821112,0.00991915859689,0.0,1.36358549394,0.0,1.05111889233,0.868627925788,0.0,0.0,0.0,0.0,0.10001382925856155,0.10001382925856155,0.10001382925856155,0.18781719493897636,0.18781719493897636,0.18781719493897636
