Name,FitNum,N,DF,K,ChiSq,RedChiSq,Rsq,AdjRsq,AIC,BIC,RSS,TSS,SDR
G_C8_Off,1,98,95,3,16.963591682026717,0.17856412296870228,0.9987196587165084,0.9986787967606523,-165.62669435934671,-158.12711107227116,16.96359168202672,13249.273377927046,0.4225684831701275
