Name,FitNum,N,DF,K,ChiSq,RedChiSq,Rsq,AdjRsq,AIC,BIC,RSS,TSS,SDR
G_C8_Off,1,190,185,5,48.38858855433794,0.2615599381315564,0.9867205851197033,0.9863597314544779,-249.54832442591947,-233.6392910216388,48.388588554337936,3643.8795677763133,0.511429309026728
