Name,FitNum,RedChiSq,lf,AlignMag,Temp,pA,pB,pC,dwB,dwC,kexAB,kexAC,kexBC,k12,k21,k13,k31,k23,k32,tau1,tau2,tau3,dG12,dG13,ddG12,ddG21,ddG13,ddG31,ddG23,ddG32,R1,R1b,R1c,R2,R2b,R2c,pA_err,pB_err,pC_err,dwB_err,dwC_err,kexAB_err,kexAC_err,kexBC_err,k12_err,k21_err,k13_err,k31_err,k23_err,k32_err,tau1_err,tau2_err,tau3_err,dG12_err,dG13_err,ddG12_err,ddG21_err,ddG13_err,ddG31_err,ddG23_err,ddG32_err,R1_err,R1b_err,R1c_err,R2_err,R2b_err,R2c_err
hpGBCm6A_m6A_C2_65C,1,9.20144511883243,150.88,auto,298.15,0.9,0.1,0.0,2.5338997630486264,0.0,94.6928973447284,0.0,0.0,9.46928973447,85.2236076103,0.0,0.0,0.0,0.0,0.105604541422,0.0117338379358,0.0,1.30182205197,0.0,16.1212257979,14.8194037459,0.0,0.0,0.0,0.0,4.640464491714446,4.640464491714446,4.640464491714446,13.97434731046129,13.97434731046129,13.97434731046129,0.1,0.1,0.0,0.05821313857494401,0.0,3.515110771195837,0.0,0.0,8.58200835814,9.13978503282,0.0,0.0,0.0,0.0,0.0957092963204,0.00125839259039,0.0,0.540714780058,0.0,0.536968369292,0.0635408825319,0.0,0.0,0.0,0.0,0.18498302139543632,0.18498302139543632,0.18498302139543632,0.21207506520175598,0.21207506520175598,0.21207506520175598
