Name,FitNum,RedChiSq,lf,AlignMag,Temp,pA,pB,pC,dwB,dwC,kexAB,kexAC,kexBC,k12,k21,k13,k31,k23,k32,tau1,tau2,tau3,dG12,dG13,ddG12,ddG21,ddG13,ddG31,ddG23,ddG32,R1,R1b,R1c,R2,R2b,R2c,pA_err,pB_err,pC_err,dwB_err,dwC_err,kexAB_err,kexAC_err,kexBC_err,k12_err,k21_err,k13_err,k31_err,k23_err,k32_err,tau1_err,tau2_err,tau3_err,dG12_err,dG13_err,ddG12_err,ddG21_err,ddG13_err,ddG31_err,ddG23_err,ddG32_err,R1_err,R1b_err,R1c_err,R2_err,R2b_err,R2c_err
hpGBCm6A_m6A_C2_65C,1,1.2457030409654006,150.88,auto,298.15,0.987,0.013,0.0,2.760409468031888,0.0,1393.1643346917767,0.0,0.0,18.111136351,1375.05319834,0.0,0.0,0.0,0.0,0.0552146469785,0.000727244590396,0.0,2.56529347104,0.0,15.7370153676,13.1717218965,0.0,0.0,0.0,0.0,4.950519376204335,4.950519376204335,4.950519376204335,11.71800828741906,11.71800828741906,11.71800828741906,0.013,0.013,0.0,0.02912898701669228,0.0,35.434599782836955,0.0,0.0,17.8831759451,39.2781486484,0.0,0.0,0.0,0.0,0.0545196738365,2.0773611639e-05,0.0,0.585272038215,0.0,0.585027289504,0.0169242208716,0.0,0.0,0.0,0.0,0.0718319738983505,0.0718319738983505,0.0718319738983505,0.12087126367067763,0.12087126367067763,0.12087126367067763
