Name,FitNum,RedChiSq,lf,AlignMag,Temp,pA,pB,pC,dwB,dwC,kexAB,kexAC,kexBC,k12,k21,k13,k31,k23,k32,tau1,tau2,tau3,dG12,dG13,ddG12,ddG21,ddG13,ddG31,ddG23,ddG32,R1,R1b,R1c,R2,R2b,R2c,pA_err,pB_err,pC_err,dwB_err,dwC_err,kexAB_err,kexAC_err,kexBC_err,k12_err,k21_err,k13_err,k31_err,k23_err,k32_err,tau1_err,tau2_err,tau3_err,dG12_err,dG13_err,ddG12_err,ddG21_err,ddG13_err,ddG31_err,ddG23_err,ddG32_err,R1_err,R1b_err,R1c_err,R2_err,R2b_err,R2c_err
ra16_c8_10c,1,2.103926871113802,150.784186,auto,298.15,0.92,0.08,0.0,2.2728748997289268,0.0,3.0579208525711365,0.0,0.0,0.244633668206,2.81328718437,0.0,0.0,0.0,0.0,4.0877447791,0.355456067748,0.0,1.44705336996,0.0,18.2873780774,16.8403247074,0.0,0.0,0.0,0.0,1.769810866142966,1.769810866142966,1.769810866142966,43.52781117720437,43.52781117720437,43.52781117720437,0.08,0.08,0.0,0.003707604479255566,0.0,1.3177706993752536,0.0,0.0,0.249299178074,1.23321796846,0.0,0.0,0.0,0.0,4.16570385051,0.155815876951,0.0,0.657274041109,0.0,0.603784270596,0.259718539378,0.0,0.0,0.0,0.0,0.06702575094806607,0.06702575094806607,0.06702575094806607,0.12348032776838386,0.12348032776838386,0.12348032776838386
