Name,FitNum,N,DF,K,ChiSq,RedChiSq,Rsq,AdjRsq,AIC,BIC,RSS,TSS,SDR
ra16_c8_10c,1,222,218,4,458.6560579028088,2.103926871113802,0.9888023638287401,0.9885959557887168,169.08835442109546,182.69906394858458,458.6560579028088,40960.078617307096,1.4504919410716497
