Name,FitNum,N,DF,K,ChiSq,RedChiSq,Rsq,AdjRsq,AIC,BIC,RSS,TSS,SDR
G10_C1p_Off,1,87,83,4,26.879542654635973,0.3238499115016382,0.9844630423518772,0.9837051419787981,-93.69740284278429,-84.32157524621473,26.879542654635973,1730.0389988437446,0.5690781242515286
