Name,FitNum,RedChiSq,lf,AlignMag,Temp,pA,pB,pC,dwB,dwC,kexAB,kexAC,kexBC,k12,k21,k13,k31,k23,k32,tau1,tau2,tau3,dG12,dG13,ddG12,ddG21,ddG13,ddG31,ddG23,ddG32,R1,R1b,R1c,R2,R2b,R2c,pA_err,pB_err,pC_err,dwB_err,dwC_err,kexAB_err,kexAC_err,kexBC_err,k12_err,k21_err,k13_err,k31_err,k23_err,k32_err,tau1_err,tau2_err,tau3_err,dG12_err,dG13_err,ddG12_err,ddG21_err,ddG13_err,ddG31_err,ddG23_err,ddG32_err,R1_err,R1b_err,R1c_err,R2_err,R2b_err,R2c_err
G10_C1p_Off,1,0.3238499115016382,170.4,auto,298.15,0.996,0.004,0.0,3.643020458304566,0.0,143.11394150259326,0.0,0.0,0.57245576601,142.541485737,0.0,0.0,0.0,0.0,1.74685986128,0.00701550145091,0.0,3.26900669389,0.0,17.7836631807,14.5146564868,0.0,0.0,0.0,0.0,1.4828604602440802,1.4828604602440802,1.4828604602440802,15.11002640641155,15.11002640641155,15.11002640641155,0.004,0.004,0.0,0.40673195974095994,0.0,30.973541615312833,0.0,0.0,0.583475972315,30.8549160129,0.0,0.0,0.0,0.0,1.78048823433,0.00151859444244,0.0,0.617358932451,0.0,0.603890528261,0.128250853228,0.0,0.0,0.0,0.0,0.08557088602654116,0.08557088602654116,0.08557088602654116,0.12129173649759221,0.12129173649759221,0.12129173649759221
