Name,FitNum,RedChiSq,lf,AlignMag,Temp,pA,pB,pC,dwB,dwC,kexAB,kexAC,kexBC,k12,k21,k13,k31,k23,k32,tau1,tau2,tau3,dG12,dG13,ddG12,ddG21,ddG13,ddG31,ddG23,ddG32,R1,R1b,R1c,R2,R2b,R2c,pA_err,pB_err,pC_err,dwB_err,dwC_err,kexAB_err,kexAC_err,kexBC_err,k12_err,k21_err,k13_err,k31_err,k23_err,k32_err,tau1_err,tau2_err,tau3_err,dG12_err,dG13_err,ddG12_err,ddG21_err,ddG13_err,ddG31_err,ddG23_err,ddG32_err,R1_err,R1b_err,R1c_err,R2_err,R2b_err,R2c_err
G_C8_Off,1,0.17646762506662916,150.88,auto,298.15,0.98,0.02,0.0,4.27,0.0,10.00000000000022,0.0,0.0,0.2,9.8,0.0,0.0,0.0,0.0,5.0,0.102040816327,0.0,2.30584417206,0.0,18.4067308673,16.1008866953,0.0,0.0,0.0,0.0,0.982929069243513,0.982929069243513,0.982929069243513,31.985275628696044,31.985275628696044,31.985275628696044,0.02,0.02,0.0,4.27,0.0,8.890936393477686,0.0,0.0,0.264672439028,8.71532279693,0.0,0.0,0.0,0.0,6.61681097571,0.0907468013008,0.0,0.944669538766,0.0,0.784071917883,0.52690773866,0.0,0.0,0.0,0.0,0.0996741407655725,0.0996741407655725,0.0996741407655725,0.1768251153962974,0.1768251153962974,0.1768251153962974
