Name,FitNum,RedChiSq,lf,AlignMag,Temp,pA,pB,pC,dwB,dwC,kexAB,kexAC,kexBC,k12,k21,k13,k31,k23,k32,tau1,tau2,tau3,dG12,dG13,ddG12,ddG21,ddG13,ddG31,ddG23,ddG32,R1,R1b,R1c,R2,R2b,R2c,pA_err,pB_err,pC_err,dwB_err,dwC_err,kexAB_err,kexAC_err,kexBC_err,k12_err,k21_err,k13_err,k31_err,k23_err,k32_err,tau1_err,tau2_err,tau3_err,dG12_err,dG13_err,ddG12_err,ddG21_err,ddG13_err,ddG31_err,ddG23_err,ddG32_err,R1_err,R1b_err,R1c_err,R2_err,R2b_err,R2c_err
ac8,1,1.972603175880507,150.7,auto,298.15,0.991,0.009,0.0,3.992676755287556,0.0,2790.8563679931717,0.0,0.0,25.1177073119,2765.73866068,0.0,0.0,0.0,0.0,0.0398125508662,0.000361567061348,0.0,2.78556109659,0.0,15.5432455702,12.7576844736,0.0,0.0,0.0,0.0,2.2163969051457464,2.2163969051457464,2.2163969051457464,28.035703062035434,28.035703062035434,28.035703062035434,0.009,0.009,0.0,0.24783581461591206,0.0,399.2658748568618,0.0,0.0,25.1507000431,396.454736684,0.0,0.0,0.0,0.0,0.0398648456386,5.18288210445e-05,0.0,0.599311299607,0.0,0.593262992296,0.084929710985,0.0,0.0,0.0,0.0,0.6176420779892092,0.6176420779892092,0.6176420779892092,1.238511495101036,1.238511495101036,1.238511495101036
