Name,FitNum,N,DF,K,ChiSq,RedChiSq,Rsq,AdjRsq,AIC,BIC,RSS,TSS,SDR
A21_C1p_Off,1,117,113,4,41.21061728120155,0.3646957281522261,0.9800452271292369,0.9793325566695668,-113.72978438790528,-103.03823150585711,41.21061728120154,2065.201019731054,0.6039004290048369
