Name,FitNum,RedChiSq,lf,AlignMag,Temp,pA,pB,pC,dwB,dwC,kexAB,kexAC,kexBC,k12,k21,k13,k31,k23,k32,tau1,tau2,tau3,dG12,dG13,ddG12,ddG21,ddG13,ddG31,ddG23,ddG32,R1,R1b,R1c,R2,R2b,R2c,pA_err,pB_err,pC_err,dwB_err,dwC_err,kexAB_err,kexAC_err,kexBC_err,k12_err,k21_err,k13_err,k31_err,k23_err,k32_err,tau1_err,tau2_err,tau3_err,dG12_err,dG13_err,ddG12_err,ddG21_err,ddG13_err,ddG31_err,ddG23_err,ddG32_err,R1_err,R1b_err,R1c_err,R2_err,R2b_err,R2c_err
A21_C1p_Off,1,0.3646957281522261,150.88,avg,298.15,0.95,0.05,0.0,1.7426736980615225,0.0,42.224240106240984,0.0,0.0,2.11121200531,40.1130281009,0.0,0.0,0.0,0.0,0.473661573297,0.0249295564893,0.0,1.7445351892,0.0,17.0104219974,15.2658868082,0.0,0.0,0.0,0.0,2.300373895531327,2.300373895531327,2.300373895531327,13.913959179369039,13.913959179369039,13.913959179369039,0.05,0.05,0.0,0.13118340185276853,0.0,7.636375386684104,0.0,0.0,2.04439873105,7.52744128594,0.0,0.0,0.0,0.0,0.45867166204,0.00467817518751,0.0,0.584408183446,0.0,0.573734454785,0.111183183401,0.0,0.0,0.0,0.0,0.06589478871343948,0.06589478871343948,0.06589478871343948,0.08889640396699212,0.08889640396699212,0.08889640396699212
