Name,FitNum,RedChiSq,lf,AlignMag,Temp,pA,pB,pC,dwB,dwC,kexAB,kexAC,kexBC,k12,k21,k13,k31,k23,k32,tau1,tau2,tau3,dG12,dG13,ddG12,ddG21,ddG13,ddG31,ddG23,ddG32,R1,R1b,R1c,R2,R2b,R2c,pA_err,pB_err,pC_err,dwB_err,dwC_err,kexAB_err,kexAC_err,kexBC_err,k12_err,k21_err,k13_err,k31_err,k23_err,k32_err,tau1_err,tau2_err,tau3_err,dG12_err,dG13_err,ddG12_err,ddG21_err,ddG13_err,ddG31_err,ddG23_err,ddG32_err,R1_err,R1b_err,R1c_err,R2_err,R2b_err,R2c_err
gc1p,1,5.664811683574804,150.88,auto,298.15,0.999,0.001,0.0,5.007578142293391,0.0,2116.5916118430823,0.0,0.0,2.11659161184,2114.47502023,0.0,0.0,0.0,0.0,0.472457697746,0.000472930628374,0.0,4.0921468707,0.0,17.0089141995,12.9167673288,0.0,0.0,0.0,0.0,3.305668203636771,3.305668203636771,3.305668203636771,15.113215384176701,15.113215384176701,15.113215384176701,0.001,0.001,0.0,0.8269683331451966,0.0,830.2212033666926,0.0,0.0,2.27162416294,829.393677516,0.0,0.0,0.0,0.0,0.507063486486,0.000185504992646,0.0,0.677019631253,0.0,0.63588207769,0.232399579118,0.0,0.0,0.0,0.0,0.16481817379766533,0.16481817379766533,0.16481817379766533,0.46285138193486686,0.46285138193486686,0.46285138193486686
