Name,FitNum,N,DF,K,ChiSq,RedChiSq,Rsq,AdjRsq,AIC,BIC,RSS,TSS,SDR
gc1p,1,308,301,7,1705.108316756016,5.664811683574804,0.3889330073513074,0.37467477752283784,541.0755131535208,567.1862116343358,1705.108316756016,2790.378693774901,2.380086486574554
