Name,FitNum,RedChiSq,lf,AlignMag,Temp,pA,pB,pC,dwB,dwC,kexAB,kexAC,kexBC,k12,k21,k13,k31,k23,k32,tau1,tau2,tau3,dG12,dG13,ddG12,ddG21,ddG13,ddG31,ddG23,ddG32,R1,R1b,R1c,R2,R2b,R2c,pA_err,pB_err,pC_err,dwB_err,dwC_err,kexAB_err,kexAC_err,kexBC_err,k12_err,k21_err,k13_err,k31_err,k23_err,k32_err,tau1_err,tau2_err,tau3_err,dG12_err,dG13_err,ddG12_err,ddG21_err,ddG13_err,ddG31_err,ddG23_err,ddG32_err,R1_err,R1b_err,R1c_err,R2_err,R2b_err,R2c_err
G10_C8_Off,1,4.677089571634893,176.04,auto,298.15,0.99,0.01,0.0,4.95368134104728,0.0,3535.8301745354775,0.0,0.0,35.3583017454,3500.47187279,0.0,0.0,0.0,0.0,0.0282819012972,0.000285675770679,0.0,2.72253843054,0.0,15.3406394019,12.6181009714,0.0,0.0,0.0,0.0,0.9868152111022522,0.9868152111022522,0.9868152111022522,39.29517832388537,39.29517832388537,39.29517832388537,0.01,0.01,0.0,0.36926283103031077,0.0,1082.7120440602973,0.0,0.0,36.6426239672,1072.45640696,0.0,0.0,0.0,0.0,0.0293091868998,8.75238601289e-05,0.0,0.6402759403,0.0,0.614005616457,0.181522402713,0.0,0.0,0.0,0.0,1.159562812877705,1.159562812877705,1.159562812877705,3.3964377561239427,3.3964377561239427,3.3964377561239427
