Name,FitNum,RedChiSq,lf,AlignMag,Temp,pA,pB,pC,dwB,dwC,kexAB,kexAC,kexBC,k12,k21,k13,k31,k23,k32,tau1,tau2,tau3,dG12,dG13,ddG12,ddG21,ddG13,ddG31,ddG23,ddG32,R1,R1b,R1c,R2,R2b,R2c,pA_err,pB_err,pC_err,dwB_err,dwC_err,kexAB_err,kexAC_err,kexBC_err,k12_err,k21_err,k13_err,k31_err,k23_err,k32_err,tau1_err,tau2_err,tau3_err,dG12_err,dG13_err,ddG12_err,ddG21_err,ddG13_err,ddG31_err,ddG23_err,ddG32_err,R1_err,R1b_err,R1c_err,R2_err,R2b_err,R2c_err
gc8,1,1.0475922560793902,176.04,avg,298.15,0.991,0.009,0.0,1.708954490330956,0.0,4041.1858167031637,0.0,0.0,36.3706723503,4004.81514435,0.0,0.0,0.0,0.0,0.0274946800644,0.000249699415318,0.0,2.78556109659,0.0,15.3239138323,12.5383527357,0.0,0.0,0.0,0.0,2.3081369554901676,2.3081369554901676,2.3081369554901676,25.51551406434797,25.51551406434797,25.51551406434797,0.009,0.009,0.0,0.11493269856387507,0.0,406.1371567271331,0.0,0.0,36.2296836732,404.092720835,0.0,0.0,0.0,0.0,0.0273880986262,2.51950995214e-05,0.0,0.593208118067,0.0,0.590188018161,0.0597827279422,0.0,0.0,0.0,0.0,0.1275017788440328,0.1275017788440328,0.1275017788440328,0.4656970437779757,0.4656970437779757,0.4656970437779757
