Name,FitNum,RedChiSq,lf,AlignMag,Temp,pA,pB,pC,dwB,dwC,kexAB,kexAC,kexBC,k12,k21,k13,k31,k23,k32,tau1,tau2,tau3,dG12,dG13,ddG12,ddG21,ddG13,ddG31,ddG23,ddG32,R1,R1b,R1c,R2,R2b,R2c,pA_err,pB_err,pC_err,dwB_err,dwC_err,kexAB_err,kexAC_err,kexBC_err,k12_err,k21_err,k13_err,k31_err,k23_err,k32_err,tau1_err,tau2_err,tau3_err,dG12_err,dG13_err,ddG12_err,ddG21_err,ddG13_err,ddG31_err,ddG23_err,ddG32_err,R1_err,R1b_err,R1c_err,R2_err,R2b_err,R2c_err
gc8,1,1.2239247157862365,150.88,auto,298.15,0.9995,0.0005,0.0,6.955113260917732,0.0,4076.1977736218632,0.0,0.0,2.03809888681,4074.15967474,0.0,0.0,0.0,0.0,0.490653327212,0.0002454493883,0.0,4.50312246865,0.0,17.0313039668,12.5281814982,0.0,0.0,0.0,0.0,3.2954753290936583,3.2954753290936583,3.2954753290936583,20.33306068866797,20.33306068866797,20.33306068866797,0.0005,0.0005,0.0,1.1241033395961164,0.0,1895.2212007397911,0.0,0.0,2.24670005835,1894.27468547,0.0,0.0,0.0,0.0,0.540872116663,0.000114121340335,0.0,0.708844202991,0.0,0.653126071814,0.27547493249,0.0,0.0,0.0,0.0,0.12261804208803594,0.12261804208803594,0.12261804208803594,0.3346947043597423,0.3346947043597423,0.3346947043597423
