Name,FitNum,N,DF,K,ChiSq,RedChiSq,Rsq,AdjRsq,AIC,BIC,RSS,TSS,SDR
gc8,1,212,205,7,250.90456673617848,1.2239247157862365,0.9289274645704254,0.9264887010998027,50.26813215815977,73.21521647302072,250.9045667361785,3530.260531999712,1.106311310520794
