Name,FitNum,RedChiSq,lf,AlignMag,Temp,pA,pB,pC,dwB,dwC,kexAB,kexAC,kexBC,k12,k21,k13,k31,k23,k32,tau1,tau2,tau3,dG12,dG13,ddG12,ddG21,ddG13,ddG31,ddG23,ddG32,R1,R1b,R1c,R2,R2b,R2c,pA_err,pB_err,pC_err,dwB_err,dwC_err,kexAB_err,kexAC_err,kexBC_err,k12_err,k21_err,k13_err,k31_err,k23_err,k32_err,tau1_err,tau2_err,tau3_err,dG12_err,dG13_err,ddG12_err,ddG21_err,ddG13_err,ddG31_err,ddG23_err,ddG32_err,R1_err,R1b_err,R1c_err,R2_err,R2b_err,R2c_err
c15_c6,1,0.41663784833212325,176.002098,auto,298.15,0.9945,0.0055,0.0,2.500425472562439,0.0,4949.507069086478,0.0,0.0,27.22228888,4922.28478021,0.0,0.0,0.0,0.0,0.0367346039273,0.000203157688889,0.0,3.07943474608,0.0,15.4955724616,12.4161377156,0.0,0.0,0.0,0.0,1.8762403939476182,1.8762403939476182,1.8762403939476182,29.73632114022222,29.73632114022222,29.73632114022222,0.0055,0.0055,0.0,0.1546838988202509,0.0,525.0856827759358,0.0,0.0,27.2265796679,522.899030578,0.0,0.0,0.0,0.0,0.0367403940501,2.15816360325e-05,0.0,0.595911335345,0.0,0.592578136574,0.0629402228158,0.0,0.0,0.0,0.0,0.05485321801015501,0.05485321801015501,0.05485321801015501,0.3538149771140063,0.3538149771140063,0.3538149771140063
