Name,FitNum,RedChiSq,lf,AlignMag,Temp,pA,pB,pC,dwB,dwC,kexAB,kexAC,kexBC,k12,k21,k13,k31,k23,k32,tau1,tau2,tau3,dG12,dG13,ddG12,ddG21,ddG13,ddG31,ddG23,ddG32,R1,R1b,R1c,R2,R2b,R2c,pA_err,pB_err,pC_err,dwB_err,dwC_err,kexAB_err,kexAC_err,kexBC_err,k12_err,k21_err,k13_err,k31_err,k23_err,k32_err,tau1_err,tau2_err,tau3_err,dG12_err,dG13_err,ddG12_err,ddG21_err,ddG13_err,ddG31_err,ddG23_err,ddG32_err,R1_err,R1b_err,R1c_err,R2_err,R2b_err,R2c_err
gc1p,1,1.7968103943006517,176.04,auto,298.15,0.999,0.001,0.0,5.632548189421843,0.0,3936.2072392085347,0.0,0.0,3.93620723921,3932.27103197,0.0,0.0,0.0,0.0,0.254051664262,0.000254305970232,0.0,4.0921468707,0.0,16.6413304015,12.5491835308,0.0,0.0,0.0,0.0,1.5572192447678015,1.5572192447678015,1.5572192447678015,23.352745688364248,23.352745688364248,23.352745688364248,0.001,0.001,0.0,1.1427257098109995,0.0,2687.9504213578184,0.0,0.0,4.76317629637,2685.26535013,0.0,0.0,0.0,0.0,0.307426106332,0.000173660209238,0.0,0.823244390168,0.0,0.716961567414,0.40459539888,0.0,0.0,0.0,0.0,0.3143264025289183,0.3143264025289183,0.3143264025289183,0.9443631301049749,0.9443631301049749,0.9443631301049749
