Name,FitNum,N,DF,K,ChiSq,RedChiSq,Rsq,AdjRsq,AIC,BIC,RSS,TSS,SDR
ac8,1,209,202,7,116.21906039553855,0.5753418831462305,0.9874438315480957,0.9870065520497706,-108.09598059134143,-85.25685475793601,116.21906039553856,9255.93351512513,0.7585129419767539
