Name,FitNum,RedChiSq,lf,AlignMag,Temp,pA,pB,pC,dwB,dwC,kexAB,kexAC,kexBC,k12,k21,k13,k31,k23,k32,tau1,tau2,tau3,dG12,dG13,ddG12,ddG21,ddG13,ddG31,ddG23,ddG32,R1,R1b,R1c,R2,R2b,R2c,pA_err,pB_err,pC_err,dwB_err,dwC_err,kexAB_err,kexAC_err,kexBC_err,k12_err,k21_err,k13_err,k31_err,k23_err,k32_err,tau1_err,tau2_err,tau3_err,dG12_err,dG13_err,ddG12_err,ddG21_err,ddG13_err,ddG31_err,ddG23_err,ddG32_err,R1_err,R1b_err,R1c_err,R2_err,R2b_err,R2c_err
ac8,1,0.5753418831462305,150.7,auto,298.15,0.98,0.02,0.0,3.9770658547263325,0.0,118.03324394563991,0.0,0.0,2.36066487891,115.672579067,0.0,0.0,0.0,0.0,0.423609470761,0.00864509124002,0.0,2.30584417206,0.0,16.94425264,14.6384084679,0.0,0.0,0.0,0.0,1.6321047591191282,1.6321047591191282,1.6321047591191282,31.610889190249893,31.610889190249893,31.610889190249893,0.02,0.02,0.0,0.1984387356766469,0.0,5.972416279165433,0.0,0.0,2.31701428937,6.29376844032,0.0,0.0,0.0,0.0,0.415776591431,0.000470381164223,0.0,0.58242208357,0.0,0.581529230041,0.0322372151122,0.0,0.0,0.0,0.0,0.13955903438280104,0.13955903438280104,0.13955903438280104,0.1667487073333905,0.1667487073333905,0.1667487073333905
