Name,FitNum,RedChiSq,lf,AlignMag,Temp,pA,pB,pC,dwB,dwC,kexAB,kexAC,kexBC,k12,k21,k13,k31,k23,k32,tau1,tau2,tau3,dG12,dG13,ddG12,ddG21,ddG13,ddG31,ddG23,ddG32,R1,R1b,R1c,R2,R2b,R2c,pA_err,pB_err,pC_err,dwB_err,dwC_err,kexAB_err,kexAC_err,kexBC_err,k12_err,k21_err,k13_err,k31_err,k23_err,k32_err,tau1_err,tau2_err,tau3_err,dG12_err,dG13_err,ddG12_err,ddG21_err,ddG13_err,ddG31_err,ddG23_err,ddG32_err,R1_err,R1b_err,R1c_err,R2_err,R2b_err,R2c_err
gc8,1,1.7968104735485197,176.04,auto,298.15,0.999,0.001,0.0,5.264232353568964,0.0,3935.5399723924934,0.0,0.0,3.93553997239,3931.60443242,0.0,0.0,0.0,0.0,0.254094738464,0.000254349087552,0.0,4.0921468707,0.0,16.6414308481,12.5492839775,0.0,0.0,0.0,0.0,1.601210000120698,1.601210000120698,1.601210000120698,31.523019546101843,31.523019546101843,31.523019546101843,0.001,0.001,0.0,1.5215840926028013,0.0,2687.8954528502854,0.0,0.0,4.76259497196,2685.21043567,0.0,0.0,0.0,0.0,0.307492830031,0.00017371554945,0.0,0.823303685919,0.0,0.716995610726,0.404655722123,0.0,0.0,0.0,0.0,0.3993308035353796,0.3993308035353796,0.3993308035353796,1.0117847205753654,1.0117847205753654,1.0117847205753654
