Name,FitNum,RedChiSq,lf,AlignMag,Temp,pA,pB,pC,dwB,dwC,kexAB,kexAC,kexBC,k12,k21,k13,k31,k23,k32,tau1,tau2,tau3,dG12,dG13,ddG12,ddG21,ddG13,ddG31,ddG23,ddG32,R1,R1b,R1c,R2,R2b,R2c,pA_err,pB_err,pC_err,dwB_err,dwC_err,kexAB_err,kexAC_err,kexBC_err,k12_err,k21_err,k13_err,k31_err,k23_err,k32_err,tau1_err,tau2_err,tau3_err,dG12_err,dG13_err,ddG12_err,ddG21_err,ddG13_err,ddG31_err,ddG23_err,ddG32_err,R1_err,R1b_err,R1c_err,R2_err,R2b_err,R2c_err
A16_C8_Off,1,1.2764604478202206,176.04,auto,298.15,0.92,0.08,0.0,2.7055592513143574,0.0,75.93197216774324,0.0,0.0,6.07455777342,69.8574143943,0.0,0.0,0.0,0.0,0.164621037004,0.0143148727829,0.0,1.44705336996,0.0,16.3842562683,14.9372028983,0.0,0.0,0.0,0.0,0.10000119550031691,0.10000119550031691,0.10000119550031691,33.51035534723835,33.51035534723835,33.51035534723835,0.08,0.08,0.0,0.05530200545231098,0.0,6.448946317642695,0.0,0.0,5.63335637452,8.16513241,0.0,0.0,0.0,0.0,0.152664441228,0.00167316286637,0.0,0.553798889033,0.0,0.549451970247,0.0692512951927,0.0,0.0,0.0,0.0,0.3646490533652884,0.3646490533652884,0.3646490533652884,0.36948912099362025,0.36948912099362025,0.36948912099362025
