Name,FitNum,RedChiSq,lf,AlignMag,Temp,pA,pB,pC,dwB,dwC,kexAB,kexAC,kexBC,k12,k21,k13,k31,k23,k32,tau1,tau2,tau3,dG12,dG13,ddG12,ddG21,ddG13,ddG31,ddG23,ddG32,R1,R1b,R1c,R2,R2b,R2c,pA_err,pB_err,pC_err,dwB_err,dwC_err,kexAB_err,kexAC_err,kexBC_err,k12_err,k21_err,k13_err,k31_err,k23_err,k32_err,tau1_err,tau2_err,tau3_err,dG12_err,dG13_err,ddG12_err,ddG21_err,ddG13_err,ddG31_err,ddG23_err,ddG32_err,R1_err,R1b_err,R1c_err,R2_err,R2b_err,R2c_err
G_C1p_Off,1,0.24232795773577373,150.88,auto,298.15,0.99,0.01,0.0,4.533557838397483,0.0,64.45511792833345,0.0,0.0,0.644551179283,63.8105667491,0.0,0.0,0.0,0.0,1.55146717924,0.0156713856489,0.0,2.72253843054,0.0,17.713383374,14.9908449435,0.0,0.0,0.0,0.0,2.129785888661436,2.129785888661436,2.129785888661436,14.19940548593839,14.19940548593839,14.19940548593839,0.01,0.01,0.0,0.23713218151733523,0.0,4.6369342564405915,0.0,0.0,0.639820680688,4.63470674542,0.0,0.0,0.0,0.0,1.54008063067,0.00113824841993,0.0,0.589708641109,0.0,0.588136376937,0.0430335162678,0.0,0.0,0.0,0.0,0.03219791893725371,0.03219791893725371,0.03219791893725371,0.04736047221927835,0.04736047221927835,0.04736047221927835
