Name,FitNum,N,DF,K,ChiSq,RedChiSq,Rsq,AdjRsq,AIC,BIC,RSS,TSS,SDR
G_C1p_Off,1,199,192,7,46.526967885268554,0.24232795773577373,0.9762455444391698,0.9753749622981969,-274.6148849833086,-252.14813864479217,46.52696788526855,1958.6627765945875,0.4922681766433553
