Name,FitNum,RedChiSq,lf,AlignMag,Temp,pA,pB,pC,dwB,dwC,kexAB,kexAC,kexBC,k12,k21,k13,k31,k23,k32,tau1,tau2,tau3,dG12,dG13,ddG12,ddG21,ddG13,ddG31,ddG23,ddG32,R1,R1b,R1c,R2,R2b,R2c,pA_err,pB_err,pC_err,dwB_err,dwC_err,kexAB_err,kexAC_err,kexBC_err,k12_err,k21_err,k13_err,k31_err,k23_err,k32_err,tau1_err,tau2_err,tau3_err,dG12_err,dG13_err,ddG12_err,ddG21_err,ddG13_err,ddG31_err,ddG23_err,ddG32_err,R1_err,R1b_err,R1c_err,R2_err,R2b_err,R2c_err
G_C8_Off,1,0.2649939420309024,150.88,auto,298.15,0.999,0.001,0.0,4.27,0.0,595.5946848523109,0.0,0.0,0.595594684852,594.999090167,0.0,0.0,0.0,0.0,1.67899416404,0.00168067483888,0.0,4.0921468707,0.0,17.7601860265,13.6680391558,0.0,0.0,0.0,0.0,2.3321723976425788,2.3321723976425788,2.3321723976425788,20.84525326603862,20.84525326603862,20.84525326603862,0.001,0.001,0.0,4.27,0.0,75.58529060491318,0.0,0.0,0.599781133572,75.5120495082,0.0,0.0,0.0,0.0,1.69079585258,0.000213296463369,0.0,0.601368782233,0.0,0.596649337802,0.0751929514358,0.0,0.0,0.0,0.0,0.050241857722122786,0.050241857722122786,0.050241857722122786,0.07386998054724914,0.07386998054724914,0.07386998054724914
