Name,FitNum,N,DF,K,ChiSq,RedChiSq,Rsq,AdjRsq,AIC,BIC,RSS,TSS,SDR
G_C8_Off,1,190,185,5,49.023879275716936,0.2649939420309024,0.9865462405208869,0.9861806492306937,-247.0700595575014,-231.16102615322072,49.02387927571693,3643.8795677763133,0.5147756229959829
