Name,FitNum,RedChiSq,lf,AlignMag,Temp,pA,pB,pC,dwB,dwC,kexAB,kexAC,kexBC,k12,k21,k13,k31,k23,k32,tau1,tau2,tau3,dG12,dG13,ddG12,ddG21,ddG13,ddG31,ddG23,ddG32,R1,R1b,R1c,R2,R2b,R2c,pA_err,pB_err,pC_err,dwB_err,dwC_err,kexAB_err,kexAC_err,kexBC_err,k12_err,k21_err,k13_err,k31_err,k23_err,k32_err,tau1_err,tau2_err,tau3_err,dG12_err,dG13_err,ddG12_err,ddG21_err,ddG13_err,ddG31_err,ddG23_err,ddG32_err,R1_err,R1b_err,R1c_err,R2_err,R2b_err,R2c_err
ra16_c8_10c,1,0.8907900291022696,150.784186,auto,298.15,0.95,0.05,0.0,2.942191692971039,0.0,11.264958958376061,0.0,0.0,0.563247947919,10.7017110105,0.0,0.0,0.0,0.0,1.77541703205,0.0934430016866,0.0,1.7445351892,0.0,17.793270636,16.0487354468,0.0,0.0,0.0,0.0,1.7399862472472796,1.7399862472472796,1.7399862472472796,43.271994250892554,43.271994250892554,43.271994250892554,0.05,0.05,0.0,0.0045708378137502455,0.0,1.3319197132730864,0.0,0.0,0.539948786749,1.37410108895,0.0,0.0,0.0,0.0,1.70197561477,0.011998093599,0.0,0.573048315413,0.0,0.56797618618,0.0760751190016,0.0,0.0,0.0,0.0,0.04584195742228216,0.04584195742228216,0.04584195742228216,0.07867254005957922,0.07867254005957922,0.07867254005957922
