Name,FitNum,RedChiSq,lf,AlignMag,Temp,pA,pB,pC,dwB,dwC,kexAB,kexAC,kexBC,k12,k21,k13,k31,k23,k32,tau1,tau2,tau3,dG12,dG13,ddG12,ddG21,ddG13,ddG31,ddG23,ddG32,R1,R1b,R1c,R2,R2b,R2c,pA_err,pB_err,pC_err,dwB_err,dwC_err,kexAB_err,kexAC_err,kexBC_err,k12_err,k21_err,k13_err,k31_err,k23_err,k32_err,tau1_err,tau2_err,tau3_err,dG12_err,dG13_err,ddG12_err,ddG21_err,ddG13_err,ddG31_err,ddG23_err,ddG32_err,R1_err,R1b_err,R1c_err,R2_err,R2b_err,R2c_err
G10_C8_Off,1,0.132423304457,176.059144,avg,298.15,0.993907032826,0.00609296717364,0.0,2.76742106186,0.0,2106.22467216,0.0,0.0,12.8331577878,2093.39151437,0.0,0.0,0.0,0.0,0.0779231438229,0.000477693729594,0.0,3.01841858357,0.0,15.9411232491,12.9227046655,0.0,0.0,0.0,0.0,1.20624797528,1.20624797528,1.20624797528,28.9288577659,28.9288577659,28.9288577659,0.000273714537759,0.000273714537759,0.0,0.0952714517552,0.0,160.531492882,0.0,0.0,1.13359476213,159.554408671,0.0,0.0,0.0,0.0,0.00688320592229,3.64089278226e-05,0.0,0.0691254044453,0.0,0.0523361139242,0.0451580858656,0.0,0.0,0.0,0.0,0.112877291993,0.112877291993,0.112877291993,0.238455446147,0.238455446147,0.238455446147
