Name,FitNum,RedChiSq,lf,AlignMag,Temp,pA,pB,pC,dwB,dwC,kexAB,kexAC,kexBC,k12,k21,k13,k31,k23,k32,tau1,tau2,tau3,dG12,dG13,ddG12,ddG21,ddG13,ddG31,ddG23,ddG32,R1,R1b,R1c,R2,R2b,R2c,pA_err,pB_err,pC_err,dwB_err,dwC_err,kexAB_err,kexAC_err,kexBC_err,k12_err,k21_err,k13_err,k31_err,k23_err,k32_err,tau1_err,tau2_err,tau3_err,dG12_err,dG13_err,ddG12_err,ddG21_err,ddG13_err,ddG31_err,ddG23_err,ddG32_err,R1_err,R1b_err,R1c_err,R2_err,R2b_err,R2c_err
gc8,1,0.44304836783229906,150.88,auto,298.15,0.99,0.01,0.0,5.187289413324547,0.0,223.56859300351067,0.0,0.0,2.23568593004,221.332907073,0.0,0.0,0.0,0.0,0.44729001805,0.00451808099041,0.0,2.72253843054,0.0,16.9764809799,14.2539425494,0.0,0.0,0.0,0.0,2.542545566249038,2.542545566249038,2.542545566249038,19.951393449146025,19.951393449146025,19.951393449146025,0.01,0.01,0.0,0.13199711574764156,0.0,8.008145746747937,0.0,0.0,2.2148901653,8.23125317187,0.0,0.0,0.0,0.0,0.4431294435,0.000168025030597,0.0,0.58738703226,0.0,0.586973611,0.0220341928957,0.0,0.0,0.0,0.0,0.0698326370727378,0.0698326370727378,0.0698326370727378,0.08811725809446591,0.08811725809446591,0.08811725809446591
