Name,FitNum,RedChiSq,lf,AlignMag,Temp,pA,pB,pC,dwB,dwC,kexAB,kexAC,kexBC,k12,k21,k13,k31,k23,k32,tau1,tau2,tau3,dG12,dG13,ddG12,ddG21,ddG13,ddG31,ddG23,ddG32,R1,R1b,R1c,R2,R2b,R2c,pA_err,pB_err,pC_err,dwB_err,dwC_err,kexAB_err,kexAC_err,kexBC_err,k12_err,k21_err,k13_err,k31_err,k23_err,k32_err,tau1_err,tau2_err,tau3_err,dG12_err,dG13_err,ddG12_err,ddG21_err,ddG13_err,ddG31_err,ddG23_err,ddG32_err,R1_err,R1b_err,R1c_err,R2_err,R2b_err,R2c_err
G10_C1p_Off,1,0.35391354300818517,170.4,auto,298.15,0.996,0.004,0.0,1.2272468582967324,0.0,4832.3596140769605,0.0,0.0,19.3294384563,4813.03017562,0.0,0.0,0.0,0.0,0.0517345603319,0.000207769318602,0.0,3.26900669389,0.0,15.6984432919,12.429436598,0.0,0.0,0.0,0.0,1.7123902767897714,1.7123902767897714,1.7123902767897714,14.62207427187277,14.62207427187277,14.62207427187277,0.004,0.004,0.0,0.328379703235209,0.0,1898.07634560451,0.0,0.0,20.6952465701,1890.58206816,0.0,0.0,0.0,0.0,0.0553900975802,8.16128164027e-05,0.0,0.675694361812,0.0,0.634349414501,0.232730941018,0.0,0.0,0.0,0.0,0.07424285479008798,0.07424285479008798,0.07424285479008798,0.3450797865713056,0.3450797865713056,0.3450797865713056
