Name,FitNum,N,DF,K,ChiSq,RedChiSq,Rsq,AdjRsq,AIC,BIC,RSS,TSS,SDR
G10_C1p_Off,1,87,83,4,29.37482406967937,0.35391354300818517,0.9830207156663452,0.9821924578939718,-85.9741968952691,-76.59836929869954,29.374824069679388,1730.0389988437446,0.5949063312893765
