Name,FitNum,RedChiSq,lf,AlignMag,Temp,pA,pB,pC,dwB,dwC,kexAB,kexAC,kexBC,k12,k21,k13,k31,k23,k32,tau1,tau2,tau3,dG12,dG13,ddG12,ddG21,ddG13,ddG31,ddG23,ddG32,R1,R1b,R1c,R2,R2b,R2c,pA_err,pB_err,pC_err,dwB_err,dwC_err,kexAB_err,kexAC_err,kexBC_err,k12_err,k21_err,k13_err,k31_err,k23_err,k32_err,tau1_err,tau2_err,tau3_err,dG12_err,dG13_err,ddG12_err,ddG21_err,ddG13_err,ddG31_err,ddG23_err,ddG32_err,R1_err,R1b_err,R1c_err,R2_err,R2b_err,R2c_err
gc1p,1,4.847376365769307,150.88,auto,298.15,0.984,0.016,0.0,1.9204250549186128,0.0,4049.3801633378043,0.0,0.0,64.7900826134,3984.59008072,0.0,0.0,0.0,0.0,0.0154344609493,0.000250966844704,0.0,2.4404667062,0.0,14.9818191814,12.5413524752,0.0,0.0,0.0,0.0,3.4368357258432845,3.4368357258432845,3.4368357258432845,10.564569665972316,10.564569665972316,10.564569665972316,0.016,0.016,0.0,0.10900148104931782,0.0,406.9941340429254,0.0,0.0,64.0935318374,405.526313282,0.0,0.0,0.0,0.0,0.015268526823,2.55418141458e-05,0.0,0.589208637956,0.0,0.586115013048,0.0602993409678,0.0,0.0,0.0,0.0,0.12397413353898526,0.12397413353898526,0.12397413353898526,0.6144426644059952,0.6144426644059952,0.6144426644059952
