Name,FitNum,N,DF,K,ChiSq,RedChiSq,Rsq,AdjRsq,AIC,BIC,RSS,TSS,SDR
gc8,1,308,301,7,1459.0602860965614,4.847376365769307,0.7477695391197554,0.7418841616992162,493.0780101319486,519.1887086127635,1459.0602860965614,5784.631566721444,2.201675808507989
