Name,FitNum,RedChiSq,lf,AlignMag,Temp,pA,pB,pC,dwB,dwC,kexAB,kexAC,kexBC,k12,k21,k13,k31,k23,k32,tau1,tau2,tau3,dG12,dG13,ddG12,ddG21,ddG13,ddG31,ddG23,ddG32,R1,R1b,R1c,R2,R2b,R2c,pA_err,pB_err,pC_err,dwB_err,dwC_err,kexAB_err,kexAC_err,kexBC_err,k12_err,k21_err,k13_err,k31_err,k23_err,k32_err,tau1_err,tau2_err,tau3_err,dG12_err,dG13_err,ddG12_err,ddG21_err,ddG13_err,ddG31_err,ddG23_err,ddG32_err,R1_err,R1b_err,R1c_err,R2_err,R2b_err,R2c_err
A6RNAm6A_C2_37,1,0.37404305574797164,150.88,auto,298.15,0.99,0.01,0.0,1.8474306604906123,0.0,122.31856590986241,0.0,0.0,1.2231856591,121.095380251,0.0,0.0,0.0,0.0,0.817537380823,0.00825795334165,0.0,2.72253843054,0.0,17.3338022714,14.6112638409,0.0,0.0,0.0,0.0,4.543405257943109,4.543405257943109,4.543405257943109,21.02001286579351,21.02001286579351,21.02001286579351,0.01,0.01,0.0,0.07389399004372856,0.0,7.071438025077763,0.0,0.0,1.21307842026,7.1046949464,0.0,0.0,0.0,0.0,0.810782032192,0.000484496099294,0.0,0.58861634319,0.0,0.587589020415,0.034761222043,0.0,0.0,0.0,0.0,0.030332237775025653,0.030332237775025653,0.030332237775025653,0.03163657534490628,0.03163657534490628,0.03163657534490628
