Name,FitNum,N,DF,K,ChiSq,RedChiSq,Rsq,AdjRsq,AIC,BIC,RSS,TSS,SDR
gc8,1,308,301,7,1757.936237093202,5.840319724562133,0.6961022985099901,0.6890113521418897,550.4731755378026,576.5838740186176,1757.9362370932022,5784.631566721444,2.4166753452961225
