Name,FitNum,N,DF,K,ChiSq,RedChiSq,Rsq,AdjRsq,AIC,BIC,RSS,TSS,SDR
gc1p,1,308,301,7,1757.936237093202,5.840319724562133,0.37000083859047184,0.35530085815758294,550.4731755378026,576.5838740186176,1757.9362370932022,2790.378693774901,2.4166753452961225
