Name,FitNum,RedChiSq,lf,AlignMag,Temp,pA,pB,pC,dwB,dwC,kexAB,kexAC,kexBC,k12,k21,k13,k31,k23,k32,tau1,tau2,tau3,dG12,dG13,ddG12,ddG21,ddG13,ddG31,ddG23,ddG32,R1,R1b,R1c,R2,R2b,R2c,pA_err,pB_err,pC_err,dwB_err,dwC_err,kexAB_err,kexAC_err,kexBC_err,k12_err,k21_err,k13_err,k31_err,k23_err,k32_err,tau1_err,tau2_err,tau3_err,dG12_err,dG13_err,ddG12_err,ddG21_err,ddG13_err,ddG31_err,ddG23_err,ddG32_err,R1_err,R1b_err,R1c_err,R2_err,R2b_err,R2c_err
gc8,1,5.840319724562133,150.88,auto,298.15,0.95,0.05,0.0,1.0528912575563776,0.0,5137.629104213443,0.0,0.0,256.881455211,4880.747649,0.0,0.0,0.0,0.0,0.00389284621258,0.000204886642768,0.0,1.7445351892,0.0,14.165693854,12.4211586648,0.0,0.0,0.0,0.0,4.111480791909431,4.111480791909431,4.111480791909431,17.382259241464435,17.382259241464435,17.382259241464435,0.05,0.05,0.0,0.09896735870337202,0.0,702.4942460643667,0.0,0.0,246.886531938,710.704797248,0.0,0.0,0.0,0.0,0.00374138063025,2.983434719e-05,0.0,0.575930499042,0.0,0.569431938015,0.0862740267714,0.0,0.0,0.0,0.0,0.11562550955071088,0.11562550955071088,0.11562550955071088,0.8016151561504621,0.8016151561504621,0.8016151561504621
