Name,FitNum,RedChiSq,lf,AlignMag,Temp,pA,pB,pC,dwB,dwC,kexAB,kexAC,kexBC,k12,k21,k13,k31,k23,k32,tau1,tau2,tau3,dG12,dG13,ddG12,ddG21,ddG13,ddG31,ddG23,ddG32,R1,R1b,R1c,R2,R2b,R2c,pA_err,pB_err,pC_err,dwB_err,dwC_err,kexAB_err,kexAC_err,kexBC_err,k12_err,k21_err,k13_err,k31_err,k23_err,k32_err,tau1_err,tau2_err,tau3_err,dG12_err,dG13_err,ddG12_err,ddG21_err,ddG13_err,ddG31_err,ddG23_err,ddG32_err,R1_err,R1b_err,R1c_err,R2_err,R2b_err,R2c_err
G_C8_Off,1,0.2436195026071881,150.88,auto,298.15,0.999,0.001,0.0,2.8677641281033672,0.0,1019.7333437810826,0.0,0.0,1.01973334378,1018.71361044,0.0,0.0,0.0,0.0,0.980648525518,0.000981630155673,0.0,4.0921468707,0.0,17.4415856074,13.3494387367,0.0,0.0,0.0,0.0,2.45331489378813,2.45331489378813,2.45331489378813,20.3199338498451,20.3199338498451,20.3199338498451,0.001,0.001,0.0,0.2306488970420335,0.0,78.71750578289377,0.0,0.0,1.02175090196,78.6453863882,0.0,0.0,0.0,0.0,0.982588753783,7.57825183568e-05,0.0,0.595416483753,0.0,0.593656989127,0.0457402272125,0.0,0.0,0.0,0.0,0.03563421166525353,0.03563421166525353,0.03563421166525353,0.05529675104531947,0.05529675104531947,0.05529675104531947
