Name,FitNum,N,DF,K,ChiSq,RedChiSq,Rsq,AdjRsq,AIC,BIC,RSS,TSS,SDR
G_C8_Off,1,199,192,7,46.77494450058011,0.2436195026071881,0.9881418023562368,0.9877072087253136,-273.5570832431426,-251.09033690462613,46.77494450058011,3944.5239408015236,0.4935782639128146
