Name,FitNum,N,DF,K,ChiSq,RedChiSq,Rsq,AdjRsq,AIC,BIC,RSS,TSS,SDR
A21_C1p_Off,1,102,98,4,45.27115332076613,0.4619505440894503,0.9854676444051673,0.9848683720095041,-74.4425119842698,-64.35499186515334,45.27115332076614,3115.197190527273,0.679669437366026
