Name,FitNum,RedChiSq,lf,AlignMag,Temp,pA,pB,pC,dwB,dwC,kexAB,kexAC,kexBC,k12,k21,k13,k31,k23,k32,tau1,tau2,tau3,dG12,dG13,ddG12,ddG21,ddG13,ddG31,ddG23,ddG32,R1,R1b,R1c,R2,R2b,R2c,pA_err,pB_err,pC_err,dwB_err,dwC_err,kexAB_err,kexAC_err,kexBC_err,k12_err,k21_err,k13_err,k31_err,k23_err,k32_err,tau1_err,tau2_err,tau3_err,dG12_err,dG13_err,ddG12_err,ddG21_err,ddG13_err,ddG31_err,ddG23_err,ddG32_err,R1_err,R1b_err,R1c_err,R2_err,R2b_err,R2c_err
A21_C1p_Off,1,0.4619505440894503,150.88,auto,298.15,0.97,0.03,0.0,2.521657576925511,0.0,78.23768672315192,0.0,0.0,2.34713060169,75.8905561215,0.0,0.0,0.0,0.0,0.426052133306,0.0131768701023,0.0,2.05953545938,0.0,16.9476592769,14.8881238175,0.0,0.0,0.0,0.0,1.7607097813605779,1.7607097813605779,1.7607097813605779,16.401283634922862,16.401283634922862,16.401283634922862,0.03,0.03,0.0,0.12407962215954756,0.0,5.39098007644156,0.0,0.0,2.28353965961,5.70381097079,0.0,0.0,0.0,0.0,0.414509078772,0.000990352160941,0.0,0.578149976314,0.0,0.576432526096,0.0445301916797,0.0,0.0,0.0,0.0,0.08734615812366585,0.08734615812366585,0.08734615812366585,0.12431838203125382,0.12431838203125382,0.12431838203125382
