Name,FitNum,N,DF,K,ChiSq,RedChiSq,Rsq,AdjRsq,AIC,BIC,RSS,TSS,SDR
G_C1p_Off,1,199,192,7,75.01089917269888,0.39068176652447334,0.9617030046881699,0.9602994498861657,-179.57222105475978,-157.10547471624332,75.01089917269891,1958.6627765945875,0.6250454115698103
