Name,FitNum,RedChiSq,lf,AlignMag,Temp,pA,pB,pC,dwB,dwC,kexAB,kexAC,kexBC,k12,k21,k13,k31,k23,k32,tau1,tau2,tau3,dG12,dG13,ddG12,ddG21,ddG13,ddG31,ddG23,ddG32,R1,R1b,R1c,R2,R2b,R2c,pA_err,pB_err,pC_err,dwB_err,dwC_err,kexAB_err,kexAC_err,kexBC_err,k12_err,k21_err,k13_err,k31_err,k23_err,k32_err,tau1_err,tau2_err,tau3_err,dG12_err,dG13_err,ddG12_err,ddG21_err,ddG13_err,ddG31_err,ddG23_err,ddG32_err,R1_err,R1b_err,R1c_err,R2_err,R2b_err,R2c_err
G_C1p_Off,1,0.39068176652447334,150.88,auto,298.15,0.987,0.013,0.0,0.6396662425235463,0.0,3760.77669323677,0.0,0.0,48.8900970121,3711.88659622,0.0,0.0,0.0,0.0,0.0204540400023,0.000269404782198,0.0,2.56529347104,0.0,15.1486496652,12.5833561942,0.0,0.0,0.0,0.0,2.272439491864463,2.272439491864463,2.272439491864463,13.969532579805461,13.969532579805461,13.969532579805461,0.013,0.013,0.0,0.07506137000949997,0.0,738.3639154817594,0.0,0.0,49.2040530972,730.361278726,0.0,0.0,0.0,0.0,0.0205853891039,5.30088449958e-05,0.0,0.607578647618,0.0,0.596289490622,0.116578970723,0.0,0.0,0.0,0.0,0.03865663947728047,0.03865663947728047,0.03865663947728047,0.11730558651443612,0.11730558651443612,0.11730558651443612
