Name,FitNum,N,DF,K,ChiSq,RedChiSq,Rsq,AdjRsq,AIC,BIC,RSS,TSS,SDR
G_C8_Off,1,199,192,7,75.01089917269888,0.39068176652447334,0.9809835355803528,0.9802865970937689,-179.57222105475978,-157.10547471624332,75.01089917269891,3944.5239408015236,0.6250454115698103
