Name,FitNum,RedChiSq,lf,AlignMag,Temp,pA,pB,pC,dwB,dwC,kexAB,kexAC,kexBC,k12,k21,k13,k31,k23,k32,tau1,tau2,tau3,dG12,dG13,ddG12,ddG21,ddG13,ddG31,ddG23,ddG32,R1,R1b,R1c,R2,R2b,R2c,pA_err,pB_err,pC_err,dwB_err,dwC_err,kexAB_err,kexAC_err,kexBC_err,k12_err,k21_err,k13_err,k31_err,k23_err,k32_err,tau1_err,tau2_err,tau3_err,dG12_err,dG13_err,ddG12_err,ddG21_err,ddG13_err,ddG31_err,ddG23_err,ddG32_err,R1_err,R1b_err,R1c_err,R2_err,R2b_err,R2c_err
G_C8_Off,1,0.3445364681615936,150.88,auto,298.15,0.9,0.1,0.0,4.27,0.0,92417.40131560927,0.0,0.0,9241.74013156,83175.661184,0.0,0.0,0.0,0.0,0.000108204730469,1.20227478299e-05,0.0,1.30182205197,0.0,12.0428975725,10.7410755206,0.0,0.0,0.0,0.0,2.5976190674968724,2.5976190674968724,2.5976190674968724,5.3011402941506836,5.3011402941506836,5.3011402941506836,0.1,0.1,0.0,4.27,0.0,10669.60271671194,0.0,0.0,8436.49263391,12737.6114585,0.0,0.0,0.0,0.0,9.8776680426e-05,1.84117671372e-06,0.0,0.548418468397,0.0,0.540860611593,0.0907337605624,0.0,0.0,0.0,0.0,0.04945862814844781,0.04945862814844781,0.04945862814844781,1.802741559488459,1.802741559488459,1.802741559488459
