Name,FitNum,N,DF,K,ChiSq,RedChiSq,Rsq,AdjRsq,AIC,BIC,RSS,TSS,SDR
G_C8_Off,1,190,185,5,63.73924660989481,0.3445364681615936,0.9825078613537187,0.9820325314992002,-197.19639380953174,-181.28736040525106,63.73924660989482,3643.8795677763133,0.5869722890917369
