Name,FitNum,N,DF,K,ChiSq,RedChiSq,Rsq,AdjRsq,AIC,BIC,RSS,TSS,SDR
G_C1p_Off_reduce_new_trunc,1,190,185,5,63.73924660989481,0.3445364681615936,0.966908775551626,0.9660095574959637,-197.19639380953174,-181.28736040525106,63.73924660989482,1926.1676674834212,0.5869722890917369
