Name,FitNum,RedChiSq,lf,AlignMag,Temp,pA,pB,pC,dwB,dwC,kexAB,kexAC,kexBC,k12,k21,k13,k31,k23,k32,tau1,tau2,tau3,dG12,dG13,ddG12,ddG21,ddG13,ddG31,ddG23,ddG32,R1,R1b,R1c,R2,R2b,R2c,pA_err,pB_err,pC_err,dwB_err,dwC_err,kexAB_err,kexAC_err,kexBC_err,k12_err,k21_err,k13_err,k31_err,k23_err,k32_err,tau1_err,tau2_err,tau3_err,dG12_err,dG13_err,ddG12_err,ddG21_err,ddG13_err,ddG31_err,ddG23_err,ddG32_err,R1_err,R1b_err,R1c_err,R2_err,R2b_err,R2c_err
gc8,1,0.19141274966143138,176.04,auto,298.15,0.9935,0.0065,0.0,2.6188165134137624,0.0,2795.5247358307583,0.0,0.0,18.1709107829,2777.35382505,0.0,0.0,0.0,0.0,0.0550330146875,0.000360054952661,0.0,2.97986168751,0.0,15.7350631364,12.7552014489,0.0,0.0,0.0,0.0,1.4252651556453937,1.4252651556453937,1.4252651556453937,28.352645218464886,28.352645218464886,28.352645218464886,0.0065,0.0065,0.0,0.061108375593412576,0.0,134.43634351597873,0.0,0.0,18.0743221958,134.777078485,0.0,0.0,0.0,0.0,0.0547404833336,1.74724423571e-05,0.0,0.590036287852,0.0,0.589335359991,0.0287515990157,0.0,0.0,0.0,0.0,0.1183358172420119,0.1183358172420119,0.1183358172420119,0.2427041888725527,0.2427041888725527,0.2427041888725527
