param,fit_val,fit_err
kex(s-1),8.19315985936,0.282901391508
tau_ex(s),0.122053031695,0.0042143657755
R1n(s-1),11.0660510984,0.469586980131
