Name,FitNum,RedChiSq,lf,AlignMag,Temp,pA,pB,pC,dwB,dwC,kexAB,kexAC,kexBC,k12,k21,k13,k31,k23,k32,tau1,tau2,tau3,dG12,dG13,ddG12,ddG21,ddG13,ddG31,ddG23,ddG32,R1,R1b,R1c,R2,R2b,R2c,pA_err,pB_err,pC_err,dwB_err,dwC_err,kexAB_err,kexAC_err,kexBC_err,k12_err,k21_err,k13_err,k31_err,k23_err,k32_err,tau1_err,tau2_err,tau3_err,dG12_err,dG13_err,ddG12_err,ddG21_err,ddG13_err,ddG31_err,ddG23_err,ddG32_err,R1_err,R1b_err,R1c_err,R2_err,R2b_err,R2c_err
A16_C8_Off,1,2.029346760740954,150.7,auto,298.15,0.9995,0.0005,0.0,6.34055166278641,0.0,3952.4504165394983,0.0,0.0,1.97622520827,3950.47419133,0.0,0.0,0.0,0.0,0.506015203032,0.0002531341686,0.0,4.50312246865,0.0,17.0495696143,12.5464471456,0.0,0.0,0.0,0.0,3.0295260248818887,3.0295260248818887,3.0295260248818887,27.584540842925918,27.584540842925918,27.584540842925918,0.0005,0.0005,0.0,2.189912288178075,0.0,4906.985301025852,0.0,0.0,3.14979185766,4904.53220613,0.0,0.0,0.0,0.0,0.80650856982,0.000314267255586,0.0,1.1970051368,0.0,0.944327412707,0.735572589985,0.0,0.0,0.0,0.0,0.24570647911688406,0.24570647911688406,0.24570647911688406,0.7973359333491009,0.7973359333491009,0.7973359333491009
