Name,FitNum,N,DF,K,ChiSq,RedChiSq,Rsq,AdjRsq,AIC,BIC,RSS,TSS,SDR
ac8,1,196,189,7,60.39511489740826,0.3195508724730596,0.9938288681097898,0.9935990919223884,-216.13671692070395,-193.78565898694137,60.39511489740828,9786.715949665248,0.5652883091600778
