Name,FitNum,RedChiSq,lf,AlignMag,Temp,pA,pB,pC,dwB,dwC,kexAB,kexAC,kexBC,k12,k21,k13,k31,k23,k32,tau1,tau2,tau3,dG12,dG13,ddG12,ddG21,ddG13,ddG31,ddG23,ddG32,R1,R1b,R1c,R2,R2b,R2c,pA_err,pB_err,pC_err,dwB_err,dwC_err,kexAB_err,kexAC_err,kexBC_err,k12_err,k21_err,k13_err,k31_err,k23_err,k32_err,tau1_err,tau2_err,tau3_err,dG12_err,dG13_err,ddG12_err,ddG21_err,ddG13_err,ddG31_err,ddG23_err,ddG32_err,R1_err,R1b_err,R1c_err,R2_err,R2b_err,R2c_err
g10c8,1,11.914263944802041,176.04,auto,298.15,0.998,0.002,0.0,5.380980646106879,0.0,4093.8889973874384,0.0,0.0,8.18777799477,4085.70121939,0.0,0.0,0.0,0.0,0.122133257721,0.000244756027497,0.0,3.68087436261,0.0,16.2073798044,12.5265054417,0.0,0.0,0.0,0.0,2.2391290815455296,2.2391290815455296,2.2391290815455296,30.236183176943992,30.236183176943992,30.236183176943992,0.002,0.002,0.0,2.2715514471027336,0.0,2829.499246483876,0.0,0.0,9.9396353011,2823.85207089,0.0,0.0,0.0,0.0,0.148264894414,0.000169164306932,0.0,0.827655591743,0.0,0.719252809397,0.409498687078,0.0,0.0,0.0,0.0,1.3584333318721078,1.3584333318721078,1.3584333318721078,2.6092318416565456,2.6092318416565456,2.6092318416565456
