Name,FitNum,RedChiSq,lf,AlignMag,Temp,pA,pB,pC,dwB,dwC,kexAB,kexAC,kexBC,k12,k21,k13,k31,k23,k32,tau1,tau2,tau3,dG12,dG13,ddG12,ddG21,ddG13,ddG31,ddG23,ddG32,R1,R1b,R1c,R2,R2b,R2c,pA_err,pB_err,pC_err,dwB_err,dwC_err,kexAB_err,kexAC_err,kexBC_err,k12_err,k21_err,k13_err,k31_err,k23_err,k32_err,tau1_err,tau2_err,tau3_err,dG12_err,dG13_err,ddG12_err,ddG21_err,ddG13_err,ddG31_err,ddG23_err,ddG32_err,R1_err,R1b_err,R1c_err,R2_err,R2b_err,R2c_err
gc8,1,1.013891057359838,150.88,auto,298.15,0.95,0.05,0.0,0.8893495158728835,0.0,6545.547253678749,0.0,0.0,327.277362684,6218.26989099,0.0,0.0,0.0,0.0,0.00305551227802,0.000160816435685,0.0,1.7445351892,0.0,14.0221980171,12.2776628279,0.0,0.0,0.0,0.0,3.4974742487645956,3.4974742487645956,3.4974742487645956,18.176342074427108,18.176342074427108,18.176342074427108,0.05,0.05,0.0,0.06986349537353181,0.0,722.1373920418912,0.0,0.0,313.430507937,753.374312671,0.0,0.0,0.0,0.0,0.00292623589195,1.94837107145e-05,0.0,0.57193965695,0.0,0.567417172602,0.0717824729853,0.0,0.0,0.0,0.0,0.09109085359294347,0.09109085359294347,0.09109085359294347,0.3795353152128097,0.3795353152128097,0.3795353152128097
