Name,FitNum,N,DF,K,ChiSq,RedChiSq,Rsq,AdjRsq,AIC,BIC,RSS,TSS,SDR
gc8,1,308,301,7,1828.297386838541,6.0740776971380095,0.6839388359050211,0.6765640754094717,562.5605171431095,588.6712156239245,1828.2973868385407,5784.631566721444,2.4645644031223872
