Name,FitNum,RedChiSq,lf,AlignMag,Temp,pA,pB,pC,dwB,dwC,kexAB,kexAC,kexBC,k12,k21,k13,k31,k23,k32,tau1,tau2,tau3,dG12,dG13,ddG12,ddG21,ddG13,ddG31,ddG23,ddG32,R1,R1b,R1c,R2,R2b,R2c,pA_err,pB_err,pC_err,dwB_err,dwC_err,kexAB_err,kexAC_err,kexBC_err,k12_err,k21_err,k13_err,k31_err,k23_err,k32_err,tau1_err,tau2_err,tau3_err,dG12_err,dG13_err,ddG12_err,ddG21_err,ddG13_err,ddG31_err,ddG23_err,ddG32_err,R1_err,R1b_err,R1c_err,R2_err,R2b_err,R2c_err
gc1p,1,6.0740776971380095,150.88,auto,298.15,0.92,0.08,0.0,0.8779394058476466,0.0,5381.49276821722,0.0,0.0,430.519421457,4950.97334676,0.0,0.0,0.0,0.0,0.00232277558261,0.000201980485444,0.0,1.44705336996,0.0,13.8597479291,12.4126945592,0.0,0.0,0.0,0.0,3.6085046102547724,3.6085046102547724,3.6085046102547724,10.995035805651165,10.995035805651165,10.995035805651165,0.08,0.08,0.0,0.08671758952821523,0.0,802.0379518736959,0.0,0.0,402.716765413,838.166623763,0.0,0.0,0.0,0.0,0.00217277229037,3.41939432297e-05,0.0,0.563225878216,0.0,0.554222480424,0.100303699259,0.0,0.0,0.0,0.0,0.13509219200462858,0.13509219200462858,0.13509219200462858,0.8815529375036929,0.8815529375036929,0.8815529375036929
