Name,FitNum,RedChiSq,lf,AlignMag,Temp,pA,pB,pC,dwB,dwC,kexAB,kexAC,kexBC,k12,k21,k13,k31,k23,k32,tau1,tau2,tau3,dG12,dG13,ddG12,ddG21,ddG13,ddG31,ddG23,ddG32,R1,R1b,R1c,R2,R2b,R2c,pA_err,pB_err,pC_err,dwB_err,dwC_err,kexAB_err,kexAC_err,kexBC_err,k12_err,k21_err,k13_err,k31_err,k23_err,k32_err,tau1_err,tau2_err,tau3_err,dG12_err,dG13_err,ddG12_err,ddG21_err,ddG13_err,ddG31_err,ddG23_err,ddG32_err,R1_err,R1b_err,R1c_err,R2_err,R2b_err,R2c_err
G10_C8_Off,1,0.528941592246834,176.04,auto,298.15,0.98,0.02,0.0,3.748074855330351,0.0,2904.9550919993403,0.0,0.0,58.09910184,2846.85599016,0.0,0.0,0.0,0.0,0.0172119700362,0.000351264694616,0.0,2.30584417206,0.0,15.0464014058,12.7405572338,0.0,0.0,0.0,0.0,0.07901222166923137,0.07901222166923137,0.07901222166923137,33.20544925515822,33.20544925515822,33.20544925515822,0.02,0.02,0.0,0.05500598209460434,0.0,180.16596500210633,0.0,0.0,57.0628576546,185.5196854,0.0,0.0,0.0,0.0,0.0169049807144,2.28906962146e-05,0.0,0.583196791222,0.0,0.581917307117,0.0386101666537,0.0,0.0,0.0,0.0,0.37510689691963045,0.37510689691963045,0.37510689691963045,0.9434087877715861,0.9434087877715861,0.9434087877715861
