Name,FitNum,RedChiSq,lf,AlignMag,Temp,pA,pB,pC,dwB,dwC,kexAB,kexAC,kexBC,k12,k21,k13,k31,k23,k32,tau1,tau2,tau3,dG12,dG13,ddG12,ddG21,ddG13,ddG31,ddG23,ddG32,R1,R1b,R1c,R2,R2b,R2c,pA_err,pB_err,pC_err,dwB_err,dwC_err,kexAB_err,kexAC_err,kexBC_err,k12_err,k21_err,k13_err,k31_err,k23_err,k32_err,tau1_err,tau2_err,tau3_err,dG12_err,dG13_err,ddG12_err,ddG21_err,ddG13_err,ddG31_err,ddG23_err,ddG32_err,R1_err,R1b_err,R1c_err,R2_err,R2b_err,R2c_err
gc8,1,0.5538290511813153,150.7,auto,298.15,0.987,0.013,0.0,2.8750261294514328,0.0,554.8709937847422,0.0,0.0,7.2133229192,547.657670866,0.0,0.0,0.0,0.0,0.13863236281,0.00182595817278,0.0,2.56529347104,0.0,16.282455225,13.717161754,0.0,0.0,0.0,0.0,1.626645304082025,1.626645304082025,1.626645304082025,22.32032145614953,22.32032145614953,22.32032145614953,0.013,0.013,0.0,0.05746424499568633,0.0,15.200296223968524,0.0,0.0,7.12290874067,16.6065517217,0.0,0.0,0.0,0.0,0.136894698859,5.53682901766e-05,0.0,0.585334129224,0.0,0.585058348819,0.0179658373292,0.0,0.0,0.0,0.0,0.1136404836670726,0.1136404836670726,0.1136404836670726,0.139275431241321,0.139275431241321,0.139275431241321
