Name,FitNum,N,DF,K,ChiSq,RedChiSq,Rsq,AdjRsq,AIC,BIC,RSS,TSS,SDR
A16_C8_Off,1,104,100,4,97.8831567658745,0.978831567658745,0.9867160154344263,0.9861792887853122,2.0999337953659536,12.27345698789104,97.88315676587445,7368.508769540807,0.9893591701999555
