Name,FitNum,N,DF,K,ChiSq,RedChiSq,Rsq,AdjRsq,AIC,BIC,RSS,TSS,SDR
A6RNAm6A_C2_37,1,93,89,4,158.22129345436264,1.7777673421838498,0.9464460532349742,0.944011782927473,57.874294538803255,67.55014705687083,158.22129345436258,2954.428254346537,1.3333294199798673
