Name,FitNum,RedChiSq,lf,AlignMag,Temp,pA,pB,pC,dwB,dwC,kexAB,kexAC,kexBC,k12,k21,k13,k31,k23,k32,tau1,tau2,tau3,dG12,dG13,ddG12,ddG21,ddG13,ddG31,ddG23,ddG32,R1,R1b,R1c,R2,R2b,R2c,pA_err,pB_err,pC_err,dwB_err,dwC_err,kexAB_err,kexAC_err,kexBC_err,k12_err,k21_err,k13_err,k31_err,k23_err,k32_err,tau1_err,tau2_err,tau3_err,dG12_err,dG13_err,ddG12_err,ddG21_err,ddG13_err,ddG31_err,ddG23_err,ddG32_err,R1_err,R1b_err,R1c_err,R2_err,R2b_err,R2c_err
A6RNAm6A_C2_37,1,1.7777673421838498,150.88,auto,298.15,0.95,0.05,0.0,0.2865961531457353,0.0,1528.210089005105,0.0,0.0,76.4105044503,1451.79958455,0.0,0.0,0.0,0.0,0.013087205839,0.000688800307314,0.0,1.7445351892,0.0,14.8840783742,13.139543185,0.0,0.0,0.0,0.0,4.730056912239711,4.730056912239711,4.730056912239711,20.89398313207837,20.89398313207837,20.89398313207837,0.05,0.05,0.0,0.020581933387419215,0.0,432.3364163798065,0.0,0.0,75.8365903742,417.102490612,0.0,0.0,0.0,0.0,0.0129889087305,0.000197892551266,0.0,0.612176398578,0.0,0.588034636442,0.170221060153,0.0,0.0,0.0,0.0,0.06036378222411398,0.06036378222411398,0.06036378222411398,0.10468705522252637,0.10468705522252637,0.10468705522252637
