Name,FitNum,N,DF,K,ChiSq,RedChiSq,Rsq,AdjRsq,AIC,BIC,RSS,TSS,SDR
gc1p,1,190,183,7,40.9554435233957,0.2238002378327634,0.9879015882244913,0.987436264694664,-276.947089931737,-254.83330604199827,40.9554435233957,3385.1917328771365,0.47307529826948624
