Name,FitNum,N,DF,K,ChiSq,RedChiSq,Rsq,AdjRsq,AIC,BIC,RSS,TSS,SDR
gc8,1,190,183,7,40.9554435233957,0.2238002378327634,0.9944077215669966,0.994192633934958,-276.947089931737,-254.83330604199827,40.9554435233957,7323.570171630386,0.47307529826948624
