Name,FitNum,RedChiSq,lf,AlignMag,Temp,pA,pB,pC,dwB,dwC,kexAB,kexAC,kexBC,k12,k21,k13,k31,k23,k32,tau1,tau2,tau3,dG12,dG13,ddG12,ddG21,ddG13,ddG31,ddG23,ddG32,R1,R1b,R1c,R2,R2b,R2c,pA_err,pB_err,pC_err,dwB_err,dwC_err,kexAB_err,kexAC_err,kexBC_err,k12_err,k21_err,k13_err,k31_err,k23_err,k32_err,tau1_err,tau2_err,tau3_err,dG12_err,dG13_err,ddG12_err,ddG21_err,ddG13_err,ddG31_err,ddG23_err,ddG32_err,R1_err,R1b_err,R1c_err,R2_err,R2b_err,R2c_err
A21_C1p_Off,1,0.2087713473321433,150.88,avg,298.15,0.998,0.002,0.0,2.977902115477563,0.0,1493.7002189374987,0.0,0.0,2.98740043787,1490.7128185,0.0,0.0,0.0,0.0,0.334739189069,0.000670820018175,0.0,3.68087436261,0.0,16.8047460135,13.1238716508,0.0,0.0,0.0,0.0,2.2163582890274505,2.2163582890274505,2.2163582890274505,13.341810444866642,13.341810444866642,13.341810444866642,0.002,0.002,0.0,0.13912719146701857,0.0,203.19534199745658,0.0,0.0,3.00900114909,202.810866842,0.0,0.0,0.0,0.0,0.337159555775,9.12647880215e-05,0.0,0.60218809763,0.0,0.596768771818,0.0806073068016,0.0,0.0,0.0,0.0,0.057646103589720554,0.057646103589720554,0.057646103589720554,0.11581385564619284,0.11581385564619284,0.11581385564619284
