param,fit_val,fit_err
kex(s-1),0.467455265562,0.0265966910553
tau_ex(s),2.13924213432,0.121715950874
R1n(s-1),1.98802565576,0.136568147021
