Name,FitNum,N,DF,K,ChiSq,RedChiSq,Rsq,AdjRsq,AIC,BIC,RSS,TSS,SDR
ac8,1,195,188,7,1113.407178971844,5.922378611552361,0.9582655954984304,0.9567033450625427,354.3241406479143,376.6362070765771,1113.4071789718441,26678.40100437922,2.433593764692941
