Name,FitNum,RedChiSq,lf,AlignMag,Temp,pA,pB,pC,dwB,dwC,kexAB,kexAC,kexBC,k12,k21,k13,k31,k23,k32,tau1,tau2,tau3,dG12,dG13,ddG12,ddG21,ddG13,ddG31,ddG23,ddG32,R1,R1b,R1c,R2,R2b,R2c,pA_err,pB_err,pC_err,dwB_err,dwC_err,kexAB_err,kexAC_err,kexBC_err,k12_err,k21_err,k13_err,k31_err,k23_err,k32_err,tau1_err,tau2_err,tau3_err,dG12_err,dG13_err,ddG12_err,ddG21_err,ddG13_err,ddG31_err,ddG23_err,ddG32_err,R1_err,R1b_err,R1c_err,R2_err,R2b_err,R2c_err
ac8,1,5.922378611552361,176.04,auto,298.15,0.9,0.1,0.0,1.4058550673784482,0.0,4311.770688146989,0.0,0.0,431.177068815,3880.59361933,0.0,0.0,0.0,0.0,0.0023192327986,0.000257692533178,0.0,1.30182205197,0.0,13.8588435594,12.5570215074,0.0,0.0,0.0,0.0,3.835039094032825,3.835039094032825,3.835039094032825,22.15579506335498,22.15579506335498,22.15579506335498,0.1,0.1,0.0,0.07805182599710514,0.0,349.58288889193625,0.0,0.0,392.009294523,501.435782486,0.0,0.0,0.0,0.0,0.00210855557721,3.3298064598e-05,0.0,0.544077240101,0.0,0.538663916122,0.0765586615905,0.0,0.0,0.0,0.0,0.9933965339274357,0.9933965339274357,0.9933965339274357,2.535821854324815,2.535821854324815,2.535821854324815
