Name,FitNum,N,DF,K,ChiSq,RedChiSq,Rsq,AdjRsq,AIC,BIC,RSS,TSS,SDR
G10_C8_Off,1,97,93,4,644.1053694090588,6.92586418719418,0.9836144299923644,0.9829020139050758,192.07046368595633,201.9345249912742,644.1053694090589,39309.30502319453,2.631703666295691
