Name,FitNum,RedChiSq,lf,AlignMag,Temp,pA,pB,pC,dwB,dwC,kexAB,kexAC,kexBC,k12,k21,k13,k31,k23,k32,tau1,tau2,tau3,dG12,dG13,ddG12,ddG21,ddG13,ddG31,ddG23,ddG32,R1,R1b,R1c,R2,R2b,R2c,pA_err,pB_err,pC_err,dwB_err,dwC_err,kexAB_err,kexAC_err,kexBC_err,k12_err,k21_err,k13_err,k31_err,k23_err,k32_err,tau1_err,tau2_err,tau3_err,dG12_err,dG13_err,ddG12_err,ddG21_err,ddG13_err,ddG31_err,ddG23_err,ddG32_err,R1_err,R1b_err,R1c_err,R2_err,R2b_err,R2c_err
G_C8_Off_clean,1,0.24950198131171308,150.88,gs,298.15,0.981155900974,0.018844099025586016,0.0,4.27,0.0,17.28757298941824,0.0,0.0,0.325768737325,16.9618042521,0.0,0.0,0.0,0.0,3.06966226475,0.0589559922481,0.0,2.34181466382,0.0,18.1176751147,15.7758604508,0.0,0.0,0.0,0.0,2.5815402660273463,2.5815402660273463,2.5815402660273463,16.69291074771184,16.69291074771184,16.69291074771184,0.00388823726138,0.003888237261377684,0.0,4.27,0.0,5.561821669849939,0.0,0.0,0.123837890958,5.45741281721,0.0,0.0,0.0,0.0,1.16690295067,0.0189689247066,0.0,0.295071712982,0.0,0.225227449173,0.190630301739,0.0,0.0,0.0,0.0,0.04264305682370746,0.04264305682370746,0.04264305682370746,0.05627120186764124,0.05627120186764124,0.05627120186764124
