Name,FitNum,RedChiSq,lf,AlignMag,Temp,pA,pB,pC,dwB,dwC,kexAB,kexAC,kexBC,k12,k21,k13,k31,k23,k32,tau1,tau2,tau3,dG12,dG13,ddG12,ddG21,ddG13,ddG31,ddG23,ddG32,R1,R1b,R1c,R2,R2b,R2c,pA_err,pB_err,pC_err,dwB_err,dwC_err,kexAB_err,kexAC_err,kexBC_err,k12_err,k21_err,k13_err,k31_err,k23_err,k32_err,tau1_err,tau2_err,tau3_err,dG12_err,dG13_err,ddG12_err,ddG21_err,ddG13_err,ddG31_err,ddG23_err,ddG32_err,R1_err,R1b_err,R1c_err,R2_err,R2b_err,R2c_err
A6RNAm6A_C2_37,1,0.3782722128525552,150.88,auto,298.15,0.994,0.006,0.0,1.8600081504885322,0.0,219.03619955070593,0.0,0.0,1.3142171973,217.721982353,0.0,0.0,0.0,0.0,0.760909233307,0.00459301348073,0.0,3.02758387661,0.0,17.2912722055,14.2636883289,0.0,0.0,0.0,0.0,4.540440317453024,4.540440317453024,4.540440317453024,21.006547868237387,21.006547868237387,21.006547868237387,0.006,0.006,0.0,0.07168115536260296,0.0,12.429289003224971,0.0,0.0,1.3084826081,12.4235866464,0.0,0.0,0.0,0.0,0.757589004443,0.000262085161677,0.0,0.590867450064,0.0,0.589899440582,0.0338081875563,0.0,0.0,0.0,0.0,0.030579648075533605,0.030579648075533605,0.030579648075533605,0.03219266283383324,0.03219266283383324,0.03219266283383324
