Name,FitNum,N,DF,K,ChiSq,RedChiSq,Rsq,AdjRsq,AIC,BIC,RSS,TSS,SDR
ra16_c8_15c,1,100,96,4,54.12443114629471,0.5637961577739032,0.9961163109264146,0.9959527871759478,-52.96739834040524,-42.96777022803182,54.124431146294704,13936.34508859575,0.7508636079701181
