Name,FitNum,RedChiSq,lf,AlignMag,Temp,pA,pB,pC,dwB,dwC,kexAB,kexAC,kexBC,k12,k21,k13,k31,k23,k32,tau1,tau2,tau3,dG12,dG13,ddG12,ddG21,ddG13,ddG31,ddG23,ddG32,R1,R1b,R1c,R2,R2b,R2c,pA_err,pB_err,pC_err,dwB_err,dwC_err,kexAB_err,kexAC_err,kexBC_err,k12_err,k21_err,k13_err,k31_err,k23_err,k32_err,tau1_err,tau2_err,tau3_err,dG12_err,dG13_err,ddG12_err,ddG21_err,ddG13_err,ddG31_err,ddG23_err,ddG32_err,R1_err,R1b_err,R1c_err,R2_err,R2b_err,R2c_err
A21_C1p_Off,1,0.4756864952896874,150.88,avg,298.15,0.98,0.02,0.0,0.793297447851465,0.0,3382.0676749314316,0.0,0.0,67.6413534986,3314.42632143,0.0,0.0,0.0,0.0,0.0147838555599,0.000301711337957,0.0,2.30584417206,0.0,14.9563026475,12.6504584754,0.0,0.0,0.0,0.0,2.5179365527778557,2.5179365527778557,2.5179365527778557,13.08431105649094,13.08431105649094,13.08431105649094,0.02,0.02,0.0,0.0812591407447438,0.0,790.655403905885,0.0,0.0,68.1619634712,777.673827694,0.0,0.0,0.0,0.0,0.0148976413173,7.07914396922e-05,0.0,0.613015636936,0.0,0.597044880424,0.139016480633,0.0,0.0,0.0,0.0,0.06933579640507219,0.06933579640507219,0.06933579640507219,0.2717898908433816,0.2717898908433816,0.2717898908433816
