Name,FitNum,RedChiSq,lf,AlignMag,Temp,pA,pB,pC,dwB,dwC,kexAB,kexAC,kexBC,k12,k21,k13,k31,k23,k32,tau1,tau2,tau3,dG12,dG13,ddG12,ddG21,ddG13,ddG31,ddG23,ddG32,R1,R1b,R1c,R2,R2b,R2c,pA_err,pB_err,pC_err,dwB_err,dwC_err,kexAB_err,kexAC_err,kexBC_err,k12_err,k21_err,k13_err,k31_err,k23_err,k32_err,tau1_err,tau2_err,tau3_err,dG12_err,dG13_err,ddG12_err,ddG21_err,ddG13_err,ddG31_err,ddG23_err,ddG32_err,R1_err,R1b_err,R1c_err,R2_err,R2b_err,R2c_err
G_C1p_Off,1,0.369767023422483,150.88,auto,298.15,0.9935,0.0065,0.0,0.9199546239843763,0.0,3624.993819283812,0.0,0.0,23.5624598253,3601.43135946,0.0,0.0,0.0,0.0,0.0424403906643,0.00027766737727,0.0,2.97986168751,0.0,15.5811161928,12.6012545053,0.0,0.0,0.0,0.0,2.2703161435699495,2.2703161435699495,2.2703161435699495,13.94516558710164,13.94516558710164,13.94516558710164,0.0065,0.0065,0.0,0.09751829874288337,0.0,660.1356080357385,0.0,0.0,23.799803077,656.262389864,0.0,0.0,0.0,0.0,0.0428678901867,5.05972871359e-05,0.0,0.608113497032,0.0,0.59845281241,0.107964144935,0.0,0.0,0.0,0.0,0.037596882105644776,0.037596882105644776,0.037596882105644776,0.11149286160454304,0.11149286160454304,0.11149286160454304
