Name,FitNum,RedChiSq,lf,AlignMag,Temp,pA,pB,pC,dwB,dwC,kexAB,kexAC,kexBC,k12,k21,k13,k31,k23,k32,tau1,tau2,tau3,dG12,dG13,ddG12,ddG21,ddG13,ddG31,ddG23,ddG32,R1,R1b,R1c,R2,R2b,R2c,pA_err,pB_err,pC_err,dwB_err,dwC_err,kexAB_err,kexAC_err,kexBC_err,k12_err,k21_err,k13_err,k31_err,k23_err,k32_err,tau1_err,tau2_err,tau3_err,dG12_err,dG13_err,ddG12_err,ddG21_err,ddG13_err,ddG31_err,ddG23_err,ddG32_err,R1_err,R1b_err,R1c_err,R2_err,R2b_err,R2c_err
gc8,1,0.3980632537008783,176.04,auto,298.15,0.92,0.08,0.0,2.502964351825345,0.0,48.6845619784834,0.0,0.0,3.89476495828,44.7897970202,0.0,0.0,0.0,0.0,0.256754903239,0.0223265133251,0.0,1.44705336996,0.0,16.647601436,15.2005480661,0.0,0.0,0.0,0.0,0.9708499636525166,0.9708499636525166,0.9708499636525166,31.30524510245653,31.30524510245653,31.30524510245653,0.08,0.08,0.0,0.01822089455824843,0.0,2.0082205204841315,0.0,0.0,3.60029159784,4.04348578616,0.0,0.0,0.0,0.0,0.237342312241,0.00201556928789,0.0,0.55029409946,0.0,0.547688470585,0.0534877097029,0.0,0.0,0.0,0.0,0.16543508650790234,0.16543508650790234,0.16543508650790234,0.1741414286222777,0.1741414286222777,0.1741414286222777
