Name,FitNum,RedChiSq,lf,AlignMag,Temp,pA,pB,pC,dwB,dwC,kexAB,kexAC,kexBC,k12,k21,k13,k31,k23,k32,tau1,tau2,tau3,dG12,dG13,ddG12,ddG21,ddG13,ddG31,ddG23,ddG32,R1,R1b,R1c,R2,R2b,R2c,pA_err,pB_err,pC_err,dwB_err,dwC_err,kexAB_err,kexAC_err,kexBC_err,k12_err,k21_err,k13_err,k31_err,k23_err,k32_err,tau1_err,tau2_err,tau3_err,dG12_err,dG13_err,ddG12_err,ddG21_err,ddG13_err,ddG31_err,ddG23_err,ddG32_err,R1_err,R1b_err,R1c_err,R2_err,R2b_err,R2c_err
G_C8_Off,1,0.27220839541892833,150.88,auto,298.15,0.95,0.05,0.0,4.27,0.0,10.000000000000005,0.0,0.0,0.5,9.5,0.0,0.0,0.0,0.0,2.0,0.105263157895,0.0,1.7445351892,0.0,17.8638425832,16.119307394,0.0,0.0,0.0,0.0,1.0001388601310652,1.0001388601310652,1.0001388601310652,31.48132153434926,31.48132153434926,31.48132153434926,0.05,0.05,0.0,4.27,0.0,4.4575310912860875,0.0,0.0,0.525284645287,4.26128490545,0.0,0.0,0.0,0.0,2.10113858115,0.0472164532459,0.0,0.676808114915,0.0,0.622446282321,0.265762770228,0.0,0.0,0.0,0.0,0.12358281531509531,0.12358281531509531,0.12358281531509531,0.22088104979809933,0.22088104979809933,0.22088104979809933
