Name,FitNum,N,DF,K,ChiSq,RedChiSq,Rsq,AdjRsq,AIC,BIC,RSS,TSS,SDR
gc1p,1,190,183,7,57.36778158207663,0.31348514525724935,0.9830533139305174,0.9824015183124604,-212.91744773567365,-190.80366384593486,57.367781582076624,3385.1917328771365,0.5598974417312954
