Name,FitNum,RedChiSq,lf,AlignMag,Temp,pA,pB,pC,dwB,dwC,kexAB,kexAC,kexBC,k12,k21,k13,k31,k23,k32,tau1,tau2,tau3,dG12,dG13,ddG12,ddG21,ddG13,ddG31,ddG23,ddG32,R1,R1b,R1c,R2,R2b,R2c,pA_err,pB_err,pC_err,dwB_err,dwC_err,kexAB_err,kexAC_err,kexBC_err,k12_err,k21_err,k13_err,k31_err,k23_err,k32_err,tau1_err,tau2_err,tau3_err,dG12_err,dG13_err,ddG12_err,ddG21_err,ddG13_err,ddG31_err,ddG23_err,ddG32_err,R1_err,R1b_err,R1c_err,R2_err,R2b_err,R2c_err
gc1p,1,0.31348514525724935,176.04,avg,298.15,0.985,0.015,0.0,3.594171628273377,0.0,220.54822371940426,0.0,0.0,3.30822335579,217.240000364,0.0,0.0,0.0,0.0,0.302277050989,0.00460320382216,0.0,2.47930660859,0.0,16.7443080044,14.2650013958,0.0,0.0,0.0,0.0,1.1323031911876096,1.1323031911876096,1.1323031911876096,18.33243383021728,18.33243383021728,18.33243383021728,0.015,0.015,0.0,0.08456088836016853,0.0,5.819200037570806,0.0,0.0,3.26014657147,6.59361449225,0.0,0.0,0.0,0.0,0.29788420715,0.000139715298204,0.0,0.584151325072,0.0,0.583874459194,0.017982949826,0.0,0.0,0.0,0.0,0.08135398866597988,0.08135398866597988,0.08135398866597988,0.10320110005929609,0.10320110005929609,0.10320110005929609
