Name,FitNum,RedChiSq,lf,AlignMag,Temp,pA,pB,pC,dwB,dwC,kexAB,kexAC,kexBC,k12,k21,k13,k31,k23,k32,tau1,tau2,tau3,dG12,dG13,ddG12,ddG21,ddG13,ddG31,ddG23,ddG32,R1,R1b,R1c,R2,R2b,R2c,pA_err,pB_err,pC_err,dwB_err,dwC_err,kexAB_err,kexAC_err,kexBC_err,k12_err,k21_err,k13_err,k31_err,k23_err,k32_err,tau1_err,tau2_err,tau3_err,dG12_err,dG13_err,ddG12_err,ddG21_err,ddG13_err,ddG31_err,ddG23_err,ddG32_err,R1_err,R1b_err,R1c_err,R2_err,R2b_err,R2c_err
A16_C8_Off,1,0.4900136750614047,150.7,auto,298.15,0.9925,0.0075,0.0,2.192085311408271,0.0,2324.948817538526,0.0,0.0,17.4371161315,2307.51170141,0.0,0.0,0.0,0.0,0.0573489327281,0.000433367249835,0.0,2.89447995867,0.0,15.7594859274,12.8650059687,0.0,0.0,0.0,0.0,2.5323378351972368,2.5323378351972368,2.5323378351972368,26.110065103890907,26.110065103890907,26.110065103890907,0.0075,0.0075,0.0,0.05970907450271458,0.0,210.31376120209126,0.0,0.0,17.3785636003,209.452654439,0.0,0.0,0.0,0.0,0.0571563593032,3.93367109555e-05,0.0,0.592939189299,0.0,0.59049522944,0.0537797937469,0.0,0.0,0.0,0.0,0.08653043610490438,0.08653043610490438,0.08653043610490438,0.23923057428124317,0.23923057428124317,0.23923057428124317
