Name,FitNum,RedChiSq,lf,AlignMag,Temp,pA,pB,pC,dwB,dwC,kexAB,kexAC,kexBC,k12,k21,k13,k31,k23,k32,tau1,tau2,tau3,dG12,dG13,ddG12,ddG21,ddG13,ddG31,ddG23,ddG32,R1,R1b,R1c,R2,R2b,R2c,pA_err,pB_err,pC_err,dwB_err,dwC_err,kexAB_err,kexAC_err,kexBC_err,k12_err,k21_err,k13_err,k31_err,k23_err,k32_err,tau1_err,tau2_err,tau3_err,dG12_err,dG13_err,ddG12_err,ddG21_err,ddG13_err,ddG31_err,ddG23_err,ddG32_err,R1_err,R1b_err,R1c_err,R2_err,R2b_err,R2c_err
ra16_c8_15c,1,0.5445969981045867,150.784195,avg,298.15,0.997160819538,0.0028391804615565193,0.0,3.0302429716216666,0.0,5001.149579177958,0.0,0.0,14.1991661705,4986.95041301,0.0,0.0,0.0,0.0,0.0704266706925,0.000200523349378,0.0,3.47278810442,0.0,15.8811928427,12.4084047383,0.0,0.0,0.0,0.0,1.8282335524647855,1.8282335524647855,1.8282335524647855,33.63086491413499,33.63086491413499,33.63086491413499,0.000537966067909,0.0005379660679089542,0.0,0.3421866349483259,0.0,514.7367335230051,0.0,0.0,3.05504622623,513.282314371,0.0,0.0,0.0,0.0,0.0151527724897,2.06388835521e-05,0.0,0.141312263387,0.0,0.127477083828,0.0609815454247,0.0,0.0,0.0,0.0,0.043409521966999605,0.043409521966999605,0.043409521966999605,0.19876449238889907,0.19876449238889907,0.19876449238889907
