Name,FitNum,N,DF,K,ChiSq,RedChiSq,Rsq,AdjRsq,AIC,BIC,RSS,TSS,SDR
gc1p,1,216,209,7,29.11303960009041,0.13929684019182015,0.989427113496979,0.9890712952012043,-418.3454617936817,-395.2569744783541,29.113039600090417,2753.556428679341,0.37322491903920374
