Name,FitNum,RedChiSq,lf,AlignMag,Temp,pA,pB,pC,dwB,dwC,kexAB,kexAC,kexBC,k12,k21,k13,k31,k23,k32,tau1,tau2,tau3,dG12,dG13,ddG12,ddG21,ddG13,ddG31,ddG23,ddG32,R1,R1b,R1c,R2,R2b,R2c,pA_err,pB_err,pC_err,dwB_err,dwC_err,kexAB_err,kexAC_err,kexBC_err,k12_err,k21_err,k13_err,k31_err,k23_err,k32_err,tau1_err,tau2_err,tau3_err,dG12_err,dG13_err,ddG12_err,ddG21_err,ddG13_err,ddG31_err,ddG23_err,ddG32_err,R1_err,R1b_err,R1c_err,R2_err,R2b_err,R2c_err
gc8,1,0.13929684019182015,150.7,auto,298.15,0.99,0.01,0.0,2.708448173270704,0.0,205.85805036558705,0.0,0.0,2.05858050366,203.799469862,0.0,0.0,0.0,0.0,0.485771626722,0.00490678410831,0.0,2.72253843054,0.0,17.0253795849,14.3028411543,0.0,0.0,0.0,0.0,2.163955439143659,2.163955439143659,2.163955439143659,24.062647392092764,24.062647392092764,24.062647392092764,0.01,0.01,0.0,0.0826584013660448,0.0,7.555861748871112,0.0,0.0,2.03949877952,7.75298530273,0.0,0.0,0.0,0.0,0.481268834551,0.000186664985444,0.0,0.587425371345,0.0,0.586992794357,0.0225394381711,0.0,0.0,0.0,0.0,0.05546657821010247,0.05546657821010247,0.05546657821010247,0.06245090938765502,0.06245090938765502,0.06245090938765502
