Name,FitNum,RedChiSq,lf,AlignMag,Temp,pA,pB,pC,dwB,dwC,kexAB,kexAC,kexBC,k12,k21,k13,k31,k23,k32,tau1,tau2,tau3,dG12,dG13,ddG12,ddG21,ddG13,ddG31,ddG23,ddG32,R1,R1b,R1c,R2,R2b,R2c,pA_err,pB_err,pC_err,dwB_err,dwC_err,kexAB_err,kexAC_err,kexBC_err,k12_err,k21_err,k13_err,k31_err,k23_err,k32_err,tau1_err,tau2_err,tau3_err,dG12_err,dG13_err,ddG12_err,ddG21_err,ddG13_err,ddG31_err,ddG23_err,ddG32_err,R1_err,R1b_err,R1c_err,R2_err,R2b_err,R2c_err
gc8,1,1.5042370878112878,176.04,avg,298.15,0.95,0.05,0.0,0.7489982224684838,0.0,5457.973904042318,0.0,0.0,272.898695202,5185.07520884,0.0,0.0,0.0,0.0,0.00366436343442,0.000192861233391,0.0,1.7445351892,0.0,14.1298568619,12.3853216727,0.0,0.0,0.0,0.0,2.4696256128815675,2.4696256128815675,2.4696256128815675,25.66336981577324,25.66336981577324,25.66336981577324,0.05,0.05,0.0,0.09194898227906338,0.0,860.2088902183958,0.0,0.0,263.151277567,857.445039763,0.0,0.0,0.0,0.0,0.00353347940532,3.18930586873e-05,0.0,0.579662735531,0.0,0.571322330781,0.097977963407,0.0,0.0,0.0,0.0,0.14959451882592328,0.14959451882592328,0.14959451882592328,0.7486604546240503,0.7486604546240503,0.7486604546240503
