Name,FitNum,RedChiSq,lf,AlignMag,Temp,pA,pB,pC,dwB,dwC,kexAB,kexAC,kexBC,k12,k21,k13,k31,k23,k32,tau1,tau2,tau3,dG12,dG13,ddG12,ddG21,ddG13,ddG31,ddG23,ddG32,R1,R1b,R1c,R2,R2b,R2c,pA_err,pB_err,pC_err,dwB_err,dwC_err,kexAB_err,kexAC_err,kexBC_err,k12_err,k21_err,k13_err,k31_err,k23_err,k32_err,tau1_err,tau2_err,tau3_err,dG12_err,dG13_err,ddG12_err,ddG21_err,ddG13_err,ddG31_err,ddG23_err,ddG32_err,R1_err,R1b_err,R1c_err,R2_err,R2b_err,R2c_err
A21_C1p_Off,1,0.8208285783464041,150.88,auto,298.15,0.999,0.001,0.0,5.389536033186469,0.0,3554.991817146115,0.0,0.0,3.55499181715,3551.43682533,0.0,0.0,0.0,0.0,0.28129459966,0.000281576175836,0.0,4.0921468707,0.0,16.7016837826,12.6095369119,0.0,0.0,0.0,0.0,1.9533773521502331,1.9533773521502331,1.9533773521502331,15.859610186144035,15.859610186144035,15.859610186144035,0.001,0.001,0.0,0.8302214706099003,0.0,1880.8526074513106,0.0,0.0,4.01874640818,1878.97511112,0.0,0.0,0.0,0.0,0.317989947705,0.00014897481,0.0,0.739500938323,0.0,0.669775369111,0.313468647098,0.0,0.0,0.0,0.0,0.1311215487974415,0.1311215487974415,0.1311215487974415,0.6110536353326437,0.6110536353326437,0.6110536353326437
