Name,FitNum,N,DF,K,ChiSq,RedChiSq,Rsq,AdjRsq,AIC,BIC,RSS,TSS,SDR
gc8,1,212,205,7,83.9340525957047,0.40943440290587657,0.9762244027501958,0.9754085734328005,-181.88061332360792,-158.93352900874697,83.93405259570469,3530.260531999712,0.639870614191554
