Name,FitNum,N,DF,K,ChiSq,RedChiSq,Rsq,AdjRsq,AIC,BIC,RSS,TSS,SDR
A16_C8_Off,1,104,100,4,94.04186429802729,0.9404186429802729,0.987237327491993,0.9867216639563159,-2.063648114960258,8.109875077564828,94.04186429802725,7368.508769540807,0.9697518460824256
