Name,FitNum,RedChiSq,lf,AlignMag,Temp,pA,pB,pC,dwB,dwC,kexAB,kexAC,kexBC,k12,k21,k13,k31,k23,k32,tau1,tau2,tau3,dG12,dG13,ddG12,ddG21,ddG13,ddG31,ddG23,ddG32,R1,R1b,R1c,R2,R2b,R2c,pA_err,pB_err,pC_err,dwB_err,dwC_err,kexAB_err,kexAC_err,kexBC_err,k12_err,k21_err,k13_err,k31_err,k23_err,k32_err,tau1_err,tau2_err,tau3_err,dG12_err,dG13_err,ddG12_err,ddG21_err,ddG13_err,ddG31_err,ddG23_err,ddG32_err,R1_err,R1b_err,R1c_err,R2_err,R2b_err,R2c_err
A16_C8_Off,1,0.9404186429802729,150.7,auto,298.15,0.95,0.05,0.0,2.432642203305097,0.0,58.450800011233426,0.0,0.0,2.92254000056,55.5282600107,0.0,0.0,0.0,0.0,0.342168113972,0.0180088481038,0.0,1.7445351892,0.0,16.8177513435,15.0732161543,0.0,0.0,0.0,0.0,2.6878977719582466,2.6878977719582466,2.6878977719582466,26.09910680919667,26.09910680919667,26.09910680919667,0.05,0.05,0.0,0.08725329981357707,0.0,6.112796534009231,0.0,0.0,2.79700517578,6.43839197882,0.0,0.0,0.0,0.0,0.327470619934,0.00208809033737,0.0,0.571181406907,0.0,0.567035150556,0.068697435398,0.0,0.0,0.0,0.0,0.1286399134963533,0.1286399134963533,0.1286399134963533,0.17862663933364445,0.17862663933364445,0.17862663933364445
