Name,FitNum,N,DF,K,ChiSq,RedChiSq,Rsq,AdjRsq,AIC,BIC,RSS,TSS,SDR
ac1p,1,209,202,7,36.03225511364736,0.1783775005626107,0.9931438927431144,0.9929051228386457,-352.8480115783262,-330.0088857449208,36.03225511364735,5255.497582459783,0.42234760631807855
