Name,FitNum,RedChiSq,lf,AlignMag,Temp,pA,pB,pC,dwB,dwC,kexAB,kexAC,kexBC,k12,k21,k13,k31,k23,k32,tau1,tau2,tau3,dG12,dG13,ddG12,ddG21,ddG13,ddG31,ddG23,ddG32,R1,R1b,R1c,R2,R2b,R2c,pA_err,pB_err,pC_err,dwB_err,dwC_err,kexAB_err,kexAC_err,kexBC_err,k12_err,k21_err,k13_err,k31_err,k23_err,k32_err,tau1_err,tau2_err,tau3_err,dG12_err,dG13_err,ddG12_err,ddG21_err,ddG13_err,ddG31_err,ddG23_err,ddG32_err,R1_err,R1b_err,R1c_err,R2_err,R2b_err,R2c_err
c15_c6,1,0.5454972437409894,176.002098,auto,298.15,0.97,0.03,0.0,1.0478911698061388,0.0,5294.367577991909,0.0,0.0,158.83102734,5135.53655065,0.0,0.0,0.0,0.0,0.00629599906737,0.00019472162064,0.0,2.05953545938,0.0,14.4505449974,12.391009538,0.0,0.0,0.0,0.0,1.9862222245881915,1.9862222245881915,1.9862222245881915,29.442675530738033,29.442675530738033,29.442675530738033,0.03,0.03,0.0,0.07823285113292208,0.0,637.384884380333,0.0,0.0,155.32128059,637.188058261,0.0,0.0,0.0,0.0,0.00615687409518,2.41599470929e-05,0.0,0.58403731415,0.0,0.579392398763,0.0735121253589,0.0,0.0,0.0,0.0,0.06396534044099159,0.06396534044099159,0.06396534044099159,0.4304877364705204,0.4304877364705204,0.4304877364705204
