Name,FitNum,RedChiSq,lf,AlignMag,Temp,pA,pB,pC,dwB,dwC,kexAB,kexAC,kexBC,k12,k21,k13,k31,k23,k32,tau1,tau2,tau3,dG12,dG13,ddG12,ddG21,ddG13,ddG31,ddG23,ddG32,R1,R1b,R1c,R2,R2b,R2c,pA_err,pB_err,pC_err,dwB_err,dwC_err,kexAB_err,kexAC_err,kexBC_err,k12_err,k21_err,k13_err,k31_err,k23_err,k32_err,tau1_err,tau2_err,tau3_err,dG12_err,dG13_err,ddG12_err,ddG21_err,ddG13_err,ddG31_err,ddG23_err,ddG32_err,R1_err,R1b_err,R1c_err,R2_err,R2b_err,R2c_err
c15_c6,1,0.4165539758882634,176.002098,auto,298.15,0.994,0.006,0.0,2.3842864659463276,0.0,4949.109342629002,0.0,0.0,29.6946560558,4919.41468657,0.0,0.0,0.0,0.0,0.0336760930358,0.000203276215508,0.0,3.02758387661,0.0,15.4440671599,12.4164832833,0.0,0.0,0.0,0.0,1.887424927677888,1.887424927677888,1.887424927677888,29.695726074449105,29.695726074449105,29.695726074449105,0.006,0.006,0.0,0.14668734657333463,0.0,520.5037937879345,0.0,0.0,29.6817803694,518.222073094,0.0,0.0,0.0,0.0,0.0336614909871,2.14135681829e-05,0.0,0.595507587124,0.0,0.592227845839,0.0624136598376,0.0,0.0,0.0,0.0,0.054829542866344144,0.054829542866344144,0.054829542866344144,0.35358529349414275,0.35358529349414275,0.35358529349414275
