Name,FitNum,N,DF,K,ChiSq,RedChiSq,Rsq,AdjRsq,AIC,BIC,RSS,TSS,SDR
G7N1_pH5.3HS_25C,1,280,270,10,1351.633145877757,5.006048688436137,-2.293327449096682,-2.4157559788028786,461.61604081224823,497.1460929777697,1351.6331458777572,410.4156561317621,2.2374200965478384
