Name,FitNum,N,DF,K,ChiSq,RedChiSq,Rsq,AdjRsq,AIC,BIC,RSS,TSS,SDR
G7C8_pH5.3HS_25C,1,280,270,10,1351.633145877757,5.006048688436137,0.8698601471018744,0.8650222343547322,461.61604081224823,497.1460929777697,1351.6331458777572,10386.004869206554,2.2374200965478384
