Name,FitNum,N,DF,K,ChiSq,RedChiSq,Rsq,AdjRsq,AIC,BIC,RSS,TSS,SDR
g10c1p,1,180,173,7,330.20432809594865,1.9086955381268709,0.9512083455618734,0.9492226386952054,123.86702463218177,145.56655979771557,330.20432809594865,6767.639505126548,1.3815554777593517
