Name,FitNum,RedChiSq,lf,AlignMag,Temp,pA,pB,pC,dwB,dwC,kexAB,kexAC,kexBC,k12,k21,k13,k31,k23,k32,tau1,tau2,tau3,dG12,dG13,ddG12,ddG21,ddG13,ddG31,ddG23,ddG32,R1,R1b,R1c,R2,R2b,R2c,pA_err,pB_err,pC_err,dwB_err,dwC_err,kexAB_err,kexAC_err,kexBC_err,k12_err,k21_err,k13_err,k31_err,k23_err,k32_err,tau1_err,tau2_err,tau3_err,dG12_err,dG13_err,ddG12_err,ddG21_err,ddG13_err,ddG31_err,ddG23_err,ddG32_err,R1_err,R1b_err,R1c_err,R2_err,R2b_err,R2c_err
G10_C1p_Off,1,0.31468939221889136,170.4,auto,298.15,0.9993,0.0007,0.0,2.9674029481986843,0.0,2179.9432165087037,0.0,0.0,1.52596025156,2178.41725626,0.0,0.0,0.0,0.0,0.65532506432,0.000459048879239,0.0,4.30364923193,0.0,17.2027652435,12.8991160116,0.0,0.0,0.0,0.0,1.5599384152880083,1.5599384152880083,1.5599384152880083,14.84390943656914,14.84390943656914,14.84390943656914,0.0007,0.0007,0.0,0.3717186391418504,0.0,969.6457655831591,0.0,0.0,1.66913190641,968.968213431,0.0,0.0,0.0,0.0,0.716810266067,0.000204186673199,0.0,0.699609163114,0.0,0.648074022525,0.263539451394,0.0,0.0,0.0,0.0,0.09533802775147887,0.09533802775147887,0.09533802775147887,0.1889585216695373,0.1889585216695373,0.1889585216695373
