Name,FitNum,N,DF,K,ChiSq,RedChiSq,Rsq,AdjRsq,AIC,BIC,RSS,TSS,SDR
G10_C1p_Off,1,87,83,4,26.119219554167984,0.31468939221889136,0.9849025255664037,0.9841660633989112,-96.19378749437736,-86.81795989780781,26.119219554167987,1730.0389988437446,0.5609718283647508
