Name,FitNum,RedChiSq,lf,AlignMag,Temp,pA,pB,pC,dwB,dwC,kexAB,kexAC,kexBC,k12,k21,k13,k31,k23,k32,tau1,tau2,tau3,dG12,dG13,ddG12,ddG21,ddG13,ddG31,ddG23,ddG32,R1,R1b,R1c,R2,R2b,R2c,pA_err,pB_err,pC_err,dwB_err,dwC_err,kexAB_err,kexAC_err,kexBC_err,k12_err,k21_err,k13_err,k31_err,k23_err,k32_err,tau1_err,tau2_err,tau3_err,dG12_err,dG13_err,ddG12_err,ddG21_err,ddG13_err,ddG31_err,ddG23_err,ddG32_err,R1_err,R1b_err,R1c_err,R2_err,R2b_err,R2c_err
gc8,1,0.4275713369089998,150.7,auto,298.15,0.995,0.005,0.0,3.551530065047234,0.0,2048.872799477695,0.0,0.0,10.2443639974,2038.62843548,0.0,0.0,0.0,0.0,0.0976146494067,0.000490525876416,0.0,3.13620237989,0.0,16.0746127726,12.9384103927,0.0,0.0,0.0,0.0,2.017387811293208,2.017387811293208,2.017387811293208,21.040816604330015,21.040816604330015,21.040816604330015,0.005,0.005,0.0,0.0742174805925763,0.0,123.06194026599091,0.0,0.0,10.2118253585,122.870175827,0.0,0.0,0.0,0.0,0.0973046010885,2.95644854324e-05,0.0,0.591681442711,0.0,0.590602870496,0.0357096487052,0.0,0.0,0.0,0.0,0.10474423293266456,0.10474423293266456,0.10474423293266456,0.1992142598911851,0.1992142598911851,0.1992142598911851
