Name,FitNum,N,DF,K,ChiSq,RedChiSq,Rsq,AdjRsq,AIC,BIC,RSS,TSS,SDR
gc8,1,220,213,7,91.07269476161696,0.4275713369089998,0.9852910195766978,0.9848053456947964,-179.5049914587321,-156.27790052105803,91.07269476161693,6191.638858757249,0.6538893919532567
