Name,FitNum,RedChiSq,lf,AlignMag,Temp,pA,pB,pC,dwB,dwC,kexAB,kexAC,kexBC,k12,k21,k13,k31,k23,k32,tau1,tau2,tau3,dG12,dG13,ddG12,ddG21,ddG13,ddG31,ddG23,ddG32,R1,R1b,R1c,R2,R2b,R2c,pA_err,pB_err,pC_err,dwB_err,dwC_err,kexAB_err,kexAC_err,kexBC_err,k12_err,k21_err,k13_err,k31_err,k23_err,k32_err,tau1_err,tau2_err,tau3_err,dG12_err,dG13_err,ddG12_err,ddG21_err,ddG13_err,ddG31_err,ddG23_err,ddG32_err,R1_err,R1b_err,R1c_err,R2_err,R2b_err,R2c_err
g10c1p,1,1.8816236113764893,176.04,auto,298.15,0.95,0.05,0.0,4.181883585523886,0.0,237.64840877715093,0.0,0.0,11.8824204389,225.765988338,0.0,0.0,0.0,0.0,0.0841579377826,0.00442936514645,0.0,1.7445351892,0.0,15.9867281273,14.2421929381,0.0,0.0,0.0,0.0,0.40423259855315796,0.40423259855315796,0.40423259855315796,19.407831268962966,19.407831268962966,19.407831268962966,0.05,0.05,0.0,0.07249284203485451,0.0,6.577898516176055,0.0,0.0,11.3087070608,12.9162196245,0.0,0.0,0.0,0.0,0.0800945792249,0.00025340687253,0.0,0.56489597409,0.0,0.563878083401,0.0338964393936,0.0,0.0,0.0,0.0,0.24610630074629655,0.24610630074629655,0.24610630074629655,0.31421654653810643,0.31421654653810643,0.31421654653810643
