Name,FitNum,N,DF,K,ChiSq,RedChiSq,Rsq,AdjRsq,AIC,BIC,RSS,TSS,SDR
A16_C8_Off,1,120,116,4,28.782325256584667,0.24812349359124714,0.9976970834142099,0.9976169819677476,-162.97980396147184,-152.1776630773002,28.782325256584684,12498.20572494175,0.49811995903722556
