Name,FitNum,RedChiSq,lf,AlignMag,Temp,pA,pB,pC,dwB,dwC,kexAB,kexAC,kexBC,k12,k21,k13,k31,k23,k32,tau1,tau2,tau3,dG12,dG13,ddG12,ddG21,ddG13,ddG31,ddG23,ddG32,R1,R1b,R1c,R2,R2b,R2c,pA_err,pB_err,pC_err,dwB_err,dwC_err,kexAB_err,kexAC_err,kexBC_err,k12_err,k21_err,k13_err,k31_err,k23_err,k32_err,tau1_err,tau2_err,tau3_err,dG12_err,dG13_err,ddG12_err,ddG21_err,ddG13_err,ddG31_err,ddG23_err,ddG32_err,R1_err,R1b_err,R1c_err,R2_err,R2b_err,R2c_err
A16_C8_Off,1,0.24812349359124714,150.7,auto,298.15,0.995,0.005,0.0,2.706206944688771,0.0,1494.1578894407091,0.0,0.0,7.4707894472,1486.68709999,0.0,0.0,0.0,0.0,0.133854662491,0.000672636494932,0.0,3.13620237989,0.0,16.2616762194,13.1254738396,0.0,0.0,0.0,0.0,2.6605809494615076,2.6605809494615076,2.6605809494615076,28.75808892613961,28.75808892613961,28.75808892613961,0.005,0.005,0.0,0.06694182369073377,0.0,115.06085229737062,0.0,0.0,7.45575842171,114.726623186,0.0,0.0,0.0,0.0,0.133585350545,5.19068966804e-05,0.0,0.593057761622,0.0,0.591292685668,0.0457216414471,0.0,0.0,0.0,0.0,0.06611809676456698,0.06611809676456698,0.06611809676456698,0.19267895512442723,0.19267895512442723,0.19267895512442723
