Name,FitNum,N,DF,K,ChiSq,RedChiSq,Rsq,AdjRsq,AIC,BIC,RSS,TSS,SDR
A16_C8_Off,1,106,102,4,73.84753783371495,0.7239954689579897,0.9911581775871102,0.9908080064024414,-29.916221529686105,-19.658504757198234,73.84753783371498,8352.072048637714,0.850879232886777
