Name,FitNum,RedChiSq,lf,AlignMag,Temp,pA,pB,pC,dwB,dwC,kexAB,kexAC,kexBC,k12,k21,k13,k31,k23,k32,tau1,tau2,tau3,dG12,dG13,ddG12,ddG21,ddG13,ddG31,ddG23,ddG32,R1,R1b,R1c,R2,R2b,R2c,pA_err,pB_err,pC_err,dwB_err,dwC_err,kexAB_err,kexAC_err,kexBC_err,k12_err,k21_err,k13_err,k31_err,k23_err,k32_err,tau1_err,tau2_err,tau3_err,dG12_err,dG13_err,ddG12_err,ddG21_err,ddG13_err,ddG31_err,ddG23_err,ddG32_err,R1_err,R1b_err,R1c_err,R2_err,R2b_err,R2c_err
A16_C8_Off,1,0.7239954689579897,150.7,auto,298.15,0.97,0.03,0.0,3.245911100178071,0.0,99.70618432433729,0.0,0.0,2.99118552973,96.7149987946,0.0,0.0,0.0,0.0,0.334315604987,0.0103396578862,0.0,2.05953545938,0.0,16.8039957994,14.7444603401,0.0,0.0,0.0,0.0,2.5033682015167606,2.5033682015167606,2.5033682015167606,26.885463981822664,26.885463981822664,26.885463981822664,0.03,0.03,0.0,0.13706223262510644,0.0,7.197106046394815,0.0,0.0,2.91085603669,7.56065593602,0.0,0.0,0.0,0.0,0.325337424665,0.000808298575691,0.0,0.578430718003,0.0,0.576573332153,0.0463172557468,0.0,0.0,0.0,0.0,0.12560477812940501,0.12560477812940501,0.12560477812940501,0.17676459937354327,0.17676459937354327,0.17676459937354327
