Name,FitNum,N,DF,K,ChiSq,RedChiSq,Rsq,AdjRsq,AIC,BIC,RSS,TSS,SDR
ac1p,1,219,212,7,731.1155459858205,3.4486582357821725,0.9543193161354978,0.952803843211083,278.535258183103,301.72795460461475,731.1155459858207,16004.916829933014,1.8570563361896626
