Name,FitNum,RedChiSq,lf,AlignMag,Temp,pA,pB,pC,dwB,dwC,kexAB,kexAC,kexBC,k12,k21,k13,k31,k23,k32,tau1,tau2,tau3,dG12,dG13,ddG12,ddG21,ddG13,ddG31,ddG23,ddG32,R1,R1b,R1c,R2,R2b,R2c,pA_err,pB_err,pC_err,dwB_err,dwC_err,kexAB_err,kexAC_err,kexBC_err,k12_err,k21_err,k13_err,k31_err,k23_err,k32_err,tau1_err,tau2_err,tau3_err,dG12_err,dG13_err,ddG12_err,ddG21_err,ddG13_err,ddG31_err,ddG23_err,ddG32_err,R1_err,R1b_err,R1c_err,R2_err,R2b_err,R2c_err
ac8,1,3.4486582357821725,150.7,auto,298.15,0.994,0.006,0.0,4.703792333639622,0.0,3185.16960578815,0.0,0.0,19.1110176347,3166.05858815,0.0,0.0,0.0,0.0,0.0523258373318,0.000315850124739,0.0,3.02758387661,0.0,15.7051764274,12.6775925507,0.0,0.0,0.0,0.0,2.598255771925453,2.598255771925453,2.598255771925453,29.39033970859354,29.39033970859354,29.39033970859354,0.006,0.006,0.0,0.5353170187731341,0.0,842.6720349401795,0.0,0.0,19.6580258783,837.831392674,0.0,0.0,0.0,0.0,0.0538235422117,8.35831500013e-05,0.0,0.629288305598,0.0,0.609443241006,0.15678873542,0.0,0.0,0.0,0.0,0.8278366748010468,0.8278366748010468,0.8278366748010468,1.797589790249891,1.797589790249891,1.797589790249891
