Name,FitNum,N,DF,K,ChiSq,RedChiSq,Rsq,AdjRsq,AIC,BIC,RSS,TSS,SDR
ac8,1,195,188,7,1847.8141013529475,9.82879841145185,0.9307374493302791,0.9281447335298083,453.10695382531094,475.4190202539737,1847.8141013529482,26678.40100437922,3.135091451848232
