Name,FitNum,N,DF,K,ChiSq,RedChiSq,Rsq,AdjRsq,AIC,BIC,RSS,TSS,SDR
ac8,1,209,202,7,61.72376282648932,0.3055631823093531,0.9933314383983392,0.9930991999345997,-240.35282546141957,-217.51369962801417,61.72376282648931,9255.93351512513,0.5527776970078958
