Name,FitNum,N,DF,K,ChiSq,RedChiSq,Rsq,AdjRsq,AIC,BIC,RSS,TSS,SDR
ac1p,1,209,202,7,61.72376282648932,0.3055631823093531,0.9882553912625719,0.9878463750378854,-240.35282546141957,-217.51369962801417,61.72376282648931,5255.497582459783,0.5527776970078958
