Name,FitNum,RedChiSq,lf,AlignMag,Temp,pA,pB,pC,dwB,dwC,kexAB,kexAC,kexBC,k12,k21,k13,k31,k23,k32,tau1,tau2,tau3,dG12,dG13,ddG12,ddG21,ddG13,ddG31,ddG23,ddG32,R1,R1b,R1c,R2,R2b,R2c,pA_err,pB_err,pC_err,dwB_err,dwC_err,kexAB_err,kexAC_err,kexBC_err,k12_err,k21_err,k13_err,k31_err,k23_err,k32_err,tau1_err,tau2_err,tau3_err,dG12_err,dG13_err,ddG12_err,ddG21_err,ddG13_err,ddG31_err,ddG23_err,ddG32_err,R1_err,R1b_err,R1c_err,R2_err,R2b_err,R2c_err
ra16_c8_15c,1,0.5393963072563865,150.784186,auto,298.15,0.997,0.003,0.0,2.9369754815545686,0.0,5016.797680858795,0.0,0.0,15.0503930426,5001.74728782,0.0,0.0,0.0,0.0,0.0664434475014,0.000199930132903,0.0,3.44004850013,0.0,15.8466978687,12.4066493685,0.0,0.0,0.0,0.0,1.8319721791741752,1.8319721791741752,1.8319721791741752,33.624171664828324,33.624171664828324,33.624171664828324,0.003,0.003,0.0,0.17347381689474461,0.0,487.7188460539055,0.0,0.0,15.0764766794,486.48715801,0.0,0.0,0.0,0.0,0.0665585997602,1.94458929169e-05,0.0,0.596302670324,0.0,0.593511576364,0.0576271061026,0.0,0.0,0.0,0.0,0.04104951064302433,0.04104951064302433,0.04104951064302433,0.18958366990155526,0.18958366990155526,0.18958366990155526
