Name,FitNum,N,DF,K,ChiSq,RedChiSq,Rsq,AdjRsq,AIC,BIC,RSS,TSS,SDR
ra16_c8_15c,1,100,96,4,51.78204549661311,0.5393963072563865,0.9962843883982906,0.9961279415940081,-57.391618252519564,-47.39199014014614,51.78204549661312,13936.34508859575,0.7344360470840103
