Name,FitNum,RedChiSq,lf,AlignMag,Temp,pA,pB,pC,dwB,dwC,kexAB,kexAC,kexBC,k12,k21,k13,k31,k23,k32,tau1,tau2,tau3,dG12,dG13,ddG12,ddG21,ddG13,ddG31,ddG23,ddG32,R1,R1b,R1c,R2,R2b,R2c,pA_err,pB_err,pC_err,dwB_err,dwC_err,kexAB_err,kexAC_err,kexBC_err,k12_err,k21_err,k13_err,k31_err,k23_err,k32_err,tau1_err,tau2_err,tau3_err,dG12_err,dG13_err,ddG12_err,ddG21_err,ddG13_err,ddG31_err,ddG23_err,ddG32_err,R1_err,R1b_err,R1c_err,R2_err,R2b_err,R2c_err
G10_C8_Off,1,11.288063638886005,176.04,auto,298.15,0.996,0.004,0.0,6.044766084260282,0.0,4224.770936006387,0.0,0.0,16.899083744,4207.87185226,0.0,0.0,0.0,0.0,0.0591748058739,0.000237649822787,0.0,3.26900669389,0.0,15.7780553718,12.5090486779,0.0,0.0,0.0,0.0,2.632394761384717,2.632394761384717,2.632394761384717,47.925206883584465,47.925206883584465,47.925206883584465,0.004,0.004,0.0,1.5938382903684365,0.0,4320.486744789491,0.0,0.0,24.1240384069,4303.23771542,0.0,0.0,0.0,0.0,0.0844741236415,0.000243035842437,0.0,1.04043054967,0.0,0.845792887608,0.605912633932,0.0,0.0,0.0,0.0,1.8237371259297077,1.8237371259297077,1.8237371259297077,5.961398831077892,5.961398831077892,5.961398831077892
