Name,FitNum,RedChiSq,lf,AlignMag,Temp,pA,pB,pC,dwB,dwC,kexAB,kexAC,kexBC,k12,k21,k13,k31,k23,k32,tau1,tau2,tau3,dG12,dG13,ddG12,ddG21,ddG13,ddG31,ddG23,ddG32,R1,R1b,R1c,R2,R2b,R2c,pA_err,pB_err,pC_err,dwB_err,dwC_err,kexAB_err,kexAC_err,kexBC_err,k12_err,k21_err,k13_err,k31_err,k23_err,k32_err,tau1_err,tau2_err,tau3_err,dG12_err,dG13_err,ddG12_err,ddG21_err,ddG13_err,ddG31_err,ddG23_err,ddG32_err,R1_err,R1b_err,R1c_err,R2_err,R2b_err,R2c_err
A16_C8_Off,1,0.8679294496332075,150.7,auto,298.15,0.98,0.02,0.0,1.2527067551523836,0.0,3092.5243884432143,0.0,0.0,61.8504877689,3030.67390067,0.0,0.0,0.0,0.0,0.0161680212408,0.000329959617159,0.0,2.30584417206,0.0,15.0093297653,12.7034855932,0.0,0.0,0.0,0.0,3.268741448910037,3.268741448910037,3.268741448910037,27.787793777980294,27.787793777980294,27.787793777980294,0.02,0.02,0.0,0.08717335884273865,0.0,382.53732081866525,0.0,0.0,61.1069376647,379.757116559,0.0,0.0,0.0,0.0,0.0159736535921,4.13454290695e-05,0.0,0.590051237873,0.0,0.585362054915,0.0742410127975,0.0,0.0,0.0,0.0,0.09543857358921616,0.09543857358921616,0.09543857358921616,0.4624162387735231,0.4624162387735231,0.4624162387735231
