Name,FitNum,N,DF,K,ChiSq,RedChiSq,Rsq,AdjRsq,AIC,BIC,RSS,TSS,SDR
ac8,1,219,212,7,338.0086609736601,1.5943804762908496,0.9799731196294358,0.979308720754583,109.57675959222624,132.76945601373797,338.0086609736601,16877.749041257106,1.2626877984247926
