Name,FitNum,RedChiSq,lf,AlignMag,Temp,pA,pB,pC,dwB,dwC,kexAB,kexAC,kexBC,k12,k21,k13,k31,k23,k32,tau1,tau2,tau3,dG12,dG13,ddG12,ddG21,ddG13,ddG31,ddG23,ddG32,R1,R1b,R1c,R2,R2b,R2c,pA_err,pB_err,pC_err,dwB_err,dwC_err,kexAB_err,kexAC_err,kexBC_err,k12_err,k21_err,k13_err,k31_err,k23_err,k32_err,tau1_err,tau2_err,tau3_err,dG12_err,dG13_err,ddG12_err,ddG21_err,ddG13_err,ddG31_err,ddG23_err,ddG32_err,R1_err,R1b_err,R1c_err,R2_err,R2b_err,R2c_err
ac1p,1,1.5943804762908496,150.7,auto,298.15,0.9,0.1,0.0,3.6328333665089287,0.0,143.6233200993311,0.0,0.0,14.3623320099,129.260988089,0.0,0.0,0.0,0.0,0.0696265759146,0.00773628621273,0.0,1.30182205197,0.0,15.8744232873,14.5726012353,0.0,0.0,0.0,0.0,0.10000000000000002,0.10000000000000002,0.10000000000000002,25.658870127547587,25.658870127547587,25.658870127547587,0.1,0.1,0.0,0.09373550525655056,0.0,6.284290392790352,0.0,0.0,13.0208186871,14.1822270422,0.0,0.0,0.0,0.0,0.0631231070389,0.000848808052252,0.0,0.541063002771,0.0,0.537143723241,0.0650061039455,0.0,0.0,0.0,0.0,0.4764536772766444,0.4764536772766444,0.4764536772766444,0.5349647279428474,0.5349647279428474,0.5349647279428474
