Name,FitNum,RedChiSq,lf,AlignMag,Temp,pA,pB,pC,dwB,dwC,kexAB,kexAC,kexBC,k12,k21,k13,k31,k23,k32,tau1,tau2,tau3,dG12,dG13,ddG12,ddG21,ddG13,ddG31,ddG23,ddG32,R1,R1b,R1c,R2,R2b,R2c,pA_err,pB_err,pC_err,dwB_err,dwC_err,kexAB_err,kexAC_err,kexBC_err,k12_err,k21_err,k13_err,k31_err,k23_err,k32_err,tau1_err,tau2_err,tau3_err,dG12_err,dG13_err,ddG12_err,ddG21_err,ddG13_err,ddG31_err,ddG23_err,ddG32_err,R1_err,R1b_err,R1c_err,R2_err,R2b_err,R2c_err
gc8,1,0.15858540365454968,150.88,auto,298.15,0.9925,0.0075,0.0,3.7560951869562023,0.0,663.9956772610707,0.0,0.0,4.97996757946,659.015709682,0.0,0.0,0.0,0.0,0.200804520119,0.00151741450971,0.0,2.89447995867,0.0,16.5019745813,13.6074946226,0.0,0.0,0.0,0.0,2.832315753712226,2.832315753712226,2.832315753712226,19.74855759488148,19.74855759488148,19.74855759488148,0.0075,0.0075,0.0,0.017527367746266738,0.0,7.425454778302129,0.0,0.0,4.94307267014,8.87379768796,0.0,0.0,0.0,0.0,0.199316826787,2.04323344196e-05,0.0,0.588149338966,0.0,0.588095228132,0.00797794304088,0.0,0.0,0.0,0.0,0.023640178760406298,0.023640178760406298,0.023640178760406298,0.055698508233138426,0.055698508233138426,0.055698508233138426
