Name,FitNum,N,DF,K,ChiSq,RedChiSq,Rsq,AdjRsq,AIC,BIC,RSS,TSS,SDR
ra16_c8_15c,1,100,96,4,301.1798508193089,3.1372901127011343,0.9783888925751582,0.9774789512099017,118.67479376655405,128.67442187892746,301.1798508193091,13936.34508859575,1.7712397106832085
ra16_c8_15c,1,100,96,4,300.4562114784599,3.129752202900624,0.9784408171892697,0.9775330621235547,118.43423648112562,128.43386459349904,300.4562114784599,13936.34508859575,1.7691105683084436
