Name,FitNum,RedChiSq,lf,AlignMag,Temp,pA,pB,pC,dwB,dwC,kexAB,kexAC,kexBC,k12,k21,k13,k31,k23,k32,tau1,tau2,tau3,dG12,dG13,ddG12,ddG21,ddG13,ddG31,ddG23,ddG32,R1,R1b,R1c,R2,R2b,R2c,pA_err,pB_err,pC_err,dwB_err,dwC_err,kexAB_err,kexAC_err,kexBC_err,k12_err,k21_err,k13_err,k31_err,k23_err,k32_err,tau1_err,tau2_err,tau3_err,dG12_err,dG13_err,ddG12_err,ddG21_err,ddG13_err,ddG31_err,ddG23_err,ddG32_err,R1_err,R1b_err,R1c_err,R2_err,R2b_err,R2c_err
ra16_c8_15c,1,3.129752202900624,150.784186,auto,298.15,0.9999,0.0001,0.0,9.892257783458414,0.0,6637.937524584677,0.0,0.0,0.663793752458,6637.27373083,0.0,0.0,0.0,0.0,1.50649203355,0.000150664269782,0.0,5.45692695108,0.0,17.6959540968,12.2390271457,0.0,0.0,0.0,0.0,1.8854197502550838,1.8854197502550838,1.8854197502550838,35.560020894200115,35.560020894200115,35.560020894200115,0.0001,0.0001,0.0,9.189392043386807,0.0,19977.252896993683,0.0,0.0,2.1050986588,19975.2551827,0.0,0.0,0.0,0.0,4.77755981821,0.000453432743302,0.0,2.59036266873,0.0,1.87895539185,1.78311676314,0.0,0.0,0.0,0.0,0.11211753826602056,0.11211753826602056,0.11211753826602056,0.6476083395118154,0.6476083395118154,0.6476083395118154
