Name,FitNum,RedChiSq,lf,AlignMag,Temp,pA,pB,pC,dwB,dwC,kexAB,kexAC,kexBC,k12,k21,k13,k31,k23,k32,tau1,tau2,tau3,dG12,dG13,ddG12,ddG21,ddG13,ddG31,ddG23,ddG32,R1,R1b,R1c,R2,R2b,R2c,pA_err,pB_err,pC_err,dwB_err,dwC_err,kexAB_err,kexAC_err,kexBC_err,k12_err,k21_err,k13_err,k31_err,k23_err,k32_err,tau1_err,tau2_err,tau3_err,dG12_err,dG13_err,ddG12_err,ddG21_err,ddG13_err,ddG31_err,ddG23_err,ddG32_err,R1_err,R1b_err,R1c_err,R2_err,R2b_err,R2c_err
gc1p,1,1.8366463301021054,176.04,avg,298.15,0.9995,0.0005,0.0,4.985737967715113,0.0,2990.6890943032836,0.0,0.0,1.49534454715,2989.19374976,0.0,0.0,0.0,0.0,0.668742198515,0.000334538368442,0.0,4.50312246865,0.0,17.2147732732,12.7116508046,0.0,0.0,0.0,0.0,1.9806956255701988,1.9806956255701988,1.9806956255701988,19.433792142930763,19.433792142930763,19.433792142930763,0.0005,0.0005,0.0,1.54586108066163,0.0,2751.5319306643364,0.0,0.0,2.03139173198,2750.15657083,0.0,0.0,0.0,0.0,0.908471144982,0.000307786302657,0.0,0.972094206312,0.0,0.804877125156,0.545105457087,0.0,0.0,0.0,0.0,0.21746154090506334,0.21746154090506334,0.21746154090506334,0.549106549775979,0.549106549775979,0.549106549775979
