Name,FitNum,N,DF,K,ChiSq,RedChiSq,Rsq,AdjRsq,AIC,BIC,RSS,TSS,SDR
G10_C1p_Off,1,87,83,4,28.372537688065545,0.3418378034706692,0.9836000588963439,0.9828000617693363,-88.99451402139275,-79.61868642482318,28.372537688065545,1730.0389988437446,0.5846689691360994
