Name,FitNum,RedChiSq,lf,AlignMag,Temp,pA,pB,pC,dwB,dwC,kexAB,kexAC,kexBC,k12,k21,k13,k31,k23,k32,tau1,tau2,tau3,dG12,dG13,ddG12,ddG21,ddG13,ddG31,ddG23,ddG32,R1,R1b,R1c,R2,R2b,R2c,pA_err,pB_err,pC_err,dwB_err,dwC_err,kexAB_err,kexAC_err,kexBC_err,k12_err,k21_err,k13_err,k31_err,k23_err,k32_err,tau1_err,tau2_err,tau3_err,dG12_err,dG13_err,ddG12_err,ddG21_err,ddG13_err,ddG31_err,ddG23_err,ddG32_err,R1_err,R1b_err,R1c_err,R2_err,R2b_err,R2c_err
G10_C1p_Off,1,0.3418378034706692,170.4,auto,298.15,0.998,0.002,0.0,1.7186202318097659,0.0,4148.359958681961,0.0,0.0,8.29671991736,4140.06323876,0.0,0.0,0.0,0.0,0.120529559869,0.000241542204147,0.0,3.68087436261,0.0,16.1995485234,12.5186741608,0.0,0.0,0.0,0.0,1.6887839233790594,1.6887839233790594,1.6887839233790594,14.62610751624351,14.62610751624351,14.62610751624351,0.002,0.002,0.0,0.3556572536149221,0.0,1404.4515003324557,0.0,0.0,8.74360943165,1401.66705441,0.0,0.0,0.0,0.0,0.127021691339,8.17769512874e-05,0.0,0.655827927344,0.0,0.624397989824,0.200592673317,0.0,0.0,0.0,0.0,0.07385717422959223,0.07385717422959223,0.07385717422959223,0.28338841031250633,0.28338841031250633,0.28338841031250633
