Name,FitNum,N,DF,K,ChiSq,RedChiSq,Rsq,AdjRsq,AIC,BIC,RSS,TSS,SDR
G_C8_Off_clean,1,253,248,5,70.40956779401176,0.28390954755649905,0.9796931394297831,0.9792820693777544,-313.60226314414643,-295.93531570050885,70.40956779401178,3467.2798166191255,0.5328316315277267
