Name,FitNum,RedChiSq,lf,AlignMag,Temp,pA,pB,pC,dwB,dwC,kexAB,kexAC,kexBC,k12,k21,k13,k31,k23,k32,tau1,tau2,tau3,dG12,dG13,ddG12,ddG21,ddG13,ddG31,ddG23,ddG32,R1,R1b,R1c,R2,R2b,R2c,pA_err,pB_err,pC_err,dwB_err,dwC_err,kexAB_err,kexAC_err,kexBC_err,k12_err,k21_err,k13_err,k31_err,k23_err,k32_err,tau1_err,tau2_err,tau3_err,dG12_err,dG13_err,ddG12_err,ddG21_err,ddG13_err,ddG31_err,ddG23_err,ddG32_err,R1_err,R1b_err,R1c_err,R2_err,R2b_err,R2c_err
G_C8_Off_clean,1,0.28390954755649905,150.88,avg,298.15,0.9925,0.0075,0.0,4.27,0.0,64.5473629064996,0.0,0.0,0.484105221799,64.0632576847,0.0,0.0,0.0,0.0,2.06566662571,0.0156095714789,0.0,2.89447995867,0.0,17.8829832858,14.9885033271,0.0,0.0,0.0,0.0,2.5607294664214466,2.5607294664214466,2.5607294664214466,16.690957435018905,16.690957435018905,16.690957435018905,0.0075,0.0075,0.0,4.27,0.0,6.963601898189418,0.0,0.0,0.483318243047,6.92805684515,0.0,0.0,0.0,0.0,2.06230860421,0.00168808147513,0.0,0.594981697284,0.0,0.591521584509,0.0640736698158,0.0,0.0,0.0,0.0,0.04448663421868377,0.04448663421868377,0.04448663421868377,0.0575070415184598,0.0575070415184598,0.0575070415184598
