Name,FitNum,N,DF,K,ChiSq,RedChiSq,Rsq,AdjRsq,AIC,BIC,RSS,TSS,SDR
ac8,1,219,212,7,1035.881871631957,4.886235243546967,0.9386244060686186,0.9365882489239756,354.8429348799277,378.0356313014395,1035.881871631957,16877.749041257106,2.210483033987587
