Name,FitNum,N,DF,K,ChiSq,RedChiSq,Rsq,AdjRsq,AIC,BIC,RSS,TSS,SDR
ac1p,1,219,212,7,1035.881871631957,4.886235243546967,0.9352772724382665,0.9331300729456972,354.8429348799277,378.0356313014395,1035.881871631957,16004.916829933014,2.210483033987587
