Name,FitNum,RedChiSq,lf,AlignMag,Temp,pA,pB,pC,dwB,dwC,kexAB,kexAC,kexBC,k12,k21,k13,k31,k23,k32,tau1,tau2,tau3,dG12,dG13,ddG12,ddG21,ddG13,ddG31,ddG23,ddG32,R1,R1b,R1c,R2,R2b,R2c,pA_err,pB_err,pC_err,dwB_err,dwC_err,kexAB_err,kexAC_err,kexBC_err,k12_err,k21_err,k13_err,k31_err,k23_err,k32_err,tau1_err,tau2_err,tau3_err,dG12_err,dG13_err,ddG12_err,ddG21_err,ddG13_err,ddG31_err,ddG23_err,ddG32_err,R1_err,R1b_err,R1c_err,R2_err,R2b_err,R2c_err
ac8,1,4.886235243546967,150.7,auto,298.15,0.996,0.004,0.0,5.341207024806183,0.0,3540.920403070783,0.0,0.0,14.1636816123,3526.75672146,0.0,0.0,0.0,0.0,0.0706031120562,0.000283546634764,0.0,3.26900669389,0.0,15.8826753505,12.6136686566,0.0,0.0,0.0,0.0,3.00955236906207,3.00955236906207,3.00955236906207,31.071641800790566,31.071641800790566,31.071641800790566,0.004,0.004,0.0,1.025336376302227,0.0,1580.1514042003396,0.0,0.0,15.4583787209,1573.89402248,0.0,0.0,0.0,0.0,0.0770569174678,0.000126539024037,0.0,0.698613142684,0.0,0.646643569481,0.26440956333,0.0,0.0,0.0,0.0,0.9929604305037328,0.9929604305037328,0.9929604305037328,2.2906718910970465,2.2906718910970465,2.2906718910970465
