Name,FitNum,N,DF,K,ChiSq,RedChiSq,Rsq,AdjRsq,AIC,BIC,RSS,TSS,SDR
G_C8_Off,1,199,192,7,71.95289153874772,0.3747546434309777,0.9817587894968823,0.981090263457501,-187.85496016737582,-165.38821382885936,71.9528915387477,3944.5239408015236,0.6121720701167096
