Name,FitNum,RedChiSq,lf,AlignMag,Temp,pA,pB,pC,dwB,dwC,kexAB,kexAC,kexBC,k12,k21,k13,k31,k23,k32,tau1,tau2,tau3,dG12,dG13,ddG12,ddG21,ddG13,ddG31,ddG23,ddG32,R1,R1b,R1c,R2,R2b,R2c,pA_err,pB_err,pC_err,dwB_err,dwC_err,kexAB_err,kexAC_err,kexBC_err,k12_err,k21_err,k13_err,k31_err,k23_err,k32_err,tau1_err,tau2_err,tau3_err,dG12_err,dG13_err,ddG12_err,ddG21_err,ddG13_err,ddG31_err,ddG23_err,ddG32_err,R1_err,R1b_err,R1c_err,R2_err,R2b_err,R2c_err
G_C1p_Off,1,0.3747546434309777,150.88,auto,298.15,0.9925,0.0075,0.0,0.8526669466088964,0.0,3658.0471315173663,0.0,0.0,27.4353534864,3630.61177803,0.0,0.0,0.0,0.0,0.0364493207823,0.000275435673418,0.0,2.89447995867,0.0,15.4909532295,12.5964732708,0.0,0.0,0.0,0.0,2.270952036612583,2.270952036612583,2.270952036612583,13.950706722946904,13.950706722946904,13.950706722946904,0.0075,0.0075,0.0,0.09259038149937603,0.0,677.8352295795996,0.0,0.0,27.700857006,673.302329538,0.0,0.0,0.0,0.0,0.0368020562759,5.10799534316e-05,0.0,0.608225563799,0.0,0.598218474403,0.109877173886,0.0,0.0,0.0,0.0,0.037852081474695855,0.037852081474695855,0.037852081474695855,0.11285086982575943,0.11285086982575943,0.11285086982575943
