Name,FitNum,N,DF,K,ChiSq,RedChiSq,Rsq,AdjRsq,AIC,BIC,RSS,TSS,SDR
G_C1p_Off,1,199,192,7,71.95289153874772,0.3747546434309777,0.9632642778539714,0.961917942487363,-187.85496016737582,-165.38821382885936,71.9528915387477,1958.6627765945875,0.6121720701167096
