resi,pB,pB_err,dG(kcal/mol),dG_err(kcal/mol)
3,2.42089017297e-05,1.52035399771e-06,6.08569773189,0.0359580538052
5,4.41447119379e-06,3.68567868016e-07,7.06011129599,0.0478041200403
16,2.89415323649e-06,9.77986402355e-07,7.30184662151,0.193480784488
17,1.72597687727e-06,4.08798431407e-07,7.59780630681,0.135612834217
18,2.14318271985e-06,4.71379307794e-07,7.4738461835,0.125932510257
19,5.00203608876e-06,1.16473568427e-06,6.98856500595,0.133323622587
21,6.35050497281e-06,2.05179477338e-06,6.85189932492,0.184991683123
