resi,dH(kcal/mol),dH_err(kcal/mol)
3,22.806878684,2.08736441676
5,17.5690486074,1.80130590034
16,25.4011335054,3.68534647403
17,28.0299126305,2.07750032999
18,28.7302627914,3.52752108566
19,20.7798088521,4.69148332491
21,16.9624072709,3.31544322003
