Name,FitNum,RedChiSq,lf,AlignMag,Temp,pA,pB,pC,dwB,dwC,kexAB,kexAC,kexBC,k12,k21,k13,k31,k23,k32,tau1,tau2,tau3,dG12,dG13,ddG12,ddG21,ddG13,ddG31,ddG23,ddG32,R1,R1b,R1c,R2,R2b,R2c,pA_err,pB_err,pC_err,dwB_err,dwC_err,kexAB_err,kexAC_err,kexBC_err,k12_err,k21_err,k13_err,k31_err,k23_err,k32_err,tau1_err,tau2_err,tau3_err,dG12_err,dG13_err,ddG12_err,ddG21_err,ddG13_err,ddG31_err,ddG23_err,ddG32_err,R1_err,R1b_err,R1c_err,R2_err,R2b_err,R2c_err
G10_C8_Off,1,10.566343607047273,176.04,auto,298.15,0.9955,0.0045,0.0,5.941534718816361,0.0,4165.908574604023,0.0,0.0,18.7465885857,4147.16198602,0.0,0.0,0.0,0.0,0.0533430386775,0.000241128753439,0.0,3.1989245348,0.0,15.7165836633,12.5176591285,0.0,0.0,0.0,0.0,2.456492661510627,2.456492661510627,2.456492661510627,46.959804566978235,46.959804566978235,46.959804566978235,0.0045,0.0045,0.0,1.3584629166387374,0.0,3704.9567741357287,0.0,0.0,25.0250209908,3688.33168351,0.0,0.0,0.0,0.0,0.0712081911071,0.000214450948411,0.0,0.950370784858,0.0,0.790914208736,0.526933907744,0.0,0.0,0.0,0.0,1.7630456495247628,1.7630456495247628,1.7630456495247628,5.705484298607158,5.705484298607158,5.705484298607158
