Name,FitNum,RedChiSq,lf,AlignMag,Temp,pA,pB,pC,dwB,dwC,kexAB,kexAC,kexBC,k12,k21,k13,k31,k23,k32,tau1,tau2,tau3,dG12,dG13,ddG12,ddG21,ddG13,ddG31,ddG23,ddG32,R1,R1b,R1c,R2,R2b,R2c,pA_err,pB_err,pC_err,dwB_err,dwC_err,kexAB_err,kexAC_err,kexBC_err,k12_err,k21_err,k13_err,k31_err,k23_err,k32_err,tau1_err,tau2_err,tau3_err,dG12_err,dG13_err,ddG12_err,ddG21_err,ddG13_err,ddG31_err,ddG23_err,ddG32_err,R1_err,R1b_err,R1c_err,R2_err,R2b_err,R2c_err
ac8,1,1.6356610592663163,150.7,auto,298.15,0.92,0.08,0.0,2.438028254932402,0.0,191.51654015461557,0.0,0.0,15.3213232124,176.195216942,0.0,0.0,0.0,0.0,0.0652685140924,0.00567552296455,0.0,1.44705336996,0.0,15.8361270962,14.3890737262,0.0,0.0,0.0,0.0,1.4621461819751722,1.4621461819751722,1.4621461819751722,32.51859711458495,32.51859711458495,32.51859711458495,0.08,0.08,0.0,0.10226358716202522,0.0,8.238041379219476,0.0,0.0,14.1641491648,16.0508565256,0.0,0.0,0.0,0.0,0.0603389770292,0.000517023142811,0.0,0.550388973089,0.0,0.547736135114,0.0539735860208,0.0,0.0,0.0,0.0,0.5523461838789204,0.5523461838789204,0.5523461838789204,0.626856630689038,0.626856630689038,0.626856630689038
