Name,FitNum,N,DF,K,ChiSq,RedChiSq,Rsq,AdjRsq,AIC,BIC,RSS,TSS,SDR
ac8,1,219,212,7,346.76014456445904,1.6356610592663163,0.9794545976648418,0.9787729966395047,115.17479282070319,138.3674892422149,346.76014456445904,16877.749041257106,1.2789296537598605
