Name,FitNum,RedChiSq,lf,AlignMag,Temp,pA,pB,pC,dwB,dwC,kexAB,kexAC,kexBC,k12,k21,k13,k31,k23,k32,tau1,tau2,tau3,dG12,dG13,ddG12,ddG21,ddG13,ddG31,ddG23,ddG32,R1,R1b,R1c,R2,R2b,R2c,pA_err,pB_err,pC_err,dwB_err,dwC_err,kexAB_err,kexAC_err,kexBC_err,k12_err,k21_err,k13_err,k31_err,k23_err,k32_err,tau1_err,tau2_err,tau3_err,dG12_err,dG13_err,ddG12_err,ddG21_err,ddG13_err,ddG31_err,ddG23_err,ddG32_err,R1_err,R1b_err,R1c_err,R2_err,R2b_err,R2c_err
A16_C8_Off,1,0.21855993314017275,150.7,auto,298.15,0.995,0.005,0.0,2.932773946938932,0.0,2952.217664746125,0.0,0.0,14.7610883237,2937.45657642,0.0,0.0,0.0,0.0,0.0677456823012,0.000340430564328,0.0,3.13620237989,0.0,15.8581977343,12.7219953544,0.0,0.0,0.0,0.0,2.911938047494964,2.911938047494964,2.911938047494964,24.76419894839902,24.76419894839902,24.76419894839902,0.005,0.005,0.0,0.06645157748405746,0.0,196.9179463499294,0.0,0.0,14.720432828,196.483083143,0.0,0.0,0.0,0.0,0.0675590948193,2.2771007889e-05,0.0,0.592180499486,0.0,0.590852907075,0.0396306216446,0.0,0.0,0.0,0.0,0.06617273082346693,0.06617273082346693,0.06617273082346693,0.18947594287610792,0.18947594287610792,0.18947594287610792
