Name,FitNum,N,DF,K,ChiSq,RedChiSq,Rsq,AdjRsq,AIC,BIC,RSS,TSS,SDR
A16_C8_Off,1,106,102,4,22.29311318029762,0.21855993314017275,0.99733082843988,0.9972251186751226,-156.8750570658872,-146.61734029339934,22.293113180297613,8352.072048637714,0.46750393917075467
