Name,FitNum,N,DF,K,ChiSq,RedChiSq,Rsq,AdjRsq,AIC,BIC,RSS,TSS,SDR
ac8,1,196,189,7,99.26920693878421,0.5252338991470064,0.9898567397430004,0.9894790651589631,-118.73898588721134,-96.3879279534488,99.26920693878422,9786.715949665248,0.7247302250817241
