Name,FitNum,N,DF,K,ChiSq,RedChiSq,Rsq,AdjRsq,AIC,BIC,RSS,TSS,SDR
hpGBCm6A_m6A_C2_65C,1,91,87,4,220.51019101481387,2.5345998967219985,0.9242695062466709,0.9207471577000045,89.00779713919316,98.5861188861908,220.51019101481384,2911.7754300277525,1.5920426805591608
