Name,FitNum,RedChiSq,lf,AlignMag,Temp,pA,pB,pC,dwB,dwC,kexAB,kexAC,kexBC,k12,k21,k13,k31,k23,k32,tau1,tau2,tau3,dG12,dG13,ddG12,ddG21,ddG13,ddG31,ddG23,ddG32,R1,R1b,R1c,R2,R2b,R2c,pA_err,pB_err,pC_err,dwB_err,dwC_err,kexAB_err,kexAC_err,kexBC_err,k12_err,k21_err,k13_err,k31_err,k23_err,k32_err,tau1_err,tau2_err,tau3_err,dG12_err,dG13_err,ddG12_err,ddG21_err,ddG13_err,ddG31_err,ddG23_err,ddG32_err,R1_err,R1b_err,R1c_err,R2_err,R2b_err,R2c_err
hpGBCm6A_m6A_C2_65C,1,2.5345998967219985,150.88,auto,298.15,0.988,0.012,0.0,2.871091379688064,0.0,1494.4363593008597,0.0,0.0,17.9332363116,1476.50312299,0.0,0.0,0.0,0.0,0.0557623834663,0.000677275912546,0.0,2.6133175392,0.0,15.7428639319,13.1295463927,0.0,0.0,0.0,0.0,4.980230097047093,4.980230097047093,4.980230097047093,11.665357455508762,11.665357455508762,11.665357455508762,0.012,0.012,0.0,0.04446925760665159,0.0,56.64302192309563,0.0,0.0,17.7323765112,58.7015054571,0.0,0.0,0.0,0.0,0.0551378212835,2.69265367999e-05,0.0,0.586322031964,0.0,0.585848670142,0.0235554846982,0.0,0.0,0.0,0.0,0.10285423536398432,0.10285423536398432,0.10285423536398432,0.17895996810038403,0.17895996810038403,0.17895996810038403
