Name,FitNum,RedChiSq,lf,AlignMag,Temp,pA,pB,pC,dwB,dwC,kexAB,kexAC,kexBC,k12,k21,k13,k31,k23,k32,tau1,tau2,tau3,dG12,dG13,ddG12,ddG21,ddG13,ddG31,ddG23,ddG32,R1,R1b,R1c,R2,R2b,R2c,pA_err,pB_err,pC_err,dwB_err,dwC_err,kexAB_err,kexAC_err,kexBC_err,k12_err,k21_err,k13_err,k31_err,k23_err,k32_err,tau1_err,tau2_err,tau3_err,dG12_err,dG13_err,ddG12_err,ddG21_err,ddG13_err,ddG31_err,ddG23_err,ddG32_err,R1_err,R1b_err,R1c_err,R2_err,R2b_err,R2c_err
ac1p,1,0.17023572981275686,150.7,auto,298.15,0.995,0.005,0.0,2.87166899416538,0.0,3433.38922798581,0.0,0.0,17.1669461399,3416.22228185,0.0,0.0,0.0,0.0,0.0582514788506,0.000292720999249,0.0,3.13620237989,0.0,15.7687377228,12.6325353429,0.0,0.0,0.0,0.0,1.9300677148244159,1.9300677148244159,1.9300677148244159,19.98824851820084,19.98824851820084,19.98824851820084,0.005,0.005,0.0,0.05647335006860705,0.0,151.55405836820321,0.0,0.0,17.0981271018,151.760641249,0.0,0.0,0.0,0.0,0.0580179596965,1.30036990828e-05,0.0,0.590696270522,0.0,0.590109589668,0.0263202619747,0.0,0.0,0.0,0.0,0.05543141915406708,0.05543141915406708,0.05543141915406708,0.14396784307694627,0.14396784307694627,0.14396784307694627
