Name,FitNum,RedChiSq,lf,AlignMag,Temp,pA,pB,pC,dwB,dwC,kexAB,kexAC,kexBC,k12,k21,k13,k31,k23,k32,tau1,tau2,tau3,dG12,dG13,ddG12,ddG21,ddG13,ddG31,ddG23,ddG32,R1,R1b,R1c,R2,R2b,R2c,pA_err,pB_err,pC_err,dwB_err,dwC_err,kexAB_err,kexAC_err,kexBC_err,k12_err,k21_err,k13_err,k31_err,k23_err,k32_err,tau1_err,tau2_err,tau3_err,dG12_err,dG13_err,ddG12_err,ddG21_err,ddG13_err,ddG31_err,ddG23_err,ddG32_err,R1_err,R1b_err,R1c_err,R2_err,R2b_err,R2c_err
gc8,1,0.27313848523823664,150.7,auto,298.15,0.92,0.08,0.0,1.4341112925406427,0.0,31.72047986323222,0.0,0.0,2.53763838906,29.1828414742,0.0,0.0,0.0,0.0,0.394067178488,0.0342667111729,0.0,1.44705336996,0.0,16.9014215781,15.4543682082,0.0,0.0,0.0,0.0,2.400827809890141,2.400827809890141,2.400827809890141,24.200529808550293,24.200529808550293,24.200529808550293,0.08,0.08,0.0,0.022104232199423517,0.0,2.873784894550369,0.0,0.0,2.35468755936,3.53296062575,0.0,0.0,0.0,0.0,0.36565693786,0.00414842884491,0.0,0.554429005656,0.0,0.549769609944,0.0717279464048,0.0,0.0,0.0,0.0,0.06737765882569514,0.06737765882569514,0.06737765882569514,0.08754066682947056,0.08754066682947056,0.08754066682947056
