Name,FitNum,RedChiSq,lf,AlignMag,Temp,pA,pB,pC,dwB,dwC,kexAB,kexAC,kexBC,k12,k21,k13,k31,k23,k32,tau1,tau2,tau3,dG12,dG13,ddG12,ddG21,ddG13,ddG31,ddG23,ddG32,R1,R1b,R1c,R2,R2b,R2c,pA_err,pB_err,pC_err,dwB_err,dwC_err,kexAB_err,kexAC_err,kexBC_err,k12_err,k21_err,k13_err,k31_err,k23_err,k32_err,tau1_err,tau2_err,tau3_err,dG12_err,dG13_err,ddG12_err,ddG21_err,ddG13_err,ddG31_err,ddG23_err,ddG32_err,R1_err,R1b_err,R1c_err,R2_err,R2b_err,R2c_err
A16_C8_Off,1,0.32276401792716847,150.7,auto,298.15,0.99,0.01,0.0,2.12449196655755,0.0,4079.808242807567,0.0,0.0,40.7980824281,4039.01016038,0.0,0.0,0.0,0.0,0.0245109559196,0.00024758541333,0.0,2.72253843054,0.0,15.2558537252,12.5333152947,0.0,0.0,0.0,0.0,3.0906270365171604,3.0906270365171604,3.0906270365171604,22.983234624937893,22.983234624937893,22.983234624937893,0.01,0.01,0.0,0.07623709399050187,0.0,285.68244361679643,0.0,0.0,40.4930636255,285.695393069,0.0,0.0,0.0,0.0,0.0243277046004,1.75127095924e-05,0.0,0.589546616731,0.0,0.588055153728,0.0419088233258,0.0,0.0,0.0,0.0,0.07184694866640824,0.07184694866640824,0.07184694866640824,0.27485478378059386,0.27485478378059386,0.27485478378059386
