Name,FitNum,RedChiSq,lf,AlignMag,Temp,pA,pB,pC,dwB,dwC,kexAB,kexAC,kexBC,k12,k21,k13,k31,k23,k32,tau1,tau2,tau3,dG12,dG13,ddG12,ddG21,ddG13,ddG31,ddG23,ddG32,R1,R1b,R1c,R2,R2b,R2c,pA_err,pB_err,pC_err,dwB_err,dwC_err,kexAB_err,kexAC_err,kexBC_err,k12_err,k21_err,k13_err,k31_err,k23_err,k32_err,tau1_err,tau2_err,tau3_err,dG12_err,dG13_err,ddG12_err,ddG21_err,ddG13_err,ddG31_err,ddG23_err,ddG32_err,R1_err,R1b_err,R1c_err,R2_err,R2b_err,R2c_err
ra16_c8_15c,1,0.5445969984952443,150.784195,avg,298.15,0.997160813559,0.002839186440797451,0.0,3.0302946918242406,0.0,5001.3155281818545,0.0,0.0,14.1996672338,4987.11586095,0.0,0.0,0.0,0.0,0.0704241855487,0.000200516697001,0.0,3.47278685311,0.0,15.8811719354,12.4083850823,0.0,0.0,0.0,0.0,1.8282373582639198,1.8282373582639198,1.8282373582639198,33.630809571666845,33.630809571666845,33.630809571666845,0.000537992887187,0.0005379928871871276,0.0,0.34221683478044984,0.0,514.7488429814363,0.0,0.0,3.05525976267,513.29438737,0.0,0.0,0.0,0.0,0.0151527621657,2.06379996003e-05,0.0,0.141315989004,0.0,0.12748149541,0.0609809566669,0.0,0.0,0.0,0.0,0.0434089852209373,0.0434089852209373,0.0434089852209373,0.19877053220985139,0.19877053220985139,0.19877053220985139
