Name,FitNum,RedChiSq,lf,AlignMag,Temp,pA,pB,pC,dwB,dwC,kexAB,kexAC,kexBC,k12,k21,k13,k31,k23,k32,tau1,tau2,tau3,dG12,dG13,ddG12,ddG21,ddG13,ddG31,ddG23,ddG32,R1,R1b,R1c,R2,R2b,R2c,pA_err,pB_err,pC_err,dwB_err,dwC_err,kexAB_err,kexAC_err,kexBC_err,k12_err,k21_err,k13_err,k31_err,k23_err,k32_err,tau1_err,tau2_err,tau3_err,dG12_err,dG13_err,ddG12_err,ddG21_err,ddG13_err,ddG31_err,ddG23_err,ddG32_err,R1_err,R1b_err,R1c_err,R2_err,R2b_err,R2c_err
G_C8_Off_clean,1,0.2723818943518842,150.88,avg,298.15,0.996,0.004,0.0,4.27,0.0,120.01655497982183,0.0,0.0,0.480066219919,119.53648876,0.0,0.0,0.0,0.0,2.08304596013,0.00836564642624,0.0,3.26900669389,0.0,17.8879472599,14.618940566,0.0,0.0,0.0,0.0,2.5596583705231484,2.5596583705231484,2.5596583705231484,16.720950191403617,16.720950191403617,16.720950191403617,0.004,0.004,0.0,4.27,0.0,12.909049759840926,0.0,0.0,0.480929868889,12.8663013611,0.0,0.0,0.0,0.0,2.08679340251,0.000900435750768,0.0,0.596966697841,0.0,0.5935506411,0.0637720532886,0.0,0.0,0.0,0.0,0.043541335134203024,0.043541335134203024,0.043541335134203024,0.05638780224541782,0.05638780224541782,0.05638780224541782
