Name,FitNum,RedChiSq,lf,AlignMag,Temp,pA,pB,pC,dwB,dwC,kexAB,kexAC,kexBC,k12,k21,k13,k31,k23,k32,tau1,tau2,tau3,dG12,dG13,ddG12,ddG21,ddG13,ddG31,ddG23,ddG32,R1,R1b,R1c,R2,R2b,R2c,pA_err,pB_err,pC_err,dwB_err,dwC_err,kexAB_err,kexAC_err,kexBC_err,k12_err,k21_err,k13_err,k31_err,k23_err,k32_err,tau1_err,tau2_err,tau3_err,dG12_err,dG13_err,ddG12_err,ddG21_err,ddG13_err,ddG31_err,ddG23_err,ddG32_err,R1_err,R1b_err,R1c_err,R2_err,R2b_err,R2c_err
ra16_c8_10c,1,1.638639020210122,150.784186,auto,298.15,0.97,0.03,0.0,0.8548389193913303,0.0,4891.716954100008,0.0,0.0,146.751508623,4744.96544548,0.0,0.0,0.0,0.0,0.00681423999919,0.000210749690697,0.0,2.05953545938,0.0,14.497410646,12.4378751866,0.0,0.0,0.0,0.0,1.9244207913999092,1.9244207913999092,1.9244207913999092,41.555264081056805,41.555264081056805,41.555264081056805,0.03,0.03,0.0,0.10010812754165974,0.0,839.8336105527931,0.0,0.0,144.628483432,826.993749692,0.0,0.0,0.0,0.0,0.00671565973031,3.67312847603e-05,0.0,0.592974005929,0.0,0.583913388645,0.103263383001,0.0,0.0,0.0,0.0,0.05443408556680711,0.05443408556680711,0.05443408556680711,0.38562440765323314,0.38562440765323314,0.38562440765323314
