Name,FitNum,N,DF,K,ChiSq,RedChiSq,Rsq,AdjRsq,AIC,BIC,RSS,TSS,SDR
ra16_c8_10c,1,222,218,4,357.22330640580657,1.638639020210122,0.9912787446102492,0.9911179841422354,113.60178417459989,127.212493702089,357.2233064058064,40960.078617307096,1.2800933638645742
