Name,FitNum,RedChiSq,lf,AlignMag,Temp,pA,pB,pC,dwB,dwC,kexAB,kexAC,kexBC,k12,k21,k13,k31,k23,k32,tau1,tau2,tau3,dG12,dG13,ddG12,ddG21,ddG13,ddG31,ddG23,ddG32,R1,R1b,R1c,R2,R2b,R2c,pA_err,pB_err,pC_err,dwB_err,dwC_err,kexAB_err,kexAC_err,kexBC_err,k12_err,k21_err,k13_err,k31_err,k23_err,k32_err,tau1_err,tau2_err,tau3_err,dG12_err,dG13_err,ddG12_err,ddG21_err,ddG13_err,ddG31_err,ddG23_err,ddG32_err,R1_err,R1b_err,R1c_err,R2_err,R2b_err,R2c_err
gc1p,1,0.3991124390906912,150.88,auto,298.15,0.95,0.05,0.0,3.919852101425468,0.0,69.7145266891004,0.0,0.0,3.48572633446,66.2288003546,0.0,0.0,0.0,0.0,0.286884254256,0.0150991712766,0.0,1.7445351892,0.0,16.713341703,14.9688065138,0.0,0.0,0.0,0.0,2.249250474240596,2.249250474240596,2.249250474240596,13.984277874214975,13.984277874214975,13.984277874214975,0.05,0.05,0.0,0.030250218766446096,0.0,1.0297210760616287,0.0,0.0,3.31642300151,3.4573045093,0.0,0.0,0.0,0.0,0.272950153941,0.000788213476037,0.0,0.564555354596,0.0,0.563707491852,0.0309291453729,0.0,0.0,0.0,0.0,0.0421566914581974,0.0421566914581974,0.0421566914581974,0.08009464393767853,0.08009464393767853,0.08009464393767853
