Name,FitNum,N,DF,K,ChiSq,RedChiSq,Rsq,AdjRsq,AIC,BIC,RSS,TSS,SDR
gc8,1,308,301,7,120.13284416629806,0.3991124390906912,0.9792324121630471,0.9787478351135181,-275.982498277304,-249.87179979648897,120.13284416629807,5784.631566721444,0.6317534638533383
