Name,FitNum,RedChiSq,lf,AlignMag,Temp,pA,pB,pC,dwB,dwC,kexAB,kexAC,kexBC,k12,k21,k13,k31,k23,k32,tau1,tau2,tau3,dG12,dG13,ddG12,ddG21,ddG13,ddG31,ddG23,ddG32,R1,R1b,R1c,R2,R2b,R2c,pA_err,pB_err,pC_err,dwB_err,dwC_err,kexAB_err,kexAC_err,kexBC_err,k12_err,k21_err,k13_err,k31_err,k23_err,k32_err,tau1_err,tau2_err,tau3_err,dG12_err,dG13_err,ddG12_err,ddG21_err,ddG13_err,ddG31_err,ddG23_err,ddG32_err,R1_err,R1b_err,R1c_err,R2_err,R2b_err,R2c_err
hpGBCm6A_m6AC2_55C,1,0.28956345034716735,150.7,auto,298.15,0.985,0.015,0.0,2.62031440550591,0.0,405.7889911719549,0.0,0.0,6.08683486758,399.702156304,0.0,0.0,0.0,0.0,0.164288997772,0.00250186291024,0.0,2.47930660859,0.0,16.3830600248,13.9037534162,0.0,0.0,0.0,0.0,4.420876592541795,4.420876592541795,4.420876592541795,13.824232430783802,13.824232430783802,13.824232430783802,0.015,0.015,0.0,0.01695883968165235,0.0,3.3195950400829526,0.0,0.0,5.99643424716,6.82981285056,0.0,0.0,0.0,0.0,0.161849005946,4.27499706598e-05,0.0,0.583773060244,0.0,0.583685267709,0.0101239382573,0.0,0.0,0.0,0.0,0.025177039187098744,0.025177039187098744,0.025177039187098744,0.03160662922602621,0.03160662922602621,0.03160662922602621
