Name,FitNum,N,DF,K,ChiSq,RedChiSq,Rsq,AdjRsq,AIC,BIC,RSS,TSS,SDR
gc1p,1,190,183,7,28.222030031302687,0.15421874334045185,0.9916630925931879,0.9913424423083105,-347.6996419436227,-325.5858580538839,28.222030031302694,3385.1917328771365,0.392706943331095
