Name,FitNum,RedChiSq,lf,AlignMag,Temp,pA,pB,pC,dwB,dwC,kexAB,kexAC,kexBC,k12,k21,k13,k31,k23,k32,tau1,tau2,tau3,dG12,dG13,ddG12,ddG21,ddG13,ddG31,ddG23,ddG32,R1,R1b,R1c,R2,R2b,R2c,pA_err,pB_err,pC_err,dwB_err,dwC_err,kexAB_err,kexAC_err,kexBC_err,k12_err,k21_err,k13_err,k31_err,k23_err,k32_err,tau1_err,tau2_err,tau3_err,dG12_err,dG13_err,ddG12_err,ddG21_err,ddG13_err,ddG31_err,ddG23_err,ddG32_err,R1_err,R1b_err,R1c_err,R2_err,R2b_err,R2c_err
gc1p,1,0.15421874334045185,176.04,auto,298.15,0.993,0.007,0.0,3.5967376149505847,0.0,466.67137060163367,0.0,0.0,3.26669959421,463.404671007,0.0,0.0,0.0,0.0,0.306119363339,0.00215794113129,0.0,2.93565558864,0.0,16.7517917491,13.8161361605,0.0,0.0,0.0,0.0,1.1629389883925358,1.1629389883925358,1.1629389883925358,18.384920408515647,18.384920408515647,18.384920408515647,0.007,0.007,0.0,0.06577162019528386,0.0,9.95525485550779,0.0,0.0,3.24466172494,10.4042024951,0.0,0.0,0.0,0.0,0.304054215224,4.84493530321e-05,0.0,0.588638041294,0.0,0.588487717314,0.013302264065,0.0,0.0,0.0,0.0,0.05697271875702351,0.05697271875702351,0.05697271875702351,0.07416369805184994,0.07416369805184994,0.07416369805184994
