Name,FitNum,N,DF,K,ChiSq,RedChiSq,Rsq,AdjRsq,AIC,BIC,RSS,TSS,SDR
gc1p,1,196,189,7,96.68411005195264,0.5115561378410193,0.9846583198560955,0.9840870870847799,-123.91071142636058,-101.55965349259803,96.68411005195263,6302.054869157659,0.7152315274378075
