Name,FitNum,RedChiSq,lf,AlignMag,Temp,pA,pB,pC,dwB,dwC,kexAB,kexAC,kexBC,k12,k21,k13,k31,k23,k32,tau1,tau2,tau3,dG12,dG13,ddG12,ddG21,ddG13,ddG31,ddG23,ddG32,R1,R1b,R1c,R2,R2b,R2c,pA_err,pB_err,pC_err,dwB_err,dwC_err,kexAB_err,kexAC_err,kexBC_err,k12_err,k21_err,k13_err,k31_err,k23_err,k32_err,tau1_err,tau2_err,tau3_err,dG12_err,dG13_err,ddG12_err,ddG21_err,ddG13_err,ddG31_err,ddG23_err,ddG32_err,R1_err,R1b_err,R1c_err,R2_err,R2b_err,R2c_err
gc1p,1,0.5115561378410193,176.04,auto,298.15,0.997,0.003,0.0,4.14695155008997,0.0,2877.225468211585,0.0,0.0,8.63167640463,2868.59379181,0.0,0.0,0.0,0.0,0.115852350473,0.000348602859999,0.0,3.44004850013,0.0,16.1760988697,12.7360503696,0.0,0.0,0.0,0.0,1.1425942964244697,1.1425942964244697,1.1425942964244697,21.352184328398078,21.352184328398078,21.352184328398078,0.003,0.003,0.0,0.18715551121056778,0.0,408.4151034439901,0.0,0.0,8.69260431082,407.280788536,0.0,0.0,0.0,0.0,0.11667011064,4.9494371811e-05,0.0,0.602567538172,0.0,0.596666886118,0.0841205389254,0.0,0.0,0.0,0.0,0.1675074440638059,0.1675074440638059,0.1675074440638059,0.3807264703243896,0.3807264703243896,0.3807264703243896
