Name,FitNum,RedChiSq,lf,AlignMag,Temp,pA,pB,pC,dwB,dwC,kexAB,kexAC,kexBC,k12,k21,k13,k31,k23,k32,tau1,tau2,tau3,dG12,dG13,ddG12,ddG21,ddG13,ddG31,ddG23,ddG32,R1,R1b,R1c,R2,R2b,R2c,pA_err,pB_err,pC_err,dwB_err,dwC_err,kexAB_err,kexAC_err,kexBC_err,k12_err,k21_err,k13_err,k31_err,k23_err,k32_err,tau1_err,tau2_err,tau3_err,dG12_err,dG13_err,ddG12_err,ddG21_err,ddG13_err,ddG31_err,ddG23_err,ddG32_err,R1_err,R1b_err,R1c_err,R2_err,R2b_err,R2c_err
A16_C8_Off,1,0.20779139941311106,150.88,auto,298.15,0.997478959345,0.0025210406550600457,0.0,2.0863267116338005,0.0,3169.0821535992523,0.0,0.0,7.98938494845,3161.09276865,0.0,0.0,0.0,0.0,0.12516608055,0.000316346299583,0.0,3.54339016356,0.0,16.2219127293,12.6785225658,0.0,0.0,0.0,0.0,2.1699008664864463,2.1699008664864463,2.1699008664864463,22.11737045040449,22.11737045040449,22.11737045040449,0.000855584973681,0.0008555849736811373,0.0,0.3588222630482567,0.0,554.4771932048858,0.0,0.0,3.04447529152,553.08594643,0.0,0.0,0.0,0.0,0.0476964174375,5.5350065724e-05,0.0,0.248436921992,0.0,0.225775224282,0.103665096873,0.0,0.0,0.0,0.0,0.05706882816863065,0.05706882816863065,0.05706882816863065,0.17312068456828952,0.17312068456828952,0.17312068456828952
