Name,FitNum,RedChiSq,lf,AlignMag,Temp,pA,pB,pC,dwB,dwC,kexAB,kexAC,kexBC,k12,k21,k13,k31,k23,k32,tau1,tau2,tau3,dG12,dG13,ddG12,ddG21,ddG13,ddG31,ddG23,ddG32,R1,R1b,R1c,R2,R2b,R2c,pA_err,pB_err,pC_err,dwB_err,dwC_err,kexAB_err,kexAC_err,kexBC_err,k12_err,k21_err,k13_err,k31_err,k23_err,k32_err,tau1_err,tau2_err,tau3_err,dG12_err,dG13_err,ddG12_err,ddG21_err,ddG13_err,ddG31_err,ddG23_err,ddG32_err,R1_err,R1b_err,R1c_err,R2_err,R2b_err,R2c_err
A16_C8_Off,1,0.17267616801071536,170.4,auto,298.15,0.9975,0.0025,0.0,3.0592107676003777,0.0,3206.363157933604,0.0,0.0,8.01590789483,3198.34725004,0.0,0.0,0.0,0.0,0.124751932422,0.000312661484768,0.0,3.54836830122,0.0,16.219949072,12.6715807707,0.0,0.0,0.0,0.0,1.6545073321552064,1.6545073321552064,1.6545073321552064,23.55751446321316,23.55751446321316,23.55751446321316,0.0025,0.0025,0.0,0.10565589565230148,0.0,335.50855463480667,0.0,0.0,8.03976654545,334.765288117,0.0,0.0,0.0,0.0,0.125123245667,3.27257185817e-05,0.0,0.597475298535,0.0,0.594248228065,0.0620143193225,0.0,0.0,0.0,0.0,0.07034710206694916,0.07034710206694916,0.07034710206694916,0.1837863307000851,0.1837863307000851,0.1837863307000851
