Name,FitNum,RedChiSq,lf,AlignMag,Temp,pA,pB,pC,dwB,dwC,kexAB,kexAC,kexBC,k12,k21,k13,k31,k23,k32,tau1,tau2,tau3,dG12,dG13,ddG12,ddG21,ddG13,ddG31,ddG23,ddG32,R1,R1b,R1c,R2,R2b,R2c,pA_err,pB_err,pC_err,dwB_err,dwC_err,kexAB_err,kexAC_err,kexBC_err,k12_err,k21_err,k13_err,k31_err,k23_err,k32_err,tau1_err,tau2_err,tau3_err,dG12_err,dG13_err,ddG12_err,ddG21_err,ddG13_err,ddG31_err,ddG23_err,ddG32_err,R1_err,R1b_err,R1c_err,R2_err,R2b_err,R2c_err
gc8,1,3.994273223278081,150.88,auto,298.15,0.99,0.01,0.0,2.32985057174754,0.0,3017.7348289879624,0.0,0.0,30.1773482899,2987.5574807,0.0,0.0,0.0,0.0,0.0331374377362,0.000334721593295,0.0,2.72253843054,0.0,15.434513647,12.7119752164,0.0,0.0,0.0,0.0,3.858361473813187,3.858361473813187,3.858361473813187,17.12286604499331,17.12286604499331,17.12286604499331,0.01,0.01,0.0,0.10150005994163805,0.0,248.67992680988542,0.0,0.0,29.9804137377,247.999389286,0.0,0.0,0.0,0.0,0.0329211859172,2.77854907409e-05,0.0,0.590669426487,0.0,0.588618248842,0.0491826037946,0.0,0.0,0.0,0.0,0.10218348423196395,0.10218348423196395,0.10218348423196395,0.470299004293139,0.470299004293139,0.470299004293139
