Name,FitNum,N,DF,K,ChiSq,RedChiSq,Rsq,AdjRsq,AIC,BIC,RSS,TSS,SDR
A16_C8_Off,1,104,100,4,29.522700004238725,0.2952270000423873,0.9959933955529405,0.9958315125449786,-122.5560293594347,-112.38250616690962,29.522700004238736,7368.508769540807,0.5433479548524935
