Name,FitNum,RedChiSq,lf,AlignMag,Temp,pA,pB,pC,dwB,dwC,kexAB,kexAC,kexBC,k12,k21,k13,k31,k23,k32,tau1,tau2,tau3,dG12,dG13,ddG12,ddG21,ddG13,ddG31,ddG23,ddG32,R1,R1b,R1c,R2,R2b,R2c,pA_err,pB_err,pC_err,dwB_err,dwC_err,kexAB_err,kexAC_err,kexBC_err,k12_err,k21_err,k13_err,k31_err,k23_err,k32_err,tau1_err,tau2_err,tau3_err,dG12_err,dG13_err,ddG12_err,ddG21_err,ddG13_err,ddG31_err,ddG23_err,ddG32_err,R1_err,R1b_err,R1c_err,R2_err,R2b_err,R2c_err
A16_C8_Off,1,0.2952270000423873,150.7,auto,298.15,0.993,0.007,0.0,2.5013849853496324,0.0,3753.702819700525,0.0,0.0,26.2759197379,3727.42689996,0.0,0.0,0.0,0.0,0.0380576592551,0.000268281585887,0.0,2.93565558864,0.0,15.5165364451,12.5808808565,0.0,0.0,0.0,0.0,3.0124952861089356,3.0124952861089356,3.0124952861089356,23.24108514870583,23.24108514870583,23.24108514870583,0.007,0.007,0.0,0.08076410500190336,0.0,264.2231816669488,0.0,0.0,26.158107057,263.667862734,0.0,0.0,0.0,0.0,0.0378870210848,1.89774968793e-05,0.0,0.591315365947,0.0,0.589828239916,0.0419107313533,0.0,0.0,0.0,0.0,0.06949177986585968,0.06949177986585968,0.06949177986585968,0.2460397888086519,0.2460397888086519,0.2460397888086519
