Name,FitNum,RedChiSq,lf,AlignMag,Temp,pA,pB,pC,dwB,dwC,kexAB,kexAC,kexBC,k12,k21,k13,k31,k23,k32,tau1,tau2,tau3,dG12,dG13,ddG12,ddG21,ddG13,ddG31,ddG23,ddG32,R1,R1b,R1c,R2,R2b,R2c,pA_err,pB_err,pC_err,dwB_err,dwC_err,kexAB_err,kexAC_err,kexBC_err,k12_err,k21_err,k13_err,k31_err,k23_err,k32_err,tau1_err,tau2_err,tau3_err,dG12_err,dG13_err,ddG12_err,ddG21_err,ddG13_err,ddG31_err,ddG23_err,ddG32_err,R1_err,R1b_err,R1c_err,R2_err,R2b_err,R2c_err
hpGBCm6A_m6A_C2_65C,1,8.360492362892247,150.88,auto,298.15,0.95,0.05,0.0,2.4590127563721613,0.0,221.893858458351,0.0,0.0,11.0946929229,210.799165535,0.0,0.0,0.0,0.0,0.0901331841221,0.0047438517959,0.0,1.7445351892,0.0,16.0273685255,14.2828333363,0.0,0.0,0.0,0.0,4.584647189267359,4.584647189267359,4.584647189267359,13.732368670276983,13.732368670276983,13.732368670276983,0.05,0.05,0.0,0.05523109454682837,0.0,7.23680806472191,0.0,0.0,10.5607471081,12.5961752667,0.0,0.0,0.0,0.0,0.0857954131921,0.000283465963961,0.0,0.565080834057,0.0,0.563970687782,0.0354035639608,0.0,0.0,0.0,0.0,0.1774738958948563,0.1774738958948563,0.1774738958948563,0.20259296923021541,0.20259296923021541,0.20259296923021541
