Name,FitNum,RedChiSq,lf,AlignMag,Temp,pA,pB,pC,dwB,dwC,kexAB,kexAC,kexBC,k12,k21,k13,k31,k23,k32,tau1,tau2,tau3,dG12,dG13,ddG12,ddG21,ddG13,ddG31,ddG23,ddG32,R1,R1b,R1c,R2,R2b,R2c,pA_err,pB_err,pC_err,dwB_err,dwC_err,kexAB_err,kexAC_err,kexBC_err,k12_err,k21_err,k13_err,k31_err,k23_err,k32_err,tau1_err,tau2_err,tau3_err,dG12_err,dG13_err,ddG12_err,ddG21_err,ddG13_err,ddG31_err,ddG23_err,ddG32_err,R1_err,R1b_err,R1c_err,R2_err,R2b_err,R2c_err
A16_C8_Off,1,0.45441433309141854,150.7,auto,298.15,0.997,0.003,0.0,3.7442825450696886,0.0,3235.7476401720633,0.0,0.0,9.70724292052,3226.04039725,0.0,0.0,0.0,0.0,0.103015862299,0.000309977519454,0.0,3.44004850013,0.0,16.1065212762,12.6664727761,0.0,0.0,0.0,0.0,2.789134885040863,2.789134885040863,2.789134885040863,24.13167245932055,24.13167245932055,24.13167245932055,0.003,0.003,0.0,0.15079088520276301,0.0,404.7486732651023,0.0,0.0,9.75403871604,403.650468661,0.0,0.0,0.0,0.0,0.103512471817,3.8785184187e-05,0.0,0.599938809439,0.0,0.59534094559,0.0741332150611,0.0,0.0,0.0,0.0,0.09561382718234694,0.09561382718234694,0.09561382718234694,0.28757966828825166,0.28757966828825166,0.28757966828825166
