Name,FitNum,N,DF,K,ChiSq,RedChiSq,Rsq,AdjRsq,AIC,BIC,RSS,TSS,SDR
A16_C8_Off,1,104,100,4,45.44143330914186,0.45441433309141854,0.9938330217510247,0.9935838509126823,-77.70448415839363,-67.53096096586853,45.44143330914185,7368.508769540807,0.6741026131765241
