Name,FitNum,RedChiSq,lf,AlignMag,Temp,pA,pB,pC,dwB,dwC,kexAB,kexAC,kexBC,k12,k21,k13,k31,k23,k32,tau1,tau2,tau3,dG12,dG13,ddG12,ddG21,ddG13,ddG31,ddG23,ddG32,R1,R1b,R1c,R2,R2b,R2c,pA_err,pB_err,pC_err,dwB_err,dwC_err,kexAB_err,kexAC_err,kexBC_err,k12_err,k21_err,k13_err,k31_err,k23_err,k32_err,tau1_err,tau2_err,tau3_err,dG12_err,dG13_err,ddG12_err,ddG21_err,ddG13_err,ddG31_err,ddG23_err,ddG32_err,R1_err,R1b_err,R1c_err,R2_err,R2b_err,R2c_err
A21_C1p_Off,1,0.35585218802859775,150.7,avg,298.15,0.9995,0.0005,0.0,4.6497426313267205,0.0,2427.4276578172235,0.0,0.0,1.21371382891,2426.21394399,0.0,0.0,0.0,0.0,0.823917447574,0.00041216480619,0.0,4.50312246865,0.0,17.3384080774,12.8352856088,0.0,0.0,0.0,0.0,1.826937741044405,1.826937741044405,1.826937741044405,14.621472468876961,14.621472468876961,14.621472468876961,0.0005,0.0005,0.0,0.7996268617742073,0.0,1484.3615505248129,0.0,0.0,1.42213262284,1483.61986571,0.0,0.0,0.0,0.0,0.965400453397,0.000252037086806,0.0,0.783078982778,0.0,0.694226159303,0.362301991449,0.0,0.0,0.0,0.0,0.09654710642950139,0.09654710642950139,0.09654710642950139,0.24083380615298178,0.24083380615298178,0.24083380615298178
