Name,FitNum,N,DF,K,ChiSq,RedChiSq,Rsq,AdjRsq,AIC,BIC,RSS,TSS,SDR
A21_C1p_Off,1,109,105,4,37.36447974300276,0.35585218802859775,0.9817666888799673,0.981065407683043,-108.31376779157182,-97.93299164727063,37.36447974300277,2049.2427018343847,0.5965334760334895
