Name,FitNum,RedChiSq,lf,AlignMag,Temp,pA,pB,pC,dwB,dwC,kexAB,kexAC,kexBC,k12,k21,k13,k31,k23,k32,tau1,tau2,tau3,dG12,dG13,ddG12,ddG21,ddG13,ddG31,ddG23,ddG32,R1,R1b,R1c,R2,R2b,R2c,pA_err,pB_err,pC_err,dwB_err,dwC_err,kexAB_err,kexAC_err,kexBC_err,k12_err,k21_err,k13_err,k31_err,k23_err,k32_err,tau1_err,tau2_err,tau3_err,dG12_err,dG13_err,ddG12_err,ddG21_err,ddG13_err,ddG31_err,ddG23_err,ddG32_err,R1_err,R1b_err,R1c_err,R2_err,R2b_err,R2c_err
gc1p,1,1.0903731190043353,176.04,avg,298.15,0.99,0.01,0.0,1.6512594057267629,0.0,4210.022449646387,0.0,0.0,42.1002244965,4167.92222515,0.0,0.0,0.0,0.0,0.0237528424601,0.000239927701617,0.0,2.72253843054,0.0,15.2372390441,12.5147006135,0.0,0.0,0.0,0.0,2.1215424351670022,2.1215424351670022,2.1215424351670022,16.56235747737392,16.56235747737392,16.56235747737392,0.01,0.01,0.0,0.10618301975026706,0.0,439.31120785846986,0.0,0.0,41.9122207013,436.910843133,0.0,0.0,0.0,0.0,0.0236467711842,2.51509046335e-05,0.0,0.593099842244,0.0,0.589838934466,0.0621084073067,0.0,0.0,0.0,0.0,0.14279898925162662,0.14279898925162662,0.14279898925162662,0.42823949658685406,0.42823949658685406,0.42823949658685406
