Name,FitNum,RedChiSq,lf,AlignMag,Temp,pA,pB,pC,dwB,dwC,kexAB,kexAC,kexBC,k12,k21,k13,k31,k23,k32,tau1,tau2,tau3,dG12,dG13,ddG12,ddG21,ddG13,ddG31,ddG23,ddG32,R1,R1b,R1c,R2,R2b,R2c,pA_err,pB_err,pC_err,dwB_err,dwC_err,kexAB_err,kexAC_err,kexBC_err,k12_err,k21_err,k13_err,k31_err,k23_err,k32_err,tau1_err,tau2_err,tau3_err,dG12_err,dG13_err,ddG12_err,ddG21_err,ddG13_err,ddG31_err,ddG23_err,ddG32_err,R1_err,R1b_err,R1c_err,R2_err,R2b_err,R2c_err
A6RNAm6A_C2_37,1,1.478572181554221,150.88,auto,298.15,0.987,0.013,0.0,0.5725426872410817,0.0,1201.5793678464515,0.0,0.0,15.620531782,1185.95883606,0.0,0.0,0.0,0.0,0.0640183070561,0.000843199586352,0.0,2.56529347104,0.0,15.8246680521,13.259374581,0.0,0.0,0.0,0.0,4.726122115374196,4.726122115374196,4.726122115374196,20.8870968708686,20.8870968708686,20.8870968708686,0.013,0.013,0.0,0.026105815058718757,0.0,327.159334239446,0.0,0.0,15.994626442,323.274177867,0.0,0.0,0.0,0.0,0.0655514755261,0.000229843266702,0.0,0.627802877932,0.0,0.606674110933,0.161502249718,0.0,0.0,0.0,0.0,0.05483693002913823,0.05483693002913823,0.05483693002913823,0.08905722118372392,0.08905722118372392,0.08905722118372392
