Name,FitNum,N,DF,K,ChiSq,RedChiSq,Rsq,AdjRsq,AIC,BIC,RSS,TSS,SDR
A21_C1p_Off,1,109,105,4,21.637300736573224,0.20606953082450688,0.9894413186309242,0.9890352155013444,-167.86066424781464,-157.47988810351345,21.637300736573213,2049.2427018343847,0.45394881960911276
