Name,FitNum,RedChiSq,lf,AlignMag,Temp,pA,pB,pC,dwB,dwC,kexAB,kexAC,kexBC,k12,k21,k13,k31,k23,k32,tau1,tau2,tau3,dG12,dG13,ddG12,ddG21,ddG13,ddG31,ddG23,ddG32,R1,R1b,R1c,R2,R2b,R2c,pA_err,pB_err,pC_err,dwB_err,dwC_err,kexAB_err,kexAC_err,kexBC_err,k12_err,k21_err,k13_err,k31_err,k23_err,k32_err,tau1_err,tau2_err,tau3_err,dG12_err,dG13_err,ddG12_err,ddG21_err,ddG13_err,ddG31_err,ddG23_err,ddG32_err,R1_err,R1b_err,R1c_err,R2_err,R2b_err,R2c_err
A21_C1p_Off,1,0.20606953082450688,150.7,avg,298.15,0.997,0.003,0.0,2.688342653087741,0.0,658.3102400697995,0.0,0.0,1.97493072021,656.33530935,0.0,0.0,0.0,0.0,0.50634687575,0.00152361146163,0.0,3.44004850013,0.0,17.0499578371,13.609909337,0.0,0.0,0.0,0.0,1.653217368143273,1.653217368143273,1.653217368143273,14.553237812146673,14.553237812146673,14.553237812146673,0.003,0.003,0.0,0.15894838653151006,0.0,85.68484616881797,0.0,0.0,1.98572316389,85.4504804099,0.0,0.0,0.0,0.0,0.50911391972,0.00019836405188,0.0,0.600695859187,0.0,0.595722512234,0.0771375632352,0.0,0.0,0.0,0.0,0.06646646473132596,0.06646646473132596,0.06646646473132596,0.08928994234588367,0.08928994234588367,0.08928994234588367
