param,fit_val,fit_err
kex(s-1),5.75015407016,0.190694892609
tau_ex(s),0.173908383636,0.00576740034034
R1n(s-1),8.08462603878,0.341628850041
