Name,FitNum,N,DF,K,ChiSq,RedChiSq,Rsq,AdjRsq,AIC,BIC,RSS,TSS,SDR
gc8,1,190,183,7,331.1654618941722,1.8096473327550393,0.9547808713328069,0.9530416740763763,120.17825662194197,142.29204051168077,331.16546189417215,7323.570171630386,1.3452313305729386
