Name,FitNum,N,DF,K,ChiSq,RedChiSq,Rsq,AdjRsq,AIC,BIC,RSS,TSS,SDR
ac8,1,196,189,7,132.4508247972726,0.7007980148003841,0.9864662645285212,0.9859623488460725,-62.21728571333178,-39.86622777956923,132.45082479727262,9786.715949665248,0.8371367957510792
