Name,FitNum,N,DF,K,ChiSq,RedChiSq,Rsq,AdjRsq,AIC,BIC,RSS,TSS,SDR
gc1p,1,190,183,7,28.12752302824895,0.15370231162977568,0.9916910103628479,0.9913714338383421,-348.3369619023963,-326.2231780126575,28.12752302824895,3385.1917328771365,0.39204886382921156
