Name,FitNum,RedChiSq,lf,AlignMag,Temp,pA,pB,pC,dwB,dwC,kexAB,kexAC,kexBC,k12,k21,k13,k31,k23,k32,tau1,tau2,tau3,dG12,dG13,ddG12,ddG21,ddG13,ddG31,ddG23,ddG32,R1,R1b,R1c,R2,R2b,R2c,pA_err,pB_err,pC_err,dwB_err,dwC_err,kexAB_err,kexAC_err,kexBC_err,k12_err,k21_err,k13_err,k31_err,k23_err,k32_err,tau1_err,tau2_err,tau3_err,dG12_err,dG13_err,ddG12_err,ddG21_err,ddG13_err,ddG31_err,ddG23_err,ddG32_err,R1_err,R1b_err,R1c_err,R2_err,R2b_err,R2c_err
gc8,1,0.15370231162977568,176.04,auto,298.15,0.985,0.015,0.0,3.0668424198259685,0.0,196.61662867062495,0.0,0.0,2.94924943006,193.667379241,0.0,0.0,0.0,0.0,0.33906932042,0.00516349218914,0.0,2.47930660859,0.0,16.8123611506,14.333054542,0.0,0.0,0.0,0.0,1.26156869991352,1.26156869991352,1.26156869991352,27.776341851268704,27.776341851268704,27.776341851268704,0.015,0.015,0.0,0.04252629223559046,0.0,4.0215086726812235,0.0,0.0,2.90597367278,4.91243717835,0.0,0.0,0.0,0.0,0.334093992982,0.000130973688494,0.0,0.583984343586,0.0,0.583790934825,0.0150285717682,0.0,0.0,0.0,0.0,0.052978300587818154,0.052978300587818154,0.052978300587818154,0.07571728313441001,0.07571728313441001,0.07571728313441001
