Name,FitNum,N,DF,K,ChiSq,RedChiSq,Rsq,AdjRsq,AIC,BIC,RSS,TSS,SDR
gc8,1,190,183,7,28.12752302824895,0.15370231162977568,0.9961593154200655,0.9960115967823757,-348.3369619023963,-326.2231780126575,28.12752302824895,7323.570171630386,0.39204886382921156
