Name,FitNum,N,DF,K,ChiSq,RedChiSq,Rsq,AdjRsq,AIC,BIC,RSS,TSS,SDR
g10c1p,1,180,173,7,331.9896662395573,1.9190154117893488,0.9509445404135264,0.9489480972908211,124.83762130702875,146.53715647256257,331.9896662395573,6767.639505126548,1.3852853178278288
