Name,FitNum,RedChiSq,lf,AlignMag,Temp,pA,pB,pC,dwB,dwC,kexAB,kexAC,kexBC,k12,k21,k13,k31,k23,k32,tau1,tau2,tau3,dG12,dG13,ddG12,ddG21,ddG13,ddG31,ddG23,ddG32,R1,R1b,R1c,R2,R2b,R2c,pA_err,pB_err,pC_err,dwB_err,dwC_err,kexAB_err,kexAC_err,kexBC_err,k12_err,k21_err,k13_err,k31_err,k23_err,k32_err,tau1_err,tau2_err,tau3_err,dG12_err,dG13_err,ddG12_err,ddG21_err,ddG13_err,ddG31_err,ddG23_err,ddG32_err,R1_err,R1b_err,R1c_err,R2_err,R2b_err,R2c_err
g10c8,1,1.9190154117893488,176.04,auto,298.15,0.965,0.035,0.0,3.3203435752485198,0.0,356.59086037905104,0.0,0.0,12.4806801133,344.110180266,0.0,0.0,0.0,0.0,0.080123838679,0.00290604596245,0.0,1.96514158904,0.0,15.9576241958,13.9924826068,0.0,0.0,0.0,0.0,0.010000000000000002,0.010000000000000002,0.010000000000000002,27.344374722298138,27.344374722298138,27.344374722298138,0.035,0.035,0.0,0.13325880385434322,0.0,9.778073633525,0.0,0.0,12.0566335671,15.3062205092,0.0,0.0,0.0,0.0,0.0774015321422,0.000129262610821,0.0,0.572960762053,0.0,0.572354346613,0.0263540654563,0.0,0.0,0.0,0.0,0.48864136961102933,0.48864136961102933,0.48864136961102933,0.5203910732615467,0.5203910732615467,0.5203910732615467
