Name,FitNum,N,DF,K,ChiSq,RedChiSq,Rsq,AdjRsq,AIC,BIC,RSS,TSS,SDR
g10c8,1,180,173,7,331.9896662395573,1.9190154117893488,0.9661102499688407,0.9647310159559446,124.83762130702875,146.53715647256257,331.9896662395573,9796.167452823202,1.3852853178278288
