Name,FitNum,N,DF,K,ChiSq,RedChiSq,Rsq,AdjRsq,AIC,BIC,RSS,TSS,SDR
T8_N3_Off,1,97,93,4,15.2233668462,0.16369211662580643,0.9731115851124925,0.9719425235956444,-171.1975229318681,-161.33346162655022,15.2233668462,566.1682516388443,0.40458882414842656
