Name,FitNum,N,DF,K,ChiSq,RedChiSq,Rsq,AdjRsq,AIC,BIC,RSS,TSS,SDR
ra16_c8_10c,1,222,218,4,162.03169425990956,0.7432646525683925,0.996044155682078,0.9959712368928076,-61.904563727493226,-48.293854200004105,162.03169425990967,40960.078617307096,0.8621279792283701
