Name,FitNum,RedChiSq,lf,AlignMag,Temp,pA,pB,pC,dwB,dwC,kexAB,kexAC,kexBC,k12,k21,k13,k31,k23,k32,tau1,tau2,tau3,dG12,dG13,ddG12,ddG21,ddG13,ddG31,ddG23,ddG32,R1,R1b,R1c,R2,R2b,R2c,pA_err,pB_err,pC_err,dwB_err,dwC_err,kexAB_err,kexAC_err,kexBC_err,k12_err,k21_err,k13_err,k31_err,k23_err,k32_err,tau1_err,tau2_err,tau3_err,dG12_err,dG13_err,ddG12_err,ddG21_err,ddG13_err,ddG31_err,ddG23_err,ddG32_err,R1_err,R1b_err,R1c_err,R2_err,R2b_err,R2c_err
ra16_c8_10c,1,0.7432646525683925,150.784186,auto,298.15,0.997,0.003,0.0,3.7313180252608,0.0,574.3544426918155,0.0,0.0,1.72306332808,572.631379364,0.0,0.0,0.0,0.0,0.580361721886,0.00174632413807,0.0,3.44004850013,0.0,17.1307902991,13.690741799,0.0,0.0,0.0,0.0,1.4327743909747725,1.4327743909747725,1.4327743909747725,43.12155087095774,43.12155087095774,43.12155087095774,0.003,0.003,0.0,0.09151238112412524,0.0,30.770469885894624,0.0,0.0,1.72038030289,30.7262199836,0.0,0.0,0.0,0.0,0.579458026071,9.37041551735e-05,0.0,0.592415823767,0.0,0.591562176009,0.0317915108873,0.0,0.0,0.0,0.0,0.04047302774739775,0.04047302774739775,0.04047302774739775,0.08347874297453721,0.08347874297453721,0.08347874297453721
