Name,FitNum,RedChiSq,lf,AlignMag,Temp,pA,pB,pC,dwB,dwC,kexAB,kexAC,kexBC,k12,k21,k13,k31,k23,k32,tau1,tau2,tau3,dG12,dG13,ddG12,ddG21,ddG13,ddG31,ddG23,ddG32,R1,R1b,R1c,R2,R2b,R2c,pA_err,pB_err,pC_err,dwB_err,dwC_err,kexAB_err,kexAC_err,kexBC_err,k12_err,k21_err,k13_err,k31_err,k23_err,k32_err,tau1_err,tau2_err,tau3_err,dG12_err,dG13_err,ddG12_err,ddG21_err,ddG13_err,ddG31_err,ddG23_err,ddG32_err,R1_err,R1b_err,R1c_err,R2_err,R2b_err,R2c_err
A16_C8_Off,1,0.1340083441913364,170.4,auto,298.15,0.994,0.006,0.0,2.1119927049972453,0.0,4189.749711196202,0.0,0.0,25.1384982672,4164.61121293,0.0,0.0,0.0,0.0,0.0397796236423,0.000240118452569,0.0,3.02758387661,0.0,15.5427553492,12.5151714726,0.0,0.0,0.0,0.0,1.8401628820914453,1.8401628820914453,1.8401628820914453,22.77069585873833,22.77069585873833,22.77069585873833,0.006,0.006,0.0,0.07521515471073027,0.0,290.8064370997475,0.0,0.0,25.0489666011,290.139645654,0.0,0.0,0.0,0.0,0.0396379470813,1.67285441981e-05,0.0,0.591815819323,0.0,0.590374593141,0.0412771580131,0.0,0.0,0.0,0.0,0.055814483033907195,0.055814483033907195,0.055814483033907195,0.19856159997050235,0.19856159997050235,0.19856159997050235
