Name,FitNum,N,DF,K,ChiSq,RedChiSq,Rsq,AdjRsq,AIC,BIC,RSS,TSS,SDR
A16_C8_Off,1,93,89,4,11.926742633028939,0.1340083441913364,0.9978347100532868,0.9977362877829817,-182.55037363595366,-172.8745211178861,11.926742633028944,5508.15037548826,0.3660715014738739
