Name,FitNum,RedChiSq,lf,AlignMag,Temp,pA,pB,pC,dwB,dwC,kexAB,kexAC,kexBC,k12,k21,k13,k31,k23,k32,tau1,tau2,tau3,dG12,dG13,ddG12,ddG21,ddG13,ddG31,ddG23,ddG32,R1,R1b,R1c,R2,R2b,R2c,pA_err,pB_err,pC_err,dwB_err,dwC_err,kexAB_err,kexAC_err,kexBC_err,k12_err,k21_err,k13_err,k31_err,k23_err,k32_err,tau1_err,tau2_err,tau3_err,dG12_err,dG13_err,ddG12_err,ddG21_err,ddG13_err,ddG31_err,ddG23_err,ddG32_err,R1_err,R1b_err,R1c_err,R2_err,R2b_err,R2c_err
gc1p,1,0.3290295320423143,150.7,auto,298.15,0.99,0.01,0.0,2.9182151616708225,0.0,2150.723640936188,0.0,0.0,21.5072364094,2129.21640453,0.0,0.0,0.0,0.0,0.0464959784217,0.000469656347694,0.0,2.72253843054,0.0,15.6351894938,12.9126510632,0.0,0.0,0.0,0.0,2.235528449077682,2.235528449077682,2.235528449077682,14.19631587106224,14.19631587106224,14.19631587106224,0.01,0.01,0.0,0.03774001596551468,0.0,75.22519779472245,0.0,0.0,21.3065339483,77.457227968,0.0,0.0,0.0,0.0,0.0460620845861,1.70852895519e-05,0.0,0.58735136637,0.0,0.586955765766,0.021553575374,0.0,0.0,0.0,0.0,0.10671871368628644,0.10671871368628644,0.10671871368628644,0.2207566270360871,0.2207566270360871,0.2207566270360871
