param,fit_val,fit_err
kex(s-1),2.98921292255,0.122242576812
tau_ex(s),0.334536222715,0.0136807149444
R1n(s-1),4.52630934192,0.228451714029
