Name,FitNum,RedChiSq,lf,AlignMag,Temp,pA,pB,pC,dwB,dwC,kexAB,kexAC,kexBC,k12,k21,k13,k31,k23,k32,tau1,tau2,tau3,dG12,dG13,ddG12,ddG21,ddG13,ddG31,ddG23,ddG32,R1,R1b,R1c,R2,R2b,R2c,pA_err,pB_err,pC_err,dwB_err,dwC_err,kexAB_err,kexAC_err,kexBC_err,k12_err,k21_err,k13_err,k31_err,k23_err,k32_err,tau1_err,tau2_err,tau3_err,dG12_err,dG13_err,ddG12_err,ddG21_err,ddG13_err,ddG31_err,ddG23_err,ddG32_err,R1_err,R1b_err,R1c_err,R2_err,R2b_err,R2c_err
G7N1_pH5.3HS_25C,1,0.7995685831852335,70.960765,auto,298.15,0.997,0.003,0.0,-2.0416822668258594,0.0,228.9140565063438,0.0,0.0,0.686742169519,228.227314337,0.0,0.0,0.0,0.0,1.45615056769,0.00438159649254,0.0,3.44004850013,0.0,17.6758170597,14.2357685596,0.0,0.0,0.0,0.0,2.034842550705558,2.034842550705558,2.034842550705558,8.5484511516229,8.5484511516229,8.5484511516229,0.003,0.003,0.0,0.14962018492669657,0.0,16.304180558133254,0.0,0.0,0.686429926759,16.2696813704,0.0,0.0,0.0,0.0,1.45548849611,0.000312351652713,0.0,0.593719599623,0.0,0.592215362388,0.0422365662468,0.0,0.0,0.0,0.0,0.01977273554738816,0.01977273554738816,0.01977273554738816,0.02362435477025904,0.02362435477025904,0.02362435477025904
