Name,FitNum,N,DF,K,ChiSq,RedChiSq,Rsq,AdjRsq,AIC,BIC,RSS,TSS,SDR
G7C8_pH5.3HS_25C,1,280,270,10,215.88351746001305,0.7995685831852335,0.9792139980503874,0.9784412842232643,-51.996327483316406,-16.466275317794917,215.88351746001308,10386.004869206554,0.8941859891461248
