param,fit_val,fit_err
kex(s-1),7.19458002916,0.248266358413
tau_ex(s),0.138993519559,0.00479630705392
R1n(s-1),9.68569989786,0.415156814689
