Name,FitNum,RedChiSq,lf,AlignMag,Temp,pA,pB,pC,dwB,dwC,kexAB,kexAC,kexBC,k12,k21,k13,k31,k23,k32,tau1,tau2,tau3,dG12,dG13,ddG12,ddG21,ddG13,ddG31,ddG23,ddG32,R1,R1b,R1c,R2,R2b,R2c,pA_err,pB_err,pC_err,dwB_err,dwC_err,kexAB_err,kexAC_err,kexBC_err,k12_err,k21_err,k13_err,k31_err,k23_err,k32_err,tau1_err,tau2_err,tau3_err,dG12_err,dG13_err,ddG12_err,ddG21_err,ddG13_err,ddG31_err,ddG23_err,ddG32_err,R1_err,R1b_err,R1c_err,R2_err,R2b_err,R2c_err
gc8,1,1.3128567286147588,176.04,avg,298.15,0.98,0.02,0.0,1.1809565518645095,0.0,4986.810675556373,0.0,0.0,99.7362135111,4887.07446205,0.0,0.0,0.0,0.0,0.0100264484162,0.00020462139625,0.0,2.30584417206,0.0,14.7262353084,12.4203911363,0.0,0.0,0.0,0.0,2.420725763202698,2.420725763202698,2.420725763202698,25.442057251879433,25.442057251879433,25.442057251879433,0.02,0.02,0.0,0.11352011989271578,0.0,643.024587681744,0.0,0.0,98.6041068723,637.702254536,0.0,0.0,0.0,0.0,0.00991263811187,2.67005397049e-05,0.0,0.590839451544,0.0,0.585759449286,0.0773118689069,0.0,0.0,0.0,0.0,0.1402472183783446,0.1402472183783446,0.1402472183783446,0.6335398236374246,0.6335398236374246,0.6335398236374246
