Name,FitNum,RedChiSq,lf,AlignMag,Temp,pA,pB,pC,dwB,dwC,kexAB,kexAC,kexBC,k12,k21,k13,k31,k23,k32,tau1,tau2,tau3,dG12,dG13,ddG12,ddG21,ddG13,ddG31,ddG23,ddG32,R1,R1b,R1c,R2,R2b,R2c,pA_err,pB_err,pC_err,dwB_err,dwC_err,kexAB_err,kexAC_err,kexBC_err,k12_err,k21_err,k13_err,k31_err,k23_err,k32_err,tau1_err,tau2_err,tau3_err,dG12_err,dG13_err,ddG12_err,ddG21_err,ddG13_err,ddG31_err,ddG23_err,ddG32_err,R1_err,R1b_err,R1c_err,R2_err,R2b_err,R2c_err
ac8,1,0.9567335753976466,176.04,auto,298.15,0.92,0.08,0.0,0.8169805379372986,0.0,5881.799485635237,0.0,0.0,470.543958851,5411.25552678,0.0,0.0,0.0,0.0,0.00212519995463,0.000184799996055,0.0,1.44705336996,0.0,13.8070778431,12.3600244731,0.0,0.0,0.0,0.0,2.06525363956596,2.06525363956596,2.06525363956596,25.5761664834945,25.5761664834945,25.5761664834945,0.08,0.08,0.0,0.06282531784016819,0.0,560.1470487855811,0.0,0.0,436.838552948,674.084774344,0.0,0.0,0.0,0.0,0.00197297033665,2.3020695109e-05,0.0,0.554974302508,0.0,0.550044635537,0.0738063368627,0.0,0.0,0.0,0.0,0.2037671389369171,0.2037671389369171,0.2037671389369171,0.805828972128217,0.805828972128217,0.805828972128217
