Name,FitNum,N,DF,K,ChiSq,RedChiSq,Rsq,AdjRsq,AIC,BIC,RSS,TSS,SDR
ac8,1,209,202,7,120.59217997382379,0.5969909899694247,0.9869713649329088,0.9865176313733584,-100.37602687077118,-77.53690103736577,120.59217997382376,9255.93351512513,0.7726519203169203
