Name,FitNum,RedChiSq,lf,AlignMag,Temp,pA,pB,pC,dwB,dwC,kexAB,kexAC,kexBC,k12,k21,k13,k31,k23,k32,tau1,tau2,tau3,dG12,dG13,ddG12,ddG21,ddG13,ddG31,ddG23,ddG32,R1,R1b,R1c,R2,R2b,R2c,pA_err,pB_err,pC_err,dwB_err,dwC_err,kexAB_err,kexAC_err,kexBC_err,k12_err,k21_err,k13_err,k31_err,k23_err,k32_err,tau1_err,tau2_err,tau3_err,dG12_err,dG13_err,ddG12_err,ddG21_err,ddG13_err,ddG31_err,ddG23_err,ddG32_err,R1_err,R1b_err,R1c_err,R2_err,R2b_err,R2c_err
ac8,1,0.5969909899694247,150.7,auto,298.15,0.991,0.009,0.0,4.167822434470203,0.0,292.45901987772123,0.0,0.0,2.6321311789,289.826888699,0.0,0.0,0.0,0.0,0.379920274497,0.00345033548988,0.0,2.78556109659,0.0,16.8797603524,14.0941992558,0.0,0.0,0.0,0.0,1.59623213547237,1.59623213547237,1.59623213547237,31.54539207371819,31.54539207371819,31.54539207371819,0.009,0.009,0.0,0.20551228153087606,0.0,14.253311893334416,0.0,0.0,2.61170184834,14.3638804741,0.0,0.0,0.0,0.0,0.376971516876,0.000170999339622,0.0,0.588619038128,0.0,0.587886168517,0.0293636665461,0.0,0.0,0.0,0.0,0.14161654801630383,0.14161654801630383,0.14161654801630383,0.17301220246244078,0.17301220246244078,0.17301220246244078
