param,fit_val,fit_err
kex(s-1),389.546515125,32.271245048
tau_ex(s),0.00256708752658,0.000212665515961
R1n(s-1),172.896175806,19.8680715688
