Name,FitNum,RedChiSq,lf,AlignMag,Temp,pA,pB,pC,dwB,dwC,kexAB,kexAC,kexBC,k12,k21,k13,k31,k23,k32,tau1,tau2,tau3,dG12,dG13,ddG12,ddG21,ddG13,ddG31,ddG23,ddG32,R1,R1b,R1c,R2,R2b,R2c,pA_err,pB_err,pC_err,dwB_err,dwC_err,kexAB_err,kexAC_err,kexBC_err,k12_err,k21_err,k13_err,k31_err,k23_err,k32_err,tau1_err,tau2_err,tau3_err,dG12_err,dG13_err,ddG12_err,ddG21_err,ddG13_err,ddG31_err,ddG23_err,ddG32_err,R1_err,R1b_err,R1c_err,R2_err,R2b_err,R2c_err
G_C8_Off,1,0.18029913695849745,150.88,auto,298.15,0.9999,0.0001,0.0,4.27,0.0,692.9671024436774,0.0,0.0,0.0692967102444,692.897805733,0.0,0.0,0.0,0.0,14.4306994729,0.00144321426872,0.0,5.45692695108,0.0,19.0347172625,13.5777903114,0.0,0.0,0.0,0.0,0.9685385445730061,0.9685385445730061,0.9685385445730061,32.25952715594213,32.25952715594213,32.25952715594213,0.0001,0.0001,0.0,4.27,0.0,2920.4865235867287,0.0,0.0,0.300155774698,2920.19447576,0.0,0.0,0.0,0.0,62.505965499,0.0060823779495,0.0,3.5806502441,0.0,2.56632267497,2.49700702812,0.0,0.0,0.0,0.0,0.09833765860570864,0.09833765860570864,0.09833765860570864,0.21725421352035018,0.21725421352035018,0.21725421352035018
