Name,FitNum,N,DF,K,ChiSq,RedChiSq,Rsq,AdjRsq,AIC,BIC,RSS,TSS,SDR
ac8,1,219,212,7,1225.9908489504903,5.782975702596652,0.9273605238498572,0.9249506834088572,391.74361571481023,414.93631213632193,1225.9908489504903,16877.749041257106,2.404781840957024
