Name,FitNum,RedChiSq,lf,AlignMag,Temp,pA,pB,pC,dwB,dwC,kexAB,kexAC,kexBC,k12,k21,k13,k31,k23,k32,tau1,tau2,tau3,dG12,dG13,ddG12,ddG21,ddG13,ddG31,ddG23,ddG32,R1,R1b,R1c,R2,R2b,R2c,pA_err,pB_err,pC_err,dwB_err,dwC_err,kexAB_err,kexAC_err,kexBC_err,k12_err,k21_err,k13_err,k31_err,k23_err,k32_err,tau1_err,tau2_err,tau3_err,dG12_err,dG13_err,ddG12_err,ddG21_err,ddG13_err,ddG31_err,ddG23_err,ddG32_err,R1_err,R1b_err,R1c_err,R2_err,R2b_err,R2c_err
ra16_c8_15c,1,1.5534241968805231,150.784186,auto,298.15,0.9925,0.0075,0.0,4.406548843333856,0.0,164.48499091379819,0.0,0.0,1.23363743185,163.251353482,0.0,0.0,0.0,0.0,0.810610941415,0.00612552348677,0.0,2.89447995867,0.0,17.328761165,14.4342812063,0.0,0.0,0.0,0.0,1.6206666226532964,1.6206666226532964,1.6206666226532964,35.13287008424322,35.13287008424322,35.13287008424322,0.0075,0.0075,0.0,0.25942232923017844,0.0,17.198812946684345,0.0,0.0,1.23119588454,17.1136793992,0.0,0.0,0.0,0.0,0.809006624849,0.000642140128514,0.0,0.594565163659,0.0,0.591312135683,0.0621103214474,0.0,0.0,0.0,0.0,0.07501420414920502,0.07501420414920502,0.07501420414920502,0.11969167349675852,0.11969167349675852,0.11969167349675852
