Name,FitNum,N,DF,K,ChiSq,RedChiSq,Rsq,AdjRsq,AIC,BIC,RSS,TSS,SDR
hpGBCm6A_m6AC2_55C,1,91,87,4,51.14651617811024,0.5878909905529912,0.9677800419157506,0.9662814392141577,-43.96591021865902,-34.38758847166139,51.14651617811025,1587.4172165082093,0.7667404975302865
