Name,FitNum,RedChiSq,lf,AlignMag,Temp,pA,pB,pC,dwB,dwC,kexAB,kexAC,kexBC,k12,k21,k13,k31,k23,k32,tau1,tau2,tau3,dG12,dG13,ddG12,ddG21,ddG13,ddG31,ddG23,ddG32,R1,R1b,R1c,R2,R2b,R2c,pA_err,pB_err,pC_err,dwB_err,dwC_err,kexAB_err,kexAC_err,kexBC_err,k12_err,k21_err,k13_err,k31_err,k23_err,k32_err,tau1_err,tau2_err,tau3_err,dG12_err,dG13_err,ddG12_err,ddG21_err,ddG13_err,ddG31_err,ddG23_err,ddG32_err,R1_err,R1b_err,R1c_err,R2_err,R2b_err,R2c_err
ac8,1,4.113388313533275,150.7,auto,298.15,0.995,0.005,0.0,5.001501090571431,0.0,3347.906225938323,0.0,0.0,16.7395311297,3331.16669481,0.0,0.0,0.0,0.0,0.059738829735,0.000300195124296,0.0,3.13620237989,0.0,15.7836758886,12.6474735087,0.0,0.0,0.0,0.0,2.785046197801386,2.785046197801386,2.785046197801386,30.13464678843092,30.13464678843092,30.13464678843092,0.005,0.005,0.0,0.7259495945590294,0.0,1130.3956757123603,0.0,0.0,17.5888786909,1124.86701813,0.0,0.0,0.0,0.0,0.06276991997,0.000101369767791,0.0,0.653905642391,0.0,0.622546849955,0.20007000965,0.0,0.0,0.0,0.0,0.90781395284418,0.90781395284418,0.90781395284418,2.0292794957706453,2.0292794957706453,2.0292794957706453
