Name,FitNum,N,DF,K,ChiSq,RedChiSq,Rsq,AdjRsq,AIC,BIC,RSS,TSS,SDR
ac1p,1,219,212,7,872.0383224690544,4.113388313533275,0.9455143483883568,0.9437067675292028,317.13660504702284,340.3293014685346,872.0383224690543,16004.916829933014,2.0281489870158147
