Name,FitNum,N,DF,K,ChiSq,RedChiSq,Rsq,AdjRsq,AIC,BIC,RSS,TSS,SDR
gc8,1,196,189,7,88.07794448292236,0.4660208702800125,0.9918539789856621,0.9915506696925751,-142.18318610738623,-119.83212817362367,88.07794448292236,10812.388567117056,0.6826572128674921
