Name,FitNum,RedChiSq,lf,AlignMag,Temp,pA,pB,pC,dwB,dwC,kexAB,kexAC,kexBC,k12,k21,k13,k31,k23,k32,tau1,tau2,tau3,dG12,dG13,ddG12,ddG21,ddG13,ddG31,ddG23,ddG32,R1,R1b,R1c,R2,R2b,R2c,pA_err,pB_err,pC_err,dwB_err,dwC_err,kexAB_err,kexAC_err,kexBC_err,k12_err,k21_err,k13_err,k31_err,k23_err,k32_err,tau1_err,tau2_err,tau3_err,dG12_err,dG13_err,ddG12_err,ddG21_err,ddG13_err,ddG31_err,ddG23_err,ddG32_err,R1_err,R1b_err,R1c_err,R2_err,R2b_err,R2c_err
gc1p,1,0.4660208702800125,176.04,auto,298.15,0.98,0.02,0.0,4.0203477596980886,0.0,258.1939632020101,0.0,0.0,5.16387926404,253.030083938,0.0,0.0,0.0,0.0,0.19365286229,0.0039520992304,0.0,2.30584417206,0.0,16.4804882928,14.1746441207,0.0,0.0,0.0,0.0,0.3769187329518307,0.3769187329518307,0.3769187329518307,22.257754744496488,22.257754744496488,22.257754744496488,0.02,0.02,0.0,0.10762063446360791,0.0,9.135073773679851,0.0,0.0,5.06495167201,10.2842270189,0.0,0.0,0.0,0.0,0.189942936016,0.000160630250183,0.0,0.581632880756,0.0,0.58113415634,0.024081119399,0.0,0.0,0.0,0.0,0.139367604189732,0.139367604189732,0.139367604189732,0.1844425129644367,0.1844425129644367,0.1844425129644367
