Name,FitNum,RedChiSq,lf,AlignMag,Temp,pA,pB,pC,dwB,dwC,kexAB,kexAC,kexBC,k12,k21,k13,k31,k23,k32,tau1,tau2,tau3,dG12,dG13,ddG12,ddG21,ddG13,ddG31,ddG23,ddG32,R1,R1b,R1c,R2,R2b,R2c,pA_err,pB_err,pC_err,dwB_err,dwC_err,kexAB_err,kexAC_err,kexBC_err,k12_err,k21_err,k13_err,k31_err,k23_err,k32_err,tau1_err,tau2_err,tau3_err,dG12_err,dG13_err,ddG12_err,ddG21_err,ddG13_err,ddG31_err,ddG23_err,ddG32_err,R1_err,R1b_err,R1c_err,R2_err,R2b_err,R2c_err
G_C8_Off,1,0.22385267268184528,150.88,auto,298.15,0.9992,0.0008,0.0,2.7801612058855123,0.0,1979.8034395504453,0.0,0.0,1.58384275164,1978.2195968,0.0,0.0,0.0,0.0,0.631375809855,0.000505505051926,0.0,4.22447462536,0.0,17.180706959,12.9562323337,0.0,0.0,0.0,0.0,2.496156591491963,2.496156591491963,2.496156591491963,20.230151957723816,20.230151957723816,20.230151957723816,0.0008,0.0008,0.0,0.21036330069871936,0.0,262.35234371424895,0.0,0.0,1.59643283033,262.147238869,0.0,0.0,0.0,0.0,0.636394661075,6.69878884078e-05,0.0,0.602333534242,0.0,0.597194452303,0.0785141554788,0.0,0.0,0.0,0.0,0.035113780537864354,0.035113780537864354,0.035113780537864354,0.07112479093927573,0.07112479093927573,0.07112479093927573
