Name,FitNum,N,DF,K,ChiSq,RedChiSq,Rsq,AdjRsq,AIC,BIC,RSS,TSS,SDR
A6RNAm6A_C2_37,1,93,89,4,33.440744201242026,0.3757386988903598,0.9886811452767403,0.9881666518802286,-86.66812842917253,-76.99227591110495,33.440744201242026,2954.428254346537,0.6129752840778817
