Name,FitNum,RedChiSq,lf,AlignMag,Temp,pA,pB,pC,dwB,dwC,kexAB,kexAC,kexBC,k12,k21,k13,k31,k23,k32,tau1,tau2,tau3,dG12,dG13,ddG12,ddG21,ddG13,ddG31,ddG23,ddG32,R1,R1b,R1c,R2,R2b,R2c,pA_err,pB_err,pC_err,dwB_err,dwC_err,kexAB_err,kexAC_err,kexBC_err,k12_err,k21_err,k13_err,k31_err,k23_err,k32_err,tau1_err,tau2_err,tau3_err,dG12_err,dG13_err,ddG12_err,ddG21_err,ddG13_err,ddG31_err,ddG23_err,ddG32_err,R1_err,R1b_err,R1c_err,R2_err,R2b_err,R2c_err
ra16_c8_10c,1,0.580593682077943,150.784186,auto,298.15,0.98,0.02,0.0,2.9715607396616237,0.0,49.63796443354062,0.0,0.0,0.992759288671,48.6452051449,0.0,0.0,0.0,0.0,1.00729352161,0.0205570106452,0.0,2.30584417206,0.0,17.4574690677,15.1516248957,0.0,0.0,0.0,0.0,1.601283577307786,1.601283577307786,1.601283577307786,43.420460676018386,43.420460676018386,43.420460676018386,0.02,0.02,0.0,0.023403005808267176,0.0,2.903930760118162,0.0,0.0,0.974838318584,3.00762548409,0.0,0.0,0.0,0.0,0.989110184248,0.00127099451856,0.0,0.582941521457,0.0,0.581789405538,0.0366320220955,0.0,0.0,0.0,0.0,0.03640102181365431,0.03640102181365431,0.03640102181365431,0.06440140724428288,0.06440140724428288,0.06440140724428288
