Name,FitNum,N,DF,K,ChiSq,RedChiSq,Rsq,AdjRsq,AIC,BIC,RSS,TSS,SDR
G_C1p_Off,1,199,192,7,80.69695755794186,0.42029665394761384,0.9587999738789926,0.9572900252776991,-165.03179877551256,-142.5650524369961,80.6969575579418,1958.6627765945875,0.6483029029301146
