Name,FitNum,RedChiSq,lf,AlignMag,Temp,pA,pB,pC,dwB,dwC,kexAB,kexAC,kexBC,k12,k21,k13,k31,k23,k32,tau1,tau2,tau3,dG12,dG13,ddG12,ddG21,ddG13,ddG31,ddG23,ddG32,R1,R1b,R1c,R2,R2b,R2c,pA_err,pB_err,pC_err,dwB_err,dwC_err,kexAB_err,kexAC_err,kexBC_err,k12_err,k21_err,k13_err,k31_err,k23_err,k32_err,tau1_err,tau2_err,tau3_err,dG12_err,dG13_err,ddG12_err,ddG21_err,ddG13_err,ddG31_err,ddG23_err,ddG32_err,R1_err,R1b_err,R1c_err,R2_err,R2b_err,R2c_err
G_C1p_Off,1,0.42029665394761384,150.88,auto,298.15,0.92,0.08,0.0,0.2596451415866371,0.0,3935.788918751092,0.0,0.0,314.8631135,3620.92580525,0.0,0.0,0.0,0.0,0.00317598333093,0.000276172463559,0.0,1.44705336996,0.0,14.0451094209,12.5980560509,0.0,0.0,0.0,0.0,2.2734309073275867,2.2734309073275867,2.2734309073275867,14.009826681480549,14.009826681480549,14.009826681480549,0.08,0.08,0.0,0.035260346395479,0.0,868.5707106079115,0.0,0.0,298.95452547,850.342563284,0.0,0.0,0.0,0.0,0.0030155154697,6.48566729069e-05,0.0,0.579501087288,0.0,0.562549213798,0.13913982975,0.0,0.0,0.0,0.0,0.04010079958737682,0.04010079958737682,0.04010079958737682,0.12566795653613388,0.12566795653613388,0.12566795653613388
