Name,FitNum,RedChiSq,lf,AlignMag,Temp,pA,pB,pC,dwB,dwC,kexAB,kexAC,kexBC,k12,k21,k13,k31,k23,k32,tau1,tau2,tau3,dG12,dG13,ddG12,ddG21,ddG13,ddG31,ddG23,ddG32,R1,R1b,R1c,R2,R2b,R2c,pA_err,pB_err,pC_err,dwB_err,dwC_err,kexAB_err,kexAC_err,kexBC_err,k12_err,k21_err,k13_err,k31_err,k23_err,k32_err,tau1_err,tau2_err,tau3_err,dG12_err,dG13_err,ddG12_err,ddG21_err,ddG13_err,ddG31_err,ddG23_err,ddG32_err,R1_err,R1b_err,R1c_err,R2_err,R2b_err,R2c_err
A6RNAm6A_C2_37,1,0.3739827739663698,150.88,auto,298.15,0.986,0.014,0.0,1.8238747689172268,0.0,83.04985567906083,0.0,0.0,1.16269797951,81.8871576996,0.0,0.0,0.0,0.0,0.860068579825,0.0122119270969,0.0,2.52078503496,0.0,17.3638504332,14.8430653982,0.0,0.0,0.0,0.0,4.549335140406133,4.549335140406133,4.549335140406133,21.02876068716557,21.02876068716557,21.02876068716557,0.014,0.014,0.0,0.07727172286773118,0.0,5.228322889032594,0.0,0.0,1.14886987483,5.28108626466,0.0,0.0,0.0,0.0,0.849839682416,0.000787574538771,0.0,0.586683908713,0.0,0.585438257654,0.0382106688925,0.0,0.0,0.0,0.0,0.03017500319238499,0.03017500319238499,0.03017500319238499,0.031581925080797636,0.031581925080797636,0.031581925080797636
