Name,FitNum,RedChiSq,lf,AlignMag,Temp,pA,pB,pC,dwB,dwC,kexAB,kexAC,kexBC,k12,k21,k13,k31,k23,k32,tau1,tau2,tau3,dG12,dG13,ddG12,ddG21,ddG13,ddG31,ddG23,ddG32,R1,R1b,R1c,R2,R2b,R2c,pA_err,pB_err,pC_err,dwB_err,dwC_err,kexAB_err,kexAC_err,kexBC_err,k12_err,k21_err,k13_err,k31_err,k23_err,k32_err,tau1_err,tau2_err,tau3_err,dG12_err,dG13_err,ddG12_err,ddG21_err,ddG13_err,ddG31_err,ddG23_err,ddG32_err,R1_err,R1b_err,R1c_err,R2_err,R2b_err,R2c_err
c15_c6,1,0.4403854401021363,176.002098,auto,298.15,0.99,0.01,0.0,1.8211421139169022,0.0,5023.779337005564,0.0,0.0,50.2377933701,4973.54154364,0.0,0.0,0.0,0.0,0.0199053328763,0.000201063968447,0.0,2.72253843054,0.0,15.1325383823,12.4099999518,0.0,0.0,0.0,0.0,1.9390726778141516,1.9390726778141516,1.9390726778141516,29.521710082667465,29.521710082667465,29.521710082667465,0.01,0.01,0.0,0.11490909367166299,0.0,530.3826780830036,0.0,0.0,50.0199411309,527.429297648,0.0,0.0,0.0,0.0,0.019819014966,2.13222362234e-05,0.0,0.593252092656,0.0,0.589915485385,0.0628312465542,0.0,0.0,0.0,0.0,0.056627989401099886,0.056627989401099886,0.056627989401099886,0.3684150578551279,0.3684150578551279,0.3684150578551279
