Name,FitNum,N,DF,K,ChiSq,RedChiSq,Rsq,AdjRsq,AIC,BIC,RSS,TSS,SDR
c15_c6,1,138,134,4,59.01164897368626,0.4403854401021363,0.9969566146024044,0.9968650842145068,-108.93284535044226,-97.5245824895127,59.01164897368628,19390.13344162995,0.6636154308800666
