Name,FitNum,RedChiSq,lf,AlignMag,Temp,pA,pB,pC,dwB,dwC,kexAB,kexAC,kexBC,k12,k21,k13,k31,k23,k32,tau1,tau2,tau3,dG12,dG13,ddG12,ddG21,ddG13,ddG31,ddG23,ddG32,R1,R1b,R1c,R2,R2b,R2c,pA_err,pB_err,pC_err,dwB_err,dwC_err,kexAB_err,kexAC_err,kexBC_err,k12_err,k21_err,k13_err,k31_err,k23_err,k32_err,tau1_err,tau2_err,tau3_err,dG12_err,dG13_err,ddG12_err,ddG21_err,ddG13_err,ddG31_err,ddG23_err,ddG32_err,R1_err,R1b_err,R1c_err,R2_err,R2b_err,R2c_err
hpGBCm6A_m6A_C2_65C,1,0.23047506212254817,150.88,gs,298.15,0.984742791789,0.015257208211072546,0.0,2.5635439349800815,0.0,1186.9988979653579,0.0,0.0,18.1102893326,1168.88860863,0.0,0.0,0.0,0.0,0.0552172293681,0.000855513513105,0.0,2.46907853309,0.0,15.7370430774,13.2679645443,0.0,0.0,0.0,0.0,4.895391460018812,4.895391460018812,4.895391460018812,11.905566790547265,11.905566790547265,11.905566790547265,0.000127911748687,0.00012791174868710645,0.0,0.01444327742016137,0.0,16.34323592307028,0.0,0.0,0.290751567557,16.0945784279,0.0,0.0,0.0,0.0,0.000886484787744,1.17796762079e-05,0.0,0.0125312382263,0.0,0.00951204402818,0.00815799913522,0.0,0.0,0.0,0.0,0.030758736036707233,0.030758736036707233,0.030758736036707233,0.05001769665353885,0.05001769665353885,0.05001769665353885
