Name,FitNum,N,DF,K,ChiSq,RedChiSq,Rsq,AdjRsq,AIC,BIC,RSS,TSS,SDR
G10_C8_Off,1,97,93,4,918.7864468024246,9.879424159165856,0.9766267440683499,0.9756105155495824,226.5240285076045,236.38808981292237,918.7864468024248,39309.30502319453,3.14315512807845
