Name,FitNum,RedChiSq,lf,AlignMag,Temp,pA,pB,pC,dwB,dwC,kexAB,kexAC,kexBC,k12,k21,k13,k31,k23,k32,tau1,tau2,tau3,dG12,dG13,ddG12,ddG21,ddG13,ddG31,ddG23,ddG32,R1,R1b,R1c,R2,R2b,R2c,pA_err,pB_err,pC_err,dwB_err,dwC_err,kexAB_err,kexAC_err,kexBC_err,k12_err,k21_err,k13_err,k31_err,k23_err,k32_err,tau1_err,tau2_err,tau3_err,dG12_err,dG13_err,ddG12_err,ddG21_err,ddG13_err,ddG31_err,ddG23_err,ddG32_err,R1_err,R1b_err,R1c_err,R2_err,R2b_err,R2c_err
G10_C8_Off,1,9.879424159165856,176.04,auto,298.15,0.995,0.005,0.0,5.831879181920119,0.0,4091.329044939125,0.0,0.0,20.4566452247,4070.87239971,0.0,0.0,0.0,0.0,0.0488838706941,0.000245647591428,0.0,3.13620237989,0.0,15.6648621231,12.5286597432,0.0,0.0,0.0,0.0,2.2889785246757195,2.2889785246757195,2.2889785246757195,46.08140603727934,46.08140603727934,46.08140603727934,0.005,0.005,0.0,1.169697855279111,0.0,3210.126955159182,0.0,0.0,25.9216780115,3194.1411758,0.0,0.0,0.0,0.0,0.0619432923714,0.000192743227857,0.0,0.883045431563,0.0,0.750768208514,0.464883137238,0.0,0.0,0.0,0.0,1.7029101332191094,1.7029101332191094,1.7029101332191094,5.454327579148153,5.454327579148153,5.454327579148153
