Name,FitNum,RedChiSq,lf,AlignMag,Temp,pA,pB,pC,dwB,dwC,kexAB,kexAC,kexBC,k12,k21,k13,k31,k23,k32,tau1,tau2,tau3,dG12,dG13,ddG12,ddG21,ddG13,ddG31,ddG23,ddG32,R1,R1b,R1c,R2,R2b,R2c,pA_err,pB_err,pC_err,dwB_err,dwC_err,kexAB_err,kexAC_err,kexBC_err,k12_err,k21_err,k13_err,k31_err,k23_err,k32_err,tau1_err,tau2_err,tau3_err,dG12_err,dG13_err,ddG12_err,ddG21_err,ddG13_err,ddG31_err,ddG23_err,ddG32_err,R1_err,R1b_err,R1c_err,R2_err,R2b_err,R2c_err
gc1p,1,1.6102446883603267,150.7,auto,298.15,0.997,0.003,0.0,4.9361522292823485,0.0,2533.5410121018285,0.0,0.0,7.60062303631,2525.94038907,0.0,0.0,0.0,0.0,0.131568161613,0.000395892161323,0.0,3.44004850013,0.0,16.2514679759,12.8114194758,0.0,0.0,0.0,0.0,2.6816583362842303,2.6816583362842303,2.6816583362842303,16.716699244538955,16.716699244538955,16.716699244538955,0.003,0.003,0.0,0.38402535520563613,0.0,448.26896276901033,0.0,0.0,7.69625877515,446.988394708,0.0,0.0,0.0,0.0,0.133223633577,7.00567608139e-05,0.0,0.609032281091,0.0,0.599939758364,0.104845628164,0.0,0.0,0.0,0.0,0.23884309822251495,0.23884309822251495,0.23884309822251495,0.54680607998933,0.54680607998933,0.54680607998933
