Name,FitNum,N,DF,K,ChiSq,RedChiSq,Rsq,AdjRsq,AIC,BIC,RSS,TSS,SDR
ac8,1,219,212,7,418.19187360049017,1.9726031773608026,0.9752222957825576,0.9744002866379031,156.19503459277942,179.38773101429115,418.1918736004902,16877.749041257106,1.4044939221516066
