Name,FitNum,N,DF,K,ChiSq,RedChiSq,Rsq,AdjRsq,AIC,BIC,RSS,TSS,SDR
ac1p,1,219,212,7,418.19187360049017,1.9726031773608026,0.9738710373790652,0.9730041997565697,156.19503459277942,179.38773101429115,418.1918736004902,16004.916829933014,1.4044939221516066
