Name,FitNum,RedChiSq,lf,AlignMag,Temp,pA,pB,pC,dwB,dwC,kexAB,kexAC,kexBC,k12,k21,k13,k31,k23,k32,tau1,tau2,tau3,dG12,dG13,ddG12,ddG21,ddG13,ddG31,ddG23,ddG32,R1,R1b,R1c,R2,R2b,R2c,pA_err,pB_err,pC_err,dwB_err,dwC_err,kexAB_err,kexAC_err,kexBC_err,k12_err,k21_err,k13_err,k31_err,k23_err,k32_err,tau1_err,tau2_err,tau3_err,dG12_err,dG13_err,ddG12_err,ddG21_err,ddG13_err,ddG31_err,ddG23_err,ddG32_err,R1_err,R1b_err,R1c_err,R2_err,R2b_err,R2c_err
ac1p,1,1.9726031773608026,150.7,auto,298.15,0.991,0.009,0.0,4.785366448549966,0.0,2790.997927957276,0.0,0.0,25.1189813516,2765.87894661,0.0,0.0,0.0,0.0,0.0398105315658,0.000361548722596,0.0,2.78556109659,0.0,15.5432155185,12.7576544219,0.0,0.0,0.0,0.0,2.0889981516641187,2.0889981516641187,2.0889981516641187,21.58956464214698,21.58956464214698,21.58956464214698,0.009,0.009,0.0,0.23689035141817266,0.0,399.27612121665874,0.0,0.0,25.1519628906,396.464950069,0.0,0.0,0.0,0.0,0.0398628032953,5.18248987099e-05,0.0,0.599310698805,0.0,0.593262688833,0.0849275911642,0.0,0.0,0.0,0.0,0.5668942372402098,0.5668942372402098,0.5668942372402098,1.104929601940871,1.104929601940871,1.104929601940871
