Name,FitNum,RedChiSq,lf,AlignMag,Temp,pA,pB,pC,dwB,dwC,kexAB,kexAC,kexBC,k12,k21,k13,k31,k23,k32,tau1,tau2,tau3,dG12,dG13,ddG12,ddG21,ddG13,ddG31,ddG23,ddG32,R1,R1b,R1c,R2,R2b,R2c,pA_err,pB_err,pC_err,dwB_err,dwC_err,kexAB_err,kexAC_err,kexBC_err,k12_err,k21_err,k13_err,k31_err,k23_err,k32_err,tau1_err,tau2_err,tau3_err,dG12_err,dG13_err,ddG12_err,ddG21_err,ddG13_err,ddG31_err,ddG23_err,ddG32_err,R1_err,R1b_err,R1c_err,R2_err,R2b_err,R2c_err
ac8,1,1.624228071826885,150.7,auto,298.15,0.95,0.05,0.0,2.3270385253445585,0.0,365.2267348516036,0.0,0.0,18.2613367426,346.965398109,0.0,0.0,0.0,0.0,0.0547605037953,0.0028821317787,0.0,1.7445351892,0.0,15.7321219996,13.9875868104,0.0,0.0,0.0,0.0,1.6869726023155356,1.6869726023155356,1.6869726023155356,32.253764518118636,32.253764518118636,32.253764518118636,0.05,0.05,0.0,0.09167669944609637,0.0,16.166193204125584,0.0,0.0,17.3910759951,23.1875127323,0.0,0.0,0.0,0.0,0.0521508417736,0.000192611331502,0.0,0.5656369172,0.0,0.564249344898,0.0395954401607,0.0,0.0,0.0,0.0,0.5464616652241501,0.5464616652241501,0.5464616652241501,0.6262398485917431,0.6262398485917431,0.6262398485917431
