Name,FitNum,RedChiSq,lf,AlignMag,Temp,pA,pB,pC,dwB,dwC,kexAB,kexAC,kexBC,k12,k21,k13,k31,k23,k32,tau1,tau2,tau3,dG12,dG13,ddG12,ddG21,ddG13,ddG31,ddG23,ddG32,R1,R1b,R1c,R2,R2b,R2c,pA_err,pB_err,pC_err,dwB_err,dwC_err,kexAB_err,kexAC_err,kexBC_err,k12_err,k21_err,k13_err,k31_err,k23_err,k32_err,tau1_err,tau2_err,tau3_err,dG12_err,dG13_err,ddG12_err,ddG21_err,ddG13_err,ddG31_err,ddG23_err,ddG32_err,R1_err,R1b_err,R1c_err,R2_err,R2b_err,R2c_err
G_C1p_Off_clean,1,0.27020864749390866,150.88,avg,298.15,0.997,0.003,0.0,4.12,0.0,160.02868170171996,0.0,0.0,0.480086045105,159.548595657,0.0,0.0,0.0,0.0,2.08295994061,0.00626768287044,0.0,3.44004850013,0.0,17.8879227927,14.4478742925,0.0,0.0,0.0,0.0,2.245185962454008,2.245185962454008,2.245185962454008,11.922185270159858,11.922185270159858,11.922185270159858,0.003,0.003,0.0,4.12,0.0,17.31831912974612,0.0,0.0,0.481459428535,17.2729972962,0.0,0.0,0.0,0.0,2.08891866967,0.00067854981004,0.0,0.597631873608,0.0,0.594179671594,0.0641433879351,0.0,0.0,0.0,0.0,0.05002245991642733,0.05002245991642733,0.05002245991642733,0.059560767232352964,0.059560767232352964,0.059560767232352964
