Name,FitNum,N,DF,K,ChiSq,RedChiSq,Rsq,AdjRsq,AIC,BIC,RSS,TSS,SDR
G_C1p_Off_clean,1,253,248,5,67.01174457848934,0.27020864749390866,0.9389019625459927,0.9376651601683812,-326.11596289799166,-308.4490154543541,67.01174457848936,1096.790459577916,0.5198159746428621
