Name,FitNum,RedChiSq,lf,AlignMag,Temp,pA,pB,pC,dwB,dwC,kexAB,kexAC,kexBC,k12,k21,k13,k31,k23,k32,tau1,tau2,tau3,dG12,dG13,ddG12,ddG21,ddG13,ddG31,ddG23,ddG32,R1,R1b,R1c,R2,R2b,R2c,pA_err,pB_err,pC_err,dwB_err,dwC_err,kexAB_err,kexAC_err,kexBC_err,k12_err,k21_err,k13_err,k31_err,k23_err,k32_err,tau1_err,tau2_err,tau3_err,dG12_err,dG13_err,ddG12_err,ddG21_err,ddG13_err,ddG31_err,ddG23_err,ddG32_err,R1_err,R1b_err,R1c_err,R2_err,R2b_err,R2c_err
G10_C8_Off,1,2.5891366352876615,176.04,auto,298.15,0.92,0.08,0.0,4.049703627579921,0.0,272.0999726183186,0.0,0.0,21.7679978095,250.331974809,0.0,0.0,0.0,0.0,0.0459389976402,0.00399469544697,0.0,1.44705336996,0.0,15.6280491963,14.1809958264,0.0,0.0,0.0,0.0,0.010000000000000002,0.010000000000000002,0.010000000000000002,41.8738938134118,41.8738938134118,41.8738938134118,0.08,0.08,0.0,0.11887002205458216,0.0,14.798158090385272,0.0,0.0,20.136959663,24.2784873927,0.0,0.0,0.0,0.0,0.0424968685928,0.000387426189247,0.0,0.551094857052,0.0,0.548090899027,0.0574622299743,0.0,0.0,0.0,0.0,0.7466309025195679,0.7466309025195679,0.7466309025195679,1.098916785164618,1.098916785164618,1.098916785164618
