Name,FitNum,RedChiSq,lf,AlignMag,Temp,pA,pB,pC,dwB,dwC,kexAB,kexAC,kexBC,k12,k21,k13,k31,k23,k32,tau1,tau2,tau3,dG12,dG13,ddG12,ddG21,ddG13,ddG31,ddG23,ddG32,R1,R1b,R1c,R2,R2b,R2c,pA_err,pB_err,pC_err,dwB_err,dwC_err,kexAB_err,kexAC_err,kexBC_err,k12_err,k21_err,k13_err,k31_err,k23_err,k32_err,tau1_err,tau2_err,tau3_err,dG12_err,dG13_err,ddG12_err,ddG21_err,ddG13_err,ddG31_err,ddG23_err,ddG32_err,R1_err,R1b_err,R1c_err,R2_err,R2b_err,R2c_err
G_C1p_Off,1,0.23495114803396142,150.88,auto,298.15,0.9995,0.0005,0.0,4.866060561273058,0.0,2804.0899785270335,0.0,0.0,1.40204498926,2802.68793354,0.0,0.0,0.0,0.0,0.713243874239,0.000356800337288,0.0,4.50312246865,0.0,17.2529439664,12.7498214977,0.0,0.0,0.0,0.0,2.179683187898509,2.179683187898509,2.179683187898509,13.954357060787574,13.954357060787574,13.954357060787574,0.0005,0.0005,0.0,0.39798274613424567,0.0,541.4010834776132,0.0,0.0,1.42725056943,541.132197436,0.0,0.0,0.0,0.0,0.726066376931,6.88896356431e-05,0.0,0.613888842055,0.0,0.60313627716,0.114394674583,0.0,0.0,0.0,0.0,0.03358560937678579,0.03358560937678579,0.03358560937678579,0.09345251134393753,0.09345251134393753,0.09345251134393753
