Name,FitNum,N,DF,K,ChiSq,RedChiSq,Rsq,AdjRsq,AIC,BIC,RSS,TSS,SDR
G_C8_Off,1,199,192,7,45.11062042252059,0.23495114803396142,0.9885637351681648,0.9881446050434378,-280.7668494158786,-258.3001030773621,45.1106204225206,3944.5239408015236,0.484717596167048
