Name,FitNum,N,DF,K,ChiSq,RedChiSq,Rsq,AdjRsq,AIC,BIC,RSS,TSS,SDR
G_C1p_Off,1,199,192,7,45.11062042252059,0.23495114803396142,0.9769686640489733,0.9761245836738048,-280.7668494158786,-258.3001030773621,45.1106204225206,1958.6627765945875,0.484717596167048
