Name,FitNum,N,DF,K,ChiSq,RedChiSq,Rsq,AdjRsq,AIC,BIC,RSS,TSS,SDR
G_C1p_Off_clean,1,253,248,5,65.8425542162228,0.2654941702267048,0.9399679732429826,0.9387527500292778,-330.5691541211096,-312.902206677472,65.8425542162228,1096.790459577916,0.5152612640464105
