Name,FitNum,RedChiSq,lf,AlignMag,Temp,pA,pB,pC,dwB,dwC,kexAB,kexAC,kexBC,k12,k21,k13,k31,k23,k32,tau1,tau2,tau3,dG12,dG13,ddG12,ddG21,ddG13,ddG31,ddG23,ddG32,R1,R1b,R1c,R2,R2b,R2c,pA_err,pB_err,pC_err,dwB_err,dwC_err,kexAB_err,kexAC_err,kexBC_err,k12_err,k21_err,k13_err,k31_err,k23_err,k32_err,tau1_err,tau2_err,tau3_err,dG12_err,dG13_err,ddG12_err,ddG21_err,ddG13_err,ddG31_err,ddG23_err,ddG32_err,R1_err,R1b_err,R1c_err,R2_err,R2b_err,R2c_err
ac1p,1,0.11045393319925054,176.04,auto,298.15,0.995,0.005,0.0,3.3069731225977215,0.0,2901.08246626841,0.0,0.0,14.5054123313,2886.57705394,0.0,0.0,0.0,0.0,0.0689397844858,0.000346431077818,0.0,3.13620237989,0.0,15.8685500468,12.7323476669,0.0,0.0,0.0,0.0,1.4049889733303833,1.4049889733303833,1.4049889733303833,18.182344159812025,18.182344159812025,18.182344159812025,0.005,0.005,0.0,0.04367453946596173,0.0,111.5076788046513,0.0,0.0,14.4438321246,111.884972604,0.0,0.0,0.0,0.0,0.0686471126137,1.34278181134e-05,0.0,0.59041625217,0.0,0.589969457877,0.0229649646136,0.0,0.0,0.0,0.0,0.06799222773797639,0.06799222773797639,0.06799222773797639,0.14966899019192292,0.14966899019192292,0.14966899019192292
