Name,FitNum,RedChiSq,lf,AlignMag,Temp,pA,pB,pC,dwB,dwC,kexAB,kexAC,kexBC,k12,k21,k13,k31,k23,k32,tau1,tau2,tau3,dG12,dG13,ddG12,ddG21,ddG13,ddG31,ddG23,ddG32,R1,R1b,R1c,R2,R2b,R2c,pA_err,pB_err,pC_err,dwB_err,dwC_err,kexAB_err,kexAC_err,kexBC_err,k12_err,k21_err,k13_err,k31_err,k23_err,k32_err,tau1_err,tau2_err,tau3_err,dG12_err,dG13_err,ddG12_err,ddG21_err,ddG13_err,ddG31_err,ddG23_err,ddG32_err,R1_err,R1b_err,R1c_err,R2_err,R2b_err,R2c_err
hpGBCm6A_m6A_C2_65C,1,2.330150539234367,150.88,auto,298.15,0.98,0.02,0.0,2.3995830869299635,0.0,793.7117301142454,0.0,0.0,15.8742346023,777.837495512,0.0,0.0,0.0,0.0,0.0629951632349,0.00128561557622,0.0,2.30584417206,0.0,15.8151224469,13.5092782748,0.0,0.0,0.0,0.0,4.7466367513451955,4.7466367513451955,4.7466367513451955,12.574900230236171,12.574900230236171,12.574900230236171,0.02,0.02,0.0,0.0321685952707745,0.0,19.88366168785715,0.0,0.0,15.5650701348,24.9362589482,0.0,0.0,0.0,0.0,0.0617682778709,4.1214833563e-05,0.0,0.581256021,0.0,0.580945595259,0.0189941385013,0.0,0.0,0.0,0.0,0.09514630729187808,0.09514630729187808,0.09514630729187808,0.12953759843009516,0.12953759843009516,0.12953759843009516
