Name,FitNum,RedChiSq,lf,AlignMag,Temp,pA,pB,pC,dwB,dwC,kexAB,kexAC,kexBC,k12,k21,k13,k31,k23,k32,tau1,tau2,tau3,dG12,dG13,ddG12,ddG21,ddG13,ddG31,ddG23,ddG32,R1,R1b,R1c,R2,R2b,R2c,pA_err,pB_err,pC_err,dwB_err,dwC_err,kexAB_err,kexAC_err,kexBC_err,k12_err,k21_err,k13_err,k31_err,k23_err,k32_err,tau1_err,tau2_err,tau3_err,dG12_err,dG13_err,ddG12_err,ddG21_err,ddG13_err,ddG31_err,ddG23_err,ddG32_err,R1_err,R1b_err,R1c_err,R2_err,R2b_err,R2c_err
c15_c6,1,0.4198935930354135,176.002098,auto,298.15,0.993,0.007,0.0,2.1948365298182826,0.0,4960.740099519984,0.0,0.0,34.7251806966,4926.01491882,0.0,0.0,0.0,0.0,0.028797546332,0.000203003851283,0.0,2.93565558864,0.0,15.3513444855,12.4156888969,0.0,0.0,0.0,0.0,1.9055548261796207,1.9055548261796207,1.9055548261796207,29.631296596681818,29.631296596681818,29.631296596681818,0.007,0.007,0.0,0.13485825823355493,0.0,517.8075740737268,0.0,0.0,34.6729393276,515.337899748,0.0,0.0,0.0,0.0,0.028754222634,2.12373653115e-05,0.0,0.594831624217,0.0,0.591593401065,0.0619831346756,0.0,0.0,0.0,0.0,0.055071573205888784,0.055071573205888784,0.055071573205888784,0.355614450104705,0.355614450104705,0.355614450104705
