Name,FitNum,N,DF,K,ChiSq,RedChiSq,Rsq,AdjRsq,AIC,BIC,RSS,TSS,SDR
c15_c6,1,138,134,4,56.26574146674541,0.4198935930354135,0.9970982282491184,0.9970109569182649,-115.50840933997972,-104.10014647905015,56.26574146674541,19390.13344162995,0.6479919698849774
