Name,FitNum,RedChiSq,lf,AlignMag,Temp,pA,pB,pC,dwB,dwC,kexAB,kexAC,kexBC,k12,k21,k13,k31,k23,k32,tau1,tau2,tau3,dG12,dG13,ddG12,ddG21,ddG13,ddG31,ddG23,ddG32,R1,R1b,R1c,R2,R2b,R2c,pA_err,pB_err,pC_err,dwB_err,dwC_err,kexAB_err,kexAC_err,kexBC_err,k12_err,k21_err,k13_err,k31_err,k23_err,k32_err,tau1_err,tau2_err,tau3_err,dG12_err,dG13_err,ddG12_err,ddG21_err,ddG13_err,ddG31_err,ddG23_err,ddG32_err,R1_err,R1b_err,R1c_err,R2_err,R2b_err,R2c_err
gc8,1,0.931071655073176,176.04,avg,298.15,0.993,0.007,0.0,1.9051355834734258,0.0,3554.0040243307303,0.0,0.0,24.8780281703,3529.12599616,0.0,0.0,0.0,0.0,0.0401961117318,0.000283356276055,0.0,2.93565558864,0.0,15.5489263477,12.613270759,0.0,0.0,0.0,0.0,2.2326879440296064,2.2326879440296064,2.2326879440296064,25.656017277310738,25.656017277310738,25.656017277310738,0.007,0.007,0.0,0.1082632102140809,0.0,324.6701710531396,0.0,0.0,24.8088136903,323.342615702,0.0,0.0,0.0,0.0,0.04008428,2.59614305567e-05,0.0,0.59332485102,0.0,0.590836365688,0.0542841396649,0.0,0.0,0.0,0.0,0.12243576491063653,0.12243576491063653,0.12243576491063653,0.3977689218437422,0.3977689218437422,0.3977689218437422
