Name,FitNum,RedChiSq,lf,AlignMag,Temp,pA,pB,pC,dwB,dwC,kexAB,kexAC,kexBC,k12,k21,k13,k31,k23,k32,tau1,tau2,tau3,dG12,dG13,ddG12,ddG21,ddG13,ddG31,ddG23,ddG32,R1,R1b,R1c,R2,R2b,R2c,pA_err,pB_err,pC_err,dwB_err,dwC_err,kexAB_err,kexAC_err,kexBC_err,k12_err,k21_err,k13_err,k31_err,k23_err,k32_err,tau1_err,tau2_err,tau3_err,dG12_err,dG13_err,ddG12_err,ddG21_err,ddG13_err,ddG31_err,ddG23_err,ddG32_err,R1_err,R1b_err,R1c_err,R2_err,R2b_err,R2c_err
ac1p,1,3.3800332933914086,176.04,auto,298.15,0.95,0.05,0.0,2.0366570554216126,0.0,3178.353677172543,0.0,0.0,158.917683859,3019.43599331,0.0,0.0,0.0,0.0,0.00629256591035,0.000331187679492,0.0,1.7445351892,0.0,14.4502218322,12.705686643,0.0,0.0,0.0,0.0,4.332911644189082,4.332911644189082,4.332911644189082,14.992373921170694,14.992373921170694,14.992373921170694,0.05,0.05,0.0,0.05265170902212326,0.0,192.77058113504876,0.0,0.0,151.487697891,237.472040182,0.0,0.0,0.0,0.0,0.00599836531995,2.60471869933e-05,0.0,0.566702922732,0.0,0.564783908663,0.0465976302886,0.0,0.0,0.0,0.0,0.5949213305988921,0.5949213305988921,0.5949213305988921,1.3446253733530633,1.3446253733530633,1.3446253733530633
