Name,FitNum,N,DF,K,ChiSq,RedChiSq,Rsq,AdjRsq,AIC,BIC,RSS,TSS,SDR
ac8,1,195,188,7,635.4462591575848,3.3800332933914086,0.976181246430276,0.9752896353340832,244.95788342782515,267.269949856488,635.4462591575848,26678.40100437922,1.8384866856715085
