Name,FitNum,N,DF,K,ChiSq,RedChiSq,Rsq,AdjRsq,AIC,BIC,RSS,TSS,SDR
gc1p,1,308,301,7,70.19163462262453,0.23319479941071275,0.9748451223558953,0.9742581752108661,-441.4921583404163,-415.3814598596013,70.19163462262453,2790.378693774901,0.48290247401593706
