Name,FitNum,RedChiSq,lf,AlignMag,Temp,pA,pB,pC,dwB,dwC,kexAB,kexAC,kexBC,k12,k21,k13,k31,k23,k32,tau1,tau2,tau3,dG12,dG13,ddG12,ddG21,ddG13,ddG31,ddG23,ddG32,R1,R1b,R1c,R2,R2b,R2c,pA_err,pB_err,pC_err,dwB_err,dwC_err,kexAB_err,kexAC_err,kexBC_err,k12_err,k21_err,k13_err,k31_err,k23_err,k32_err,tau1_err,tau2_err,tau3_err,dG12_err,dG13_err,ddG12_err,ddG21_err,ddG13_err,ddG31_err,ddG23_err,ddG32_err,R1_err,R1b_err,R1c_err,R2_err,R2b_err,R2c_err
gc8,1,0.23319479941071275,150.88,auto,298.15,0.99,0.01,0.0,3.7303301296478857,0.0,455.6253335063312,0.0,0.0,4.55625333506,451.069080171,0.0,0.0,0.0,0.0,0.219478577344,0.00221695532671,0.0,2.72253843054,0.0,16.5546599439,13.8321215133,0.0,0.0,0.0,0.0,2.759416360610138,2.759416360610138,2.759416360610138,19.98465977289625,19.98465977289625,19.98465977289625,0.01,0.01,0.0,0.01823848148100532,0.0,5.411498286349876,0.0,0.0,4.51124549149,7.00356789883,0.0,0.0,0.0,0.0,0.217310511447,3.4421772278e-05,0.0,0.586704156765,0.0,0.586632031992,0.00919927201909,0.0,0.0,0.0,0.0,0.02870894177859158,0.02870894177859158,0.02870894177859158,0.06376818154949056,0.06376818154949056,0.06376818154949056
