Name,FitNum,RedChiSq,lf,AlignMag,Temp,pA,pB,pC,dwB,dwC,kexAB,kexAC,kexBC,k12,k21,k13,k31,k23,k32,tau1,tau2,tau3,dG12,dG13,ddG12,ddG21,ddG13,ddG31,ddG23,ddG32,R1,R1b,R1c,R2,R2b,R2c,pA_err,pB_err,pC_err,dwB_err,dwC_err,kexAB_err,kexAC_err,kexBC_err,k12_err,k21_err,k13_err,k31_err,k23_err,k32_err,tau1_err,tau2_err,tau3_err,dG12_err,dG13_err,ddG12_err,ddG21_err,ddG13_err,ddG31_err,ddG23_err,ddG32_err,R1_err,R1b_err,R1c_err,R2_err,R2b_err,R2c_err
T8_N3_Off,1,0.14659018855497974,176.04,auto,298.15,0.98,0.02,0.0,-0.5392917299039498,0.0,343.3144990014883,0.0,0.0,6.86628998003,336.448209021,0.0,0.0,0.0,0.0,0.145639057323,0.00297222565966,0.0,2.30584417206,0.0,16.3116681555,14.0058239835,0.0,0.0,0.0,0.0,1.4625393289277022,1.4625393289277022,1.4625393289277022,7.963664118159239,7.963664118159239,7.963664118159239,0.02,0.02,0.0,0.022964583932081506,0.0,42.3601428565258,0.0,0.0,6.78347772148,42.0549878696,0.0,0.0,0.0,0.0,0.143882548451,0.000371519035355,0.0,0.590005431137,0.0,0.585338968515,0.0740587652408,0.0,0.0,0.0,0.0,0.02662723442972701,0.02662723442972701,0.02662723442972701,0.03873331307695782,0.03873331307695782,0.03873331307695782
