Name,FitNum,RedChiSq,lf,AlignMag,Temp,pA,pB,pC,dwB,dwC,kexAB,kexAC,kexBC,k12,k21,k13,k31,k23,k32,tau1,tau2,tau3,dG12,dG13,ddG12,ddG21,ddG13,ddG31,ddG23,ddG32,R1,R1b,R1c,R2,R2b,R2c,pA_err,pB_err,pC_err,dwB_err,dwC_err,kexAB_err,kexAC_err,kexBC_err,k12_err,k21_err,k13_err,k31_err,k23_err,k32_err,tau1_err,tau2_err,tau3_err,dG12_err,dG13_err,ddG12_err,ddG21_err,ddG13_err,ddG31_err,ddG23_err,ddG32_err,R1_err,R1b_err,R1c_err,R2_err,R2b_err,R2c_err
ac1p,1,6.8213703777916015,150.7,auto,298.15,0.998,0.002,0.0,6.577497448888296,0.0,3969.846493713689,0.0,0.0,7.93969298743,3961.90680073,0.0,0.0,0.0,0.0,0.125949454416,0.000252403716265,0.0,3.68087436261,0.0,16.2256093431,12.5447349805,0.0,0.0,0.0,0.0,4.541841201551712,4.541841201551712,4.541841201551712,28.40801881731548,28.40801881731548,28.40801881731548,0.002,0.002,0.0,2.195323408625703,0.0,3930.871514437339,0.0,0.0,11.1621717241,3923.01777381,0.0,0.0,0.0,0.0,0.177068488791,0.000249926188295,0.0,1.0188212001,0.0,0.832956201393,0.586669075657,0.0,0.0,0.0,0.0,1.0421549443924123,1.0421549443924123,1.0421549443924123,2.6446283867462324,2.6446283867462324,2.6446283867462324
