Name,FitNum,N,DF,K,ChiSq,RedChiSq,Rsq,AdjRsq,AIC,BIC,RSS,TSS,SDR
ac1p,1,219,212,7,1446.1305200918196,6.8213703777916015,0.9096446088749921,0.9066470366575747,427.90971572647635,451.10241214798805,1446.1305200918198,16004.916829933014,2.6117753306499396
