Name,FitNum,N,DF,K,ChiSq,RedChiSq,Rsq,AdjRsq,AIC,BIC,RSS,TSS,SDR
ac8,1,219,212,7,1446.1305200918196,6.8213703777916015,0.914317334820135,0.9114747819468694,427.90971572647635,451.10241214798805,1446.1305200918198,16877.749041257106,2.6117753306499396
