Name,FitNum,RedChiSq,lf,AlignMag,Temp,pA,pB,pC,dwB,dwC,kexAB,kexAC,kexBC,k12,k21,k13,k31,k23,k32,tau1,tau2,tau3,dG12,dG13,ddG12,ddG21,ddG13,ddG31,ddG23,ddG32,R1,R1b,R1c,R2,R2b,R2c,pA_err,pB_err,pC_err,dwB_err,dwC_err,kexAB_err,kexAC_err,kexBC_err,k12_err,k21_err,k13_err,k31_err,k23_err,k32_err,tau1_err,tau2_err,tau3_err,dG12_err,dG13_err,ddG12_err,ddG21_err,ddG13_err,ddG31_err,ddG23_err,ddG32_err,R1_err,R1b_err,R1c_err,R2_err,R2b_err,R2c_err
gc1p,1,0.11338556243789348,150.7,auto,298.15,0.9925,0.0075,0.0,3.5740866280794945,0.0,1754.514298819705,0.0,0.0,13.1588572411,1741.35544158,0.0,0.0,0.0,0.0,0.0759944409818,0.000574265297091,0.0,2.89447995867,0.0,15.9262739148,13.0317939562,0.0,0.0,0.0,0.0,1.8605867466896178,1.8605867466896178,1.8605867466896178,15.055971610468855,15.055971610468855,15.055971610468855,0.0075,0.0075,0.0,0.035866796948717194,0.0,42.66142207261583,0.0,0.0,13.0644573503,44.3100104391,0.0,0.0,0.0,0.0,0.0754492669746,1.46125832219e-05,0.0,0.58842750852,0.0,0.588234342146,0.0150761899505,0.0,0.0,0.0,0.0,0.06496456256107361,0.06496456256107361,0.06496456256107361,0.12341217712042249,0.12341217712042249,0.12341217712042249
