Name,FitNum,N,DF,K,ChiSq,RedChiSq,Rsq,AdjRsq,AIC,BIC,RSS,TSS,SDR
A6RNAm6A_C2_37,1,93,89,4,33.24744618495542,0.37356681106691486,0.9887465718160385,0.9882350523531311,-87.20725734404056,-77.53140482597298,33.247446184955415,2954.428254346537,0.6112011216178475
