Name,FitNum,RedChiSq,lf,AlignMag,Temp,pA,pB,pC,dwB,dwC,kexAB,kexAC,kexBC,k12,k21,k13,k31,k23,k32,tau1,tau2,tau3,dG12,dG13,ddG12,ddG21,ddG13,ddG31,ddG23,ddG32,R1,R1b,R1c,R2,R2b,R2c,pA_err,pB_err,pC_err,dwB_err,dwC_err,kexAB_err,kexAC_err,kexBC_err,k12_err,k21_err,k13_err,k31_err,k23_err,k32_err,tau1_err,tau2_err,tau3_err,dG12_err,dG13_err,ddG12_err,ddG21_err,ddG13_err,ddG31_err,ddG23_err,ddG32_err,R1_err,R1b_err,R1c_err,R2_err,R2b_err,R2c_err
gc1p,1,0.9113664100857068,176.04,auto,298.15,0.9,0.1,0.0,0.7016684702205808,0.0,4776.508361633521,0.0,0.0,477.650836163,4298.85752547,0.0,0.0,0.0,0.0,0.00209357950262,0.000232619944735,0.0,1.30182205197,0.0,13.7981961338,12.4963740818,0.0,0.0,0.0,0.0,2.025338262207053,2.025338262207053,2.025338262207053,19.22277203741556,19.22277203741556,19.22277203741556,0.1,0.1,0.0,0.04478728322668085,0.0,462.9756881432953,0.0,0.0,435.001986586,600.586312351,0.0,0.0,0.0,0.0,0.00190664639055,3.24989497698e-05,0.0,0.545894687765,0.0,0.539582521954,0.0827750695048,0.0,0.0,0.0,0.0,0.18195227490812302,0.18195227490812302,0.18195227490812302,0.6568026054881761,0.6568026054881761,0.6568026054881761
