Name,FitNum,N,DF,K,ChiSq,RedChiSq,Rsq,AdjRsq,AIC,BIC,RSS,TSS,SDR
ac8,1,196,189,7,44.89365711497839,0.23753257732792799,0.9954127965554662,0.9952419964272122,-274.2726110312764,-251.92155309751388,44.89365711497839,9786.715949665248,0.487373139727589
