Name,FitNum,RedChiSq,lf,AlignMag,Temp,pA,pB,pC,dwB,dwC,kexAB,kexAC,kexBC,k12,k21,k13,k31,k23,k32,tau1,tau2,tau3,dG12,dG13,ddG12,ddG21,ddG13,ddG31,ddG23,ddG32,R1,R1b,R1c,R2,R2b,R2c,pA_err,pB_err,pC_err,dwB_err,dwC_err,kexAB_err,kexAC_err,kexBC_err,k12_err,k21_err,k13_err,k31_err,k23_err,k32_err,tau1_err,tau2_err,tau3_err,dG12_err,dG13_err,ddG12_err,ddG21_err,ddG13_err,ddG31_err,ddG23_err,ddG32_err,R1_err,R1b_err,R1c_err,R2_err,R2b_err,R2c_err
ac1p,1,0.23753257732792799,176.04,auto,298.15,0.992,0.008,0.0,2.577106334545041,0.0,3731.4220242630827,0.0,0.0,29.8513761941,3701.57064807,0.0,0.0,0.0,0.0,0.0334992930811,0.000270155589364,0.0,2.85594331299,0.0,15.4409484128,12.5850050998,0.0,0.0,0.0,0.0,1.7808899347896356,1.7808899347896356,1.7808899347896356,17.116353397157194,17.116353397157194,17.116353397157194,0.008,0.008,0.0,0.054231459575436305,0.0,160.021503201418,0.0,0.0,29.64118567,161.47994077,0.0,0.0,0.0,0.0,0.0332634167207,1.17854588543e-05,0.0,0.588880432679,0.0,0.588312925153,0.0258469745021,0.0,0.0,0.0,0.0,0.09000384701160041,0.09000384701160041,0.09000384701160041,0.24892892941954792,0.24892892941954792,0.24892892941954792
