Name,FitNum,RedChiSq,lf,AlignMag,Temp,pA,pB,pC,dwB,dwC,kexAB,kexAC,kexBC,k12,k21,k13,k31,k23,k32,tau1,tau2,tau3,dG12,dG13,ddG12,ddG21,ddG13,ddG31,ddG23,ddG32,R1,R1b,R1c,R2,R2b,R2c,pA_err,pB_err,pC_err,dwB_err,dwC_err,kexAB_err,kexAC_err,kexBC_err,k12_err,k21_err,k13_err,k31_err,k23_err,k32_err,tau1_err,tau2_err,tau3_err,dG12_err,dG13_err,ddG12_err,ddG21_err,ddG13_err,ddG31_err,ddG23_err,ddG32_err,R1_err,R1b_err,R1c_err,R2_err,R2b_err,R2c_err
A16_C8_Off,1,0.26624481934106464,150.7,auto,298.15,0.996,0.004,0.0,3.0406231101173264,0.0,1596.385417464101,0.0,0.0,6.38554166986,1589.99987579,0.0,0.0,0.0,0.0,0.156603785818,0.00062893086674,0.0,3.26900669389,0.0,16.3546752061,13.0856685122,0.0,0.0,0.0,0.0,2.6986460214158656,2.6986460214158656,2.6986460214158656,28.954564974455643,28.954564974455643,28.954564974455643,0.004,0.004,0.0,0.09363249549142326,0.0,137.3323894509754,0.0,0.0,6.38373002607,136.930842836,0.0,0.0,0.0,0.0,0.156559355715,5.41635474188e-05,0.0,0.594510345185,0.0,0.592316654882,0.0510248065227,0.0,0.0,0.0,0.0,0.06929720858895361,0.06929720858895361,0.06929720858895361,0.20536334060732594,0.20536334060732594,0.20536334060732594
