Name,FitNum,N,DF,K,ChiSq,RedChiSq,Rsq,AdjRsq,AIC,BIC,RSS,TSS,SDR
G7C1p_pH5.3HS_25C,1,280,270,10,213.8686354530552,0.7921060572335378,0.9376191759262698,0.935300186183752,-54.6218924373439,-19.091840271822413,213.86863545305516,3428.435558983252,0.8900034029336841
