Name,FitNum,N,DF,K,ChiSq,RedChiSq,Rsq,AdjRsq,AIC,BIC,RSS,TSS,SDR
G7N1_pH5.3HS_25C,1,280,270,10,213.8686354530552,0.7921060572335378,0.47889747318900133,0.4595256320436111,-54.6218924373439,-19.091840271822413,213.86863545305516,410.4156561317621,0.8900034029336841
