Name,FitNum,RedChiSq,lf,AlignMag,Temp,pA,pB,pC,dwB,dwC,kexAB,kexAC,kexBC,k12,k21,k13,k31,k23,k32,tau1,tau2,tau3,dG12,dG13,ddG12,ddG21,ddG13,ddG31,ddG23,ddG32,R1,R1b,R1c,R2,R2b,R2c,pA_err,pB_err,pC_err,dwB_err,dwC_err,kexAB_err,kexAC_err,kexBC_err,k12_err,k21_err,k13_err,k31_err,k23_err,k32_err,tau1_err,tau2_err,tau3_err,dG12_err,dG13_err,ddG12_err,ddG21_err,ddG13_err,ddG31_err,ddG23_err,ddG32_err,R1_err,R1b_err,R1c_err,R2_err,R2b_err,R2c_err
hpGBCm6A_m6A_C2_65C,1,40.985502541925555,150.88,auto,298.15,0.995,0.005,0.0,4.370970755854379,0.0,2715.4143625953684,0.0,0.0,13.577071813,2701.83729078,0.0,0.0,0.0,0.0,0.0736535840552,0.00037011851284,0.0,3.13620237989,0.0,15.9077366149,12.771534235,0.0,0.0,0.0,0.0,5.42236146389969,5.42236146389969,5.42236146389969,12.212994992459084,12.212994992459084,12.212994992459084,0.005,0.005,0.0,0.43918967984876844,0.0,798.9957667110091,0.0,0.0,14.0876748596,795.115561068,0.0,0.0,0.0,0.0,0.0764235292193,0.000108921062716,0.0,0.639014691817,0.0,0.614766763897,0.174360552779,0.0,0.0,0.0,0.0,0.42219263360014686,0.42219263360014686,0.42219263360014686,1.1425884877520431,1.1425884877520431,1.1425884877520431
