Name,FitNum,RedChiSq,lf,AlignMag,Temp,pA,pB,pC,dwB,dwC,kexAB,kexAC,kexBC,k12,k21,k13,k31,k23,k32,tau1,tau2,tau3,dG12,dG13,ddG12,ddG21,ddG13,ddG31,ddG23,ddG32,R1,R1b,R1c,R2,R2b,R2c,pA_err,pB_err,pC_err,dwB_err,dwC_err,kexAB_err,kexAC_err,kexBC_err,k12_err,k21_err,k13_err,k31_err,k23_err,k32_err,tau1_err,tau2_err,tau3_err,dG12_err,dG13_err,ddG12_err,ddG21_err,ddG13_err,ddG31_err,ddG23_err,ddG32_err,R1_err,R1b_err,R1c_err,R2_err,R2b_err,R2c_err
T8_N3_Off,1,0.2205917911488485,70.960783,gs,283.15,0.997459377803,0.0025406221972485454,0.0,-0.5151614656924538,0.0,958.9880647273286,0.0,0.0,2.43642636414,956.551638363,0.0,0.0,0.0,0.0,0.410437193882,0.00104542186736,0.0,3.36075672253,0.0,16.0449633608,12.6842066383,0.0,0.0,0.0,0.0,1.4808134096624583,1.4808134096624583,1.4808134096624583,7.523292097456978,7.523292097456978,7.523292097456978,0.0491968851936,0.04919688519357519,0.0,5.024253612113312,0.0,1554.4406697648033,0.0,0.0,47.2249339392,1551.20541888,0.0,0.0,0.0,0.0,7.95545051251,0.00169532307574,0.0,10.944393235,0.0,10.9062888775,0.912472577052,0.0,0.0,0.0,0.0,0.014895500199743344,0.014895500199743344,0.014895500199743344,0.02622215500638981,0.02622215500638981,0.02622215500638981
