param,fit_val,fit_err
kex(s-1),112.375287968,3.26685760099
tau_ex(s),0.00889875361463,0.000258695318259
R1n(s-1),100.136828806,3.64808552709
