Name,FitNum,RedChiSq,lf,AlignMag,Temp,pA,pB,pC,dwB,dwC,kexAB,kexAC,kexBC,k12,k21,k13,k31,k23,k32,tau1,tau2,tau3,dG12,dG13,ddG12,ddG21,ddG13,ddG31,ddG23,ddG32,R1,R1b,R1c,R2,R2b,R2c,pA_err,pB_err,pC_err,dwB_err,dwC_err,kexAB_err,kexAC_err,kexBC_err,k12_err,k21_err,k13_err,k31_err,k23_err,k32_err,tau1_err,tau2_err,tau3_err,dG12_err,dG13_err,ddG12_err,ddG21_err,ddG13_err,ddG31_err,ddG23_err,ddG32_err,R1_err,R1b_err,R1c_err,R2_err,R2b_err,R2c_err
A16_C8_Off,1,0.9599864569686103,150.7,auto,298.15,0.92,0.08,0.0,1.5691677809067395,0.0,57.73344592608962,0.0,0.0,4.61867567409,53.114770252,0.0,0.0,0.0,0.0,0.216512279832,0.018827154768,0.0,1.44705336996,0.0,16.5465977879,15.0995444179,0.0,0.0,0.0,0.0,2.963570490499287,2.963570490499287,2.963570490499287,27.247794276874487,27.247794276874487,27.247794276874487,0.08,0.08,0.0,0.05757488882179293,0.0,6.689426988254097,0.0,0.0,4.29865796161,7.48779970039,0.0,0.0,0.0,0.0,0.201510627972,0.0026541386353,0.0,0.55772264741,0.0,0.551432805134,0.0835249235608,0.0,0.0,0.0,0.0,0.13441074135584805,0.13441074135584805,0.13441074135584805,0.19239730310949024,0.19239730310949024,0.19239730310949024
