Name,FitNum,N,DF,K,ChiSq,RedChiSq,Rsq,AdjRsq,AIC,BIC,RSS,TSS,SDR
T8_N3_Off,1,97,93,4,13.6723573413461,0.14701459506823764,0.9758510702396862,0.9748011167718466,-181.62070233275227,-171.7566410274344,13.672357341346098,566.1682516388443,0.38342482322906224
