Name,FitNum,N,DF,K,ChiSq,RedChiSq,Rsq,AdjRsq,AIC,BIC,RSS,TSS,SDR
G_C8_Off,1,199,192,7,75.0190210399103,0.39072406791619946,0.9809814765569235,0.9802844626087479,-179.55067533142207,-157.0839289929056,75.01902103991027,3944.5239408015236,0.6250792493085972
