Name,FitNum,RedChiSq,lf,AlignMag,Temp,pA,pB,pC,dwB,dwC,kexAB,kexAC,kexBC,k12,k21,k13,k31,k23,k32,tau1,tau2,tau3,dG12,dG13,ddG12,ddG21,ddG13,ddG31,ddG23,ddG32,R1,R1b,R1c,R2,R2b,R2c,pA_err,pB_err,pC_err,dwB_err,dwC_err,kexAB_err,kexAC_err,kexBC_err,k12_err,k21_err,k13_err,k31_err,k23_err,k32_err,tau1_err,tau2_err,tau3_err,dG12_err,dG13_err,ddG12_err,ddG21_err,ddG13_err,ddG31_err,ddG23_err,ddG32_err,R1_err,R1b_err,R1c_err,R2_err,R2b_err,R2c_err
G_C8_Off,1,0.39072406791619946,150.88,auto,298.15,0.9998,0.0002,0.0,6.887459458825282,0.0,4171.282433243414,0.0,0.0,0.834256486649,4170.44817676,0.0,0.0,0.0,0.0,1.19867213022,0.00023978238252,0.0,5.04618856049,0.0,17.5605302099,12.5143416494,0.0,0.0,0.0,0.0,2.5214392810370843,2.5214392810370843,2.5214392810370843,20.33597009810655,20.33597009810655,20.33597009810655,0.0002,0.0002,0.0,1.7714752204169624,0.0,2072.413229603407,0.0,0.0,0.931397558194,2071.99891484,0.0,0.0,0.0,0.0,1.33824586686,0.000119130802092,0.0,0.724014866254,0.0,0.661473847933,0.294363508365,0.0,0.0,0.0,0.0,0.04674096683947596,0.04674096683947596,0.04674096683947596,0.16901173610249276,0.16901173610249276,0.16901173610249276
