Name,FitNum,N,DF,K,ChiSq,RedChiSq,Rsq,AdjRsq,AIC,BIC,RSS,TSS,SDR
ac8,1,219,212,7,181.41362813571195,0.8557246610175092,0.9892513138042134,0.9888947223190451,-26.705157077259305,-3.5124606557475886,181.41362813571195,16877.749041257106,0.9250538692516826
