Name,FitNum,RedChiSq,lf,AlignMag,Temp,pA,pB,pC,dwB,dwC,kexAB,kexAC,kexBC,k12,k21,k13,k31,k23,k32,tau1,tau2,tau3,dG12,dG13,ddG12,ddG21,ddG13,ddG31,ddG23,ddG32,R1,R1b,R1c,R2,R2b,R2c,pA_err,pB_err,pC_err,dwB_err,dwC_err,kexAB_err,kexAC_err,kexBC_err,k12_err,k21_err,k13_err,k31_err,k23_err,k32_err,tau1_err,tau2_err,tau3_err,dG12_err,dG13_err,ddG12_err,ddG21_err,ddG13_err,ddG31_err,ddG23_err,ddG32_err,R1_err,R1b_err,R1c_err,R2_err,R2b_err,R2c_err
ac8,1,0.8557246610175092,150.7,auto,298.15,0.987,0.013,0.0,3.3524758063554705,0.0,2462.7301106228183,0.0,0.0,32.0154914381,2430.71461918,0.0,0.0,0.0,0.0,0.0312348789627,0.000411401647938,0.0,2.56529347104,0.0,15.399481027,12.8341875559,0.0,0.0,0.0,0.0,2.01840907932046,2.01840907932046,2.01840907932046,27.25071515263984,27.25071515263984,27.25071515263984,0.013,0.013,0.0,0.10592762555599103,0.0,174.42210746098473,0.0,0.0,31.6832740467,175.031144556,0.0,0.0,0.0,0.0,0.0309107618074,2.96242515442e-05,0.0,0.587886794475,0.0,0.58633667092,0.0426637018235,0.0,0.0,0.0,0.0,0.3982172630224165,0.3982172630224165,0.3982172630224165,0.7431280948579516,0.7431280948579516,0.7431280948579516
