Name,FitNum,N,DF,K,ChiSq,RedChiSq,Rsq,AdjRsq,AIC,BIC,RSS,TSS,SDR
ac1p,1,219,212,7,181.41362813571195,0.8557246610175092,0.9886651314678233,0.9882890931752867,-26.705157077259305,-3.5124606557475886,181.41362813571195,16004.916829933014,0.9250538692516826
