Name,FitNum,RedChiSq,lf,AlignMag,Temp,pA,pB,pC,dwB,dwC,kexAB,kexAC,kexBC,k12,k21,k13,k31,k23,k32,tau1,tau2,tau3,dG12,dG13,ddG12,ddG21,ddG13,ddG31,ddG23,ddG32,R1,R1b,R1c,R2,R2b,R2c,pA_err,pB_err,pC_err,dwB_err,dwC_err,kexAB_err,kexAC_err,kexBC_err,k12_err,k21_err,k13_err,k31_err,k23_err,k32_err,tau1_err,tau2_err,tau3_err,dG12_err,dG13_err,ddG12_err,ddG21_err,ddG13_err,ddG31_err,ddG23_err,ddG32_err,R1_err,R1b_err,R1c_err,R2_err,R2b_err,R2c_err
A16_C8_Off,1,0.2630542913127925,170.4,auto,298.15,0.95,0.05,0.0,0.8324071979414555,0.0,5726.397448299489,0.0,0.0,286.319872415,5440.07757588,0.0,0.0,0.0,0.0,0.00349259725343,0.000183820908075,0.0,1.7445351892,0.0,14.1014122768,12.3568770876,0.0,0.0,0.0,0.0,2.0167550296073107,2.0167550296073107,2.0167550296073107,22.039875866272048,22.039875866272048,22.039875866272048,0.05,0.05,0.0,0.05818311983334115,0.0,591.1767645159746,0.0,0.0,273.979529655,624.184069713,0.0,0.0,0.0,0.0,0.00334206684537,2.10912585161e-05,0.0,0.571009840983,0.0,0.566948746729,0.067980563999,0.0,0.0,0.0,0.0,0.07669100948883631,0.07669100948883631,0.07669100948883631,0.41707818884377806,0.41707818884377806,0.41707818884377806
