Name,FitNum,N,DF,K,ChiSq,RedChiSq,Rsq,AdjRsq,AIC,BIC,RSS,TSS,SDR
A16_C8_Off,1,93,89,4,23.411831926838534,0.2630542913127925,0.9957496018934009,0.9955564019794646,-119.82574488890698,-110.14989237083941,23.411831926838538,5508.15037548826,0.5128881859750647
