Name,FitNum,N,DF,K,ChiSq,RedChiSq,Rsq,AdjRsq,AIC,BIC,RSS,TSS,SDR
G_C8_Off,1,199,192,7,69.77719459817473,0.36342288853216004,0.9823103635203198,0.9816620522357241,-193.9651336315299,-171.49838729301345,69.77719459817473,3944.5239408015236,0.6028456589643488
