Name,FitNum,N,DF,K,ChiSq,RedChiSq,Rsq,AdjRsq,AIC,BIC,RSS,TSS,SDR
ac8,1,219,212,7,798.9065444101848,3.7684270962744564,0.9526651011069496,0.9510947490109716,297.95452699495,321.14722341646177,798.9065444101847,16877.749041257106,1.9412436983218917
