Name,FitNum,RedChiSq,lf,AlignMag,Temp,pA,pB,pC,dwB,dwC,kexAB,kexAC,kexBC,k12,k21,k13,k31,k23,k32,tau1,tau2,tau3,dG12,dG13,ddG12,ddG21,ddG13,ddG31,ddG23,ddG32,R1,R1b,R1c,R2,R2b,R2c,pA_err,pB_err,pC_err,dwB_err,dwC_err,kexAB_err,kexAC_err,kexBC_err,k12_err,k21_err,k13_err,k31_err,k23_err,k32_err,tau1_err,tau2_err,tau3_err,dG12_err,dG13_err,ddG12_err,ddG21_err,ddG13_err,ddG31_err,ddG23_err,ddG32_err,R1_err,R1b_err,R1c_err,R2_err,R2b_err,R2c_err
ac8,1,3.7684270962744564,150.7,auto,298.15,0.9945,0.0055,0.0,4.850133980067947,0.0,3268.6866591926923,0.0,0.0,17.9777766256,3250.70888257,0.0,0.0,0.0,0.0,0.0556242310063,0.000307625209185,0.0,3.07943474608,0.0,15.7413942173,12.6619594712,0.0,0.0,0.0,0.0,2.6878237178033593,2.6878237178033593,2.6878237178033593,29.73073965684021,29.73073965684021,29.73073965684021,0.0055,0.0055,0.0,0.6209323846608202,0.0,972.7468985037693,0.0,0.0,18.6624879381,967.561995528,0.0,0.0,0.0,0.0,0.0577427655177,9.15635549127e-05,0.0,0.639833352402,0.0,0.615050443111,0.176350988867,0.0,0.0,0.0,0.0,0.8670675445804163,0.8670675445804163,0.8670675445804163,1.9113743370631364,1.9113743370631364,1.9113743370631364
