Name,FitNum,N,DF,K,ChiSq,RedChiSq,Rsq,AdjRsq,AIC,BIC,RSS,TSS,SDR
T8_N3_Off,1,97,93,4,77.34087064960738,0.8316222650495417,0.8633959597244553,0.8574566536255186,-13.534595582227261,-3.6705342769093825,77.34087064960742,566.1682516388443,0.9119332569050995
