Name,FitNum,N,DF,K,ChiSq,RedChiSq,Rsq,AdjRsq,AIC,BIC,RSS,TSS,SDR
G10_C1p_Off,1,87,83,4,26.940615014595345,0.3245857230674138,0.9844277412054868,0.9836681188252666,-93.49995646480504,-84.12412886823549,26.94061501459535,1730.0389988437446,0.5697242517809944
