Name,FitNum,RedChiSq,lf,AlignMag,Temp,pA,pB,pC,dwB,dwC,kexAB,kexAC,kexBC,k12,k21,k13,k31,k23,k32,tau1,tau2,tau3,dG12,dG13,ddG12,ddG21,ddG13,ddG31,ddG23,ddG32,R1,R1b,R1c,R2,R2b,R2c,pA_err,pB_err,pC_err,dwB_err,dwC_err,kexAB_err,kexAC_err,kexBC_err,k12_err,k21_err,k13_err,k31_err,k23_err,k32_err,tau1_err,tau2_err,tau3_err,dG12_err,dG13_err,ddG12_err,ddG21_err,ddG13_err,ddG31_err,ddG23_err,ddG32_err,R1_err,R1b_err,R1c_err,R2_err,R2b_err,R2c_err
G10_C1p_Off,1,0.3245857230674138,170.4,auto,298.15,0.999,0.001,0.0,2.418424501453524,0.0,3007.171679208229,0.0,0.0,3.00717167921,3004.16450753,0.0,0.0,0.0,0.0,0.33253838047,0.000332871251722,0.0,4.0921468707,0.0,16.800837744,12.7086908733,0.0,0.0,0.0,0.0,1.6255838069566193,1.6255838069566193,1.6255838069566193,14.706541039161177,14.706541039161177,14.706541039161177,0.001,0.001,0.0,0.3370537722664816,0.0,968.1752778714182,0.0,0.0,3.15632330411,967.211768084,0.0,0.0,0.0,0.0,0.349031831819,0.000107170226902,0.0,0.650469901632,0.0,0.621871186534,0.190754607514,0.0,0.0,0.0,0.0,0.07934719319185193,0.07934719319185193,0.07934719319185193,0.20795542279913945,0.20795542279913945,0.20795542279913945
