Name,FitNum,N,DF,K,ChiSq,RedChiSq,Rsq,AdjRsq,AIC,BIC,RSS,TSS,SDR
hpGBCm6A_m6AC2_55C,1,91,87,4,21.657644112199787,0.24893843807126192,0.9863566780762026,0.9857221049634679,-122.16547814337802,-112.58715639638038,21.657644112199787,1587.4172165082093,0.49893730875858733
