Name,FitNum,RedChiSq,lf,AlignMag,Temp,pA,pB,pC,dwB,dwC,kexAB,kexAC,kexBC,k12,k21,k13,k31,k23,k32,tau1,tau2,tau3,dG12,dG13,ddG12,ddG21,ddG13,ddG31,ddG23,ddG32,R1,R1b,R1c,R2,R2b,R2c,pA_err,pB_err,pC_err,dwB_err,dwC_err,kexAB_err,kexAC_err,kexBC_err,k12_err,k21_err,k13_err,k31_err,k23_err,k32_err,tau1_err,tau2_err,tau3_err,dG12_err,dG13_err,ddG12_err,ddG21_err,ddG13_err,ddG31_err,ddG23_err,ddG32_err,R1_err,R1b_err,R1c_err,R2_err,R2b_err,R2c_err
hpGBCm6A_m6AC2_55C,1,0.24893843807126192,150.7,auto,298.15,0.989,0.011,0.0,2.635681741413245,0.0,600.5651020335835,0.0,0.0,6.60621612237,593.958885911,0.0,0.0,0.0,0.0,0.151372583257,0.00168361821621,0.0,2.66546983069,0.0,16.3345457015,13.6690758708,0.0,0.0,0.0,0.0,4.476583314047984,4.476583314047984,4.476583314047984,13.65688094943008,13.65688094943008,13.65688094943008,0.011,0.011,0.0,0.016925616439652166,0.0,5.366806582155912,0.0,0.0,6.53421854132,8.4181332463,0.0,0.0,0.0,0.0,0.149722855239,2.38617904642e-05,0.0,0.586087736965,0.0,0.586027577657,0.00839724041662,0.0,0.0,0.0,0.0,0.023242870586633282,0.023242870586633282,0.023242870586633282,0.03136534682524116,0.03136534682524116,0.03136534682524116
