Name,FitNum,N,DF,K,ChiSq,RedChiSq,Rsq,AdjRsq,AIC,BIC,RSS,TSS,SDR
A16_C8_Off,1,106,102,4,21.909264124921382,0.21479670710707238,0.9973767869820406,0.997272897357567,-158.71609029347456,-148.4583735209867,21.909264124921386,8352.072048637714,0.463461656566185
