Name,FitNum,RedChiSq,lf,AlignMag,Temp,pA,pB,pC,dwB,dwC,kexAB,kexAC,kexBC,k12,k21,k13,k31,k23,k32,tau1,tau2,tau3,dG12,dG13,ddG12,ddG21,ddG13,ddG31,ddG23,ddG32,R1,R1b,R1c,R2,R2b,R2c,pA_err,pB_err,pC_err,dwB_err,dwC_err,kexAB_err,kexAC_err,kexBC_err,k12_err,k21_err,k13_err,k31_err,k23_err,k32_err,tau1_err,tau2_err,tau3_err,dG12_err,dG13_err,ddG12_err,ddG21_err,ddG13_err,ddG31_err,ddG23_err,ddG32_err,R1_err,R1b_err,R1c_err,R2_err,R2b_err,R2c_err
A21_C1p_Off,1,0.34855074928492724,150.7,avg,298.15,0.92,0.08,0.0,1.6985991165041785,0.0,31.210108232319502,0.0,0.0,2.49680865859,28.7132995737,0.0,0.0,0.0,0.0,0.400511267278,0.0348270667198,0.0,1.44705336996,0.0,16.9110319774,15.4639786074,0.0,0.0,0.0,0.0,1.8393590101854396,1.8393590101854396,1.8393590101854396,14.668446725019619,14.668446725019619,14.668446725019619,0.08,0.08,0.0,0.08507941876222855,0.0,5.199205782375585,0.0,0.0,2.34294770462,5.3099968165,0.0,0.0,0.0,0.0,0.375830543168,0.00644062563884,0.0,0.56666791651,0.0,0.555974034162,0.109569160534,0.0,0.0,0.0,0.0,0.07678193004819574,0.07678193004819574,0.07678193004819574,0.1036356430440201,0.1036356430440201,0.1036356430440201
