Name,FitNum,N,DF,K,ChiSq,RedChiSq,Rsq,AdjRsq,AIC,BIC,RSS,TSS,SDR
G_C8_Off,1,199,192,7,69.02985985889197,0.35953052009839565,0.9824998248470853,0.981858457171324,-196.1079793350954,-173.64123299657894,69.02985985889198,3944.5239408015236,0.5996086391125429
