Name,FitNum,RedChiSq,lf,AlignMag,Temp,pA,pB,pC,dwB,dwC,kexAB,kexAC,kexBC,k12,k21,k13,k31,k23,k32,tau1,tau2,tau3,dG12,dG13,ddG12,ddG21,ddG13,ddG31,ddG23,ddG32,R1,R1b,R1c,R2,R2b,R2c,pA_err,pB_err,pC_err,dwB_err,dwC_err,kexAB_err,kexAC_err,kexBC_err,k12_err,k21_err,k13_err,k31_err,k23_err,k32_err,tau1_err,tau2_err,tau3_err,dG12_err,dG13_err,ddG12_err,ddG21_err,ddG13_err,ddG31_err,ddG23_err,ddG32_err,R1_err,R1b_err,R1c_err,R2_err,R2b_err,R2c_err
G_C1p_Off,1,0.35953052009839565,150.88,auto,298.15,0.995,0.005,0.0,1.0587879034873215,0.0,3553.712253709591,0.0,0.0,17.7685612685,3535.94369244,0.0,0.0,0.0,0.0,0.0562791767373,0.000282809933353,0.0,3.13620237989,0.0,15.7483296591,12.6121272792,0.0,0.0,0.0,0.0,2.2687247762671494,2.2687247762671494,2.2687247762671494,13.934554894508473,13.934554894508473,13.934554894508473,0.005,0.005,0.0,0.10672874305176727,0.0,624.918215063202,0.0,0.0,17.9539245664,622.044926971,0.0,0.0,0.0,0.0,0.0568662863879,4.97520604515e-05,0.0,0.607671327672,0.0,0.598665605368,0.104230203989,0.0,0.0,0.0,0.0,0.03706823354612584,0.03706823354612584,0.03706823354612584,0.10862914816036869,0.10862914816036869,0.10862914816036869
