Name,FitNum,RedChiSq,lf,AlignMag,Temp,pA,pB,pC,dwB,dwC,kexAB,kexAC,kexBC,k12,k21,k13,k31,k23,k32,tau1,tau2,tau3,dG12,dG13,ddG12,ddG21,ddG13,ddG31,ddG23,ddG32,R1,R1b,R1c,R2,R2b,R2c,pA_err,pB_err,pC_err,dwB_err,dwC_err,kexAB_err,kexAC_err,kexBC_err,k12_err,k21_err,k13_err,k31_err,k23_err,k32_err,tau1_err,tau2_err,tau3_err,dG12_err,dG13_err,ddG12_err,ddG21_err,ddG13_err,ddG31_err,ddG23_err,ddG32_err,R1_err,R1b_err,R1c_err,R2_err,R2b_err,R2c_err
G_C8_Off,1,0.18318224897798926,150.88,auto,298.15,0.92,0.08,0.0,4.27,0.0,99999.99999999635,0.0,0.0,8000.0,92000.0,0.0,0.0,0.0,0.0,0.000125,1.08695652174e-05,0.0,1.44705336996,0.0,12.1283863984,10.6813330284,0.0,0.0,0.0,0.0,0.9861364465793596,0.9861364465793596,0.9861364465793596,20.28561493145768,20.28561493145768,20.28561493145768,0.08,0.08,0.0,4.27,0.0,65984.52192371296,0.0,0.0,9079.89678655,61153.646807,0.0,0.0,0.0,0.0,0.00014187338729,7.22514730707e-06,0.0,0.77930098529,0.0,0.672462545945,0.393832642091,0.0,0.0,0.0,0.0,0.0981895669805078,0.0981895669805078,0.0981895669805078,7.879704235254281,7.879704235254281,7.879704235254281
