Name,FitNum,N,DF,K,ChiSq,RedChiSq,Rsq,AdjRsq,AIC,BIC,RSS,TSS,SDR
G7C8_pH5.3HS_25C,1,280,270,10,268.954699357569,0.9961285161391444,0.9741041235061432,0.973141451517524,9.548784211410874,45.078836376932365,268.95469935756904,10386.004869206554,0.9980623808856561
