Name,FitNum,RedChiSq,lf,AlignMag,Temp,pA,pB,pC,dwB,dwC,kexAB,kexAC,kexBC,k12,k21,k13,k31,k23,k32,tau1,tau2,tau3,dG12,dG13,ddG12,ddG21,ddG13,ddG31,ddG23,ddG32,R1,R1b,R1c,R2,R2b,R2c,pA_err,pB_err,pC_err,dwB_err,dwC_err,kexAB_err,kexAC_err,kexBC_err,k12_err,k21_err,k13_err,k31_err,k23_err,k32_err,tau1_err,tau2_err,tau3_err,dG12_err,dG13_err,ddG12_err,ddG21_err,ddG13_err,ddG31_err,ddG23_err,ddG32_err,R1_err,R1b_err,R1c_err,R2_err,R2b_err,R2c_err
G7N1_pH5.3HS_25C,1,0.9961285161391444,70.960765,auto,298.15,0.998,0.002,0.0,-2.139156659122501,0.0,1644.2273949554549,0.0,0.0,3.28845478991,1640.93894017,0.0,0.0,0.0,0.0,0.304094191311,0.000609407197016,0.0,3.68087436261,0.0,16.7478590671,13.0669847045,0.0,0.0,0.0,0.0,2.0518548958059633,2.0518548958059633,2.0518548958059633,8.352855551060948,8.352855551060948,8.352855551060948,0.002,0.002,0.0,0.1510984811786962,0.0,297.93289297989037,0.0,0.0,3.3355391936,297.355138691,0.0,0.0,0.0,0.0,0.308448240424,0.000110430898526,0.0,0.610483126217,0.0,0.600968001022,0.107364375582,0.0,0.0,0.0,0.0,0.021544203577290446,0.021544203577290446,0.021544203577290446,0.05123287431091189,0.05123287431091189,0.05123287431091189
