Name,FitNum,RedChiSq,lf,AlignMag,Temp,pA,pB,pC,dwB,dwC,kexAB,kexAC,kexBC,k12,k21,k13,k31,k23,k32,tau1,tau2,tau3,dG12,dG13,ddG12,ddG21,ddG13,ddG31,ddG23,ddG32,R1,R1b,R1c,R2,R2b,R2c,pA_err,pB_err,pC_err,dwB_err,dwC_err,kexAB_err,kexAC_err,kexBC_err,k12_err,k21_err,k13_err,k31_err,k23_err,k32_err,tau1_err,tau2_err,tau3_err,dG12_err,dG13_err,ddG12_err,ddG21_err,ddG13_err,ddG31_err,ddG23_err,ddG32_err,R1_err,R1b_err,R1c_err,R2_err,R2b_err,R2c_err
A6RNAm6A_C2_37,1,0.8680094994082426,150.88,auto,298.15,0.999,0.001,0.0,2.765206180692801,0.0,1431.0325825223024,0.0,0.0,1.43103258252,1429.60154994,0.0,0.0,0.0,0.0,0.698796108637,0.000699495604242,0.0,4.0921468707,0.0,17.2408191263,13.1486722556,0.0,0.0,0.0,0.0,4.5831930152465175,4.5831930152465175,4.5831930152465175,20.94067351737395,20.94067351737395,20.94067351737395,0.001,0.001,0.0,0.2253074465456734,0.0,286.52481900130596,0.0,0.0,1.4580326167,286.241864197,0.0,0.0,0.0,0.0,0.711980657364,0.000140056455426,0.0,0.61520948311,0.0,0.60366346604,0.118630214859,0.0,0.0,0.0,0.0,0.04836673002609599,0.04836673002609599,0.04836673002609599,0.07940513264931041,0.07940513264931041,0.07940513264931041
