Name,FitNum,RedChiSq,lf,AlignMag,Temp,pA,pB,pC,dwB,dwC,kexAB,kexAC,kexBC,k12,k21,k13,k31,k23,k32,tau1,tau2,tau3,dG12,dG13,ddG12,ddG21,ddG13,ddG31,ddG23,ddG32,R1,R1b,R1c,R2,R2b,R2c,pA_err,pB_err,pC_err,dwB_err,dwC_err,kexAB_err,kexAC_err,kexBC_err,k12_err,k21_err,k13_err,k31_err,k23_err,k32_err,tau1_err,tau2_err,tau3_err,dG12_err,dG13_err,ddG12_err,ddG21_err,ddG13_err,ddG31_err,ddG23_err,ddG32_err,R1_err,R1b_err,R1c_err,R2_err,R2b_err,R2c_err
A6RNAm6A_C2_37,1,1.689799070573058,150.88,auto,298.15,0.97,0.03,0.0,0.36970796173995113,0.0,1448.032788774189,0.0,0.0,43.4409836632,1404.59180511,0.0,0.0,0.0,0.0,0.0230197365638,0.000711950615375,0.0,2.05953545938,0.0,15.2186645012,13.1591290418,0.0,0.0,0.0,0.0,4.729578086487193,4.729578086487193,4.729578086487193,20.88817069059062,20.88817069059062,20.88817069059062,0.03,0.03,0.0,0.023746076291247042,0.0,398.9338803229021,0.0,0.0,43.8237623787,389.255531196,0.0,0.0,0.0,0.0,0.0232225741713,0.000197303383064,0.0,0.619848360055,0.0,0.597705407635,0.164195722071,0.0,0.0,0.0,0.0,0.058830872631878105,0.058830872631878105,0.058830872631878105,0.10028547645751622,0.10028547645751622,0.10028547645751622
