Name,FitNum,N,DF,K,ChiSq,RedChiSq,Rsq,AdjRsq,AIC,BIC,RSS,TSS,SDR
A6RNAm6A_C2_37,1,93,89,4,150.39211728100216,1.689799070573058,0.949096033366271,0.9467822167011015,53.15467044683891,62.83052296490648,150.39211728100213,2954.428254346537,1.2999227171540075
