Name,FitNum,RedChiSq,lf,AlignMag,Temp,pA,pB,pC,dwB,dwC,kexAB,kexAC,kexBC,k12,k21,k13,k31,k23,k32,tau1,tau2,tau3,dG12,dG13,ddG12,ddG21,ddG13,ddG31,ddG23,ddG32,R1,R1b,R1c,R2,R2b,R2c,pA_err,pB_err,pC_err,dwB_err,dwC_err,kexAB_err,kexAC_err,kexBC_err,k12_err,k21_err,k13_err,k31_err,k23_err,k32_err,tau1_err,tau2_err,tau3_err,dG12_err,dG13_err,ddG12_err,ddG21_err,ddG13_err,ddG31_err,ddG23_err,ddG32_err,R1_err,R1b_err,R1c_err,R2_err,R2b_err,R2c_err
A16_C8_Off,1,0.6650074531543809,150.7,auto,298.15,0.98,0.02,0.0,3.0101947516344763,0.0,158.19919978477535,0.0,0.0,3.1639839957,155.035215789,0.0,0.0,0.0,0.0,0.316057224487,0.0064501474385,0.0,2.30584417206,0.0,16.7707205616,14.4648763895,0.0,0.0,0.0,0.0,2.0042893492390847,2.0042893492390847,2.0042893492390847,27.931544256706133,27.931544256706133,27.931544256706133,0.02,0.02,0.0,0.1295278513435181,0.0,10.143919888827872,0.0,0.0,3.10797863829,10.4135813964,0.0,0.0,0.0,0.0,0.310462727852,0.000433250826449,0.0,0.583356289203,0.0,0.581997236895,0.0397966883027,0.0,0.0,0.0,0.0,0.10871329656886676,0.10871329656886676,0.10871329656886676,0.13912214894140043,0.13912214894140043,0.13912214894140043
