Name,FitNum,N,DF,K,ChiSq,RedChiSq,Rsq,AdjRsq,AIC,BIC,RSS,TSS,SDR
c15_c6,1,138,134,4,114.53946406057253,0.8547721198550189,0.9940928996489183,0.9939152424955023,-17.413375622391047,-6.005112761461476,114.53946406057256,19390.13344162995,0.9245388687637849
