Name,FitNum,N,DF,K,ChiSq,RedChiSq,Rsq,AdjRsq,AIC,BIC,RSS,TSS,SDR
G_C1p_Off_clean,1,253,248,5,62.1663849511868,0.25067090706123707,0.9433197249225612,0.9421723509331393,-345.1044926943964,-327.43754525075883,62.166384951186785,1096.790459577916,0.5006704575479135
