Name,FitNum,N,DF,K,ChiSq,RedChiSq,Rsq,AdjRsq,AIC,BIC,RSS,TSS,SDR
G_C8_Off_clean,1,253,248,5,62.1663849511868,0.25067090706123707,0.9820705601396186,0.9817076160128902,-345.1044926943964,-327.43754525075883,62.166384951186785,3467.2798166191255,0.5006704575479135
