Name,FitNum,RedChiSq,lf,AlignMag,Temp,pA,pB,pC,dwB,dwC,kexAB,kexAC,kexBC,k12,k21,k13,k31,k23,k32,tau1,tau2,tau3,dG12,dG13,ddG12,ddG21,ddG13,ddG31,ddG23,ddG32,R1,R1b,R1c,R2,R2b,R2c,pA_err,pB_err,pC_err,dwB_err,dwC_err,kexAB_err,kexAC_err,kexBC_err,k12_err,k21_err,k13_err,k31_err,k23_err,k32_err,tau1_err,tau2_err,tau3_err,dG12_err,dG13_err,ddG12_err,ddG21_err,ddG13_err,ddG31_err,ddG23_err,ddG32_err,R1_err,R1b_err,R1c_err,R2_err,R2b_err,R2c_err
G_C1p_Off,1,0.25553736459660464,150.88,auto,298.15,0.9945,0.0055,0.0,4.588009846795642,0.0,123.0937472223215,0.0,0.0,0.677015609723,122.416731613,0.0,0.0,0.0,0.0,1.47707081733,0.0081688179943,0.0,3.07943474608,0.0,17.6842686134,14.6048338674,0.0,0.0,0.0,0.0,2.1249353364245196,2.1249353364245196,2.1249353364245196,14.20277101249337,14.20277101249337,14.20277101249337,0.0055,0.0055,0.0,0.25910074486769863,0.0,8.25471824057492,0.0,0.0,0.674831283202,8.23688207919,0.0,0.0,0.0,0.0,1.47230518872,0.000549643742804,0.0,0.591917158201,0.0,0.590573153161,0.0398656862184,0.0,0.0,0.0,0.0,0.03277655650161296,0.03277655650161296,0.03277655650161296,0.04719074525349983,0.04719074525349983,0.04719074525349983
