Name,FitNum,RedChiSq,lf,AlignMag,Temp,pA,pB,pC,dwB,dwC,kexAB,kexAC,kexBC,k12,k21,k13,k31,k23,k32,tau1,tau2,tau3,dG12,dG13,ddG12,ddG21,ddG13,ddG31,ddG23,ddG32,R1,R1b,R1c,R2,R2b,R2c,pA_err,pB_err,pC_err,dwB_err,dwC_err,kexAB_err,kexAC_err,kexBC_err,k12_err,k21_err,k13_err,k31_err,k23_err,k32_err,tau1_err,tau2_err,tau3_err,dG12_err,dG13_err,ddG12_err,ddG21_err,ddG13_err,ddG31_err,ddG23_err,ddG32_err,R1_err,R1b_err,R1c_err,R2_err,R2b_err,R2c_err
A6RNAm6A_C2_37,1,0.37356681106691486,150.88,auto,298.15,0.987,0.013,0.0,1.8365790168081875,0.0,90.18650848070918,0.0,0.0,1.17242461025,89.0140838705,0.0,0.0,0.0,0.0,0.852933306976,0.0112341772955,0.0,2.56529347104,0.0,17.3589145778,14.7936211068,0.0,0.0,0.0,0.0,4.546905670773201,4.546905670773201,4.546905670773201,21.02678320412159,21.02678320412159,21.02678320412159,0.013,0.013,0.0,0.07704748650498831,0.0,5.565069415179719,0.0,0.0,1.15954255551,5.61331600717,0.0,0.0,0.0,0.0,0.84356167365,0.000708438311089,0.0,0.587164745968,0.0,0.585974802837,0.0373626731901,0.0,0.0,0.0,0.0,0.03018581652537462,0.03018581652537462,0.03018581652537462,0.03156271813833312,0.03156271813833312,0.03156271813833312
