Name,FitNum,RedChiSq,lf,AlignMag,Temp,pA,pB,pC,dwB,dwC,kexAB,kexAC,kexBC,k12,k21,k13,k31,k23,k32,tau1,tau2,tau3,dG12,dG13,ddG12,ddG21,ddG13,ddG31,ddG23,ddG32,R1,R1b,R1c,R2,R2b,R2c,pA_err,pB_err,pC_err,dwB_err,dwC_err,kexAB_err,kexAC_err,kexBC_err,k12_err,k21_err,k13_err,k31_err,k23_err,k32_err,tau1_err,tau2_err,tau3_err,dG12_err,dG13_err,ddG12_err,ddG21_err,ddG13_err,ddG31_err,ddG23_err,ddG32_err,R1_err,R1b_err,R1c_err,R2_err,R2b_err,R2c_err
G7N1_pH5.3HS_25C,1,0.7976735554859187,70.960765,auto,298.15,0.999,0.001,0.0,-2.704843493537261,0.0,776.7156079412828,0.0,0.0,0.776715607941,775.938892333,0.0,0.0,0.0,0.0,1.28747251861,0.00128876127989,0.0,4.0921468707,0.0,17.6028730938,13.5107262232,0.0,0.0,0.0,0.0,2.032541012625861,2.032541012625861,2.032541012625861,8.506967050954083,8.506967050954083,8.506967050954083,0.001,0.001,0.0,0.20293006658804583,0.0,63.74957491409091,0.0,0.0,0.778553643768,63.6905521322,0.0,0.0,0.0,0.0,1.29051922012,0.000105783997031,0.0,0.595874693623,0.0,0.593886817017,0.0486322842685,0.0,0.0,0.0,0.0,0.019988033411428803,0.019988033411428803,0.019988033411428803,0.027527469300854424,0.027527469300854424,0.027527469300854424
