Name,FitNum,N,DF,K,ChiSq,RedChiSq,Rsq,AdjRsq,AIC,BIC,RSS,TSS,SDR
G7N1_pH5.3HS_25C,1,280,270,10,215.37185998119804,0.7976735554859187,0.4752347851173252,0.4557267845640659,-52.66073270019464,-17.130680534673154,215.3718599811981,410.4156561317621,0.893125722105191
