Name,FitNum,N,DF,K,ChiSq,RedChiSq,Rsq,AdjRsq,AIC,BIC,RSS,TSS,SDR
gc1p,1,220,213,7,581.4170786375944,2.7296576461858892,0.8547613337593891,0.8499657174212558,228.33328148657296,251.56037242424702,581.4170786375944,4003.1838193445337,1.6521675599605172
