Name,FitNum,RedChiSq,lf,AlignMag,Temp,pA,pB,pC,dwB,dwC,kexAB,kexAC,kexBC,k12,k21,k13,k31,k23,k32,tau1,tau2,tau3,dG12,dG13,ddG12,ddG21,ddG13,ddG31,ddG23,ddG32,R1,R1b,R1c,R2,R2b,R2c,pA_err,pB_err,pC_err,dwB_err,dwC_err,kexAB_err,kexAC_err,kexBC_err,k12_err,k21_err,k13_err,k31_err,k23_err,k32_err,tau1_err,tau2_err,tau3_err,dG12_err,dG13_err,ddG12_err,ddG21_err,ddG13_err,ddG31_err,ddG23_err,ddG32_err,R1_err,R1b_err,R1c_err,R2_err,R2b_err,R2c_err
A21_C1p_Off,1,1.3074313622325224,150.88,auto,298.15,0.9995,0.0005,0.0,6.101371288876737,0.0,3892.961087792281,0.0,0.0,1.9464805439,3891.01460725,0.0,0.0,0.0,0.0,0.513747750079,0.000257002376228,0.0,4.50312246865,0.0,17.0585550437,12.555432575,0.0,0.0,0.0,0.0,2.0001628754278076,2.0001628754278076,2.0001628754278076,16.622063182799693,16.622063182799693,16.622063182799693,0.0005,0.0005,0.0,2.1766567596301107,0.0,4626.709688107199,0.0,0.0,3.02268262478,4624.39674251,0.0,0.0,0.0,0.0,0.797797030418,0.000305442428623,0.0,1.15860300901,0.0,0.92006743224,0.704156838081,0.0,0.0,0.0,0.0,0.1653175184220769,0.1653175184220769,0.1653175184220769,0.8129422457806063,0.8129422457806063,0.8129422457806063
