Name,FitNum,RedChiSq,lf,AlignMag,Temp,pA,pB,pC,dwB,dwC,kexAB,kexAC,kexBC,k12,k21,k13,k31,k23,k32,tau1,tau2,tau3,dG12,dG13,ddG12,ddG21,ddG13,ddG31,ddG23,ddG32,R1,R1b,R1c,R2,R2b,R2c,pA_err,pB_err,pC_err,dwB_err,dwC_err,kexAB_err,kexAC_err,kexBC_err,k12_err,k21_err,k13_err,k31_err,k23_err,k32_err,tau1_err,tau2_err,tau3_err,dG12_err,dG13_err,ddG12_err,ddG21_err,ddG13_err,ddG31_err,ddG23_err,ddG32_err,R1_err,R1b_err,R1c_err,R2_err,R2b_err,R2c_err
A16_C8_Off,1,0.4539306324968414,150.7,auto,298.15,0.98,0.02,0.0,2.7298932765033235,0.0,133.28796863561,0.0,0.0,2.66575937271,130.622209263,0.0,0.0,0.0,0.0,0.375127631637,0.00765566595178,0.0,2.30584417206,0.0,16.8722386947,14.5663945227,0.0,0.0,0.0,0.0,2.436227587456915,2.436227587456915,2.436227587456915,30.269805291766037,30.269805291766037,30.269805291766037,0.02,0.02,0.0,0.060163047643514135,0.0,6.918831639434605,0.0,0.0,2.61664961789,7.2665175447,0.0,0.0,0.0,0.0,0.368216870596,0.000425884933878,0.0,0.582502981359,0.0,0.581569742441,0.0329599449213,0.0,0.0,0.0,0.0,0.08564404307705416,0.08564404307705416,0.08564404307705416,0.14016318132822214,0.14016318132822214,0.14016318132822214
