Name,FitNum,RedChiSq,lf,AlignMag,Temp,pA,pB,pC,dwB,dwC,kexAB,kexAC,kexBC,k12,k21,k13,k31,k23,k32,tau1,tau2,tau3,dG12,dG13,ddG12,ddG21,ddG13,ddG31,ddG23,ddG32,R1,R1b,R1c,R2,R2b,R2c,pA_err,pB_err,pC_err,dwB_err,dwC_err,kexAB_err,kexAC_err,kexBC_err,k12_err,k21_err,k13_err,k31_err,k23_err,k32_err,tau1_err,tau2_err,tau3_err,dG12_err,dG13_err,ddG12_err,ddG21_err,ddG13_err,ddG31_err,ddG23_err,ddG32_err,R1_err,R1b_err,R1c_err,R2_err,R2b_err,R2c_err
A16_C8_Off,1,0.23379785236814646,150.7,auto,298.15,0.9925,0.0075,0.0,2.412194285667722,0.0,3403.934614844036,0.0,0.0,25.5295096113,3378.40510523,0.0,0.0,0.0,0.0,0.0391703567841,0.000295997658318,0.0,2.89447995867,0.0,15.53361061,12.6391306514,0.0,0.0,0.0,0.0,3.058704147470639,3.058704147470639,3.058704147470639,24.33830523681384,24.33830523681384,24.33830523681384,0.0075,0.0075,0.0,0.062438454354307435,0.0,204.03377562061567,0.0,0.0,25.3849270401,204.082653332,0.0,0.0,0.0,0.0,0.0389485213087,1.78806228407e-05,0.0,0.590215481094,0.0,0.589129299857,0.0357908112989,0.0,0.0,0.0,0.0,0.06530886466163574,0.06530886466163574,0.06530886466163574,0.21130176936909387,0.21130176936909387,0.21130176936909387
