Name,FitNum,N,DF,K,ChiSq,RedChiSq,Rsq,AdjRsq,AIC,BIC,RSS,TSS,SDR
gc8,1,308,301,7,553.906289145317,1.8402202297186612,0.9042451912872207,0.9020109124172557,194.76388677990752,220.87458526072254,553.906289145317,5784.631566721444,1.3565471719474635
