Name,FitNum,N,DF,K,ChiSq,RedChiSq,Rsq,AdjRsq,AIC,BIC,RSS,TSS,SDR
gc1p,1,308,301,7,553.906289145317,1.8402202297186612,0.8014942235686378,0.7968624221185727,194.76388677990752,220.87458526072254,553.906289145317,2790.378693774901,1.3565471719474635
