Name,FitNum,RedChiSq,lf,AlignMag,Temp,pA,pB,pC,dwB,dwC,kexAB,kexAC,kexBC,k12,k21,k13,k31,k23,k32,tau1,tau2,tau3,dG12,dG13,ddG12,ddG21,ddG13,ddG31,ddG23,ddG32,R1,R1b,R1c,R2,R2b,R2c,pA_err,pB_err,pC_err,dwB_err,dwC_err,kexAB_err,kexAC_err,kexBC_err,k12_err,k21_err,k13_err,k31_err,k23_err,k32_err,tau1_err,tau2_err,tau3_err,dG12_err,dG13_err,ddG12_err,ddG21_err,ddG13_err,ddG31_err,ddG23_err,ddG32_err,R1_err,R1b_err,R1c_err,R2_err,R2b_err,R2c_err
G_C8_Off,1,107008.66020525138,150.88,auto,298.15,0.8,0.2,0.0,4.27,0.0,3000.000948733771,0.0,0.0,600.000189747,2400.00075899,0.0,0.0,0.0,0.0,0.00166666613959,0.000416666534898,0.0,0.82135826644,0.0,13.6630800021,12.8417217357,0.0,0.0,0.0,0.0,2.499997012315055,2.499997012315055,2.499997012315055,22.499724320032346,22.499724320032346,22.499724320032346,0.2,0.2,0.0,4.27,0.0,0.00027213464496527297,0.0,0.0,494.772831543,494.772831543,0.0,0.0,0.0,0.0,0.00137436810724,8.58980067023e-05,0.0,0.503612036559,0.0,0.488575440251,0.122143860063,0.0,0.0,0.0,0.0,3.1163593759939754e-05,3.1163593759939754e-05,3.1163593759939754e-05,0.0001339346444820945,0.0001339346444820945,0.0001339346444820945
