Name,FitNum,N,DF,K,ChiSq,RedChiSq,Rsq,AdjRsq,AIC,BIC,RSS,TSS,SDR
G_C1p_Off_reduce_new_trunc,1,190,185,5,19796602.137971506,107008.66020525138,-10276.714901027379,-10556.000632033556,2205.585478877553,2221.494512281834,19796602.137971506,1926.1676674834212,327.121781918067
