Name,FitNum,N,DF,K,ChiSq,RedChiSq,Rsq,AdjRsq,AIC,BIC,RSS,TSS,SDR
A16_C8_Off,1,106,102,4,206.99280043377985,2.029341180723332,0.9752165930527932,0.974235071985577,79.33600091570274,89.59371768819062,206.99280043377988,8352.072048637714,1.424549465874503
