Name,FitNum,RedChiSq,lf,AlignMag,Temp,pA,pB,pC,dwB,dwC,kexAB,kexAC,kexBC,k12,k21,k13,k31,k23,k32,tau1,tau2,tau3,dG12,dG13,ddG12,ddG21,ddG13,ddG31,ddG23,ddG32,R1,R1b,R1c,R2,R2b,R2c,pA_err,pB_err,pC_err,dwB_err,dwC_err,kexAB_err,kexAC_err,kexBC_err,k12_err,k21_err,k13_err,k31_err,k23_err,k32_err,tau1_err,tau2_err,tau3_err,dG12_err,dG13_err,ddG12_err,ddG21_err,ddG13_err,ddG31_err,ddG23_err,ddG32_err,R1_err,R1b_err,R1c_err,R2_err,R2b_err,R2c_err
hpGBCm6A_m6AC2_55C,1,0.5878909901916622,150.7,auto,298.15,0.991,0.009,0.0,2.6736512731790527,0.0,783.2991831624886,0.0,0.0,7.04969264846,776.249490514,0.0,0.0,0.0,0.0,0.141850155725,0.00128824561204,0.0,2.78556109659,0.0,16.2960502033,13.5104891067,0.0,0.0,0.0,0.0,4.54951732489916,4.54951732489916,4.54951732489916,13.512084845859848,13.512084845859848,13.512084845859848,0.009,0.009,0.0,0.028449636878397962,0.0,12.967890442428741,0.0,0.0,6.98750828305,14.6275241667,0.0,0.0,0.0,0.0,0.140598915089,2.42754991185e-05,0.0,0.587364642134,0.0,0.587258522735,0.0111646900755,0.0,0.0,0.0,0.0,0.03578352474461247,0.03578352474461247,0.03578352474461247,0.052201795802477954,0.052201795802477954,0.052201795802477954
