Name,FitNum,RedChiSq,lf,AlignMag,Temp,pA,pB,pC,dwB,dwC,kexAB,kexAC,kexBC,k12,k21,k13,k31,k23,k32,tau1,tau2,tau3,dG12,dG13,ddG12,ddG21,ddG13,ddG31,ddG23,ddG32,R1,R1b,R1c,R2,R2b,R2c,pA_err,pB_err,pC_err,dwB_err,dwC_err,kexAB_err,kexAC_err,kexBC_err,k12_err,k21_err,k13_err,k31_err,k23_err,k32_err,tau1_err,tau2_err,tau3_err,dG12_err,dG13_err,ddG12_err,ddG21_err,ddG13_err,ddG31_err,ddG23_err,ddG32_err,R1_err,R1b_err,R1c_err,R2_err,R2b_err,R2c_err
A21_C1p_Off,1,0.3470962773619849,150.88,avg,298.15,0.97,0.03,0.0,1.8541838237542152,0.0,65.38265620688466,0.0,0.0,1.96147968621,63.4211765207,0.0,0.0,0.0,0.0,0.509819197737,0.0157676040537,0.0,2.05953545938,0.0,17.0540069899,14.9944715305,0.0,0.0,0.0,0.0,2.2787455223447175,2.2787455223447175,2.2787455223447175,13.924016859879286,13.924016859879286,13.924016859879286,0.03,0.03,0.0,0.13539132391482744,0.0,10.260120658056511,0.0,0.0,1.9282704164,10.1327241234,0.0,0.0,0.0,0.0,0.501187589973,0.00251917089416,0.0,0.590095555763,0.0,0.582453553557,0.0946605666629,0.0,0.0,0.0,0.0,0.06695735157031191,0.06695735157031191,0.06695735157031191,0.08573057991556202,0.08573057991556202,0.08573057991556202
