Name,FitNum,RedChiSq,lf,AlignMag,Temp,pA,pB,pC,dwB,dwC,kexAB,kexAC,kexBC,k12,k21,k13,k31,k23,k32,tau1,tau2,tau3,dG12,dG13,ddG12,ddG21,ddG13,ddG31,ddG23,ddG32,R1,R1b,R1c,R2,R2b,R2c,pA_err,pB_err,pC_err,dwB_err,dwC_err,kexAB_err,kexAC_err,kexBC_err,k12_err,k21_err,k13_err,k31_err,k23_err,k32_err,tau1_err,tau2_err,tau3_err,dG12_err,dG13_err,ddG12_err,ddG21_err,ddG13_err,ddG31_err,ddG23_err,ddG32_err,R1_err,R1b_err,R1c_err,R2_err,R2b_err,R2c_err
gc1p,1,0.4267722019920284,150.88,auto,298.15,0.98,0.02,0.0,5.059282320368875,0.0,102.63237860850052,0.0,0.0,2.05264757217,100.579731036,0.0,0.0,0.0,0.0,0.487175691316,0.00994236104726,0.0,2.30584417206,0.0,17.0270896208,14.7212454487,0.0,0.0,0.0,0.0,2.1250119577547677,2.1250119577547677,2.1250119577547677,14.061660940835578,14.061660940835578,14.061660940835578,0.02,0.02,0.0,0.17054477768208254,0.0,3.8318096246951234,0.0,0.0,2.01347246541,4.26022602321,0.0,0.0,0.0,0.0,0.477877865436,0.000421125656525,0.0,0.581718656964,0.0,0.58117708283,0.0250957018833,0.0,0.0,0.0,0.0,0.08352647954691551,0.08352647954691551,0.08352647954691551,0.11233616139241703,0.11233616139241703,0.11233616139241703
