Name,FitNum,N,DF,K,ChiSq,RedChiSq,Rsq,AdjRsq,AIC,BIC,RSS,TSS,SDR
gc8,1,212,205,7,87.48830140836583,0.4267722019920284,0.9752176077047752,0.9743672314985665,-173.08819234078993,-150.141108025929,87.4883014083658,3530.260531999712,0.6532780434026758
