Name,FitNum,RedChiSq,lf,AlignMag,Temp,pA,pB,pC,dwB,dwC,kexAB,kexAC,kexBC,k12,k21,k13,k31,k23,k32,tau1,tau2,tau3,dG12,dG13,ddG12,ddG21,ddG13,ddG31,ddG23,ddG32,R1,R1b,R1c,R2,R2b,R2c,pA_err,pB_err,pC_err,dwB_err,dwC_err,kexAB_err,kexAC_err,kexBC_err,k12_err,k21_err,k13_err,k31_err,k23_err,k32_err,tau1_err,tau2_err,tau3_err,dG12_err,dG13_err,ddG12_err,ddG21_err,ddG13_err,ddG31_err,ddG23_err,ddG32_err,R1_err,R1b_err,R1c_err,R2_err,R2b_err,R2c_err
gc8,1,0.11177928911429762,150.7,avg,298.15,0.99746101621,0.002538983789852107,0.0,2.929312211048225,0.0,1323.4935498814586,0.0,0.0,3.36032866912,1320.13322121,0.0,0.0,0.0,0.0,0.29758993791,0.000757499306836,0.0,3.53917751864,0.0,16.7350489533,13.1958714347,0.0,0.0,0.0,0.0,2.216937754047462,2.216937754047462,2.216937754047462,23.671477216066318,23.671477216066318,23.671477216066318,0.000118453581842,0.00011845358184214983,0.0,0.09345275401282985,0.0,106.63450865004694,0.0,0.0,0.31265807818,106.363880312,0.0,0.0,0.0,0.0,0.0276889278503,6.10321475998e-05,0.0,0.0729232554273,0.0,0.0551270905855,0.0477368313327,0.0,0.0,0.0,0.0,0.05106418402772303,0.05106418402772303,0.05106418402772303,0.07780501098990864,0.07780501098990864,0.07780501098990864
