Name,FitNum,RedChiSq,lf,AlignMag,Temp,pA,pB,pC,dwB,dwC,kexAB,kexAC,kexBC,k12,k21,k13,k31,k23,k32,tau1,tau2,tau3,dG12,dG13,ddG12,ddG21,ddG13,ddG31,ddG23,ddG32,R1,R1b,R1c,R2,R2b,R2c,pA_err,pB_err,pC_err,dwB_err,dwC_err,kexAB_err,kexAC_err,kexBC_err,k12_err,k21_err,k13_err,k31_err,k23_err,k32_err,tau1_err,tau2_err,tau3_err,dG12_err,dG13_err,ddG12_err,ddG21_err,ddG13_err,ddG31_err,ddG23_err,ddG32_err,R1_err,R1b_err,R1c_err,R2_err,R2b_err,R2c_err
ra16_c8_10c,1,1.8192868523298191,150.784186,auto,298.15,0.9,0.1,0.0,0.47108545362908005,0.0,5241.795806512512,0.0,0.0,524.179580651,4717.61622586,0.0,0.0,0.0,0.0,0.00190774314169,0.000211971460187,0.0,1.30182205197,0.0,13.7431221053,12.4413000533,0.0,0.0,0.0,0.0,1.9292597587628746,1.9292597587628746,1.9292597587628746,41.78015151685059,41.78015151685059,41.78015151685059,0.1,0.1,0.0,0.06960529756706929,0.0,1098.0745666750927,0.0,0.0,487.20052177,1096.34782419,0.0,0.0,0.0,0.0,0.00177315845245,4.92609907292e-05,0.0,0.56763963037,0.0,0.550686996321,0.137690166858,0.0,0.0,0.0,0.0,0.05737289359173884,0.05737289359173884,0.05737289359173884,0.4380482476276337,0.4380482476276337,0.4380482476276337
