Name,FitNum,N,DF,K,ChiSq,RedChiSq,Rsq,AdjRsq,AIC,BIC,RSS,TSS,SDR
ac1p,1,209,202,7,116.09293757091632,0.5747175127273085,0.9779101910429231,0.9771408942135721,-108.32291396685866,-85.48378813345325,116.09293757091629,5255.497582459783,0.7581012549305722
