Name,FitNum,N,DF,K,ChiSq,RedChiSq,Rsq,AdjRsq,AIC,BIC,RSS,TSS,SDR
ac8,1,209,202,7,116.09293757091632,0.5747175127273085,0.9874574577074037,0.9870206527519402,-108.32291396685866,-85.48378813345325,116.09293757091629,9255.93351512513,0.7581012549305722
