Name,FitNum,RedChiSq,lf,AlignMag,Temp,pA,pB,pC,dwB,dwC,kexAB,kexAC,kexBC,k12,k21,k13,k31,k23,k32,tau1,tau2,tau3,dG12,dG13,ddG12,ddG21,ddG13,ddG31,ddG23,ddG32,R1,R1b,R1c,R2,R2b,R2c,pA_err,pB_err,pC_err,dwB_err,dwC_err,kexAB_err,kexAC_err,kexBC_err,k12_err,k21_err,k13_err,k31_err,k23_err,k32_err,tau1_err,tau2_err,tau3_err,dG12_err,dG13_err,ddG12_err,ddG21_err,ddG13_err,ddG31_err,ddG23_err,ddG32_err,R1_err,R1b_err,R1c_err,R2_err,R2b_err,R2c_err
ac8,1,0.13041062361902758,150.7,auto,298.15,0.97,0.03,0.0,2.248231217618979,0.0,2510.6982735939705,0.0,0.0,75.3209482078,2435.37732539,0.0,0.0,0.0,0.0,0.0132765190003,0.000410613989699,0.0,2.05953545938,0.0,14.8925875731,12.8330521137,0.0,0.0,0.0,0.0,2.8274407724197723,2.8274407724197723,2.8274407724197723,24.81880318919078,24.81880318919078,24.81880318919078,0.03,0.03,0.0,0.020202274965263004,0.0,46.0671850692935,0.0,0.0,73.1093176894,85.6727888002,0.0,0.0,0.0,0.0,0.0128866838309,1.44447619066e-05,0.0,0.575465337647,0.0,0.575087764608,0.0208426925184,0.0,0.0,0.0,0.0,0.14232857805414853,0.14232857805414853,0.14232857805414853,0.28403030498967957,0.28403030498967957,0.28403030498967957
