Name,FitNum,RedChiSq,lf,AlignMag,Temp,pA,pB,pC,dwB,dwC,kexAB,kexAC,kexBC,k12,k21,k13,k31,k23,k32,tau1,tau2,tau3,dG12,dG13,ddG12,ddG21,ddG13,ddG31,ddG23,ddG32,R1,R1b,R1c,R2,R2b,R2c,pA_err,pB_err,pC_err,dwB_err,dwC_err,kexAB_err,kexAC_err,kexBC_err,k12_err,k21_err,k13_err,k31_err,k23_err,k32_err,tau1_err,tau2_err,tau3_err,dG12_err,dG13_err,ddG12_err,ddG21_err,ddG13_err,ddG31_err,ddG23_err,ddG32_err,R1_err,R1b_err,R1c_err,R2_err,R2b_err,R2c_err
gc1p,1,0.6609267457243069,150.7,auto,298.15,0.975,0.025,0.0,3.8809705929013774,0.0,245.26522778260735,0.0,0.0,6.13163069457,239.133597088,0.0,0.0,0.0,0.0,0.163088752375,0.00418176288141,0.0,2.17060440196,0.0,16.3787156228,14.2081112208,0.0,0.0,0.0,0.0,1.4703552440706318,1.4703552440706318,1.4703552440706318,17.330469848833975,17.330469848833975,17.330469848833975,0.025,0.025,0.0,0.07855709995442027,0.0,6.6727790260349416,0.0,0.0,5.98263111699,8.83694268487,0.0,0.0,0.0,0.0,0.159125670379,0.000154532860939,0.0,0.578501752369,0.0,0.578087277535,0.0218946807617,0.0,0.0,0.0,0.0,0.1435134270625265,0.1435134270625265,0.1435134270625265,0.20965490468336928,0.20965490468336928,0.20965490468336928
