Name,FitNum,N,DF,K,ChiSq,RedChiSq,Rsq,AdjRsq,AIC,BIC,RSS,TSS,SDR
ac8,1,219,212,7,181.41362807875447,0.8557246607488418,0.989251313807588,0.9888947223225317,-26.705157146017644,-3.512460724505928,181.4136280787544,16877.749041257106,0.9250538691064654
