Name,FitNum,RedChiSq,lf,AlignMag,Temp,pA,pB,pC,dwB,dwC,kexAB,kexAC,kexBC,k12,k21,k13,k31,k23,k32,tau1,tau2,tau3,dG12,dG13,ddG12,ddG21,ddG13,ddG31,ddG23,ddG32,R1,R1b,R1c,R2,R2b,R2c,pA_err,pB_err,pC_err,dwB_err,dwC_err,kexAB_err,kexAC_err,kexBC_err,k12_err,k21_err,k13_err,k31_err,k23_err,k32_err,tau1_err,tau2_err,tau3_err,dG12_err,dG13_err,ddG12_err,ddG21_err,ddG13_err,ddG31_err,ddG23_err,ddG32_err,R1_err,R1b_err,R1c_err,R2_err,R2b_err,R2c_err
ac8,1,0.8557246607488418,150.7,auto,298.15,0.987,0.013,0.0,3.3524696657486666,0.0,2462.685714732957,0.0,0.0,32.0149142915,2430.67080044,0.0,0.0,0.0,0.0,0.0312354420472,0.000411409064452,0.0,2.56529347104,0.0,15.3994917078,12.8341982368,0.0,0.0,0.0,0.0,2.0183877957236533,2.0183877957236533,2.0183877957236533,27.250831333238953,27.250831333238953,27.250831333238953,0.013,0.013,0.0,0.10592776110350517,0.0,174.4197853122231,0.0,0.0,31.682703654,175.028787404,0.0,0.0,0.0,0.0,0.0309113197953,2.96249206864e-05,0.0,0.587886822713,0.0,0.586336685076,0.0426638963759,0.0,0.0,0.0,0.0,0.3982214992716762,0.3982214992716762,0.3982214992716762,0.7431250502029062,0.7431250502029062,0.7431250502029062
