Name,FitNum,N,DF,K,ChiSq,RedChiSq,Rsq,AdjRsq,AIC,BIC,RSS,TSS,SDR
ac1p,1,219,212,7,181.41362807875447,0.8557246607488418,0.9886651314713821,0.9882890931789635,-26.705157146017644,-3.512460724505928,181.4136280787544,16004.916829933014,0.9250538691064654
