Name,FitNum,RedChiSq,lf,AlignMag,Temp,pA,pB,pC,dwB,dwC,kexAB,kexAC,kexBC,k12,k21,k13,k31,k23,k32,tau1,tau2,tau3,dG12,dG13,ddG12,ddG21,ddG13,ddG31,ddG23,ddG32,R1,R1b,R1c,R2,R2b,R2c,pA_err,pB_err,pC_err,dwB_err,dwC_err,kexAB_err,kexAC_err,kexBC_err,k12_err,k21_err,k13_err,k31_err,k23_err,k32_err,tau1_err,tau2_err,tau3_err,dG12_err,dG13_err,ddG12_err,ddG21_err,ddG13_err,ddG31_err,ddG23_err,ddG32_err,R1_err,R1b_err,R1c_err,R2_err,R2b_err,R2c_err
A16_C8_Off,1,0.33318231175204427,150.88,gs,298.15,0.995411964247,0.004588035752865844,0.0,2.8926728242571738,0.0,2024.9802241076668,0.0,0.0,9.29068166705,2015.68954244,0.0,0.0,0.0,0.0,0.107634728628,0.000496108145101,0.0,3.18739298472,0.0,16.1325078783,12.9451148936,0.0,0.0,0.0,0.0,2.300056383007743,2.300056383007743,2.300056383007743,26.486741123066412,26.486741123066412,26.486741123066412,0.000296306990926,0.0002963069909258625,0.0,0.12709998101831996,0.0,171.2773484063871,0.0,0.0,0.987043056827,170.492567988,0.0,0.0,0.0,0.0,0.0114351255777,4.19621920326e-05,0.0,0.0804584759959,0.0,0.0629456458233,0.0501139903768,0.0,0.0,0.0,0.0,0.08268720502090059,0.08268720502090059,0.08268720502090059,0.19388601988361062,0.19388601988361062,0.19388601988361062
