Name,FitNum,N,DF,K,ChiSq,RedChiSq,Rsq,AdjRsq,AIC,BIC,RSS,TSS,SDR
A16_C8_Off,1,93,89,4,41.74021659738784,0.46899119772345893,0.9924220992979539,0.9920776492660427,-66.05095396059673,-56.37510144252916,41.74021659738783,5508.15037548826,0.6848293201400323
