Name,FitNum,RedChiSq,lf,AlignMag,Temp,pA,pB,pC,dwB,dwC,kexAB,kexAC,kexBC,k12,k21,k13,k31,k23,k32,tau1,tau2,tau3,dG12,dG13,ddG12,ddG21,ddG13,ddG31,ddG23,ddG32,R1,R1b,R1c,R2,R2b,R2c,pA_err,pB_err,pC_err,dwB_err,dwC_err,kexAB_err,kexAC_err,kexBC_err,k12_err,k21_err,k13_err,k31_err,k23_err,k32_err,tau1_err,tau2_err,tau3_err,dG12_err,dG13_err,ddG12_err,ddG21_err,ddG13_err,ddG31_err,ddG23_err,ddG32_err,R1_err,R1b_err,R1c_err,R2_err,R2b_err,R2c_err
G_C8_Off_clean,1,0.28321999729523395,150.88,avg,298.15,0.99,0.01,0.0,4.27,0.0,29807.327686961355,0.0,0.0,298.07327687,29509.2544101,0.0,0.0,0.0,0.0,0.00335487974803,3.38876742226e-05,0.0,2.72253843054,0.0,14.0775767747,11.3550383442,0.0,0.0,0.0,0.0,2.7236412524094664,2.7236412524094664,2.7236412524094664,11.840172657282135,11.840172657282135,11.840172657282135,0.01,0.01,0.0,4.27,0.0,1372.4462879541366,0.0,0.0,295.426564874,1390.4004791,0.0,0.0,0.0,0.0,0.00332509042721,1.59670040523e-06,0.0,0.587887030882,0.0,0.587223839533,0.0279163637032,0.0,0.0,0.0,0.0,0.0403520978277443,0.0403520978277443,0.0403520978277443,0.2233860706522867,0.2233860706522867,0.2233860706522867
