Name,FitNum,N,DF,K,ChiSq,RedChiSq,Rsq,AdjRsq,AIC,BIC,RSS,TSS,SDR
G_C8_Off_clean,1,253,248,5,70.23855932921802,0.28321999729523395,0.9797424600712767,0.9793323884128006,-314.21748872585334,-296.55054128221576,70.23855932921802,3467.2798166191255,0.5321841761037563
