Name,FitNum,N,DF,K,ChiSq,RedChiSq,Rsq,AdjRsq,AIC,BIC,RSS,TSS,SDR
ac1p,1,219,212,7,1962.764637077019,9.258323759797259,0.8773648961795177,0.8732964330195965,494.8060308163339,517.9987272378456,1962.7646370770194,16004.916829933014,3.0427493751206756
