Name,FitNum,N,DF,K,ChiSq,RedChiSq,Rsq,AdjRsq,AIC,BIC,RSS,TSS,SDR
ac8,1,219,212,7,1962.764637077019,9.258323759797259,0.8837069663567633,0.8798489036292625,494.8060308163339,517.9987272378456,1962.7646370770194,16877.749041257106,3.0427493751206756
