Name,FitNum,N,DF,K,ChiSq,RedChiSq,Rsq,AdjRsq,AIC,BIC,RSS,TSS,SDR
A16_C8_Off,1,106,102,4,27.975645867257505,0.27427103791428925,0.9966504544376122,0.9965177991678147,-132.8070642012301,-122.54934742874222,27.975645867257512,8352.072048637714,0.5237089247991573
