Name,FitNum,RedChiSq,lf,AlignMag,Temp,pA,pB,pC,dwB,dwC,kexAB,kexAC,kexBC,k12,k21,k13,k31,k23,k32,tau1,tau2,tau3,dG12,dG13,ddG12,ddG21,ddG13,ddG31,ddG23,ddG32,R1,R1b,R1c,R2,R2b,R2c,pA_err,pB_err,pC_err,dwB_err,dwC_err,kexAB_err,kexAC_err,kexBC_err,k12_err,k21_err,k13_err,k31_err,k23_err,k32_err,tau1_err,tau2_err,tau3_err,dG12_err,dG13_err,ddG12_err,ddG21_err,ddG13_err,ddG31_err,ddG23_err,ddG32_err,R1_err,R1b_err,R1c_err,R2_err,R2b_err,R2c_err
gc1p,1,0.14849684082004364,176.04,auto,298.15,0.996,0.004,0.0,3.5596637076651305,0.0,956.5682409112559,0.0,0.0,3.82627296365,952.741967948,0.0,0.0,0.0,0.0,0.261350930658,0.00104960213116,0.0,3.26900669389,0.0,16.6581133716,13.3891066778,0.0,0.0,0.0,0.0,1.2208526754804294,1.2208526754804294,1.2208526754804294,18.152300524059324,18.152300524059324,18.152300524059324,0.004,0.004,0.0,0.06917795181415075,0.0,26.631286422456593,0.0,0.0,3.8124871111,26.7971392345,0.0,0.0,0.0,0.0,0.260409297527,2.95214605798e-05,0.0,0.590585213867,0.0,0.590350058698,0.0166644242036,0.0,0.0,0.0,0.0,0.055765886406102416,0.055765886406102416,0.055765886406102416,0.08123179819768984,0.08123179819768984,0.08123179819768984
