Name,FitNum,N,DF,K,ChiSq,RedChiSq,Rsq,AdjRsq,AIC,BIC,RSS,TSS,SDR
G_C8_Off,1,199,192,7,48.38724460033171,0.252016898960061,0.9877330584560986,0.9872834846822384,-266.81326138849096,-244.3465150499745,48.3872446003317,3944.5239408015236,0.5020128474053835
