Name,FitNum,RedChiSq,lf,AlignMag,Temp,pA,pB,pC,dwB,dwC,kexAB,kexAC,kexBC,k12,k21,k13,k31,k23,k32,tau1,tau2,tau3,dG12,dG13,ddG12,ddG21,ddG13,ddG31,ddG23,ddG32,R1,R1b,R1c,R2,R2b,R2c,pA_err,pB_err,pC_err,dwB_err,dwC_err,kexAB_err,kexAC_err,kexBC_err,k12_err,k21_err,k13_err,k31_err,k23_err,k32_err,tau1_err,tau2_err,tau3_err,dG12_err,dG13_err,ddG12_err,ddG21_err,ddG13_err,ddG31_err,ddG23_err,ddG32_err,R1_err,R1b_err,R1c_err,R2_err,R2b_err,R2c_err
A16_C8_Off,1,0.20632921599234877,150.7,auto,298.15,0.997,0.003,0.0,1.9224530082499998,0.0,3273.0528761608575,0.0,0.0,9.81915862848,3263.23371753,0.0,0.0,0.0,0.0,0.101841719625,0.000306444492353,0.0,3.44004850013,0.0,16.0997295408,12.6596810407,0.0,0.0,0.0,0.0,2.181622317477469,2.181622317477469,2.181622317477469,22.087343484158136,22.087343484158136,22.087343484158136,0.003,0.003,0.0,0.1336983490124439,0.0,498.883506726105,0.0,0.0,9.90348823292,497.483189508,0.0,0.0,0.0,0.0,0.102716364008,4.67177642361e-05,0.0,0.604361048359,0.0,0.597573169032,0.0903248826557,0.0,0.0,0.0,0.0,0.05082638884091043,0.05082638884091043,0.05082638884091043,0.1597501665072909,0.1597501665072909,0.1597501665072909
