Name,FitNum,RedChiSq,lf,AlignMag,Temp,pA,pB,pC,dwB,dwC,kexAB,kexAC,kexBC,k12,k21,k13,k31,k23,k32,tau1,tau2,tau3,dG12,dG13,ddG12,ddG21,ddG13,ddG31,ddG23,ddG32,R1,R1b,R1c,R2,R2b,R2c,pA_err,pB_err,pC_err,dwB_err,dwC_err,kexAB_err,kexAC_err,kexBC_err,k12_err,k21_err,k13_err,k31_err,k23_err,k32_err,tau1_err,tau2_err,tau3_err,dG12_err,dG13_err,ddG12_err,ddG21_err,ddG13_err,ddG31_err,ddG23_err,ddG32_err,R1_err,R1b_err,R1c_err,R2_err,R2b_err,R2c_err
A21_C1p_Off,1,0.20794628209253996,150.7,avg,298.15,0.9985,0.0015,0.0,3.2114743403429378,0.0,1390.2303219948828,0.0,0.0,2.08534548299,1388.14497651,0.0,0.0,0.0,0.0,0.479536848045,0.000720385850844,0.0,3.85161836479,0.0,17.0177259431,13.1661075783,0.0,0.0,0.0,0.0,1.6832954269903688,1.6832954269903688,1.6832954269903688,14.423448238318288,14.423448238318288,14.423448238318288,0.0015,0.0015,0.0,0.21039989993508781,0.0,280.42501928852784,0.0,0.0,2.124282299,280.012123745,0.0,0.0,0.0,0.0,0.488490586489,0.000145313908434,0.0,0.615266688871,0.0,0.603547409657,0.119514111012,0.0,0.0,0.0,0.0,0.07059675185834587,0.07059675185834587,0.07059675185834587,0.1258685465534288,0.1258685465534288,0.1258685465534288
