Name,FitNum,RedChiSq,lf,AlignMag,Temp,pA,pB,pC,dwB,dwC,kexAB,kexAC,kexBC,k12,k21,k13,k31,k23,k32,tau1,tau2,tau3,dG12,dG13,ddG12,ddG21,ddG13,ddG31,ddG23,ddG32,R1,R1b,R1c,R2,R2b,R2c,pA_err,pB_err,pC_err,dwB_err,dwC_err,kexAB_err,kexAC_err,kexBC_err,k12_err,k21_err,k13_err,k31_err,k23_err,k32_err,tau1_err,tau2_err,tau3_err,dG12_err,dG13_err,ddG12_err,ddG21_err,ddG13_err,ddG31_err,ddG23_err,ddG32_err,R1_err,R1b_err,R1c_err,R2_err,R2b_err,R2c_err
ac8,1,8.97654154388191,150.7,auto,298.15,0.9991,0.0009,0.0,6.267271703802146,0.0,3724.519543679573,0.0,0.0,3.35206758931,3721.16747609,0.0,0.0,0.0,0.0,0.298323340254,0.000268732865808,0.0,4.15463067417,0.0,16.7365073197,12.5818766455,0.0,0.0,0.0,0.0,3.9996324952016526,3.9996324952016526,3.9996324952016526,36.14753672381003,36.14753672381003,36.14753672381003,0.0009,0.0009,0.0,6.7248002909779885,0.0,15482.6219369663,0.0,0.0,14.3311734111,15468.6879398,0.0,0.0,0.0,0.0,1.27542879367,0.00111710769995,0.0,3.53304680027,0.0,2.53306398322,2.46292641989,0.0,0.0,0.0,0.0,1.4836515399849637,1.4836515399849637,1.4836515399849637,4.432742554333049,4.432742554333049,4.432742554333049
