Name,FitNum,N,DF,K,ChiSq,RedChiSq,Rsq,AdjRsq,AIC,BIC,RSS,TSS,SDR
ac1p,1,219,212,7,1903.0268073029647,8.97654154388191,0.8810973635461916,0.8771527263178662,488.03710579682274,511.2298022183345,1903.026807302964,16004.916829933014,2.9960877063066604
