Name,FitNum,N,DF,K,ChiSq,RedChiSq,Rsq,AdjRsq,AIC,BIC,RSS,TSS,SDR
ac8,1,219,212,7,1903.0268073029647,8.97654154388191,0.8872464093019112,0.8835057688522115,488.03710579682274,511.2298022183345,1903.026807302964,16877.749041257106,2.9960877063066604
