Name,FitNum,N,DF,K,ChiSq,RedChiSq,Rsq,AdjRsq,AIC,BIC,RSS,TSS,SDR
gc1p,1,190,183,7,43.64815569725663,0.23851451200686682,0.9871061496241575,0.9866102323020097,-264.8485935232559,-242.73480963351713,43.64815569725662,3385.1917328771365,0.4883794754152418
