Name,FitNum,RedChiSq,lf,AlignMag,Temp,pA,pB,pC,dwB,dwC,kexAB,kexAC,kexBC,k12,k21,k13,k31,k23,k32,tau1,tau2,tau3,dG12,dG13,ddG12,ddG21,ddG13,ddG31,ddG23,ddG32,R1,R1b,R1c,R2,R2b,R2c,pA_err,pB_err,pC_err,dwB_err,dwC_err,kexAB_err,kexAC_err,kexBC_err,k12_err,k21_err,k13_err,k31_err,k23_err,k32_err,tau1_err,tau2_err,tau3_err,dG12_err,dG13_err,ddG12_err,ddG21_err,ddG13_err,ddG31_err,ddG23_err,ddG32_err,R1_err,R1b_err,R1c_err,R2_err,R2b_err,R2c_err
gc8,1,0.23851451200686682,176.04,avg,298.15,0.997,0.003,0.0,3.0883939420652506,0.0,1413.2277133690475,0.0,0.0,4.23968314011,1408.98803023,0.0,0.0,0.0,0.0,0.235866683182,0.000709729237258,0.0,3.44004850013,0.0,16.5973260228,13.1572775227,0.0,0.0,0.0,0.0,1.6560898285558032,1.6560898285558032,1.6560898285558032,27.339308681880393,27.339308681880393,27.339308681880393,0.003,0.003,0.0,0.08719153258166852,0.0,71.70005825345399,0.0,0.0,4.23245263215,71.6098220827,0.0,0.0,0.0,0.0,0.235464427666,3.60709837958e-05,0.0,0.592240320254,0.0,0.591474304114,0.0301121986452,0.0,0.0,0.0,0.0,0.0655611608628964,0.0655611608628964,0.0655611608628964,0.126126750254332,0.126126750254332,0.126126750254332
