Name,FitNum,RedChiSq,lf,AlignMag,Temp,pA,pB,pC,dwB,dwC,kexAB,kexAC,kexBC,k12,k21,k13,k31,k23,k32,tau1,tau2,tau3,dG12,dG13,ddG12,ddG21,ddG13,ddG31,ddG23,ddG32,R1,R1b,R1c,R2,R2b,R2c,pA_err,pB_err,pC_err,dwB_err,dwC_err,kexAB_err,kexAC_err,kexBC_err,k12_err,k21_err,k13_err,k31_err,k23_err,k32_err,tau1_err,tau2_err,tau3_err,dG12_err,dG13_err,ddG12_err,ddG21_err,ddG13_err,ddG31_err,ddG23_err,ddG32_err,R1_err,R1b_err,R1c_err,R2_err,R2b_err,R2c_err
hpGBCm6A_m6AC2_55C,1,39.88709543140581,150.7,auto,298.15,0.9,0.1,0.0,0.5522170040216335,0.0,2949.9299457500033,0.0,0.0,294.992994575,2654.93695118,0.0,0.0,0.0,0.0,0.00338991100938,0.00037665677882,0.0,1.30182205197,0.0,14.083731354,12.781909302,0.0,0.0,0.0,0.0,5.534945870255551,5.534945870255551,5.534945870255551,12.621808188775514,12.621808188775514,12.621808188775514,0.1,0.1,0.0,0.06613941686839551,0.0,712.8415713076798,0.0,0.0,276.475210233,694.948218575,0.0,0.0,0.0,0.0,0.00317711395262,9.85925324289e-05,0.0,0.576542751439,0.0,0.555292323963,0.155087005209,0.0,0.0,0.0,0.0,0.2796170134127135,0.2796170134127135,0.2796170134127135,0.7508451112755503,0.7508451112755503,0.7508451112755503
