Name,FitNum,N,DF,K,ChiSq,RedChiSq,Rsq,AdjRsq,AIC,BIC,RSS,TSS,SDR
ac8,1,219,212,7,89.92822861468866,0.42418975761645594,0.9946717877843271,0.9944950224501578,-180.39229871725257,-157.19960229574085,89.92822861468869,16877.749041257106,0.6512985165163945
