Name,FitNum,N,DF,K,ChiSq,RedChiSq,Rsq,AdjRsq,AIC,BIC,RSS,TSS,SDR
ac1p,1,219,212,7,89.92822861468866,0.42418975761645594,0.9943812123755307,0.9941948070988895,-180.39229871725257,-157.19960229574085,89.92822861468869,16004.916829933014,0.6512985165163945
