Name,FitNum,N,DF,K,ChiSq,RedChiSq,Rsq,AdjRsq,AIC,BIC,RSS,TSS,SDR
ra16_c8_15c,1,100,96,4,158.11399511835137,1.6470207824828267,0.9886545579839482,0.9881768551622196,54.23566012980854,64.23528824218195,158.11399511835143,13936.34508859575,1.2833630750815714
