Name,FitNum,N,DF,K,ChiSq,RedChiSq,Rsq,AdjRsq,AIC,BIC,RSS,TSS,SDR
G10_C1p_Off,1,87,83,4,26.614711809798695,0.3206591784313096,0.9846161203142898,0.9838656871588893,-94.55882139939501,-85.18299380282545,26.614711809798695,1730.0389988437446,0.5662677621331711
