Name,FitNum,RedChiSq,lf,AlignMag,Temp,pA,pB,pC,dwB,dwC,kexAB,kexAC,kexBC,k12,k21,k13,k31,k23,k32,tau1,tau2,tau3,dG12,dG13,ddG12,ddG21,ddG13,ddG31,ddG23,ddG32,R1,R1b,R1c,R2,R2b,R2c,pA_err,pB_err,pC_err,dwB_err,dwC_err,kexAB_err,kexAC_err,kexBC_err,k12_err,k21_err,k13_err,k31_err,k23_err,k32_err,tau1_err,tau2_err,tau3_err,dG12_err,dG13_err,ddG12_err,ddG21_err,ddG13_err,ddG31_err,ddG23_err,ddG32_err,R1_err,R1b_err,R1c_err,R2_err,R2b_err,R2c_err
G10_C1p_Off,1,0.3206591784313096,170.4,auto,298.15,0.992,0.008,0.0,3.648371035408322,0.0,66.41915537561289,0.0,0.0,0.531353243005,65.8878021326,0.0,0.0,0.0,0.0,1.88198719621,0.0151773160985,0.0,2.85594331299,0.0,17.8278082872,14.9718649742,0.0,0.0,0.0,0.0,1.4901702350586985,1.4901702350586985,1.4901702350586985,15.10835649848751,15.10835649848751,15.10835649848751,0.008,0.008,0.0,0.413616249941588,0.0,15.276458125247515,0.0,0.0,0.541101394061,15.1634112523,0.0,0.0,0.0,0.0,1.9165139366,0.00349290579224,0.0,0.618570175124,0.0,0.603354412167,0.136354372393,0.0,0.0,0.0,0.0,0.08534227793414613,0.08534227793414613,0.08534227793414613,0.12125248483258004,0.12125248483258004,0.12125248483258004
