param,fitval,fiterror
pB,0.00300,0.00000
pC,-0.00000,0.00000
dwB,3.73790,0.02060
dwC,0.00000,0.00000
kexAB,212.19436,25.35405
kexAC,0.00000,0.00000
kexBC,-0.00000,0.00000
R1,2.67571,0.00331
R2,19.59877,0.10482
rchi2,14.49563,0.0