Name,FitNum,RedChiSq,lf,AlignMag,Temp,pA,pB,pC,dwB,dwC,kexAB,kexAC,kexBC,k12,k21,k13,k31,k23,k32,tau1,tau2,tau3,dG12,dG13,ddG12,ddG21,ddG13,ddG31,ddG23,ddG32,R1,R1b,R1c,R2,R2b,R2c,pA_err,pB_err,pC_err,dwB_err,dwC_err,kexAB_err,kexAC_err,kexBC_err,k12_err,k21_err,k13_err,k31_err,k23_err,k32_err,tau1_err,tau2_err,tau3_err,dG12_err,dG13_err,ddG12_err,ddG21_err,ddG13_err,ddG31_err,ddG23_err,ddG32_err,R1_err,R1b_err,R1c_err,R2_err,R2b_err,R2c_err
G_C1p_Off_reduce_new_trunc,1,0.25081036264656287,150.88,auto,298.15,0.98,0.02,0.0,4.12,0.0,17.531252897075845,0.0,0.0,0.350625057942,17.1806278391,0.0,0.0,0.0,0.0,2.85204943957,0.0582050906034,0.0,2.30584417206,0.0,18.0741098849,15.7682657128,0.0,0.0,0.0,0.0,2.0930528520924034,2.0930528520924034,2.0930528520924034,14.488145511815615,14.488145511815615,14.488145511815615,0.02,0.02,0.0,4.12,0.0,2.618831506711512,0.0,0.0,0.3476522339,2.5893646707,0.0,0.0,0.0,0.0,2.82786793585,0.00877233397256,0.0,0.594209147909,0.0,0.587461283325,0.08929586806,0.0,0.0,0.0,0.0,0.051994985330340845,0.051994985330340845,0.051994985330340845,0.06591626091106657,0.06591626091106657,0.06591626091106657
