Name,FitNum,N,DF,K,ChiSq,RedChiSq,Rsq,AdjRsq,AIC,BIC,RSS,TSS,SDR
ac8,1,196,189,7,22.979033311596975,0.12158218683384643,0.9976520179568119,0.9975645930935017,-405.53661634330314,-383.1855584095406,22.97903331159698,9786.715949665248,0.3486863731691367
