Name,FitNum,N,DF,K,ChiSq,RedChiSq,Rsq,AdjRsq,AIC,BIC,RSS,TSS,SDR
hpGBCm6A_m6A_C2_65C,1,91,87,4,27.068707581745077,0.31113456990511584,0.9907037104226519,0.9902713248609148,-101.87066815194483,-92.29234640494718,27.068707581745088,2911.7754300277525,0.5577943795926201
