Name,FitNum,N,DF,K,ChiSq,RedChiSq,Rsq,AdjRsq,AIC,BIC,RSS,TSS,SDR
T8_N3_Off,1,97,93,4,96.41936071894712,1.0367673195585712,0.8296983971816694,0.8222939796678289,7.852398515998851,17.71645982131673,96.41936071894713,566.1682516388443,1.0182177171698454
