Name,FitNum,RedChiSq,lf,AlignMag,Temp,pA,pB,pC,dwB,dwC,kexAB,kexAC,kexBC,k12,k21,k13,k31,k23,k32,tau1,tau2,tau3,dG12,dG13,ddG12,ddG21,ddG13,ddG31,ddG23,ddG32,R1,R1b,R1c,R2,R2b,R2c,pA_err,pB_err,pC_err,dwB_err,dwC_err,kexAB_err,kexAC_err,kexBC_err,k12_err,k21_err,k13_err,k31_err,k23_err,k32_err,tau1_err,tau2_err,tau3_err,dG12_err,dG13_err,ddG12_err,ddG21_err,ddG13_err,ddG31_err,ddG23_err,ddG32_err,R1_err,R1b_err,R1c_err,R2_err,R2b_err,R2c_err
A16_C8_Off,1,0.13307444677442426,170.4,auto,298.15,0.9965,0.0035,0.0,2.645561828629221,0.0,3458.7007699713836,0.0,0.0,12.1054526949,3446.59531728,0.0,0.0,0.0,0.0,0.0826074022346,0.000290141402731,0.0,3.34841936499,0.0,15.9757103086,12.6272909436,0.0,0.0,0.0,0.0,1.7228385923466496,1.7228385923466496,1.7228385923466496,23.24054294421757,23.24054294421757,23.24054294421757,0.0035,0.0035,0.0,0.08069262550727478,0.0,266.1783654773078,0.0,0.0,12.0990786893,265.520909718,0.0,0.0,0.0,0.0,0.0825639061294,2.23520901377e-05,0.0,0.593929285999,0.0,0.592172781948,0.045644201027,0.0,0.0,0.0,0.0,0.058346563109317094,0.058346563109317094,0.058346563109317094,0.16769733754199845,0.16769733754199845,0.16769733754199845
