Name,FitNum,RedChiSq,lf,AlignMag,Temp,pA,pB,pC,dwB,dwC,kexAB,kexAC,kexBC,k12,k21,k13,k31,k23,k32,tau1,tau2,tau3,dG12,dG13,ddG12,ddG21,ddG13,ddG31,ddG23,ddG32,R1,R1b,R1c,R2,R2b,R2c,pA_err,pB_err,pC_err,dwB_err,dwC_err,kexAB_err,kexAC_err,kexBC_err,k12_err,k21_err,k13_err,k31_err,k23_err,k32_err,tau1_err,tau2_err,tau3_err,dG12_err,dG13_err,ddG12_err,ddG21_err,ddG13_err,ddG31_err,ddG23_err,ddG32_err,R1_err,R1b_err,R1c_err,R2_err,R2b_err,R2c_err
ac8,1,2.8781073108390305,150.7,auto,298.15,0.993,0.007,0.0,4.439110276139747,0.0,3040.1743644297735,0.0,0.0,21.281220551,3018.89314388,0.0,0.0,0.0,0.0,0.046989786023,0.00033124723279,0.0,2.93565558864,0.0,15.6414487611,12.7057931724,0.0,0.0,0.0,0.0,2.443976921876473,2.443976921876473,2.443976921876473,28.81269027602469,28.81269027602469,28.81269027602469,0.007,0.007,0.0,0.4060775514324728,0.0,645.4829284408651,0.0,0.0,21.6104148238,641.312830048,0.0,0.0,0.0,0.0,0.0477166601419,7.03678766297e-05,0.0,0.614673913607,0.0,0.601649758276,0.125863372092,0.0,0.0,0.0,0.0,0.7529646756555181,0.7529646756555181,0.7529646756555181,1.5901362608042828,1.5901362608042828,1.5901362608042828
