Name,FitNum,N,DF,K,ChiSq,RedChiSq,Rsq,AdjRsq,AIC,BIC,RSS,TSS,SDR
ac8,1,219,212,7,610.1587498978745,2.8781073108390305,0.9638483337792048,0.9626489894022116,238.9285948779233,262.12129129943503,610.1587498978745,16877.749041257106,1.696498544307961
