Name,FitNum,N,DF,K,ChiSq,RedChiSq,Rsq,AdjRsq,AIC,BIC,RSS,TSS,SDR
hpGBCm6A_m6AC2_55C,1,91,87,4,141.62428392455772,1.6278653324661807,0.9107832002502252,0.9066335816572124,48.71606853706426,58.29439028406189,141.62428392455774,1587.4172165082093,1.275878259265429
