Name,FitNum,RedChiSq,lf,AlignMag,Temp,pA,pB,pC,dwB,dwC,kexAB,kexAC,kexBC,k12,k21,k13,k31,k23,k32,tau1,tau2,tau3,dG12,dG13,ddG12,ddG21,ddG13,ddG31,ddG23,ddG32,R1,R1b,R1c,R2,R2b,R2c,pA_err,pB_err,pC_err,dwB_err,dwC_err,kexAB_err,kexAC_err,kexBC_err,k12_err,k21_err,k13_err,k31_err,k23_err,k32_err,tau1_err,tau2_err,tau3_err,dG12_err,dG13_err,ddG12_err,ddG21_err,ddG13_err,ddG31_err,ddG23_err,ddG32_err,R1_err,R1b_err,R1c_err,R2_err,R2b_err,R2c_err
hpGBCm6A_m6AC2_55C,1,1.6278653324661807,150.7,auto,298.15,0.9925,0.0075,0.0,2.7560030959007187,0.0,982.5448132341234,0.0,0.0,7.36908609926,975.175727135,0.0,0.0,0.0,0.0,0.135702037747,0.00102545620464,0.0,2.89447995867,0.0,16.2697973962,13.3753174375,0.0,0.0,0.0,0.0,4.641645951445008,4.641645951445008,4.641645951445008,13.401229001274219,13.401229001274219,13.401229001274219,0.0075,0.0075,0.0,0.053050004974224074,0.0,33.19315634469127,0.0,0.0,7.31826229829,33.7463450875,0.0,0.0,0.0,0.0,0.134766115264,3.5486321071e-05,0.0,0.588755560337,0.0,0.588398444765,0.0205031711095,0.0,0.0,0.0,0.0,0.06023572384070274,0.06023572384070274,0.06023572384070274,0.09533936118098511,0.09533936118098511,0.09533936118098511
