Name,FitNum,RedChiSq,lf,AlignMag,Temp,pA,pB,pC,dwB,dwC,kexAB,kexAC,kexBC,k12,k21,k13,k31,k23,k32,tau1,tau2,tau3,dG12,dG13,ddG12,ddG21,ddG13,ddG31,ddG23,ddG32,R1,R1b,R1c,R2,R2b,R2c,pA_err,pB_err,pC_err,dwB_err,dwC_err,kexAB_err,kexAC_err,kexBC_err,k12_err,k21_err,k13_err,k31_err,k23_err,k32_err,tau1_err,tau2_err,tau3_err,dG12_err,dG13_err,ddG12_err,ddG21_err,ddG13_err,ddG31_err,ddG23_err,ddG32_err,R1_err,R1b_err,R1c_err,R2_err,R2b_err,R2c_err
G10_C8_Off,1,16.421216196653337,176.04,auto,298.15,0.999,0.001,0.0,6.796946077392651,0.0,4689.033886099836,0.0,0.0,4.6890338861,4684.34485221,0.0,0.0,0.0,0.0,0.213263547309,0.000213477024333,0.0,4.0921468707,0.0,16.5376402755,12.4454934048,0.0,0.0,0.0,0.0,3.8590947789409387,3.8590947789409387,3.8590947789409387,54.76508713204918,54.76508713204918,54.76508713204918,0.001,0.001,0.0,8.22513991761705,0.0,21687.033561466716,0.0,0.0,22.187170468,21665.3470343,0.0,0.0,0.0,0.0,1.00910225724,0.000987342726025,0.0,3.92027269272,0.0,2.80346878328,2.74027384881,0.0,0.0,0.0,0.0,2.212921407682449,2.212921407682449,2.212921407682449,7.81381417283072,7.81381417283072,7.81381417283072
