Name,FitNum,N,DF,K,ChiSq,RedChiSq,Rsq,AdjRsq,AIC,BIC,RSS,TSS,SDR
G10_C8_Off,1,97,93,4,1527.1731062887602,16.421216196653337,0.9611498319446846,0.9594606942031492,275.8116629505788,285.67572425589674,1527.17310628876,39309.30502319453,4.052309982794176
