Name,FitNum,N,DF,K,ChiSq,RedChiSq,Rsq,AdjRsq,AIC,BIC,RSS,TSS,SDR
ac8,1,195,188,7,32.082898567381164,0.17065371578394237,0.9987974204840044,0.9987524041384859,-337.3129724526731,-315.0009060240103,32.08289856738117,26678.40100437922,0.41310254875023755
