Name,FitNum,RedChiSq,lf,AlignMag,Temp,pA,pB,pC,dwB,dwC,kexAB,kexAC,kexBC,k12,k21,k13,k31,k23,k32,tau1,tau2,tau3,dG12,dG13,ddG12,ddG21,ddG13,ddG31,ddG23,ddG32,R1,R1b,R1c,R2,R2b,R2c,pA_err,pB_err,pC_err,dwB_err,dwC_err,kexAB_err,kexAC_err,kexBC_err,k12_err,k21_err,k13_err,k31_err,k23_err,k32_err,tau1_err,tau2_err,tau3_err,dG12_err,dG13_err,ddG12_err,ddG21_err,ddG13_err,ddG31_err,ddG23_err,ddG32_err,R1_err,R1b_err,R1c_err,R2_err,R2b_err,R2c_err
ac1p,1,0.17065371578394237,176.04,auto,298.15,0.972,0.028,0.0,3.058690622522903,0.0,1856.6880662598148,0.0,0.0,51.9872658553,1804.7008004,0.0,0.0,0.0,0.0,0.0192354797574,0.000554108470377,0.0,2.10163304388,0.0,15.1122569173,13.0106238735,0.0,0.0,0.0,0.0,0.6761829295454708,0.6761829295454708,0.6761829295454708,20.166715934279615,20.166715934279615,20.166715934279615,0.028,0.028,0.0,0.019592843423060263,0.0,30.911128021431505,0.0,0.0,50.5599927973,58.8073365187,0.0,0.0,0.0,0.0,0.0187073834714,1.80559809571e-05,0.0,0.576541851823,0.0,0.576218505507,0.0193064966794,0.0,0.0,0.0,0.0,0.1530572410105499,0.1530572410105499,0.1530572410105499,0.2445509366655337,0.2445509366655337,0.2445509366655337
