Name,FitNum,N,DF,K,ChiSq,RedChiSq,Rsq,AdjRsq,AIC,BIC,RSS,TSS,SDR
A6RNAm6A_C2_37,1,93,89,4,33.289831961569476,0.37404305574797164,0.9887322252917824,0.9882200537141361,-87.0887710497972,-77.41291853172963,33.28983196156948,2954.428254346537,0.6115905948818798
