Name,FitNum,N,DF,K,ChiSq,RedChiSq,Rsq,AdjRsq,AIC,BIC,RSS,TSS,SDR
G_C1p_Off_clean,1,253,248,5,66.48629936297824,0.2680899167862026,0.9393810378433046,0.9381539333462056,-328.10757748786756,-310.44063004423,66.48629936297823,1096.790459577916,0.5177740016514952
