Name,FitNum,N,DF,K,ChiSq,RedChiSq,Rsq,AdjRsq,AIC,BIC,RSS,TSS,SDR
G10_C1p_Off,1,87,83,4,28.06787269927306,0.3381671409550971,0.9837761618564483,0.9829847551177385,-89.93377407613188,-80.55794647956233,28.067872699273067,1730.0389988437446,0.5815214019751098
