Name,FitNum,RedChiSq,lf,AlignMag,Temp,pA,pB,pC,dwB,dwC,kexAB,kexAC,kexBC,k12,k21,k13,k31,k23,k32,tau1,tau2,tau3,dG12,dG13,ddG12,ddG21,ddG13,ddG31,ddG23,ddG32,R1,R1b,R1c,R2,R2b,R2c,pA_err,pB_err,pC_err,dwB_err,dwC_err,kexAB_err,kexAC_err,kexBC_err,k12_err,k21_err,k13_err,k31_err,k23_err,k32_err,tau1_err,tau2_err,tau3_err,dG12_err,dG13_err,ddG12_err,ddG21_err,ddG13_err,ddG31_err,ddG23_err,ddG32_err,R1_err,R1b_err,R1c_err,R2_err,R2b_err,R2c_err
G10_C1p_Off,1,0.3381671409550971,170.4,auto,298.15,0.9997,0.0003,0.0,3.8979911849434963,0.0,2517.275264864692,0.0,0.0,0.755182579459,2516.52008229,0.0,0.0,0.0,0.0,1.3241830879,0.000397374138613,0.0,4.80589740444,0.0,17.6195306386,12.8136332342,0.0,0.0,0.0,0.0,1.6142222769116534,1.6142222769116534,1.6142222769116534,15.100843317467808,15.100843317467808,15.100843317467808,0.0003,0.0003,0.0,0.93547832446995,0.0,2463.2826303770657,0.0,0.0,1.05643606956,2462.54376131,0.0,0.0,0.0,0.0,1.85241928882,0.000388850942552,0.0,1.01148877906,0.0,0.828835670237,0.579776665536,0.0,0.0,0.0,0.0,0.09815745890168776,0.09815745890168776,0.09815745890168776,0.23574416117856048,0.23574416117856048,0.23574416117856048
