Name,FitNum,N,DF,K,ChiSq,RedChiSq,Rsq,AdjRsq,AIC,BIC,RSS,TSS,SDR
gc8,1,196,189,7,78.72630116997355,0.4165412760316061,0.9927188797663637,0.9924477742257496,-164.18317872973088,-141.8321207959683,78.72630116997352,10812.388567117056,0.6454000898912285
