Name,FitNum,RedChiSq,lf,AlignMag,Temp,pA,pB,pC,dwB,dwC,kexAB,kexAC,kexBC,k12,k21,k13,k31,k23,k32,tau1,tau2,tau3,dG12,dG13,ddG12,ddG21,ddG13,ddG31,ddG23,ddG32,R1,R1b,R1c,R2,R2b,R2c,pA_err,pB_err,pC_err,dwB_err,dwC_err,kexAB_err,kexAC_err,kexBC_err,k12_err,k21_err,k13_err,k31_err,k23_err,k32_err,tau1_err,tau2_err,tau3_err,dG12_err,dG13_err,ddG12_err,ddG21_err,ddG13_err,ddG31_err,ddG23_err,ddG32_err,R1_err,R1b_err,R1c_err,R2_err,R2b_err,R2c_err
gc1p,1,0.4165412760316061,176.04,auto,298.15,0.95,0.05,0.0,4.075287510152792,0.0,89.29373893548224,0.0,0.0,4.46468694677,84.8290519887,0.0,0.0,0.0,0.0,0.223979869568,0.0117884141878,0.0,1.7445351892,0.0,16.5666883024,14.8221531132,0.0,0.0,0.0,0.0,0.5268375396092013,0.5268375396092013,0.5268375396092013,22.32923963788509,22.32923963788509,22.32923963788509,0.05,0.05,0.0,0.07872118117630379,0.0,3.3140654254488333,0.0,0.0,4.25055423459,5.28695923768,0.0,0.0,0.0,0.0,0.213237477656,0.00073471132621,0.0,0.565275739698,0.0,0.564068340818,0.0369265321598,0.0,0.0,0.0,0.0,0.13231616793442894,0.13231616793442894,0.13231616793442894,0.16598555792234948,0.16598555792234948,0.16598555792234948
