Name,FitNum,RedChiSq,lf,AlignMag,Temp,pA,pB,pC,dwB,dwC,kexAB,kexAC,kexBC,k12,k21,k13,k31,k23,k32,tau1,tau2,tau3,dG12,dG13,ddG12,ddG21,ddG13,ddG31,ddG23,ddG32,R1,R1b,R1c,R2,R2b,R2c,pA_err,pB_err,pC_err,dwB_err,dwC_err,kexAB_err,kexAC_err,kexBC_err,k12_err,k21_err,k13_err,k31_err,k23_err,k32_err,tau1_err,tau2_err,tau3_err,dG12_err,dG13_err,ddG12_err,ddG21_err,ddG13_err,ddG31_err,ddG23_err,ddG32_err,R1_err,R1b_err,R1c_err,R2_err,R2b_err,R2c_err
T8_N3_Off,1,0.8527765140453502,176.04,auto,298.15,0.97,0.03,0.0,0.331497453532715,0.0,1032.8842313854088,0.0,0.0,30.9865269416,1001.89770444,0.0,0.0,0.0,0.0,0.0322720904439,0.000998105890017,0.0,2.05953545938,0.0,15.418835962,13.3593005026,0.0,0.0,0.0,0.0,1.5285882489267517,1.5285882489267517,1.5285882489267517,7.881191701384371,7.881191701384371,7.881191701384371,0.03,0.03,0.0,0.018575933803164954,0.0,233.6513744259063,0.0,0.0,30.8774501184,228.628090598,0.0,0.0,0.0,0.0,0.0321584882609,0.000227762817339,0.0,0.605682033581,0.0,0.590399121346,0.135202083254,0.0,0.0,0.0,0.0,0.06207413591390437,0.06207413591390437,0.06207413591390437,0.12745949281715788,0.12745949281715788,0.12745949281715788
