Name,FitNum,RedChiSq,lf,AlignMag,Temp,pA,pB,pC,dwB,dwC,kexAB,kexAC,kexBC,k12,k21,k13,k31,k23,k32,tau1,tau2,tau3,dG12,dG13,ddG12,ddG21,ddG13,ddG31,ddG23,ddG32,R1,R1b,R1c,R2,R2b,R2c,pA_err,pB_err,pC_err,dwB_err,dwC_err,kexAB_err,kexAC_err,kexBC_err,k12_err,k21_err,k13_err,k31_err,k23_err,k32_err,tau1_err,tau2_err,tau3_err,dG12_err,dG13_err,ddG12_err,ddG21_err,ddG13_err,ddG31_err,ddG23_err,ddG32_err,R1_err,R1b_err,R1c_err,R2_err,R2b_err,R2c_err
G_C8_Off,1,0.32628537135366337,150.88,avg,298.15,0.995884501171,0.004115498828748624,0.0,1.35450392163391,0.0,3905.9715009774013,0.0,0.0,16.0750211374,3889.89647984,0.0,0.0,0.0,0.0,0.0622083163346,0.000257076250019,0.0,3.25207249795,0.0,15.8076753547,12.5556028567,0.0,0.0,0.0,0.0,2.5698809668155285,2.5698809668155285,2.5698809668155285,20.406982106924318,20.406982106924318,20.406982106924318,0.00537749546121,0.005377495461210558,0.0,0.8675426064043039,0.0,1255.1116054006513,0.0,0.0,21.5464035208,1250.12121676,0.0,0.0,0.0,0.0,0.0833818801629,8.26182589019e-05,0.0,0.81665430932,0.0,0.794146108454,0.190410659778,0.0,0.0,0.0,0.0,0.05726230024597593,0.05726230024597593,0.05726230024597593,0.20001487930105233,0.20001487930105233,0.20001487930105233
