Name,FitNum,RedChiSq,lf,AlignMag,Temp,pA,pB,pC,dwB,dwC,kexAB,kexAC,kexBC,k12,k21,k13,k31,k23,k32,tau1,tau2,tau3,dG12,dG13,ddG12,ddG21,ddG13,ddG31,ddG23,ddG32,R1,R1b,R1c,R2,R2b,R2c,pA_err,pB_err,pC_err,dwB_err,dwC_err,kexAB_err,kexAC_err,kexBC_err,k12_err,k21_err,k13_err,k31_err,k23_err,k32_err,tau1_err,tau2_err,tau3_err,dG12_err,dG13_err,ddG12_err,ddG21_err,ddG13_err,ddG31_err,ddG23_err,ddG32_err,R1_err,R1b_err,R1c_err,R2_err,R2b_err,R2c_err
gc8,1,0.17435770840056697,176.04,avg,298.15,0.996,0.004,0.0,3.0249753946371047,0.0,1004.384395686169,0.0,0.0,4.01753758274,1000.3668581,0.0,0.0,0.0,0.0,0.248908685832,0.000999633276432,0.0,3.26900669389,0.0,16.629213174,13.3602064801,0.0,0.0,0.0,0.0,1.44733031020835,1.44733031020835,1.44733031020835,27.392333170675276,27.392333170675276,27.392333170675276,0.004,0.004,0.0,0.05866884711119083,0.0,30.28644355886962,0.0,0.0,4.00333313141,30.4295446942,0.0,0.0,0.0,0.0,0.248028641465,3.04072303242e-05,0.0,0.590664968234,0.0,0.590389953111,0.0180224294728,0.0,0.0,0.0,0.0,0.05382839153350442,0.05382839153350442,0.05382839153350442,0.09527547214547263,0.09527547214547263,0.09527547214547263
