Name,FitNum,N,DF,K,ChiSq,RedChiSq,Rsq,AdjRsq,AIC,BIC,RSS,TSS,SDR
gc8,1,190,183,7,31.907460637303753,0.17435770840056697,0.9956431822335908,0.9954756123194981,-324.3796160326104,-302.2658321428716,31.90746063730377,7323.570171630386,0.4175616222793554
