Name,FitNum,N,DF,K,ChiSq,RedChiSq,Rsq,AdjRsq,AIC,BIC,RSS,TSS,SDR
ra16_c8_15c,1,100,96,4,52.00855126876645,0.5417557423829839,0.9962681355162964,0.9961110043801406,-56.955150713460085,-46.95552260108666,52.008551268766446,13936.34508859575,0.7360405847390372
