Name,FitNum,N,DF,K,ChiSq,RedChiSq,Rsq,AdjRsq,AIC,BIC,RSS,TSS,SDR
A16_C8_Off,1,105,101,4,61.36773935016666,0.6076013797046204,0.9931065606504886,0.9928308230765082,-47.99298743761515,-37.77714603698506,61.367739350166644,8902.33978115971,0.7794878958037901
