Name,FitNum,RedChiSq,lf,AlignMag,Temp,pA,pB,pC,dwB,dwC,kexAB,kexAC,kexBC,k12,k21,k13,k31,k23,k32,tau1,tau2,tau3,dG12,dG13,ddG12,ddG21,ddG13,ddG31,ddG23,ddG32,R1,R1b,R1c,R2,R2b,R2c,pA_err,pB_err,pC_err,dwB_err,dwC_err,kexAB_err,kexAC_err,kexBC_err,k12_err,k21_err,k13_err,k31_err,k23_err,k32_err,tau1_err,tau2_err,tau3_err,dG12_err,dG13_err,ddG12_err,ddG21_err,ddG13_err,ddG31_err,ddG23_err,ddG32_err,R1_err,R1b_err,R1c_err,R2_err,R2b_err,R2c_err
A16_C8_Off,1,0.6076013797046204,150.7,auto,298.15,0.97,0.03,0.0,3.023821891464875,0.0,97.82688323615082,0.0,0.0,2.93480649708,94.8920767391,0.0,0.0,0.0,0.0,0.34073796722,0.010538287646,0.0,2.05953545938,0.0,16.8152697683,14.755734309,0.0,0.0,0.0,0.0,2.0068308370903387,2.0068308370903387,2.0068308370903387,27.931861634506788,27.931861634506788,27.931861634506788,0.03,0.03,0.0,0.11974208335169098,0.0,6.15619456087076,0.0,0.0,2.85410515638,6.61594466623,0.0,0.0,0.0,0.0,0.331368350922,0.000734737085946,0.0,0.577671444876,0.0,0.576192596878,0.0413084679877,0.0,0.0,0.0,0.0,0.1034812245461913,0.1034812245461913,0.1034812245461913,0.13309991262215248,0.13309991262215248,0.13309991262215248
