Name,FitNum,RedChiSq,lf,AlignMag,Temp,pA,pB,pC,dwB,dwC,kexAB,kexAC,kexBC,k12,k21,k13,k31,k23,k32,tau1,tau2,tau3,dG12,dG13,ddG12,ddG21,ddG13,ddG31,ddG23,ddG32,R1,R1b,R1c,R2,R2b,R2c,pA_err,pB_err,pC_err,dwB_err,dwC_err,kexAB_err,kexAC_err,kexBC_err,k12_err,k21_err,k13_err,k31_err,k23_err,k32_err,tau1_err,tau2_err,tau3_err,dG12_err,dG13_err,ddG12_err,ddG21_err,ddG13_err,ddG31_err,ddG23_err,ddG32_err,R1_err,R1b_err,R1c_err,R2_err,R2b_err,R2c_err
A6RNAm6A_C2_37,1,0.38208025073674723,150.88,auto,298.15,0.996,0.004,0.0,1.8788607283864747,0.0,349.77239714746713,0.0,0.0,1.39908958859,348.373307559,0.0,0.0,0.0,0.0,0.714750512158,0.00287048398457,0.0,3.26900669389,0.0,17.2541941958,13.985187502,0.0,0.0,0.0,0.0,4.540722906662929,4.540722906662929,4.540722906662929,20.990487728128144,20.990487728128144,20.990487728128144,0.004,0.004,0.0,0.0724791737765861,0.0,21.286346347233646,0.0,0.0,1.39610330513,21.2469474731,0.0,0.0,0.0,0.0,0.713224914619,0.000175068012156,0.0,0.592323370051,0.0,0.591220121223,0.0361350656472,0.0,0.0,0.0,0.0,0.03081360428491758,0.03081360428491758,0.03081360428491758,0.033268622365841764,0.033268622365841764,0.033268622365841764
