Name,FitNum,N,DF,K,ChiSq,RedChiSq,Rsq,AdjRsq,AIC,BIC,RSS,TSS,SDR
gc8,1,216,209,7,23.095255818428413,0.1105036163561168,0.9960127899558361,0.9958786050024268,-468.36219486963694,-445.27370755430934,23.095255818428413,5792.334881437498,0.33242084224085106
