Name,FitNum,RedChiSq,lf,AlignMag,Temp,pA,pB,pC,dwB,dwC,kexAB,kexAC,kexBC,k12,k21,k13,k31,k23,k32,tau1,tau2,tau3,dG12,dG13,ddG12,ddG21,ddG13,ddG31,ddG23,ddG32,R1,R1b,R1c,R2,R2b,R2c,pA_err,pB_err,pC_err,dwB_err,dwC_err,kexAB_err,kexAC_err,kexBC_err,k12_err,k21_err,k13_err,k31_err,k23_err,k32_err,tau1_err,tau2_err,tau3_err,dG12_err,dG13_err,ddG12_err,ddG21_err,ddG13_err,ddG31_err,ddG23_err,ddG32_err,R1_err,R1b_err,R1c_err,R2_err,R2b_err,R2c_err
gc1p,1,0.1105036163561168,150.7,auto,298.15,0.9975,0.0025,0.0,3.4912328296585837,0.0,1326.4439484566212,0.0,0.0,3.31610987114,1323.12783859,0.0,0.0,0.0,0.0,0.301558162684,0.000755784868882,0.0,3.54836830122,0.0,16.7428972534,13.1945289522,0.0,0.0,0.0,0.0,1.7197934490609201,1.7197934490609201,1.7197934490609201,16.44710931281033,16.44710931281033,16.44710931281033,0.0025,0.0025,0.0,0.11213545837850229,0.0,84.62436042307972,0.0,0.0,3.31458854555,84.4775855618,0.0,0.0,0.0,0.0,0.301419817403,4.82545065302e-05,0.0,0.593419869743,0.0,0.59221293576,0.0378283032139,0.0,0.0,0.0,0.0,0.060945892209322214,0.060945892209322214,0.060945892209322214,0.093371243174464,0.093371243174464,0.093371243174464
