Name,FitNum,N,DF,K,ChiSq,RedChiSq,Rsq,AdjRsq,AIC,BIC,RSS,TSS,SDR
G10_C1p_Off,1,87,83,4,30.044947087381388,0.36198731430579983,0.9826333700526626,0.9817862173723046,-84.01178023443121,-74.63595263786166,30.044947087381388,1730.0389988437446,0.6016538159987019
