Name,FitNum,N,DF,K,ChiSq,RedChiSq,Rsq,AdjRsq,AIC,BIC,RSS,TSS,SDR
ac1p,1,219,212,7,1784.224847121804,8.416154939253792,0.8885202050044472,0.8848218231799502,473.9200124444847,497.1127088659964,1784.2248471218052,16004.916829933014,2.9010610023323875
