Name,FitNum,RedChiSq,lf,AlignMag,Temp,pA,pB,pC,dwB,dwC,kexAB,kexAC,kexBC,k12,k21,k13,k31,k23,k32,tau1,tau2,tau3,dG12,dG13,ddG12,ddG21,ddG13,ddG31,ddG23,ddG32,R1,R1b,R1c,R2,R2b,R2c,pA_err,pB_err,pC_err,dwB_err,dwC_err,kexAB_err,kexAC_err,kexBC_err,k12_err,k21_err,k13_err,k31_err,k23_err,k32_err,tau1_err,tau2_err,tau3_err,dG12_err,dG13_err,ddG12_err,ddG21_err,ddG13_err,ddG31_err,ddG23_err,ddG32_err,R1_err,R1b_err,R1c_err,R2_err,R2b_err,R2c_err
ac1p,1,8.416154939253792,150.7,auto,298.15,0.9993,0.0007,0.0,7.117996423387074,0.0,4332.621644200359,0.0,0.0,3.03283515094,4329.58880905,0.0,0.0,0.0,0.0,0.329724482285,0.000230968815771,0.0,4.30364923193,0.0,16.7958028798,12.4921536479,0.0,0.0,0.0,0.0,5.185289217335094,5.185289217335094,5.185289217335094,30.90912718602228,30.90912718602228,30.90912718602228,0.0007,0.0007,0.0,7.182758020339673,0.0,12978.155915806652,0.0,0.0,9.5769076909,12969.0715608,0.0,0.0,0.0,0.0,1.04118449343,0.000691855793275,0.0,2.57877617706,0.0,1.87091334214,1.77475909283,0.0,0.0,0.0,0.0,1.1555939860539417,1.1555939860539417,1.1555939860539417,3.118558224563028,3.118558224563028,3.118558224563028
