Name,FitNum,N,DF,K,ChiSq,RedChiSq,Rsq,AdjRsq,AIC,BIC,RSS,TSS,SDR
ac8,1,219,212,7,1784.224847121804,8.416154939253792,0.8942853787693889,0.8907782586337762,473.9200124444847,497.1127088659964,1784.2248471218052,16877.749041257106,2.9010610023323875
