param,fit_val,fit_err
kex(s-1),6.66159531853,0.241562679364
tau_ex(s),0.150114192199,0.00544343880771
R1n(s-1),9.32207166504,0.424458478388
