Name,FitNum,N,DF,K,ChiSq,RedChiSq,Rsq,AdjRsq,AIC,BIC,RSS,TSS,SDR
G7C1p_pH5.3HS_25C,1,280,270,10,216.36588639644827,0.8013551348016603,0.9368907822025349,0.9345447146264209,-51.37139494638886,-15.841342780867372,216.36588639644827,3428.435558983252,0.8951844138509452
