Name,FitNum,RedChiSq,lf,AlignMag,Temp,pA,pB,pC,dwB,dwC,kexAB,kexAC,kexBC,k12,k21,k13,k31,k23,k32,tau1,tau2,tau3,dG12,dG13,ddG12,ddG21,ddG13,ddG31,ddG23,ddG32,R1,R1b,R1c,R2,R2b,R2c,pA_err,pB_err,pC_err,dwB_err,dwC_err,kexAB_err,kexAC_err,kexBC_err,k12_err,k21_err,k13_err,k31_err,k23_err,k32_err,tau1_err,tau2_err,tau3_err,dG12_err,dG13_err,ddG12_err,ddG21_err,ddG13_err,ddG31_err,ddG23_err,ddG32_err,R1_err,R1b_err,R1c_err,R2_err,R2b_err,R2c_err
G7N1_pH5.3HS_25C,1,0.8013551348016603,70.960765,auto,298.15,0.996,0.004,0.0,-2.0068890222673623,0.0,166.40304808826573,0.0,0.0,0.665612192353,165.737435896,0.0,0.0,0.0,0.0,1.50237632587,0.00603363986292,0.0,3.26900669389,0.0,17.6943332246,14.4253265307,0.0,0.0,0.0,0.0,2.0347789228431057,2.0347789228431057,2.0347789228431057,8.552592881044344,8.552592881044344,8.552592881044344,0.004,0.004,0.0,0.1500585283143794,0.0,11.99005108174981,0.0,0.0,0.664687620127,11.9604784175,0.0,0.0,0.0,0.0,1.50028944188,0.000435418944244,0.0,0.593204665585,0.0,0.591661754739,0.0427567918711,0.0,0.0,0.0,0.0,0.019790497720164446,0.019790497720164446,0.019790497720164446,0.02344960229484003,0.02344960229484003,0.02344960229484003
