Name,FitNum,RedChiSq,lf,AlignMag,Temp,pA,pB,pC,dwB,dwC,kexAB,kexAC,kexBC,k12,k21,k13,k31,k23,k32,tau1,tau2,tau3,dG12,dG13,ddG12,ddG21,ddG13,ddG31,ddG23,ddG32,R1,R1b,R1c,R2,R2b,R2c,pA_err,pB_err,pC_err,dwB_err,dwC_err,kexAB_err,kexAC_err,kexBC_err,k12_err,k21_err,k13_err,k31_err,k23_err,k32_err,tau1_err,tau2_err,tau3_err,dG12_err,dG13_err,ddG12_err,ddG21_err,ddG13_err,ddG31_err,ddG23_err,ddG32_err,R1_err,R1b_err,R1c_err,R2_err,R2b_err,R2c_err
gc8,1,2.3670928765144996,150.7,auto,298.15,0.9,0.1,0.0,0.8814737381006781,0.0,4700.577471475779,0.0,0.0,470.057747148,4230.51972433,0.0,0.0,0.0,0.0,0.00212739818898,0.000236377576554,0.0,1.30182205197,0.0,13.8076903724,12.5058683204,0.0,0.0,0.0,0.0,3.1141707155338207,3.1141707155338207,3.1141707155338207,18.212627875631824,18.212627875631824,18.212627875631824,0.1,0.1,0.0,0.05322049079130816,0.0,441.3761446317681,0.0,0.0,427.937662804,582.220717672,0.0,0.0,0.0,0.0,0.00193677014021,3.25312092203e-05,0.0,0.545522825862,0.0,0.539394447229,0.0815400750236,0.0,0.0,0.0,0.0,0.2044558119620982,0.2044558119620982,0.2044558119620982,0.7432369312987854,0.7432369312987854,0.7432369312987854
