Name,FitNum,N,DF,K,ChiSq,RedChiSq,Rsq,AdjRsq,AIC,BIC,RSS,TSS,SDR
gc1p,1,190,183,7,125.89623642145548,0.6879575760735273,0.9628097176302466,0.9613793221544868,-63.58216012566764,-41.46837623592885,125.89623642145551,3385.1917328771365,0.8294320804463301
