Name,FitNum,RedChiSq,lf,AlignMag,Temp,pA,pB,pC,dwB,dwC,kexAB,kexAC,kexBC,k12,k21,k13,k31,k23,k32,tau1,tau2,tau3,dG12,dG13,ddG12,ddG21,ddG13,ddG31,ddG23,ddG32,R1,R1b,R1c,R2,R2b,R2c,pA_err,pB_err,pC_err,dwB_err,dwC_err,kexAB_err,kexAC_err,kexBC_err,k12_err,k21_err,k13_err,k31_err,k23_err,k32_err,tau1_err,tau2_err,tau3_err,dG12_err,dG13_err,ddG12_err,ddG21_err,ddG13_err,ddG31_err,ddG23_err,ddG32_err,R1_err,R1b_err,R1c_err,R2_err,R2b_err,R2c_err
T8_N3_Off,1,0.462549773679624,176.04,auto,298.15,0.995,0.005,0.0,-0.8938280682837962,0.0,673.2965868732924,0.0,0.0,3.36648293437,669.930103939,0.0,0.0,0.0,0.0,0.297045913939,0.00149269303487,0.0,3.13620237989,0.0,16.7339648411,13.5977624612,0.0,0.0,0.0,0.0,1.4125706352027252,1.4125706352027252,1.4125706352027252,7.987634360980137,7.987634360980137,7.987634360980137,0.005,0.005,0.0,0.044888776401363656,0.0,135.41306499404615,0.0,0.0,3.41743462096,134.777631856,0.0,0.0,0.0,0.0,0.301541700969,0.00030030242132,0.0,0.613149610263,0.0,0.601451999828,0.119197048912,0.0,0.0,0.0,0.0,0.04917668541840858,0.04917668541840858,0.04917668541840858,0.0856108616218186,0.0856108616218186,0.0856108616218186
