Name,FitNum,RedChiSq,lf,AlignMag,Temp,pA,pB,pC,dwB,dwC,kexAB,kexAC,kexBC,k12,k21,k13,k31,k23,k32,tau1,tau2,tau3,dG12,dG13,ddG12,ddG21,ddG13,ddG31,ddG23,ddG32,R1,R1b,R1c,R2,R2b,R2c,pA_err,pB_err,pC_err,dwB_err,dwC_err,kexAB_err,kexAC_err,kexBC_err,k12_err,k21_err,k13_err,k31_err,k23_err,k32_err,tau1_err,tau2_err,tau3_err,dG12_err,dG13_err,ddG12_err,ddG21_err,ddG13_err,ddG31_err,ddG23_err,ddG32_err,R1_err,R1b_err,R1c_err,R2_err,R2b_err,R2c_err
ac8,1,0.08437723864721529,150.7,auto,298.15,0.975,0.025,0.0,2.45926793018708,0.0,2366.683370431047,0.0,0.0,59.1670842608,2307.51628617,0.0,0.0,0.0,0.0,0.0169012891626,0.000433366388785,0.0,2.17060440196,0.0,15.0356091935,12.8650047915,0.0,0.0,0.0,0.0,2.5357497936208167,2.5357497936208167,2.5357497936208167,25.436411949676046,25.436411949676046,25.436411949676046,0.025,0.025,0.0,0.01818437509097799,0.0,36.49219011979357,0.0,0.0,57.7140788431,67.793884971,0.0,0.0,0.0,0.0,0.0164862329701,1.2732127304e-05,0.0,0.578196789935,0.0,0.577934707079,0.0174069596623,0.0,0.0,0.0,0.0,0.11697888898501485,0.11697888898501485,0.11697888898501485,0.22274178871936973,0.22274178871936973,0.22274178871936973
