Name,FitNum,RedChiSq,lf,AlignMag,Temp,pA,pB,pC,dwB,dwC,kexAB,kexAC,kexBC,k12,k21,k13,k31,k23,k32,tau1,tau2,tau3,dG12,dG13,ddG12,ddG21,ddG13,ddG31,ddG23,ddG32,R1,R1b,R1c,R2,R2b,R2c,pA_err,pB_err,pC_err,dwB_err,dwC_err,kexAB_err,kexAC_err,kexBC_err,k12_err,k21_err,k13_err,k31_err,k23_err,k32_err,tau1_err,tau2_err,tau3_err,dG12_err,dG13_err,ddG12_err,ddG21_err,ddG13_err,ddG31_err,ddG23_err,ddG32_err,R1_err,R1b_err,R1c_err,R2_err,R2b_err,R2c_err
gc1p,1,0.6970762047238609,150.88,auto,298.15,0.99,0.01,0.0,1.9679015892089238,0.0,5554.260582067566,0.0,0.0,55.5426058207,5498.71797625,0.0,0.0,0.0,0.0,0.0180041966923,0.00018186057265,0.0,2.72253843054,0.0,15.0730631047,12.3505246742,0.0,0.0,0.0,0.0,2.860108020834207,2.860108020834207,2.860108020834207,12.011069479941822,12.011069479941822,12.011069479941822,0.01,0.01,0.0,0.11505446306128235,0.0,445.5224622219895,0.0,0.0,55.1701682322,444.481952975,0.0,0.0,0.0,0.0,0.0178834706389,1.47004707006e-05,0.0,0.590457405071,0.0,0.588511878197,0.0478927596275,0.0,0.0,0.0,0.0,0.09880052167643363,0.09880052167643363,0.09880052167643363,0.35675443083692787,0.35675443083692787,0.35675443083692787
