Name,FitNum,N,DF,K,ChiSq,RedChiSq,Rsq,AdjRsq,AIC,BIC,RSS,TSS,SDR
gc8,1,196,189,7,186.3180515497509,0.9858097965595285,0.9827680950982111,0.9821264816178253,4.6664843945561785,27.017542328318733,186.31805154975086,10812.388567117056,0.9928795478604282
