Name,FitNum,N,DF,K,ChiSq,RedChiSq,Rsq,AdjRsq,AIC,BIC,RSS,TSS,SDR
A16_C8_Off,1,111,107,4,29.276785602883525,0.2736148187185376,0.9945245906575518,0.994317971437082,-139.55625976147286,-129.09549744678955,29.27678560288352,5346.958331665673,0.5230820382297002
