Name,FitNum,RedChiSq,lf,AlignMag,Temp,pA,pB,pC,dwB,dwC,kexAB,kexAC,kexBC,k12,k21,k13,k31,k23,k32,tau1,tau2,tau3,dG12,dG13,ddG12,ddG21,ddG13,ddG31,ddG23,ddG32,R1,R1b,R1c,R2,R2b,R2c,pA_err,pB_err,pC_err,dwB_err,dwC_err,kexAB_err,kexAC_err,kexBC_err,k12_err,k21_err,k13_err,k31_err,k23_err,k32_err,tau1_err,tau2_err,tau3_err,dG12_err,dG13_err,ddG12_err,ddG21_err,ddG13_err,ddG31_err,ddG23_err,ddG32_err,R1_err,R1b_err,R1c_err,R2_err,R2b_err,R2c_err
A16_C8_Off,1,0.2736148187185376,150.7,auto,298.15,0.9975,0.0025,0.0,3.3539193509959495,0.0,399.1035336692505,0.0,0.0,0.997758834173,398.105774835,0.0,0.0,0.0,0.0,1.00224619993,0.00251189523793,0.0,3.54836830122,0.0,17.4544927967,13.9061244955,0.0,0.0,0.0,0.0,1.9650880513067643,1.9650880513067643,1.9650880513067643,22.761924304874515,22.761924304874515,22.761924304874515,0.0025,0.0025,0.0,0.2323296761852949,0.0,43.962879352745965,0.0,0.0,1.00131768885,43.8642647755,0.0,0.0,0.0,0.0,1.00582106036,0.000276766740825,0.0,0.598170967855,0.0,0.594598052276,0.0652814139952,0.0,0.0,0.0,0.0,0.06355541881990026,0.06355541881990026,0.06355541881990026,0.09015759353533322,0.09015759353533322,0.09015759353533322
