Name,FitNum,RedChiSq,lf,AlignMag,Temp,pA,pB,pC,dwB,dwC,kexAB,kexAC,kexBC,k12,k21,k13,k31,k23,k32,tau1,tau2,tau3,dG12,dG13,ddG12,ddG21,ddG13,ddG31,ddG23,ddG32,R1,R1b,R1c,R2,R2b,R2c,pA_err,pB_err,pC_err,dwB_err,dwC_err,kexAB_err,kexAC_err,kexBC_err,k12_err,k21_err,k13_err,k31_err,k23_err,k32_err,tau1_err,tau2_err,tau3_err,dG12_err,dG13_err,ddG12_err,ddG21_err,ddG13_err,ddG31_err,ddG23_err,ddG32_err,R1_err,R1b_err,R1c_err,R2_err,R2b_err,R2c_err
gc1p,1,0.1357001567839014,150.7,auto,298.15,0.995,0.005,0.0,3.697487581701586,0.0,458.33564326464824,0.0,0.0,2.29167821632,456.043965048,0.0,0.0,0.0,0.0,0.436361437167,0.00219277104104,0.0,3.13620237989,0.0,16.9618250936,13.8256227137,0.0,0.0,0.0,0.0,1.571007934662767,1.571007934662767,1.571007934662767,16.76171784407008,16.76171784407008,16.76171784407008,0.005,0.005,0.0,0.10563810902211453,0.0,17.747142428753335,0.0,0.0,2.28197453377,17.805023491,0.0,0.0,0.0,0.0,0.43451374632,8.56109122988e-05,0.0,0.590429292666,0.0,0.589975983098,0.0231319909496,0.0,0.0,0.0,0.0,0.06442089989989355,0.06442089989989355,0.06442089989989355,0.08178042305607015,0.08178042305607015,0.08178042305607015
