Name,FitNum,N,DF,K,ChiSq,RedChiSq,Rsq,AdjRsq,AIC,BIC,RSS,TSS,SDR
A16_C8_Off,1,120,116,4,51.05649153160986,0.44014216837594705,0.9959148942932088,0.9957728036599292,-94.19925943171798,-83.39711854754631,51.056491531609865,12498.20572494175,0.663432112861555
