Name,FitNum,RedChiSq,lf,AlignMag,Temp,pA,pB,pC,dwB,dwC,kexAB,kexAC,kexBC,k12,k21,k13,k31,k23,k32,tau1,tau2,tau3,dG12,dG13,ddG12,ddG21,ddG13,ddG31,ddG23,ddG32,R1,R1b,R1c,R2,R2b,R2c,pA_err,pB_err,pC_err,dwB_err,dwC_err,kexAB_err,kexAC_err,kexBC_err,k12_err,k21_err,k13_err,k31_err,k23_err,k32_err,tau1_err,tau2_err,tau3_err,dG12_err,dG13_err,ddG12_err,ddG21_err,ddG13_err,ddG31_err,ddG23_err,ddG32_err,R1_err,R1b_err,R1c_err,R2_err,R2b_err,R2c_err
ac1p,1,0.6344633779789209,150.7,auto,298.15,0.97,0.03,0.0,4.071326438797324,0.0,80.76096135669066,0.0,0.0,2.4228288407,78.338132516,0.0,0.0,0.0,0.0,0.41274067041,0.0127651753735,0.0,2.05953545938,0.0,16.9288524847,14.8693170254,0.0,0.0,0.0,0.0,1.3603966114106216,1.3603966114106216,1.3603966114106216,22.00761976694348,22.00761976694348,22.00761976694348,0.03,0.03,0.0,0.13121326142104817,0.0,4.933250534344238,0.0,0.0,2.35592085178,5.33170762931,0.0,0.0,0.0,0.0,0.401342569258,0.000868800171034,0.0,0.577532396658,0.0,0.576122898503,0.040324620392,0.0,0.0,0.0,0.0,0.11587410265766726,0.11587410265766726,0.11587410265766726,0.14643250872836097,0.14643250872836097,0.14643250872836097
