Name,FitNum,N,DF,K,ChiSq,RedChiSq,Rsq,AdjRsq,AIC,BIC,RSS,TSS,SDR
ac8,1,209,202,7,128.16160235174203,0.6344633779789209,0.9861535735814964,0.9856713597261255,-87.65261965913034,-64.81349382572492,128.16160235174206,9255.93351512513,0.7965320947575942
