Name,FitNum,N,DF,K,ChiSq,RedChiSq,Rsq,AdjRsq,AIC,BIC,RSS,TSS,SDR
G_C8_Off_clean,1,253,248,5,66.60372233669527,0.2685633965189325,0.980790785324722,0.9804019348252224,-327.66114251581655,-309.99419507217897,66.60372233669528,3467.2798166191255,0.518231026202535
