Name,FitNum,RedChiSq,lf,AlignMag,Temp,pA,pB,pC,dwB,dwC,kexAB,kexAC,kexBC,k12,k21,k13,k31,k23,k32,tau1,tau2,tau3,dG12,dG13,ddG12,ddG21,ddG13,ddG31,ddG23,ddG32,R1,R1b,R1c,R2,R2b,R2c,pA_err,pB_err,pC_err,dwB_err,dwC_err,kexAB_err,kexAC_err,kexBC_err,k12_err,k21_err,k13_err,k31_err,k23_err,k32_err,tau1_err,tau2_err,tau3_err,dG12_err,dG13_err,ddG12_err,ddG21_err,ddG13_err,ddG31_err,ddG23_err,ddG32_err,R1_err,R1b_err,R1c_err,R2_err,R2b_err,R2c_err
G_C1p_Off_clean,1,0.2685633965189325,150.88,avg,298.15,0.997,0.003,0.0,4.12,0.0,16751.17083570112,0.0,0.0,50.2535125071,16700.9173232,0.0,0.0,0.0,0.0,0.0198991065522,5.98769505081e-05,0.0,3.44004850013,0.0,15.132353026,11.6923045259,0.0,0.0,0.0,0.0,2.4208143874150703,2.4208143874150703,2.4208143874150703,9.834572669212827,9.834572669212827,9.834572669212827,0.003,0.003,0.0,4.12,0.0,824.0057683940063,0.0,0.0,50.1639248188,823.060151302,0.0,0.0,0.0,0.0,0.0198636321173,2.95087575077e-06,0.0,0.592148861887,0.0,0.59142851747,0.0291990300671,0.0,0.0,0.0,0.0,0.045364999494894725,0.045364999494894725,0.045364999494894725,0.1025098782260523,0.1025098782260523,0.1025098782260523
