Name,FitNum,RedChiSq,lf,AlignMag,Temp,pA,pB,pC,dwB,dwC,kexAB,kexAC,kexBC,k12,k21,k13,k31,k23,k32,tau1,tau2,tau3,dG12,dG13,ddG12,ddG21,ddG13,ddG31,ddG23,ddG32,R1,R1b,R1c,R2,R2b,R2c,pA_err,pB_err,pC_err,dwB_err,dwC_err,kexAB_err,kexAC_err,kexBC_err,k12_err,k21_err,k13_err,k31_err,k23_err,k32_err,tau1_err,tau2_err,tau3_err,dG12_err,dG13_err,ddG12_err,ddG21_err,ddG13_err,ddG31_err,ddG23_err,ddG32_err,R1_err,R1b_err,R1c_err,R2_err,R2b_err,R2c_err
A21_C1p_Off,1,0.6029937899318368,150.88,auto,298.15,0.92,0.08,0.0,1.4663149568383724,0.0,34.50181581998888,0.0,0.0,2.7601452656,31.7416705544,0.0,0.0,0.0,0.0,0.36229977185,0.031504327987,0.0,1.44705336996,0.0,16.8516235725,15.4045702025,0.0,0.0,0.0,0.0,1.9818162048882002,1.9818162048882002,1.9818162048882002,16.61122490748952,16.61122490748952,16.61122490748952,0.08,0.08,0.0,0.03776042755494339,0.0,4.143338446024154,0.0,0.0,2.57037809508,4.58555737871,0.0,0.0,0.0,0.0,0.33739071962,0.00455126970757,0.0,0.558349474215,0.0,0.551749880416,0.0855932521701,0.0,0.0,0.0,0.0,0.09515330023782603,0.09515330023782603,0.09515330023782603,0.14040356963198114,0.14040356963198114,0.14040356963198114
