Name,FitNum,RedChiSq,lf,AlignMag,Temp,pA,pB,pC,dwB,dwC,kexAB,kexAC,kexBC,k12,k21,k13,k31,k23,k32,tau1,tau2,tau3,dG12,dG13,ddG12,ddG21,ddG13,ddG31,ddG23,ddG32,R1,R1b,R1c,R2,R2b,R2c,pA_err,pB_err,pC_err,dwB_err,dwC_err,kexAB_err,kexAC_err,kexBC_err,k12_err,k21_err,k13_err,k31_err,k23_err,k32_err,tau1_err,tau2_err,tau3_err,dG12_err,dG13_err,ddG12_err,ddG21_err,ddG13_err,ddG31_err,ddG23_err,ddG32_err,R1_err,R1b_err,R1c_err,R2_err,R2b_err,R2c_err
gc8,1,0.12633236563903552,176.04,auto,298.15,0.95,0.05,0.0,2.963353702915424,0.0,47.270362057275584,0.0,0.0,2.36351810286,44.9068439544,0.0,0.0,0.0,0.0,0.423098092115,0.0222683206376,0.0,1.7445351892,0.0,16.9435369641,15.1990017749,0.0,0.0,0.0,0.0,1.3422670353814372,1.3422670353814372,1.3422670353814372,27.773018933384616,27.773018933384616,27.773018933384616,0.05,0.05,0.0,0.010710019877396075,0.0,1.0460953482622906,0.0,0.0,2.24905822915,2.45828127927,0.0,0.0,0.0,0.0,0.402608401711,0.00121900785991,0.0,0.564724190572,0.0,0.563792043112,0.0324336791055,0.0,0.0,0.0,0.0,0.048346848152024946,0.048346848152024946,0.048346848152024946,0.06452443162296832,0.06452443162296832,0.06452443162296832
