Name,FitNum,N,DF,K,ChiSq,RedChiSq,Rsq,AdjRsq,AIC,BIC,RSS,TSS,SDR
gc8,1,190,183,7,23.1188229119435,0.12633236563903552,0.996843230505048,0.9967218162937036,-385.596234320069,-363.48245043033023,23.118822911943496,7323.570171630386,0.3554326457136928
