Name,FitNum,RedChiSq,lf,AlignMag,Temp,pA,pB,pC,dwB,dwC,kexAB,kexAC,kexBC,k12,k21,k13,k31,k23,k32,tau1,tau2,tau3,dG12,dG13,ddG12,ddG21,ddG13,ddG31,ddG23,ddG32,R1,R1b,R1c,R2,R2b,R2c,pA_err,pB_err,pC_err,dwB_err,dwC_err,kexAB_err,kexAC_err,kexBC_err,k12_err,k21_err,k13_err,k31_err,k23_err,k32_err,tau1_err,tau2_err,tau3_err,dG12_err,dG13_err,ddG12_err,ddG21_err,ddG13_err,ddG31_err,ddG23_err,ddG32_err,R1_err,R1b_err,R1c_err,R2_err,R2b_err,R2c_err
A16_C8_Off,1,1.4593840816472252,150.7,auto,298.15,0.999,0.001,0.0,4.279478792037409,0.0,2425.2011560961064,0.0,0.0,2.4252011561,2422.77595494,0.0,0.0,0.0,0.0,0.412336930273,0.000412749679953,0.0,4.0921468707,0.0,16.9282726365,12.8361257658,0.0,0.0,0.0,0.0,3.234806826062899,3.234806826062899,3.234806826062899,30.5640360848027,30.5640360848027,30.5640360848027,0.001,0.001,0.0,1.0107575629337342,0.0,1522.8424384063842,0.0,0.0,2.8616251155,1521.32152516,0.0,0.0,0.0,0.0,0.486538493004,0.000259175831482,0.0,0.791933064023,0.0,0.699104580963,0.372035969725,0.0,0.0,0.0,0.0,0.16494517226142283,0.16494517226142283,0.16494517226142283,0.5287212343421858,0.5287212343421858,0.5287212343421858
