Name,FitNum,N,DF,K,ChiSq,RedChiSq,Rsq,AdjRsq,AIC,BIC,RSS,TSS,SDR
G7C1p_pH5.3HS_25C,1,280,270,10,241.8180703521327,0.8956224827856767,0.9294669343518748,0.9268448873017586,-20.231257973535563,15.298794191985927,241.81807035213262,3428.435558983252,0.9463733316116195
