Name,FitNum,N,DF,K,ChiSq,RedChiSq,Rsq,AdjRsq,AIC,BIC,RSS,TSS,SDR
G7N1_pH5.3HS_25C,1,280,270,10,241.8180703521327,0.8956224827856767,0.4107971595642589,0.38889370824694514,-20.231257973535563,15.298794191985927,241.81807035213262,410.4156561317621,0.9463733316116195
