Name,FitNum,N,DF,K,ChiSq,RedChiSq,Rsq,AdjRsq,AIC,BIC,RSS,TSS,SDR
G7C8_pH5.3HS_25C,1,280,270,10,241.8180703521327,0.8956224827856767,0.9767169307739207,0.9758513891670033,-20.231257973535563,15.298794191985927,241.81807035213262,10386.004869206554,0.9463733316116195
