Name,FitNum,N,DF,K,ChiSq,RedChiSq,Rsq,AdjRsq,AIC,BIC,RSS,TSS,SDR
ac1p,1,196,189,7,30.45931038766993,0.16116037242153403,0.9941490239615808,0.9939311684707886,-350.30195390170815,-327.9508959679456,30.45931038766993,5205.8511584503685,0.40144784520723736
