Name,FitNum,RedChiSq,lf,AlignMag,Temp,pA,pB,pC,dwB,dwC,kexAB,kexAC,kexBC,k12,k21,k13,k31,k23,k32,tau1,tau2,tau3,dG12,dG13,ddG12,ddG21,ddG13,ddG31,ddG23,ddG32,R1,R1b,R1c,R2,R2b,R2c,pA_err,pB_err,pC_err,dwB_err,dwC_err,kexAB_err,kexAC_err,kexBC_err,k12_err,k21_err,k13_err,k31_err,k23_err,k32_err,tau1_err,tau2_err,tau3_err,dG12_err,dG13_err,ddG12_err,ddG21_err,ddG13_err,ddG31_err,ddG23_err,ddG32_err,R1_err,R1b_err,R1c_err,R2_err,R2b_err,R2c_err
gc1p,1,0.20964330513900722,176.04,auto,298.15,0.997,0.003,0.0,3.6011628696600573,0.0,1369.9277852514867,0.0,0.0,4.10978335575,1365.8180019,0.0,0.0,0.0,0.0,0.24332182829,0.000732161970784,0.0,3.44004850013,0.0,16.6157630934,13.1757145933,0.0,0.0,0.0,0.0,1.3474320736218761,1.3474320736218761,1.3474320736218761,18.058403358578467,18.058403358578467,18.058403358578467,0.003,0.003,0.0,0.09626240145586157,0.0,64.6217202387989,0.0,0.0,4.10205619685,64.5580187994,0.0,0.0,0.0,0.0,0.24286433789,3.46070458937e-05,0.0,0.592033496061,0.0,0.591370767108,0.0280049329445,0.0,0.0,0.0,0.0,0.06710265668724509,0.06710265668724509,0.06710265668724509,0.10994797165756837,0.10994797165756837,0.10994797165756837
