Name,FitNum,RedChiSq,lf,AlignMag,Temp,pA,pB,pC,dwB,dwC,kexAB,kexAC,kexBC,k12,k21,k13,k31,k23,k32,tau1,tau2,tau3,dG12,dG13,ddG12,ddG21,ddG13,ddG31,ddG23,ddG32,R1,R1b,R1c,R2,R2b,R2c,pA_err,pB_err,pC_err,dwB_err,dwC_err,kexAB_err,kexAC_err,kexBC_err,k12_err,k21_err,k13_err,k31_err,k23_err,k32_err,tau1_err,tau2_err,tau3_err,dG12_err,dG13_err,ddG12_err,ddG21_err,ddG13_err,ddG31_err,ddG23_err,ddG32_err,R1_err,R1b_err,R1c_err,R2_err,R2b_err,R2c_err
c15_c6,1,0.42335938865962797,176.002098,auto,298.15,0.9955,0.0045,0.0,2.799018995551916,0.0,4978.408844647376,0.0,0.0,22.4028398009,4956.00600485,0.0,0.0,0.0,0.0,0.0446371981805,0.000201775381027,0.0,3.1989245348,0.0,15.6110171399,12.4120926051,0.0,0.0,0.0,0.0,1.8481670213724046,1.8481670213724046,1.8481670213724046,29.838927738456015,29.838927738456015,29.838927738456015,0.0045,0.0045,0.0,0.17834024756344508,0.0,546.8879350166367,0.0,0.0,22.4376262642,544.883549777,0.0,0.0,0.0,0.0,0.0447065094941,2.21840098184e-05,0.0,0.596969372939,0.0,0.593404741588,0.06514019411,0.0,0.0,0.0,0.0,0.05546070073131169,0.05546070073131169,0.05546070073131169,0.3594145361846147,0.3594145361846147,0.3594145361846147
