Name,FitNum,RedChiSq,lf,AlignMag,Temp,pA,pB,pC,dwB,dwC,kexAB,kexAC,kexBC,k12,k21,k13,k31,k23,k32,tau1,tau2,tau3,dG12,dG13,ddG12,ddG21,ddG13,ddG31,ddG23,ddG32,R1,R1b,R1c,R2,R2b,R2c,pA_err,pB_err,pC_err,dwB_err,dwC_err,kexAB_err,kexAC_err,kexBC_err,k12_err,k21_err,k13_err,k31_err,k23_err,k32_err,tau1_err,tau2_err,tau3_err,dG12_err,dG13_err,ddG12_err,ddG21_err,ddG13_err,ddG31_err,ddG23_err,ddG32_err,R1_err,R1b_err,R1c_err,R2_err,R2b_err,R2c_err
G_C8_Off,1,0.1817055918552899,150.88,auto,298.15,0.97,0.03,0.0,4.27,0.0,99999.99998328334,0.0,0.0,2999.9999995,96999.9999838,0.0,0.0,0.0,0.0,0.000333333333389,1.03092783522e-05,0.0,2.05953545938,0.0,12.7095127722,10.6499773128,0.0,0.0,0.0,0.0,0.9803325921853319,0.9803325921853319,0.9803325921853319,27.554445500877847,27.554445500877847,27.554445500877847,0.03,0.03,0.0,4.27,0.0,164720.97601595873,0.0,0.0,5735.49474264,159805.869239,0.0,0.0,0.0,0.0,0.00063727719384,1.69843627689e-05,0.0,1.49528183418,0.0,1.13273105431,0.976108663129,0.0,0.0,0.0,0.0,0.09778212570204348,0.09778212570204348,0.09778212570204348,7.76877466070594,7.76877466070594,7.76877466070594
