Name,FitNum,RedChiSq,lf,AlignMag,Temp,pA,pB,pC,dwB,dwC,kexAB,kexAC,kexBC,k12,k21,k13,k31,k23,k32,tau1,tau2,tau3,dG12,dG13,ddG12,ddG21,ddG13,ddG31,ddG23,ddG32,R1,R1b,R1c,R2,R2b,R2c,pA_err,pB_err,pC_err,dwB_err,dwC_err,kexAB_err,kexAC_err,kexBC_err,k12_err,k21_err,k13_err,k31_err,k23_err,k32_err,tau1_err,tau2_err,tau3_err,dG12_err,dG13_err,ddG12_err,ddG21_err,ddG13_err,ddG31_err,ddG23_err,ddG32_err,R1_err,R1b_err,R1c_err,R2_err,R2b_err,R2c_err
ac8,1,0.5856892719262992,150.7,auto,298.15,0.984,0.016,0.0,4.178470483879891,0.0,152.90942472385316,0.0,0.0,2.44655079558,150.462873928,0.0,0.0,0.0,0.0,0.408738703405,0.00664615777894,0.0,2.4404667062,0.0,16.9230796723,14.4826129661,0.0,0.0,0.0,0.0,1.6174333304786457,1.6174333304786457,1.6174333304786457,31.552271047690297,31.552271047690297,31.552271047690297,0.016,0.016,0.0,0.2067636876479398,0.0,7.605111936115581,0.0,0.0,2.41079703436,7.86122526199,0.0,0.0,0.0,0.0,0.402765418064,0.000347241429483,0.0,0.584646291431,0.0,0.583826208766,0.0309555171568,0.0,0.0,0.0,0.0,0.14055030678842903,0.14055030678842903,0.14055030678842903,0.17208373695298848,0.17208373695298848,0.17208373695298848
