Name,FitNum,N,DF,K,ChiSq,RedChiSq,Rsq,AdjRsq,AIC,BIC,RSS,TSS,SDR
ac1p,1,209,202,7,118.30923292911244,0.5856892719262992,0.9774884811432567,0.9767044978994895,-104.37056546282275,-81.53143962941733,118.30923292911233,5255.497582459783,0.7653033855447776
