Name,FitNum,N,DF,K,ChiSq,RedChiSq,Rsq,AdjRsq,AIC,BIC,RSS,TSS,SDR
G_C8_Off_clean,1,253,248,5,72.92254651558315,0.2940425262725127,0.9789683699117516,0.9785426284119895,-304.7298792226857,-287.06293177904814,72.92254651558318,3467.2798166191255,0.5422568821808653
