Name,FitNum,RedChiSq,lf,AlignMag,Temp,pA,pB,pC,dwB,dwC,kexAB,kexAC,kexBC,k12,k21,k13,k31,k23,k32,tau1,tau2,tau3,dG12,dG13,ddG12,ddG21,ddG13,ddG31,ddG23,ddG32,R1,R1b,R1c,R2,R2b,R2c,pA_err,pB_err,pC_err,dwB_err,dwC_err,kexAB_err,kexAC_err,kexBC_err,k12_err,k21_err,k13_err,k31_err,k23_err,k32_err,tau1_err,tau2_err,tau3_err,dG12_err,dG13_err,ddG12_err,ddG21_err,ddG13_err,ddG31_err,ddG23_err,ddG32_err,R1_err,R1b_err,R1c_err,R2_err,R2b_err,R2c_err
G_C1p_Off_clean,1,0.2940425262725127,150.88,avg,298.15,0.95,0.05,0.0,4.12,0.0,58637.97931966518,0.0,0.0,2931.89896598,55706.0803537,0.0,0.0,0.0,0.0,0.000341075873215,1.79513617481e-05,0.0,1.7445351892,0.0,12.7231173857,10.9785821965,0.0,0.0,0.0,0.0,2.439345288215753,2.439345288215753,2.439345288215753,0.010000000385776623,0.010000000385776623,0.010000000385776623,0.05,0.05,0.0,4.12,0.0,3165.219096557977,0.0,0.0,2793.64548209,4101.36633525,0.0,0.0,0.0,0.0,0.000324992465058,1.32167099674e-06,0.0,0.566228963758,0.0,0.564546173371,0.0436217552524,0.0,0.0,0.0,0.0,0.04731797432664679,0.04731797432664679,0.04731797432664679,0.6426280915391697,0.6426280915391697,0.6426280915391697
