Name,FitNum,N,DF,K,ChiSq,RedChiSq,Rsq,AdjRsq,AIC,BIC,RSS,TSS,SDR
gc8,1,308,301,7,1705.1085830894513,5.664812568403493,0.70523471314944,0.6983568564562602,541.075561262307,567.186259743122,1705.1085830894508,5784.631566721444,2.3800866724561716
