Name,FitNum,N,DF,K,ChiSq,RedChiSq,Rsq,AdjRsq,AIC,BIC,RSS,TSS,SDR
gc1p,1,308,301,7,1705.1085830894513,5.664812568403493,0.38893291190425017,0.37467467984868263,541.075561262307,567.186259743122,1705.1085830894508,2790.378693774901,2.3800866724561716
