Name,FitNum,RedChiSq,lf,AlignMag,Temp,pA,pB,pC,dwB,dwC,kexAB,kexAC,kexBC,k12,k21,k13,k31,k23,k32,tau1,tau2,tau3,dG12,dG13,ddG12,ddG21,ddG13,ddG31,ddG23,ddG32,R1,R1b,R1c,R2,R2b,R2c,pA_err,pB_err,pC_err,dwB_err,dwC_err,kexAB_err,kexAC_err,kexBC_err,k12_err,k21_err,k13_err,k31_err,k23_err,k32_err,tau1_err,tau2_err,tau3_err,dG12_err,dG13_err,ddG12_err,ddG21_err,ddG13_err,ddG31_err,ddG23_err,ddG32_err,R1_err,R1b_err,R1c_err,R2_err,R2b_err,R2c_err
gc8,1,5.664812568403493,150.88,auto,298.15,0.999,0.001,0.0,4.683471015221329,0.0,2116.134655135049,0.0,0.0,2.11613465514,2114.01852048,0.0,0.0,0.0,0.0,0.472559719947,0.000473032752699,0.0,4.0921468707,0.0,17.0090421265,12.9168952558,0.0,0.0,0.0,0.0,3.9094432458003014,3.9094432458003014,3.9094432458003014,21.4762401345601,21.4762401345601,21.4762401345601,0.001,0.001,0.0,0.8703729520877297,0.0,830.0501911223492,0.0,0.0,2.27113674241,829.222835675,0.0,0.0,0.0,0.0,0.507173652844,0.000185546889377,0.0,0.677021212543,0.0,0.635882919485,0.232401882392,0.0,0.0,0.0,0.0,0.14925862605789567,0.14925862605789567,0.14925862605789567,0.45619474417520145,0.45619474417520145,0.45619474417520145
