Name,FitNum,RedChiSq,lf,AlignMag,Temp,pA,pB,pC,dwB,dwC,kexAB,kexAC,kexBC,k12,k21,k13,k31,k23,k32,tau1,tau2,tau3,dG12,dG13,ddG12,ddG21,ddG13,ddG31,ddG23,ddG32,R1,R1b,R1c,R2,R2b,R2c,pA_err,pB_err,pC_err,dwB_err,dwC_err,kexAB_err,kexAC_err,kexBC_err,k12_err,k21_err,k13_err,k31_err,k23_err,k32_err,tau1_err,tau2_err,tau3_err,dG12_err,dG13_err,ddG12_err,ddG21_err,ddG13_err,ddG31_err,ddG23_err,ddG32_err,R1_err,R1b_err,R1c_err,R2_err,R2b_err,R2c_err
A16_C8_Off,1,2.752354880611169,176.04,auto,298.15,0.998,0.002,0.0,5.921415784380301,0.0,4352.4924220774765,0.0,0.0,8.70498484415,4343.78743723,0.0,0.0,0.0,0.0,0.11487670776,0.000230213843207,0.0,3.68087436261,0.0,16.1710881712,12.4902138086,0.0,0.0,0.0,0.0,1.277573978289541,1.277573978289541,1.277573978289541,32.36237434102239,32.36237434102239,32.36237434102239,0.002,0.002,0.0,1.1842038488676891,0.0,3278.634028888254,0.0,0.0,10.8844855041,3272.08829389,0.0,0.0,0.0,0.0,0.143638832549,0.000173415488749,0.0,0.864878702803,0.0,0.740827442685,0.446306924355,0.0,0.0,0.0,0.0,0.6084031148526455,0.6084031148526455,0.6084031148526455,2.13642684066779,2.13642684066779,2.13642684066779
