Name,FitNum,N,DF,K,ChiSq,RedChiSq,Rsq,AdjRsq,AIC,BIC,RSS,TSS,SDR
A16_C8_Off,1,111,107,4,26.671182701877445,0.24926338973717238,0.9950118962880399,0.9948236659592867,-149.90270504345057,-139.44194272876726,26.671182701877456,5346.958331665673,0.49926284634165646
