Name,FitNum,RedChiSq,lf,AlignMag,Temp,pA,pB,pC,dwB,dwC,kexAB,kexAC,kexBC,k12,k21,k13,k31,k23,k32,tau1,tau2,tau3,dG12,dG13,ddG12,ddG21,ddG13,ddG31,ddG23,ddG32,R1,R1b,R1c,R2,R2b,R2c,pA_err,pB_err,pC_err,dwB_err,dwC_err,kexAB_err,kexAC_err,kexBC_err,k12_err,k21_err,k13_err,k31_err,k23_err,k32_err,tau1_err,tau2_err,tau3_err,dG12_err,dG13_err,ddG12_err,ddG21_err,ddG13_err,ddG31_err,ddG23_err,ddG32_err,R1_err,R1b_err,R1c_err,R2_err,R2b_err,R2c_err
hpGBCm6A_m6A_C2_65C,1,1.1369850167605868,150.88,auto,298.15,0.982,0.018,0.0,2.427188220678076,0.0,950.2325043521802,0.0,0.0,17.1041850783,933.128319274,0.0,0.0,0.0,0.0,0.0584652233018,0.00107166397091,0.0,2.36947659112,0.0,15.7709077716,13.4014311805,0.0,0.0,0.0,0.0,4.8179683203549235,4.8179683203549235,4.8179683203549235,12.268212120412443,12.268212120412443,12.268212120412443,0.018,0.018,0.0,0.023086026245557154,0.0,18.696769035054643,0.0,0.0,16.8025018597,24.8859147088,0.0,0.0,0.0,0.0,0.0574340150529,2.85805688517e-05,0.0,0.58224896373,0.0,0.582034516672,0.0158011761326,0.0,0.0,0.0,0.0,0.067119246296301,0.067119246296301,0.067119246296301,0.09706194249701254,0.09706194249701254,0.09706194249701254
