Name,FitNum,N,DF,K,ChiSq,RedChiSq,Rsq,AdjRsq,AIC,BIC,RSS,TSS,SDR
hpGBCm6A_m6A_C2_65C,1,91,87,4,98.91769645817105,1.1369850167605868,0.9660283909816396,0.9644483161435763,16.0571233333585,25.635445080356135,98.91769645817105,2911.7754300277525,1.0662949951868792
