Name,FitNum,RedChiSq,lf,AlignMag,Temp,pA,pB,pC,dwB,dwC,kexAB,kexAC,kexBC,k12,k21,k13,k31,k23,k32,tau1,tau2,tau3,dG12,dG13,ddG12,ddG21,ddG13,ddG31,ddG23,ddG32,R1,R1b,R1c,R2,R2b,R2c,pA_err,pB_err,pC_err,dwB_err,dwC_err,kexAB_err,kexAC_err,kexBC_err,k12_err,k21_err,k13_err,k31_err,k23_err,k32_err,tau1_err,tau2_err,tau3_err,dG12_err,dG13_err,ddG12_err,ddG21_err,ddG13_err,ddG31_err,ddG23_err,ddG32_err,R1_err,R1b_err,R1c_err,R2_err,R2b_err,R2c_err
A21_C1p_Off,1,0.29709675731572194,150.88,avg,298.15,0.995,0.005,0.0,1.6903947057724276,0.0,1039.816807141371,0.0,0.0,5.19908403571,1034.61772311,0.0,0.0,0.0,0.0,0.192341572695,0.000966540566305,0.0,3.13620237989,0.0,16.4764627317,13.3402603518,0.0,0.0,0.0,0.0,2.306127586140979,2.306127586140979,2.306127586140979,13.537925968927714,13.537925968927714,13.537925968927714,0.005,0.005,0.0,0.0631367234034168,0.0,172.6815187302153,0.0,0.0,5.24471107486,171.895970971,0.0,0.0,0.0,0.0,0.194029557811,0.000160585330618,0.0,0.6057364668,0.0,0.597684381107,0.098438040372,0.0,0.0,0.0,0.0,0.06158913587251479,0.06158913587251479,0.06158913587251479,0.12371980907045255,0.12371980907045255,0.12371980907045255
