Name,FitNum,RedChiSq,lf,AlignMag,Temp,pA,pB,pC,dwB,dwC,kexAB,kexAC,kexBC,k12,k21,k13,k31,k23,k32,tau1,tau2,tau3,dG12,dG13,ddG12,ddG21,ddG13,ddG31,ddG23,ddG32,R1,R1b,R1c,R2,R2b,R2c,pA_err,pB_err,pC_err,dwB_err,dwC_err,kexAB_err,kexAC_err,kexBC_err,k12_err,k21_err,k13_err,k31_err,k23_err,k32_err,tau1_err,tau2_err,tau3_err,dG12_err,dG13_err,ddG12_err,ddG21_err,ddG13_err,ddG31_err,ddG23_err,ddG32_err,R1_err,R1b_err,R1c_err,R2_err,R2b_err,R2c_err
G10_C1p_Off,1,0.35806647941040787,170.4,auto,298.15,0.9998,0.0002,0.0,4.258374427532242,0.0,2792.4579934393973,0.0,0.0,0.558491598688,2791.89950184,0.0,0.0,0.0,0.0,1.79053722983,0.000358179081783,0.0,5.04618856049,0.0,17.7982951201,12.7521065596,0.0,0.0,0.0,0.0,1.6426151352687886,1.6426151352687886,1.6426151352687886,15.19861792878342,15.19861792878342,15.19861792878342,0.0002,0.0002,0.0,1.4551486150159545,0.0,4060.5404589768555,0.0,0.0,0.985549429695,4059.72838929,0.0,0.0,0.0,0.0,3.1596947024,0.000520831708235,0.0,1.35476669054,0.0,1.04553588227,0.861537871874,0.0,0.0,0.0,0.0,0.10081716999934277,0.10081716999934277,0.10081716999934277,0.2630803519445628,0.2630803519445628,0.2630803519445628
