Name,FitNum,N,DF,K,ChiSq,RedChiSq,Rsq,AdjRsq,AIC,BIC,RSS,TSS,SDR
G10_C1p_Off,1,87,83,4,29.719517791063854,0.35806647941040787,0.9828214752321036,0.9819834984141574,-84.95925391010772,-75.58342631353815,29.71951779106387,1730.0389988437446,0.5983865635276314
