param,fit_val,fit_err
kex(s-1),4.52560388158,0.207907859852
tau_ex(s),0.220964986368,0.0101512104506
R1n(s-1),6.427452526,0.358319162368
