Name,FitNum,RedChiSq,lf,AlignMag,Temp,pA,pB,pC,dwB,dwC,kexAB,kexAC,kexBC,k12,k21,k13,k31,k23,k32,tau1,tau2,tau3,dG12,dG13,ddG12,ddG21,ddG13,ddG31,ddG23,ddG32,R1,R1b,R1c,R2,R2b,R2c,pA_err,pB_err,pC_err,dwB_err,dwC_err,kexAB_err,kexAC_err,kexBC_err,k12_err,k21_err,k13_err,k31_err,k23_err,k32_err,tau1_err,tau2_err,tau3_err,dG12_err,dG13_err,ddG12_err,ddG21_err,ddG13_err,ddG31_err,ddG23_err,ddG32_err,R1_err,R1b_err,R1c_err,R2_err,R2b_err,R2c_err
A16_C8_Off,1,0.6031094462529577,150.7,auto,298.15,0.92,0.08,0.0,0.8020752116950904,0.0,4965.591359625472,0.0,0.0,397.24730877,4568.34405086,0.0,0.0,0.0,0.0,0.00251732353605,0.000218897698787,0.0,1.44705336996,0.0,13.9074034954,12.4603501254,0.0,0.0,0.0,0.0,3.267572256821713,3.267572256821713,3.267572256821713,22.644599358850556,22.644599358850556,22.644599358850556,0.08,0.08,0.0,0.04905658738901204,0.0,485.28696656324536,0.0,0.0,368.895226155,577.846499868,0.0,0.0,0.0,0.0,0.00233765871948,2.76882099214e-05,0.0,0.555278867846,0.0,0.550198303704,0.0749429628246,0.0,0.0,0.0,0.0,0.09807625142175351,0.09807625142175351,0.09807625142175351,0.4617194656369425,0.4617194656369425,0.4617194656369425
