Name,FitNum,N,DF,K,ChiSq,RedChiSq,Rsq,AdjRsq,AIC,BIC,RSS,TSS,SDR
A16_C8_Off,1,104,100,4,60.31094462529577,0.6031094462529577,0.9918150406667624,0.9914843352391569,-48.26319972892607,-38.08967653640098,60.3109446252958,7368.508769540807,0.7766012144292319
