Name,FitNum,RedChiSq,lf,AlignMag,Temp,pA,pB,pC,dwB,dwC,kexAB,kexAC,kexBC,k12,k21,k13,k31,k23,k32,tau1,tau2,tau3,dG12,dG13,ddG12,ddG21,ddG13,ddG31,ddG23,ddG32,R1,R1b,R1c,R2,R2b,R2c,pA_err,pB_err,pC_err,dwB_err,dwC_err,kexAB_err,kexAC_err,kexBC_err,k12_err,k21_err,k13_err,k31_err,k23_err,k32_err,tau1_err,tau2_err,tau3_err,dG12_err,dG13_err,ddG12_err,ddG21_err,ddG13_err,ddG31_err,ddG23_err,ddG32_err,R1_err,R1b_err,R1c_err,R2_err,R2b_err,R2c_err
T8_N3_Off,1,0.3033798334963125,176.04,auto,298.15,0.9925,0.0075,0.0,-0.7672597747629849,0.0,575.7130020736216,0.0,0.0,4.31784751555,571.395154558,0.0,0.0,0.0,0.0,0.231596877008,0.00175010234515,0.0,2.89447995867,0.0,16.5865022256,13.6920222669,0.0,0.0,0.0,0.0,1.4240660481163865,1.4240660481163865,1.4240660481163865,7.955184332322765,7.955184332322765,7.955184332322765,0.0075,0.0075,0.0,0.030941542002468705,0.0,91.87753962577924,0.0,0.0,4.34063139037,91.2891074238,0.0,0.0,0.0,0.0,0.232818938286,0.000279605592933,0.0,0.603086071916,0.0,0.595611097913,0.0946584923888,0.0,0.0,0.0,0.0,0.03908230928681047,0.03908230928681047,0.03908230928681047,0.06618369936666767,0.06618369936666767,0.06618369936666767
