Name,FitNum,RedChiSq,lf,AlignMag,Temp,pA,pB,pC,dwB,dwC,kexAB,kexAC,kexBC,k12,k21,k13,k31,k23,k32,tau1,tau2,tau3,dG12,dG13,ddG12,ddG21,ddG13,ddG31,ddG23,ddG32,R1,R1b,R1c,R2,R2b,R2c,pA_err,pB_err,pC_err,dwB_err,dwC_err,kexAB_err,kexAC_err,kexBC_err,k12_err,k21_err,k13_err,k31_err,k23_err,k32_err,tau1_err,tau2_err,tau3_err,dG12_err,dG13_err,ddG12_err,ddG21_err,ddG13_err,ddG31_err,ddG23_err,ddG32_err,R1_err,R1b_err,R1c_err,R2_err,R2b_err,R2c_err
A6RNAm6A_C2_37,1,0.37827221273892814,150.88,auto,298.15,0.994,0.006,0.0,1.8600187216951283,0.0,219.03453645400967,0.0,0.0,1.31420721872,217.720329235,0.0,0.0,0.0,0.0,0.760915010778,0.0045930483548,0.0,3.02758387661,0.0,17.2912767041,14.2636928275,0.0,0.0,0.0,0.0,4.540438928039216,4.540438928039216,4.540438928039216,21.006548971609963,21.006548971609963,21.006548971609963,0.006,0.006,0.0,0.07168180300092254,0.0,12.42901424602068,0.0,0.0,1.30847261138,12.4233140088,0.0,0.0,0.0,0.0,0.757594720989,0.000262083390052,0.0,0.590867394536,0.0,0.589899412773,0.0338077023252,0.0,0.0,0.0,0.0,0.03057973836776905,0.03057973836776905,0.03057973836776905,0.03219240062160799,0.03219240062160799,0.03219240062160799
