Name,FitNum,N,DF,K,ChiSq,RedChiSq,Rsq,AdjRsq,AIC,BIC,RSS,TSS,SDR
A6RNAm6A_C2_37,1,93,89,4,33.666226933764605,0.37827221273892814,0.9886048250167405,0.9880868625175014,-86.04315690425686,-76.36730438618929,33.66622693376463,2954.428254346537,0.6150383831428152
