Name,FitNum,N,DF,K,ChiSq,RedChiSq,Rsq,AdjRsq,AIC,BIC,RSS,TSS,SDR
A21_C1p_Off,1,117,113,4,32.79914151346731,0.2902578894997107,0.9841181845253307,0.9835509768298069,-140.44013353790717,-129.748580655859,32.79914151346731,2065.201019731054,0.5387558718934864
