Name,FitNum,RedChiSq,lf,AlignMag,Temp,pA,pB,pC,dwB,dwC,kexAB,kexAC,kexBC,k12,k21,k13,k31,k23,k32,tau1,tau2,tau3,dG12,dG13,ddG12,ddG21,ddG13,ddG31,ddG23,ddG32,R1,R1b,R1c,R2,R2b,R2c,pA_err,pB_err,pC_err,dwB_err,dwC_err,kexAB_err,kexAC_err,kexBC_err,k12_err,k21_err,k13_err,k31_err,k23_err,k32_err,tau1_err,tau2_err,tau3_err,dG12_err,dG13_err,ddG12_err,ddG21_err,ddG13_err,ddG31_err,ddG23_err,ddG32_err,R1_err,R1b_err,R1c_err,R2_err,R2b_err,R2c_err
G_C1p_Off,1,0.50292449671891,150.88,auto,298.15,0.9999,0.0001,0.0,7.815179370778711,0.0,4828.480827723179,0.0,0.0,0.482848082772,4827.99797964,0.0,0.0,0.0,0.0,2.07104477719,0.000207125190238,0.0,5.45692695108,0.0,17.8845238692,12.4275969182,0.0,0.0,0.0,0.0,2.2450994900405066,2.2450994900405066,2.2450994900405066,14.37282043821279,14.37282043821279,14.37282043821279,0.0001,0.0001,0.0,3.2735651833780404,0.0,5027.819338733343,0.0,0.0,0.697054746971,5027.31657998,0.0,0.0,0.0,0.0,2.98982567113,0.000215676126503,0.0,1.05461359015,0.0,0.855329701949,0.616944831804,0.0,0.0,0.0,0.0,0.04867242876249656,0.04867242876249656,0.04867242876249656,0.18617764599111983,0.18617764599111983,0.18617764599111983
