Name,FitNum,N,DF,K,ChiSq,RedChiSq,Rsq,AdjRsq,AIC,BIC,RSS,TSS,SDR
G_C1p_Off,1,199,192,7,96.56150337003072,0.50292449671891,0.950700291788913,0.9488934962000249,-129.3154236412225,-106.84867730270605,96.5615033700307,1958.6627765945875,0.709171697629643
