Name,FitNum,N,DF,K,ChiSq,RedChiSq,Rsq,AdjRsq,AIC,BIC,RSS,TSS,SDR
gc1p,1,190,182,8,26.44944182002349,0.1453266034067225,0.9921867226712315,0.9918413844467555,-357.8443331749022,-332.66372070811553,26.449441820023495,3385.1917328771365,0.3812172653575943
