Name,FitNum,N,DF,K,ChiSq,RedChiSq,Rsq,AdjRsq,AIC,BIC,RSS,TSS,SDR
gc8,1,190,182,8,26.44944182002349,0.1453266034067225,0.99638844973146,0.9962288232002537,-357.8443331749022,-332.66372070811553,26.449441820023495,7323.570171630386,0.3812172653575943
