Name,FitNum,RedChiSq,lf,AlignMag,Temp,pA,pB,pC,dwB,dwC,kexAB,kexAC,kexBC,k12,k21,k13,k31,k23,k32,tau1,tau2,tau3,dG12,dG13,ddG12,ddG21,ddG13,ddG31,ddG23,ddG32,R1,R1b,R1c,R2,R2b,R2c,pA_err,pB_err,pC_err,dwB_err,dwC_err,kexAB_err,kexAC_err,kexBC_err,k12_err,k21_err,k13_err,k31_err,k23_err,k32_err,tau1_err,tau2_err,tau3_err,dG12_err,dG13_err,ddG12_err,ddG21_err,ddG13_err,ddG31_err,ddG23_err,ddG32_err,R1_err,R1b_err,R1c_err,R2_err,R2b_err,R2c_err
A21_C1p_Off,1,0.21265442793338846,150.7,avg,298.15,0.996,0.004,0.0,2.695147852112074,0.0,443.8187808822657,0.0,0.0,1.77527512353,442.043505759,0.0,0.0,0.0,0.0,0.563292971746,0.00226222077007,0.0,3.26900669389,0.0,17.1131036229,13.844096929,0.0,0.0,0.0,0.0,1.6478917433797986,1.6478917433797986,1.6478917433797986,14.606827167334304,14.606827167334304,14.606827167334304,0.004,0.004,0.0,0.1563303696403115,0.0,48.31804730497384,0.0,0.0,1.7787197476,48.1572473232,0.0,0.0,0.0,0.0,0.564385947422,0.000246451590634,0.0,0.597133178605,0.0,0.593634366324,0.0645466661447,0.0,0.0,0.0,0.0,0.06719466874765168,0.06719466874765168,0.06719466874765168,0.08314413826398706,0.08314413826398706,0.08314413826398706
