Name,FitNum,RedChiSq,lf,AlignMag,Temp,pA,pB,pC,dwB,dwC,kexAB,kexAC,kexBC,k12,k21,k13,k31,k23,k32,tau1,tau2,tau3,dG12,dG13,ddG12,ddG21,ddG13,ddG31,ddG23,ddG32,R1,R1b,R1c,R2,R2b,R2c,pA_err,pB_err,pC_err,dwB_err,dwC_err,kexAB_err,kexAC_err,kexBC_err,k12_err,k21_err,k13_err,k31_err,k23_err,k32_err,tau1_err,tau2_err,tau3_err,dG12_err,dG13_err,ddG12_err,ddG21_err,ddG13_err,ddG31_err,ddG23_err,ddG32_err,R1_err,R1b_err,R1c_err,R2_err,R2b_err,R2c_err
G_C8_Off_clean,1,0.2880549354943099,150.88,avg,298.15,0.9998,0.0002,0.0,4.27,0.0,2919.3183055520867,0.0,0.0,0.58386366111,2918.73444189,0.0,0.0,0.0,0.0,1.71272861561,0.000342614245972,0.0,5.04618856049,0.0,17.7719722534,12.7257836929,0.0,0.0,0.0,0.0,2.6837222605603435,2.6837222605603435,2.6837222605603435,16.7692984548707,16.7692984548707,16.7692984548707,0.0002,0.0002,0.0,4.27,0.0,1780.5460971796144,0.0,0.0,0.683793989074,1780.19008367,0.0,0.0,0.0,0.0,2.005868168,0.000208966761227,0.0,0.782349391954,0.0,0.693890606484,0.361367399366,0.0,0.0,0.0,0.0,0.04628098648946849,0.04628098648946849,0.04628098648946849,0.08686235505610096,0.08686235505610096,0.08686235505610096
