Name,FitNum,N,DF,K,ChiSq,RedChiSq,Rsq,AdjRsq,AIC,BIC,RSS,TSS,SDR
G_C1p_Off_clean,1,253,248,5,71.43762400258885,0.2880549354943099,0.9348666617413133,0.933548173112595,-309.9348972727469,-292.26794982910934,71.43762400258885,1096.790459577916,0.5367074952842655
