Name,FitNum,N,DF,K,ChiSq,RedChiSq,Rsq,AdjRsq,AIC,BIC,RSS,TSS,SDR
A16_C8_Off,1,120,116,4,36.43683855077635,0.3141106771618651,0.9970846344385209,0.9969832304189912,-134.68154573102487,-123.87940484685322,36.436838550776336,12498.20572494175,0.5604557762766523
