Name,FitNum,N,DF,K,ChiSq,RedChiSq,Rsq,AdjRsq,AIC,BIC,RSS,TSS,SDR
G10_C1p_Off,1,87,83,4,28.06787637886161,0.33816718528748924,0.9837761597295664,0.9829847528871063,-89.93376267077223,-80.55793507420267,28.067876378861616,1730.0389988437446,0.5815214400927015
