Name,FitNum,RedChiSq,lf,AlignMag,Temp,pA,pB,pC,dwB,dwC,kexAB,kexAC,kexBC,k12,k21,k13,k31,k23,k32,tau1,tau2,tau3,dG12,dG13,ddG12,ddG21,ddG13,ddG31,ddG23,ddG32,R1,R1b,R1c,R2,R2b,R2c,pA_err,pB_err,pC_err,dwB_err,dwC_err,kexAB_err,kexAC_err,kexBC_err,k12_err,k21_err,k13_err,k31_err,k23_err,k32_err,tau1_err,tau2_err,tau3_err,dG12_err,dG13_err,ddG12_err,ddG21_err,ddG13_err,ddG31_err,ddG23_err,ddG32_err,R1_err,R1b_err,R1c_err,R2_err,R2b_err,R2c_err
G10_C1p_Off,1,0.33816718528748924,170.4,auto,298.15,0.9997,0.0003,0.0,3.896770953794964,0.0,2513.2885566414957,0.0,0.0,0.753986566992,2512.53457007,0.0,0.0,0.0,0.0,1.32628357557,0.000398004474012,0.0,4.80589740444,0.0,17.6204697239,12.8145723195,0.0,0.0,0.0,0.0,1.6142082095317796,1.6142082095317796,1.6142082095317796,15.101322776902622,15.101322776902622,15.101322776902622,0.0003,0.0003,0.0,0.9359847657170146,0.0,2459.9965283128954,0.0,0.0,1.05489203752,2459.25864487,0.0,0.0,0.0,0.0,1.85558476054,0.000389565164622,0.0,1.01165501537,0.0,0.828937107532,0.57992166875,0.0,0.0,0.0,0.0,0.09812126548025536,0.09812126548025536,0.09812126548025536,0.2356726087703506,0.2356726087703506,0.2356726087703506
