Name,FitNum,N,DF,K,ChiSq,RedChiSq,Rsq,AdjRsq,AIC,BIC,RSS,TSS,SDR
g10c8,1,180,173,7,166.20943148788723,0.9607481588895216,0.9830332186246993,0.9823427100803557,0.30368278430514617,22.00321794983894,166.20943148788726,9796.167452823202,0.980177615990858
