Name,FitNum,RedChiSq,lf,AlignMag,Temp,pA,pB,pC,dwB,dwC,kexAB,kexAC,kexBC,k12,k21,k13,k31,k23,k32,tau1,tau2,tau3,dG12,dG13,ddG12,ddG21,ddG13,ddG31,ddG23,ddG32,R1,R1b,R1c,R2,R2b,R2c,pA_err,pB_err,pC_err,dwB_err,dwC_err,kexAB_err,kexAC_err,kexBC_err,k12_err,k21_err,k13_err,k31_err,k23_err,k32_err,tau1_err,tau2_err,tau3_err,dG12_err,dG13_err,ddG12_err,ddG21_err,ddG13_err,ddG31_err,ddG23_err,ddG32_err,R1_err,R1b_err,R1c_err,R2_err,R2b_err,R2c_err
G_C8_Off,1,0.18104372510478714,150.88,auto,298.15,0.997,0.003,0.0,4.27,0.0,99999.99997794064,0.0,0.0,299.999999934,99699.999978,0.0,0.0,0.0,0.0,0.00333333333407,1.0030090273e-05,0.0,3.44004850013,0.0,14.0737593228,10.6337108227,0.0,0.0,0.0,0.0,0.97715208499181,0.97715208499181,0.97715208499181,31.816665790205963,31.816665790205963,31.816665790205963,0.003,0.003,0.0,4.27,0.0,1600874.8913277758,0.0,0.0,4811.92948609,1596072.29468,0.0,0.0,0.0,0.0,0.0534658832024,0.000160569199613,0.0,13.4267307703,0.0,9.50331611296,9.48493974862,0.0,0.0,0.0,0.0,0.09732481128345577,0.09732481128345577,0.09732481128345577,7.7549642102531795,7.7549642102531795,7.7549642102531795
