Name,FitNum,N,DF,K,ChiSq,RedChiSq,Rsq,AdjRsq,AIC,BIC,RSS,TSS,SDR
ac8,1,219,212,7,23.637086572370414,0.11149569137910573,0.9985995119067957,0.9985530502164999,-473.01899251533115,-449.82629609381945,23.63708657237042,16877.749041257106,0.3339097054281378
