Name,FitNum,RedChiSq,lf,AlignMag,Temp,pA,pB,pC,dwB,dwC,kexAB,kexAC,kexBC,k12,k21,k13,k31,k23,k32,tau1,tau2,tau3,dG12,dG13,ddG12,ddG21,ddG13,ddG31,ddG23,ddG32,R1,R1b,R1c,R2,R2b,R2c,pA_err,pB_err,pC_err,dwB_err,dwC_err,kexAB_err,kexAC_err,kexBC_err,k12_err,k21_err,k13_err,k31_err,k23_err,k32_err,tau1_err,tau2_err,tau3_err,dG12_err,dG13_err,ddG12_err,ddG21_err,ddG13_err,ddG31_err,ddG23_err,ddG32_err,R1_err,R1b_err,R1c_err,R2_err,R2b_err,R2c_err
ac1p,1,0.11149569137910573,150.7,auto,298.15,0.978,0.022,0.0,3.1947487168044044,0.0,2333.250849962015,0.0,0.0,51.3315186992,2281.91933126,0.0,0.0,0.0,0.0,0.0194812081415,0.000438227586006,0.0,2.24816395606,0.0,15.1197778228,12.8716138668,0.0,0.0,0.0,0.0,1.1072773333927934,1.1072773333927934,1.1072773333927934,18.432891843252175,18.432891843252175,18.432891843252175,0.022,0.022,0.0,0.01867332620420097,0.0,43.592695067249096,0.0,0.0,50.2240827076,65.8723563588,0.0,0.0,0.0,0.0,0.0190609168351,1.265035241e-05,0.0,0.579954619404,0.0,0.579702369723,0.0171033068442,0.0,0.0,0.0,0.0,0.12810444475932026,0.12810444475932026,0.12810444475932026,0.2266590045485329,0.2266590045485329,0.2266590045485329
