Name,FitNum,N,DF,K,ChiSq,RedChiSq,Rsq,AdjRsq,AIC,BIC,RSS,TSS,SDR
gc1p,1,212,205,7,219.47437054719663,1.0706066855960812,0.8756940091706831,0.8714286075245791,21.894647494151975,44.84173180901292,219.4743705471966,1765.5976922991133,1.034701254273948
