Name,FitNum,RedChiSq,lf,AlignMag,Temp,pA,pB,pC,dwB,dwC,kexAB,kexAC,kexBC,k12,k21,k13,k31,k23,k32,tau1,tau2,tau3,dG12,dG13,ddG12,ddG21,ddG13,ddG31,ddG23,ddG32,R1,R1b,R1c,R2,R2b,R2c,pA_err,pB_err,pC_err,dwB_err,dwC_err,kexAB_err,kexAC_err,kexBC_err,k12_err,k21_err,k13_err,k31_err,k23_err,k32_err,tau1_err,tau2_err,tau3_err,dG12_err,dG13_err,ddG12_err,ddG21_err,ddG13_err,ddG31_err,ddG23_err,ddG32_err,R1_err,R1b_err,R1c_err,R2_err,R2b_err,R2c_err
A21_C1p_Off,1,0.28221737582617457,150.88,avg,298.15,0.9955,0.0045,0.0,1.7920100662560021,0.0,1182.7833784604575,0.0,0.0,5.32252520307,1177.46085326,0.0,0.0,0.0,0.0,0.187880744918,0.000849285135241,0.0,3.1989245348,0.0,16.4625598461,13.2636353113,0.0,0.0,0.0,0.0,2.296702137539974,2.296702137539974,2.296702137539974,13.46304387923408,13.46304387923408,13.46304387923408,0.0045,0.0045,0.0,0.06328109876583438,0.0,174.0938579940648,0.0,0.0,5.3562308574,173.391414314,0.0,0.0,0.0,0.0,0.189070526686,0.000125064668051,0.0,0.602586563306,0.0,0.596236743554,0.0872485639635,0.0,0.0,0.0,0.0,0.060485307062760445,0.060485307062760445,0.060485307062760445,0.12447288775901005,0.12447288775901005,0.12447288775901005
