Name,FitNum,RedChiSq,lf,AlignMag,Temp,pA,pB,pC,dwB,dwC,kexAB,kexAC,kexBC,k12,k21,k13,k31,k23,k32,tau1,tau2,tau3,dG12,dG13,ddG12,ddG21,ddG13,ddG31,ddG23,ddG32,R1,R1b,R1c,R2,R2b,R2c,pA_err,pB_err,pC_err,dwB_err,dwC_err,kexAB_err,kexAC_err,kexBC_err,k12_err,k21_err,k13_err,k31_err,k23_err,k32_err,tau1_err,tau2_err,tau3_err,dG12_err,dG13_err,ddG12_err,ddG21_err,ddG13_err,ddG31_err,ddG23_err,ddG32_err,R1_err,R1b_err,R1c_err,R2_err,R2b_err,R2c_err
hpGBCm6A_m6A_C2_65C,1,35.15987464265534,150.88,auto,298.15,0.95,0.05,0.0,1.0632678761554555,0.0,1938.1991013267523,0.0,0.0,96.9099550663,1841.28914626,0.0,0.0,0.0,0.0,0.0103188573281,0.000543097754109,0.0,1.7445351892,0.0,14.7432672226,12.9987320334,0.0,0.0,0.0,0.0,5.977028397341521,5.977028397341521,5.977028397341521,11.207263660604674,11.207263660604674,11.207263660604674,0.05,0.05,0.0,0.0451456773170627,0.0,260.8935490402363,0.0,0.0,93.1101861165,264.439797112,0.0,0.0,0.0,0.0,0.00991426242711,7.79978854489e-05,0.0,0.575578293731,0.0,0.569253852227,0.0850906806827,0.0,0.0,0.0,0.0,0.34313688462165837,0.34313688462165837,0.34313688462165837,0.6728426332214479,0.6728426332214479,0.6728426332214479
