Name,FitNum,N,DF,K,ChiSq,RedChiSq,Rsq,AdjRsq,AIC,BIC,RSS,TSS,SDR
hpGBCm6A_m6A_C2_65C,1,91,87,4,3058.9090939110147,35.15987464265534,-0.050530567146745975,-0.0993924539907809,328.32594116345524,337.90426291045287,3058.909093911015,2911.7754300277525,5.9295762616442795
