Name,FitNum,N,DF,K,ChiSq,RedChiSq,Rsq,AdjRsq,AIC,BIC,RSS,TSS,SDR
G_C1p_Off_clean,1,253,248,5,65.51289185149598,0.26416488649796765,0.9402685432943065,0.9390594044945961,-331.83906345313164,-314.17211600949406,65.51289185149597,1096.790459577916,0.5139697330563032
