Name,FitNum,N,DF,K,ChiSq,RedChiSq,Rsq,AdjRsq,AIC,BIC,RSS,TSS,SDR
G_C8_Off_clean,1,253,248,5,65.51289185149598,0.26416488649796765,0.9811053923200879,0.9807229103832475,-331.83906345313164,-314.17211600949406,65.51289185149597,3467.2798166191255,0.5139697330563032
