Name,FitNum,RedChiSq,lf,AlignMag,Temp,pA,pB,pC,dwB,dwC,kexAB,kexAC,kexBC,k12,k21,k13,k31,k23,k32,tau1,tau2,tau3,dG12,dG13,ddG12,ddG21,ddG13,ddG31,ddG23,ddG32,R1,R1b,R1c,R2,R2b,R2c,pA_err,pB_err,pC_err,dwB_err,dwC_err,kexAB_err,kexAC_err,kexBC_err,k12_err,k21_err,k13_err,k31_err,k23_err,k32_err,tau1_err,tau2_err,tau3_err,dG12_err,dG13_err,ddG12_err,ddG21_err,ddG13_err,ddG31_err,ddG23_err,ddG32_err,R1_err,R1b_err,R1c_err,R2_err,R2b_err,R2c_err
G_C1p_Off_clean,1,0.26416488649796765,150.88,avg,298.15,0.9994,0.0006,0.0,4.12,0.0,1039.3203723765137,0.0,0.0,0.623592223426,1038.69678015,0.0,0.0,0.0,0.0,1.60361204395,0.000962744873295,0.0,4.39504044577,0.0,17.7329694753,13.3379290295,0.0,0.0,0.0,0.0,2.259324074254605,2.259324074254605,2.259324074254605,11.857543133360755,11.857543133360755,11.857543133360755,0.0006,0.0006,0.0,4.12,0.0,155.11233848420602,0.0,0.0,0.630128908959,155.020523826,0.0,0.0,0.0,0.0,1.62042159875,0.00014368506519,0.0,0.605190218939,0.0,0.598695356309,0.0884255134777,0.0,0.0,0.0,0.0,0.04637409619402132,0.04637409619402132,0.04637409619402132,0.06964354734835637,0.06964354734835637,0.06964354734835637
