Name,FitNum,N,DF,K,ChiSq,RedChiSq,Rsq,AdjRsq,AIC,BIC,RSS,TSS,SDR
gc1p,1,190,183,7,162.34574778476795,0.8871352337965461,0.9520423773318188,0.9501978533830426,-15.270810850496828,6.842973039241961,162.34574778476792,3385.1917328771365,0.9418785663749579
