Name,FitNum,RedChiSq,lf,AlignMag,Temp,pA,pB,pC,dwB,dwC,kexAB,kexAC,kexBC,k12,k21,k13,k31,k23,k32,tau1,tau2,tau3,dG12,dG13,ddG12,ddG21,ddG13,ddG31,ddG23,ddG32,R1,R1b,R1c,R2,R2b,R2c,pA_err,pB_err,pC_err,dwB_err,dwC_err,kexAB_err,kexAC_err,kexBC_err,k12_err,k21_err,k13_err,k31_err,k23_err,k32_err,tau1_err,tau2_err,tau3_err,dG12_err,dG13_err,ddG12_err,ddG21_err,ddG13_err,ddG31_err,ddG23_err,ddG32_err,R1_err,R1b_err,R1c_err,R2_err,R2b_err,R2c_err
gc1p,1,0.8871352337965461,176.04,avg,298.15,0.95,0.05,0.0,3.413453625877036,0.0,64.83998179678872,0.0,0.0,3.24199908984,61.5979827069,0.0,0.0,0.0,0.0,0.308451659698,0.0162342978788,0.0,1.7445351892,0.0,16.7562887287,15.0117535395,0.0,0.0,0.0,0.0,1.2145042629735323,1.2145042629735323,1.2145042629735323,18.24654404104823,18.24654404104823,18.24654404104823,0.05,0.05,0.0,0.09445433706259677,0.0,2.7533533766263156,0.0,0.0,3.08723297893,4.04399144424,0.0,0.0,0.0,0.0,0.293726836386,0.0010658037624,0.0,0.56554004681,0.0,0.564200792662,0.0388974305663,0.0,0.0,0.0,0.0,0.1364092331612435,0.1364092331612435,0.1364092331612435,0.16518665663940563,0.16518665663940563,0.16518665663940563
