Name,FitNum,N,DF,K,ChiSq,RedChiSq,Rsq,AdjRsq,AIC,BIC,RSS,TSS,SDR
G7C1p_pH5.3HS_25C,1,280,270,10,269.3097561397874,0.9974435412584718,0.9214482082260124,0.9185280672678715,9.918178520936316,45.448230686457805,269.3097561397874,3428.435558983252,0.9987209526481717
