Name,FitNum,N,DF,K,ChiSq,RedChiSq,Rsq,AdjRsq,AIC,BIC,RSS,TSS,SDR
G7C8_pH5.3HS_25C,1,280,270,10,269.3097561397874,0.9974435412584718,0.9740699374272138,0.9731059945806418,9.918178520936316,45.448230686457805,269.3097561397874,10386.004869206554,0.9987209526481717
