Name,FitNum,RedChiSq,lf,AlignMag,Temp,pA,pB,pC,dwB,dwC,kexAB,kexAC,kexBC,k12,k21,k13,k31,k23,k32,tau1,tau2,tau3,dG12,dG13,ddG12,ddG21,ddG13,ddG31,ddG23,ddG32,R1,R1b,R1c,R2,R2b,R2c,pA_err,pB_err,pC_err,dwB_err,dwC_err,kexAB_err,kexAC_err,kexBC_err,k12_err,k21_err,k13_err,k31_err,k23_err,k32_err,tau1_err,tau2_err,tau3_err,dG12_err,dG13_err,ddG12_err,ddG21_err,ddG13_err,ddG31_err,ddG23_err,ddG32_err,R1_err,R1b_err,R1c_err,R2_err,R2b_err,R2c_err
G7C1p_pH5.3HS_25C,1,0.9974435412584718,176.090091,auto,298.15,0.98,0.02,0.0,0.2303144297558432,0.0,1494.1864434086767,0.0,0.0,29.8837288682,1464.30271454,0.0,0.0,0.0,0.0,0.0334630261308,0.000682918900628,0.0,2.30584417206,0.0,15.4403066305,13.1344624584,0.0,0.0,0.0,0.0,1.5502587500723468,1.5502587500723468,1.5502587500723468,21.47141722605347,21.47141722605347,21.47141722605347,0.02,0.02,0.0,0.028808482365004353,0.0,249.17638233980475,0.0,0.0,29.7130567029,245.943449748,0.0,0.0,0.0,0.0,0.0332719118575,0.000114702669503,0.0,0.597446935945,0.0,0.589100945774,0.0995134008965,0.0,0.0,0.0,0.0,0.03802101947573937,0.03802101947573937,0.03802101947573937,0.06779966926496438,0.06779966926496438,0.06779966926496438
