Name,FitNum,RedChiSq,lf,AlignMag,Temp,pA,pB,pC,dwB,dwC,kexAB,kexAC,kexBC,k12,k21,k13,k31,k23,k32,tau1,tau2,tau3,dG12,dG13,ddG12,ddG21,ddG13,ddG31,ddG23,ddG32,R1,R1b,R1c,R2,R2b,R2c,pA_err,pB_err,pC_err,dwB_err,dwC_err,kexAB_err,kexAC_err,kexBC_err,k12_err,k21_err,k13_err,k31_err,k23_err,k32_err,tau1_err,tau2_err,tau3_err,dG12_err,dG13_err,ddG12_err,ddG21_err,ddG13_err,ddG31_err,ddG23_err,ddG32_err,R1_err,R1b_err,R1c_err,R2_err,R2b_err,R2c_err
G_C8_Off,1,0.22531749166413015,150.88,avg,298.15,0.999310859877,0.0006891401225868031,0.0,3.1951103710066535,0.0,2176.943363694857,0.0,0.0,1.50021901652,2175.44314468,0.0,0.0,0.0,0.0,0.666569340201,0.00045967645831,0.0,4.31291959265,0.0,17.2128450542,12.8999254615,0.0,0.0,0.0,0.0,2.4939856201432606,2.4939856201432606,2.4939856201432606,20.20645570156458,20.20645570156458,20.20645570156458,5.23770622416e-05,5.237706224160023e-05,0.0,0.3252224677388639,0.0,355.2857812353086,0.0,0.0,0.270056546273,355.040957832,0.0,0.0,0.0,0.0,0.119990089369,7.50210229353e-05,0.0,0.143962388762,0.0,0.106654017342,0.0966958632143,0.0,0.0,0.0,0.0,0.03552692788514254,0.03552692788514254,0.03552692788514254,0.07780102066968424,0.07780102066968424,0.07780102066968424
