Name,FitNum,RedChiSq,lf,AlignMag,Temp,pA,pB,pC,dwB,dwC,kexAB,kexAC,kexBC,k12,k21,k13,k31,k23,k32,tau1,tau2,tau3,dG12,dG13,ddG12,ddG21,ddG13,ddG31,ddG23,ddG32,R1,R1b,R1c,R2,R2b,R2c,pA_err,pB_err,pC_err,dwB_err,dwC_err,kexAB_err,kexAC_err,kexBC_err,k12_err,k21_err,k13_err,k31_err,k23_err,k32_err,tau1_err,tau2_err,tau3_err,dG12_err,dG13_err,ddG12_err,ddG21_err,ddG13_err,ddG31_err,ddG23_err,ddG32_err,R1_err,R1b_err,R1c_err,R2_err,R2b_err,R2c_err
A21_C1p_Off,1,0.2970967568156307,150.88,avg,298.15,0.995,0.005,0.0,1.6903503466701482,0.0,1040.4041058069176,0.0,0.0,5.20202052903,1035.20208528,0.0,0.0,0.0,0.0,0.192232997624,0.000965994962937,0.0,3.13620237989,0.0,16.476128185,13.3399258052,0.0,0.0,0.0,0.0,2.3061644322976202,2.3061644322976202,2.3061644322976202,13.537601769055081,13.537601769055081,13.537601769055081,0.005,0.005,0.0,0.06311712106678465,0.0,172.71853914599203,0.0,0.0,5.24762353867,171.932877542,0.0,0.0,0.0,0.0,0.193918189598,0.000160438523097,0.0,0.605725273568,0.0,0.597678709118,0.098403595999,0.0,0.0,0.0,0.0,0.061587873366133354,0.061587873366133354,0.061587873366133354,0.1237371492069311,0.1237371492069311,0.1237371492069311
