Name,FitNum,RedChiSq,lf,AlignMag,Temp,pA,pB,pC,dwB,dwC,kexAB,kexAC,kexBC,k12,k21,k13,k31,k23,k32,tau1,tau2,tau3,dG12,dG13,ddG12,ddG21,ddG13,ddG31,ddG23,ddG32,R1,R1b,R1c,R2,R2b,R2c,pA_err,pB_err,pC_err,dwB_err,dwC_err,kexAB_err,kexAC_err,kexBC_err,k12_err,k21_err,k13_err,k31_err,k23_err,k32_err,tau1_err,tau2_err,tau3_err,dG12_err,dG13_err,ddG12_err,ddG21_err,ddG13_err,ddG31_err,ddG23_err,ddG32_err,R1_err,R1b_err,R1c_err,R2_err,R2b_err,R2c_err
T8_N3_Off,1,0.21740521441810726,70.960783,avg,283.15,0.500000090855,0.4999999091449835,0.0,-0.06380929717533391,0.0,1366.9923190283055,0.0,0.0,683.496035316,683.496283712,0.0,0.0,0.0,0.0,0.00146306627739,0.00146306574568,0.0,2.04488002876e-07,0.0,12.8733301072,12.8733299027,0.0,0.0,0.0,0.0,1.481470056400666,1.481470056400666,1.481470056400666,7.510498198946025,7.510498198946025,7.510498198946025,20.1758067085,20.175806708524163,0.0,0.020203866309679838,0.0,1398.942493968868,0.0,0.0,19514.6669382,19514.6669473,0.0,0.0,0.0,0.0,0.0417723726788,0.0417723423365,0.0,22.7195115773,0.0,16.065123617,16.0651177861,0.0,0.0,0.0,0.0,0.014539165999925404,0.014539165999925404,0.014539165999925404,0.029387914098020274,0.029387914098020274,0.029387914098020274
