Name,FitNum,RedChiSq,lf,AlignMag,Temp,pA,pB,pC,dwB,dwC,kexAB,kexAC,kexBC,k12,k21,k13,k31,k23,k32,tau1,tau2,tau3,dG12,dG13,ddG12,ddG21,ddG13,ddG31,ddG23,ddG32,R1,R1b,R1c,R2,R2b,R2c,pA_err,pB_err,pC_err,dwB_err,dwC_err,kexAB_err,kexAC_err,kexBC_err,k12_err,k21_err,k13_err,k31_err,k23_err,k32_err,tau1_err,tau2_err,tau3_err,dG12_err,dG13_err,ddG12_err,ddG21_err,ddG13_err,ddG31_err,ddG23_err,ddG32_err,R1_err,R1b_err,R1c_err,R2_err,R2b_err,R2c_err
T8_N3_Off,1,0.15711470547579132,176.04,auto,298.15,0.95,0.05,0.0,-0.46783141929714384,0.0,148.87745387263024,0.0,0.0,7.44387269363,141.433581179,0.0,0.0,0.0,0.0,0.134338675735,0.00707045661761,0.0,1.7445351892,0.0,16.2638147571,14.5192795679,0.0,0.0,0.0,0.0,1.471663050172021,1.471663050172021,1.471663050172021,8.016939996592853,8.016939996592853,8.016939996592853,0.05,0.05,0.0,0.02601202178000594,0.0,18.18094168596464,0.0,0.0,7.13957557674,18.6672310733,0.0,0.0,0.0,0.0,0.128847062243,0.000933200208712,0.0,0.573619978512,0.0,0.568264640851,0.0781996016987,0.0,0.0,0.0,0.0,0.027650064250092594,0.027650064250092594,0.027650064250092594,0.034557276778797774,0.034557276778797774,0.034557276778797774
