Name,FitNum,RedChiSq,lf,AlignMag,Temp,pA,pB,pC,dwB,dwC,kexAB,kexAC,kexBC,k12,k21,k13,k31,k23,k32,tau1,tau2,tau3,dG12,dG13,ddG12,ddG21,ddG13,ddG31,ddG23,ddG32,R1,R1b,R1c,R2,R2b,R2c,pA_err,pB_err,pC_err,dwB_err,dwC_err,kexAB_err,kexAC_err,kexBC_err,k12_err,k21_err,k13_err,k31_err,k23_err,k32_err,tau1_err,tau2_err,tau3_err,dG12_err,dG13_err,ddG12_err,ddG21_err,ddG13_err,ddG31_err,ddG23_err,ddG32_err,R1_err,R1b_err,R1c_err,R2_err,R2b_err,R2c_err
ra16_c8_15c,1,2.785331711835873,150.784186,auto,298.15,0.95,0.05,0.0,2.5303723712990855,0.0,11.552523108105001,0.0,0.0,0.577626155405,10.9748969527,0.0,0.0,0.0,0.0,1.73122354423,0.0911170286436,0.0,1.7445351892,0.0,17.7783359123,16.0338007231,0.0,0.0,0.0,0.0,1.8111408912551923,1.8111408912551923,1.8111408912551923,35.310413925741194,35.310413925741194,35.310413925741194,0.05,0.05,0.0,0.009255298162318487,0.0,3.1750264371157813,0.0,0.0,0.571976415541,3.06592084188,0.0,0.0,0.0,0.0,1.71429051137,0.025454234183,0.0,0.609590051969,0.0,0.586689677681,0.16551511581,0.0,0.0,0.0,0.0,0.09867667067248803,0.09867667067248803,0.09867667067248803,0.1353542102707616,0.1353542102707616,0.1353542102707616
