Name,FitNum,RedChiSq,lf,AlignMag,Temp,pA,pB,pC,dwB,dwC,kexAB,kexAC,kexBC,k12,k21,k13,k31,k23,k32,tau1,tau2,tau3,dG12,dG13,ddG12,ddG21,ddG13,ddG31,ddG23,ddG32,R1,R1b,R1c,R2,R2b,R2c,pA_err,pB_err,pC_err,dwB_err,dwC_err,kexAB_err,kexAC_err,kexBC_err,k12_err,k21_err,k13_err,k31_err,k23_err,k32_err,tau1_err,tau2_err,tau3_err,dG12_err,dG13_err,ddG12_err,ddG21_err,ddG13_err,ddG31_err,ddG23_err,ddG32_err,R1_err,R1b_err,R1c_err,R2_err,R2b_err,R2c_err
A21_C1p_Off,1,0.19674969445365706,150.88,auto,298.15,0.9975,0.0025,0.0,3.742958518456001,0.0,2868.140961803006,0.0,0.0,7.17035240451,2860.9706094,0.0,0.0,0.0,0.0,0.139463159352,0.000349531727699,0.0,3.54836830122,0.0,16.285995273,12.7376269718,0.0,0.0,0.0,0.0,1.9162796853297566,1.9162796853297566,1.9162796853297566,14.780410189678996,14.780410189678996,14.780410189678996,0.0025,0.0025,0.0,0.1485941198005552,0.0,327.1495628615084,0.0,0.0,7.19905856618,326.410062257,0.0,0.0,0.0,0.0,0.140021493416,3.98783100477e-05,0.0,0.598685130248,0.0,0.594856733146,0.0675969837429,0.0,0.0,0.0,0.0,0.06002522413971676,0.06002522413971676,0.06002522413971676,0.22220889166173588,0.22220889166173588,0.22220889166173588
