Name,FitNum,RedChiSq,lf,AlignMag,Temp,pA,pB,pC,dwB,dwC,kexAB,kexAC,kexBC,k12,k21,k13,k31,k23,k32,tau1,tau2,tau3,dG12,dG13,ddG12,ddG21,ddG13,ddG31,ddG23,ddG32,R1,R1b,R1c,R2,R2b,R2c,pA_err,pB_err,pC_err,dwB_err,dwC_err,kexAB_err,kexAC_err,kexBC_err,k12_err,k21_err,k13_err,k31_err,k23_err,k32_err,tau1_err,tau2_err,tau3_err,dG12_err,dG13_err,ddG12_err,ddG21_err,ddG13_err,ddG31_err,ddG23_err,ddG32_err,R1_err,R1b_err,R1c_err,R2_err,R2b_err,R2c_err
A21_C1p_Off,1,0.3056020509432791,150.7,avg,298.15,0.95,0.05,0.0,1.9312969796550625,0.0,44.818529941125284,0.0,0.0,2.24092649706,42.5776034441,0.0,0.0,0.0,0.0,0.446243998326,0.0234865262277,0.0,1.7445351892,0.0,16.9750937893,15.2305586001,0.0,0.0,0.0,0.0,1.7918486945012715,1.7918486945012715,1.7918486945012715,14.639834714974043,14.639834714974043,14.639834714974043,0.05,0.05,0.0,0.18365238554119187,0.0,8.653647280766751,0.0,0.0,2.17529289859,8.49287638722,0.0,0.0,0.0,0.0,0.433174136622,0.00468481426576,0.0,0.587148551343,0.0,0.575131700431,0.11818184507,0.0,0.0,0.0,0.0,0.07592021511250793,0.07592021511250793,0.07592021511250793,0.0955743012042403,0.0955743012042403,0.0955743012042403
