Name,FitNum,RedChiSq,lf,AlignMag,Temp,pA,pB,pC,dwB,dwC,kexAB,kexAC,kexBC,k12,k21,k13,k31,k23,k32,tau1,tau2,tau3,dG12,dG13,ddG12,ddG21,ddG13,ddG31,ddG23,ddG32,R1,R1b,R1c,R2,R2b,R2c,pA_err,pB_err,pC_err,dwB_err,dwC_err,kexAB_err,kexAC_err,kexBC_err,k12_err,k21_err,k13_err,k31_err,k23_err,k32_err,tau1_err,tau2_err,tau3_err,dG12_err,dG13_err,ddG12_err,ddG21_err,ddG13_err,ddG31_err,ddG23_err,ddG32_err,R1_err,R1b_err,R1c_err,R2_err,R2b_err,R2c_err
ac1p,1,8.828233470518429,150.7,auto,298.15,0.9996,0.0004,0.0,7.261913526081565,0.0,4432.269989290513,0.0,0.0,1.77290799572,4430.49708129,0.0,0.0,0.0,0.0,0.564045061795,0.000225708308041,0.0,4.63539089476,0.0,17.1138941612,12.4785032665,0.0,0.0,0.0,0.0,5.345164415007643,5.345164415007643,5.345164415007643,31.57888226956908,31.57888226956908,31.57888226956908,0.0004,0.0004,0.0,12.984044671339516,0.0,23505.34074038314,0.0,0.0,9.56769858097,23495.9386709,0.0,0.0,0.0,0.0,3.04393299053,0.00119698274617,0.0,4.48286923086,0.0,3.19741097955,3.14208204362,0.0,0.0,0.0,0.0,1.183016131916065,1.183016131916065,1.183016131916065,3.2432201875774367,3.2432201875774367,3.2432201875774367
