Name,FitNum,N,DF,K,ChiSq,RedChiSq,Rsq,AdjRsq,AIC,BIC,RSS,TSS,SDR
ac1p,1,219,212,7,1871.5854957499068,8.828233470518429,0.8830618418304058,0.8791823768674335,484.3886216961222,507.58131811763394,1871.5854957499068,16004.916829933014,2.9712343345011396
