Name,FitNum,N,DF,K,ChiSq,RedChiSq,Rsq,AdjRsq,AIC,BIC,RSS,TSS,SDR
ac8,1,219,212,7,1871.5854957499068,8.828233470518429,0.8891092946592062,0.8854304560933979,484.3886216961222,507.58131811763394,1871.5854957499068,16877.749041257106,2.9712343345011396
