Name,FitNum,RedChiSq,lf,AlignMag,Temp,pA,pB,pC,dwB,dwC,kexAB,kexAC,kexBC,k12,k21,k13,k31,k23,k32,tau1,tau2,tau3,dG12,dG13,ddG12,ddG21,ddG13,ddG31,ddG23,ddG32,R1,R1b,R1c,R2,R2b,R2c,pA_err,pB_err,pC_err,dwB_err,dwC_err,kexAB_err,kexAC_err,kexBC_err,k12_err,k21_err,k13_err,k31_err,k23_err,k32_err,tau1_err,tau2_err,tau3_err,dG12_err,dG13_err,ddG12_err,ddG21_err,ddG13_err,ddG31_err,ddG23_err,ddG32_err,R1_err,R1b_err,R1c_err,R2_err,R2b_err,R2c_err
ac1p,1,2.4838609205555477,176.04,auto,298.15,0.9995,0.0005,0.0,6.489660183054286,0.0,4568.667967125949,0.0,0.0,2.28433398356,4566.38363314,0.0,0.0,0.0,0.0,0.4377643581,0.000218991674887,0.0,4.50312246865,0.0,16.9637269022,12.4606044335,0.0,0.0,0.0,0.0,1.9355096357857091,1.9355096357857091,1.9355096357857091,22.26163690340407,22.26163690340407,22.26163690340407,0.0005,0.0005,0.0,2.7183685577774237,0.0,5880.169520946044,0.0,0.0,3.72250783405,5877.22987967,0.0,0.0,0.0,0.0,0.71337259097,0.000281856391939,0.0,1.23032562685,0.0,0.965502039186,0.762566036759,0.0,0.0,0.0,0.0,0.33963913876862467,0.33963913876862467,0.33963913876862467,1.104165073157009,1.104165073157009,1.104165073157009
