Name,FitNum,N,DF,K,ChiSq,RedChiSq,Rsq,AdjRsq,AIC,BIC,RSS,TSS,SDR
ac1p,1,196,189,7,469.44971398499854,2.4838609205555477,0.9098226784254162,0.9064650121965753,185.79126421164543,208.142322145408,469.4497139849984,5205.8511584503685,1.576026941570336
