Name,FitNum,N,DF,K,ChiSq,RedChiSq,Rsq,AdjRsq,AIC,BIC,RSS,TSS,SDR
ac8,1,196,189,7,469.44971398499854,2.4838609205555477,0.9520319465283903,0.9502459019842346,185.79126421164543,208.142322145408,469.4497139849984,9786.715949665248,1.576026941570336
