Name,FitNum,N,DF,K,ChiSq,RedChiSq,Rsq,AdjRsq,AIC,BIC,RSS,TSS,SDR
G10_C1p_Off,1,87,83,4,26.060532367959226,0.31398231768625573,0.9849364480307227,0.9842016406175872,-96.38948744177011,-87.01365984520055,26.060532367959233,1730.0389988437446,0.5603412511017334
