Name,FitNum,RedChiSq,lf,AlignMag,Temp,pA,pB,pC,dwB,dwC,kexAB,kexAC,kexBC,k12,k21,k13,k31,k23,k32,tau1,tau2,tau3,dG12,dG13,ddG12,ddG21,ddG13,ddG31,ddG23,ddG32,R1,R1b,R1c,R2,R2b,R2c,pA_err,pB_err,pC_err,dwB_err,dwC_err,kexAB_err,kexAC_err,kexBC_err,k12_err,k21_err,k13_err,k31_err,k23_err,k32_err,tau1_err,tau2_err,tau3_err,dG12_err,dG13_err,ddG12_err,ddG21_err,ddG13_err,ddG31_err,ddG23_err,ddG32_err,R1_err,R1b_err,R1c_err,R2_err,R2b_err,R2c_err
G10_C1p_Off,1,0.31398231768625573,170.4,auto,298.15,0.9994,0.0006,0.0,3.2003945512909167,0.0,2070.3407855771934,0.0,0.0,1.24220447135,2069.09858111,0.0,0.0,0.0,0.0,0.805020447975,0.000483302250135,0.0,4.39504044577,0.0,17.3246608543,12.9296204085,0.0,0.0,0.0,0.0,1.555832944251468,1.555832944251468,1.555832944251468,14.906740560433283,14.906740560433283,14.906740560433283,0.0006,0.0006,0.0,0.4546807887653254,0.0,1067.8208190794003,0.0,0.0,1.3970355192,1067.18084869,0.0,0.0,0.0,0.0,0.905359935055,0.000249273239169,0.0,0.73306421844,0.0,0.666333327468,0.305586395415,0.0,0.0,0.0,0.0,0.0955745193908187,0.0955745193908187,0.0955745193908187,0.19586498042924796,0.19586498042924796,0.19586498042924796
