Name,FitNum,N,DF,K,ChiSq,RedChiSq,Rsq,AdjRsq,AIC,BIC,RSS,TSS,SDR
ac1p,1,195,188,7,56.084799116283605,0.29832339955470005,0.997629734273688,0.9975410077491736,-228.39734445160417,-206.08527802294137,56.08479911628358,23661.819218703065,0.5461898933106506
