Name,FitNum,RedChiSq,lf,AlignMag,Temp,pA,pB,pC,dwB,dwC,kexAB,kexAC,kexBC,k12,k21,k13,k31,k23,k32,tau1,tau2,tau3,dG12,dG13,ddG12,ddG21,ddG13,ddG31,ddG23,ddG32,R1,R1b,R1c,R2,R2b,R2c,pA_err,pB_err,pC_err,dwB_err,dwC_err,kexAB_err,kexAC_err,kexBC_err,k12_err,k21_err,k13_err,k31_err,k23_err,k32_err,tau1_err,tau2_err,tau3_err,dG12_err,dG13_err,ddG12_err,ddG21_err,ddG13_err,ddG31_err,ddG23_err,ddG32_err,R1_err,R1b_err,R1c_err,R2_err,R2b_err,R2c_err
ac1p,1,0.29832339955470005,176.04,auto,298.15,0.97,0.03,0.0,2.9585331745894856,0.0,1734.3962890038867,0.0,0.0,52.0318886701,1682.36440033,0.0,0.0,0.0,0.0,0.0192189833112,0.000594401545707,0.0,2.05953545938,0.0,15.1117485814,13.052213122,0.0,0.0,0.0,0.0,0.5709333053912229,0.5709333053912229,0.5709333053912229,20.48848345713215,20.48848345713215,20.48848345713215,0.03,0.03,0.0,0.024563409164156835,0.0,36.577324263978255,0.0,0.0,50.5069863904,61.7137122975,0.0,0.0,0.0,0.0,0.0186557311938,2.18042690238e-05,0.0,0.575531275284,0.0,0.575120756016,0.0217339556915,0.0,0.0,0.0,0.0,0.20126737754066112,0.20126737754066112,0.20126737754066112,0.3115522246700012,0.3115522246700012,0.3115522246700012
