Name,FitNum,N,DF,K,ChiSq,RedChiSq,Rsq,AdjRsq,AIC,BIC,RSS,TSS,SDR
G_C8_Off,1,199,192,7,45.0762798926453,0.23477229110752762,0.9885724410425341,0.9881536299812657,-280.91839616494235,-258.45164982642586,45.0762798926453,3944.5239408015236,0.4845330650301666
