Name,FitNum,N,DF,K,ChiSq,RedChiSq,Rsq,AdjRsq,AIC,BIC,RSS,TSS,SDR
gc1p,1,216,209,7,165.0867354109269,0.7898886861766837,0.9400459951750088,0.9380283123203216,-43.52393745382838,-20.435450138500762,165.0867354109269,2753.556428679341,0.8887568206076867
