Name,FitNum,RedChiSq,lf,AlignMag,Temp,pA,pB,pC,dwB,dwC,kexAB,kexAC,kexBC,k12,k21,k13,k31,k23,k32,tau1,tau2,tau3,dG12,dG13,ddG12,ddG21,ddG13,ddG31,ddG23,ddG32,R1,R1b,R1c,R2,R2b,R2c,pA_err,pB_err,pC_err,dwB_err,dwC_err,kexAB_err,kexAC_err,kexBC_err,k12_err,k21_err,k13_err,k31_err,k23_err,k32_err,tau1_err,tau2_err,tau3_err,dG12_err,dG13_err,ddG12_err,ddG21_err,ddG13_err,ddG31_err,ddG23_err,ddG32_err,R1_err,R1b_err,R1c_err,R2_err,R2b_err,R2c_err
gc1p,1,0.7898886861766837,150.7,auto,298.15,0.9999,0.0001,0.0,6.236481013653944,0.0,3589.013058475511,0.0,0.0,0.358901305848,3588.65415717,0.0,0.0,0.0,0.0,2.78628130828,0.000278655996428,0.0,5.45692695108,0.0,18.0602872186,12.6033602675,0.0,0.0,0.0,0.0,2.3163042710564934,2.3163042710564934,2.3163042710564934,17.776061879421107,17.776061879421107,17.776061879421107,0.0001,0.0001,0.0,7.583431847019164,0.0,10524.00625698086,0.0,0.0,1.11190443153,10522.9538625,0.0,0.0,0.0,0.0,8.63211831132,0.000817098573862,0.0,2.52737502082,0.0,1.83556428237,1.73733366431,0.0,0.0,0.0,0.0,0.1669046530336199,0.1669046530336199,0.1669046530336199,0.40792919531659444,0.40792919531659444,0.40792919531659444
