Name,FitNum,RedChiSq,lf,AlignMag,Temp,pA,pB,pC,dwB,dwC,kexAB,kexAC,kexBC,k12,k21,k13,k31,k23,k32,tau1,tau2,tau3,dG12,dG13,ddG12,ddG21,ddG13,ddG31,ddG23,ddG32,R1,R1b,R1c,R2,R2b,R2c,pA_err,pB_err,pC_err,dwB_err,dwC_err,kexAB_err,kexAC_err,kexBC_err,k12_err,k21_err,k13_err,k31_err,k23_err,k32_err,tau1_err,tau2_err,tau3_err,dG12_err,dG13_err,ddG12_err,ddG21_err,ddG13_err,ddG31_err,ddG23_err,ddG32_err,R1_err,R1b_err,R1c_err,R2_err,R2b_err,R2c_err
A16_C8_Off,1,0.1473602865536295,170.4,auto,298.15,0.992,0.008,0.0,1.8771392781723826,0.0,4542.509287079104,0.0,0.0,36.3400742966,4506.16921278,0.0,0.0,0.0,0.0,0.0275178303665,0.000221917986826,0.0,2.85594331299,0.0,15.3244124898,12.4684691768,0.0,0.0,0.0,0.0,1.885177636938373,1.885177636938373,1.885177636938373,22.569446297202944,22.569446297202944,22.569446297202944,0.008,0.008,0.0,0.0753008013354805,0.0,326.46738799652206,0.0,0.0,36.1450079812,325.855983128,0.0,0.0,0.0,0.0,0.0273701201077,1.60476227937e-05,0.0,0.590859830458,0.0,0.589304408205,0.0428445296265,0.0,0.0,0.0,0.0,0.058000649373215335,0.058000649373215335,0.058000649373215335,0.22728055389683854,0.22728055389683854,0.22728055389683854
