Name,FitNum,N,DF,K,ChiSq,RedChiSq,Rsq,AdjRsq,AIC,BIC,RSS,TSS,SDR
A16_C8_Off,1,93,89,4,13.115065503273026,0.1473602865536295,0.9976189710503118,0.9975107424616897,-173.7173778798398,-164.04152536177224,13.115065503273028,5508.15037548826,0.38387535288636276
