Name,FitNum,RedChiSq,lf,AlignMag,Temp,pA,pB,pC,dwB,dwC,kexAB,kexAC,kexBC,k12,k21,k13,k31,k23,k32,tau1,tau2,tau3,dG12,dG13,ddG12,ddG21,ddG13,ddG31,ddG23,ddG32,R1,R1b,R1c,R2,R2b,R2c,pA_err,pB_err,pC_err,dwB_err,dwC_err,kexAB_err,kexAC_err,kexBC_err,k12_err,k21_err,k13_err,k31_err,k23_err,k32_err,tau1_err,tau2_err,tau3_err,dG12_err,dG13_err,ddG12_err,ddG21_err,ddG13_err,ddG31_err,ddG23_err,ddG32_err,R1_err,R1b_err,R1c_err,R2_err,R2b_err,R2c_err
G10_C8_Off,1,3.426612790056061,176.04,auto,298.15,0.9,0.1,0.0,1.9357595439284092,0.0,5738.067258101949,0.0,0.0,573.80672581,5164.26053229,0.0,0.0,0.0,0.0,0.00174274708716,0.00019363856524,0.0,1.30182205197,0.0,13.6895269491,12.3877048972,0.0,0.0,0.0,0.0,4.291533969549582,4.291533969549582,4.291533969549582,16.74953768619672,16.74953768619672,16.74953768619672,0.1,0.1,0.0,0.11925247934834722,0.0,539.4094304213029,0.0,0.0,522.396435072,711.103411803,0.0,0.0,0.0,0.0,0.0015866054276,2.66634581153e-05,0.0,0.545535780475,0.0,0.539400998166,0.0815833987741,0.0,0.0,0.0,0.0,0.778916419706532,0.778916419706532,0.778916419706532,3.8727934828792097,3.8727934828792097,3.8727934828792097
