Name,FitNum,N,DF,K,ChiSq,RedChiSq,Rsq,AdjRsq,AIC,BIC,RSS,TSS,SDR
gc1p,1,196,189,7,33.80890537480714,0.1788830972212018,0.9946352569000521,0.9944355058271817,-329.85277740726747,-307.5017194735049,33.80890537480714,6302.054869157659,0.42294573791587237
