Name,FitNum,RedChiSq,lf,AlignMag,Temp,pA,pB,pC,dwB,dwC,kexAB,kexAC,kexBC,k12,k21,k13,k31,k23,k32,tau1,tau2,tau3,dG12,dG13,ddG12,ddG21,ddG13,ddG31,ddG23,ddG32,R1,R1b,R1c,R2,R2b,R2c,pA_err,pB_err,pC_err,dwB_err,dwC_err,kexAB_err,kexAC_err,kexBC_err,k12_err,k21_err,k13_err,k31_err,k23_err,k32_err,tau1_err,tau2_err,tau3_err,dG12_err,dG13_err,ddG12_err,ddG21_err,ddG13_err,ddG31_err,ddG23_err,ddG32_err,R1_err,R1b_err,R1c_err,R2_err,R2b_err,R2c_err
gc1p,1,0.7898887762848099,150.7,auto,298.15,0.9999,0.0001,0.0,6.237185471565279,0.0,3588.459603250163,0.0,0.0,0.358845960325,3588.10075729,0.0,0.0,0.0,0.0,2.78671104196,0.000278698974093,0.0,5.45692695108,0.0,18.0603785917,12.6034516406,0.0,0.0,0.0,0.0,2.3163015092152692,2.3163015092152692,2.3163015092152692,17.77605472464147,17.77605472464147,17.77605472464147,0.0001,0.0001,0.0,7.583370990689344,0.0,10522.557253424926,0.0,0.0,1.11174942467,10521.5050038,0.0,0.0,0.0,0.0,8.63357746819,0.000817238101389,0.0,2.52741449141,0.0,1.83559145576,1.73736237409,0.0,0.0,0.0,0.0,0.1668727245794471,0.1668727245794471,0.1668727245794471,0.4079499823976687,0.4079499823976687,0.4079499823976687
