Name,FitNum,RedChiSq,lf,AlignMag,Temp,pA,pB,pC,dwB,dwC,kexAB,kexAC,kexBC,k12,k21,k13,k31,k23,k32,tau1,tau2,tau3,dG12,dG13,ddG12,ddG21,ddG13,ddG31,ddG23,ddG32,R1,R1b,R1c,R2,R2b,R2c,pA_err,pB_err,pC_err,dwB_err,dwC_err,kexAB_err,kexAC_err,kexBC_err,k12_err,k21_err,k13_err,k31_err,k23_err,k32_err,tau1_err,tau2_err,tau3_err,dG12_err,dG13_err,ddG12_err,ddG21_err,ddG13_err,ddG31_err,ddG23_err,ddG32_err,R1_err,R1b_err,R1c_err,R2_err,R2b_err,R2c_err
A21_C1p_Off,1,0.2658051338812695,150.88,avg,298.15,0.996,0.004,0.0,1.9251564813526874,0.0,1280.5357672844252,0.0,0.0,5.12214306914,1275.41362422,0.0,0.0,0.0,0.0,0.195230782605,0.00078405936789,0.0,3.26900669389,0.0,16.4852964088,13.2162897149,0.0,0.0,0.0,0.0,2.2820257512259925,2.2820257512259925,2.2820257512259925,13.411339084743275,13.411339084743275,13.411339084743275,0.004,0.004,0.0,0.06682233754148312,0.0,172.33695320932114,0.0,0.0,5.1480577691,171.723404744,0.0,0.0,0.0,0.0,0.196218522909,0.000105566807206,0.0,0.600801908817,0.0,0.595482334922,0.0797729429943,0.0,0.0,0.0,0.0,0.059472789026597035,0.059472789026597035,0.059472789026597035,0.12323619641194966,0.12323619641194966,0.12323619641194966
