Name,FitNum,RedChiSq,lf,AlignMag,Temp,pA,pB,pC,dwB,dwC,kexAB,kexAC,kexBC,k12,k21,k13,k31,k23,k32,tau1,tau2,tau3,dG12,dG13,ddG12,ddG21,ddG13,ddG31,ddG23,ddG32,R1,R1b,R1c,R2,R2b,R2c,pA_err,pB_err,pC_err,dwB_err,dwC_err,kexAB_err,kexAC_err,kexBC_err,k12_err,k21_err,k13_err,k31_err,k23_err,k32_err,tau1_err,tau2_err,tau3_err,dG12_err,dG13_err,ddG12_err,ddG21_err,ddG13_err,ddG31_err,ddG23_err,ddG32_err,R1_err,R1b_err,R1c_err,R2_err,R2b_err,R2c_err
gc1p,1,0.12413604363910079,150.7,auto,298.15,0.9965,0.0035,0.0,3.600006269950019,0.0,754.7007027192528,0.0,0.0,2.64145245952,752.05925026,0.0,0.0,0.0,0.0,0.378579594116,0.00132968246804,0.0,3.34841936499,0.0,16.8776658669,13.5292465019,0.0,0.0,0.0,0.0,1.5918880923320016,1.5918880923320016,1.5918880923320016,16.640445260310564,16.640445260310564,16.640445260310564,0.0035,0.0035,0.0,0.10621543636283225,0.0,33.76003239743259,0.0,0.0,2.63487437153,33.7446910182,0.0,0.0,0.0,0.0,0.377636806041,5.96624853973e-05,0.0,0.591606875718,0.0,0.59100926642,0.0265846271787,0.0,0.0,0.0,0.0,0.06145667336282189,0.06145667336282189,0.06145667336282189,0.08408521826052995,0.08408521826052995,0.08408521826052995
