Name,FitNum,N,DF,K,ChiSq,RedChiSq,Rsq,AdjRsq,AIC,BIC,RSS,TSS,SDR
ra16_c8_10c,1,222,218,4,187.89561126471548,0.8619064736913554,0.9954127136077976,0.9953281553332869,-29.02756481190572,-15.416855284416602,187.89561126471546,40960.078617307096,0.9283891822352064
