Name,FitNum,RedChiSq,lf,AlignMag,Temp,pA,pB,pC,dwB,dwC,kexAB,kexAC,kexBC,k12,k21,k13,k31,k23,k32,tau1,tau2,tau3,dG12,dG13,ddG12,ddG21,ddG13,ddG31,ddG23,ddG32,R1,R1b,R1c,R2,R2b,R2c,pA_err,pB_err,pC_err,dwB_err,dwC_err,kexAB_err,kexAC_err,kexBC_err,k12_err,k21_err,k13_err,k31_err,k23_err,k32_err,tau1_err,tau2_err,tau3_err,dG12_err,dG13_err,ddG12_err,ddG21_err,ddG13_err,ddG31_err,ddG23_err,ddG32_err,R1_err,R1b_err,R1c_err,R2_err,R2b_err,R2c_err
ra16_c8_10c,1,0.8619064736913554,150.784186,auto,298.15,0.996,0.004,0.0,2.409946955156181,0.0,3263.4461038377044,0.0,0.0,13.0537844154,3250.39231942,0.0,0.0,0.0,0.0,0.0766061372075,0.000307655169508,0.0,3.26900669389,0.0,15.9310238657,12.6620171718,0.0,0.0,0.0,0.0,1.8064290053774386,1.8064290053774386,1.8064290053774386,41.42008162993214,41.42008162993214,41.42008162993214,0.004,0.004,0.0,0.10844230346733867,0.0,289.04737440599433,0.0,0.0,13.0529806656,288.184624639,0.0,0.0,0.0,0.0,0.0766014204022,2.72771655941e-05,0.0,0.594772572096,0.0,0.592448268327,0.0525305803683,0.0,0.0,0.0,0.0,0.04040045726775599,0.04040045726775599,0.04040045726775599,0.18640847211284803,0.18640847211284803,0.18640847211284803
