Name,FitNum,RedChiSq,lf,AlignMag,Temp,pA,pB,pC,dwB,dwC,kexAB,kexAC,kexBC,k12,k21,k13,k31,k23,k32,tau1,tau2,tau3,dG12,dG13,ddG12,ddG21,ddG13,ddG31,ddG23,ddG32,R1,R1b,R1c,R2,R2b,R2c,pA_err,pB_err,pC_err,dwB_err,dwC_err,kexAB_err,kexAC_err,kexBC_err,k12_err,k21_err,k13_err,k31_err,k23_err,k32_err,tau1_err,tau2_err,tau3_err,dG12_err,dG13_err,ddG12_err,ddG21_err,ddG13_err,ddG31_err,ddG23_err,ddG32_err,R1_err,R1b_err,R1c_err,R2_err,R2b_err,R2c_err
ac8,1,0.4241897566454523,150.7,auto,298.15,0.984,0.016,0.0,3.0151865951420667,0.0,2338.5979001480982,0.0,0.0,37.4175664024,2301.18033375,0.0,0.0,0.0,0.0,0.0267254152567,0.000434559597671,0.0,2.4404667062,0.0,15.3071005733,12.8666338671,0.0,0.0,0.0,0.0,2.0364771422748205,2.0364771422748205,2.0364771422748205,26.91299224954188,26.91299224954188,26.91299224954188,0.016,0.016,0.0,0.05945284593853287,0.0,101.02988500816159,0.0,0.0,36.8592151074,106.014216961,0.0,0.0,0.0,0.0,0.0263266140611,2.00199414163e-05,0.0,0.584281510696,0.0,0.583643590619,0.0272954734551,0.0,0.0,0.0,0.0,0.2754462694291602,0.2754462694291602,0.2754462694291602,0.5013214069661547,0.5013214069661547,0.5013214069661547
