Name,FitNum,N,DF,K,ChiSq,RedChiSq,Rsq,AdjRsq,AIC,BIC,RSS,TSS,SDR
ac8,1,219,212,7,27.64705220459647,0.13041062360658712,0.9983619230184657,0.9983075792323484,-438.70121778112724,-415.50852135961554,27.647052204596477,16877.749041257106,0.3611241110845233
