Name,FitNum,RedChiSq,lf,AlignMag,Temp,pA,pB,pC,dwB,dwC,kexAB,kexAC,kexBC,k12,k21,k13,k31,k23,k32,tau1,tau2,tau3,dG12,dG13,ddG12,ddG21,ddG13,ddG31,ddG23,ddG32,R1,R1b,R1c,R2,R2b,R2c,pA_err,pB_err,pC_err,dwB_err,dwC_err,kexAB_err,kexAC_err,kexBC_err,k12_err,k21_err,k13_err,k31_err,k23_err,k32_err,tau1_err,tau2_err,tau3_err,dG12_err,dG13_err,ddG12_err,ddG21_err,ddG13_err,ddG31_err,ddG23_err,ddG32_err,R1_err,R1b_err,R1c_err,R2_err,R2b_err,R2c_err
A6RNAm6A_C2_37,1,1.0514260236858044,150.88,auto,298.15,0.95,0.05,0.0,2.2877989503547105,0.0,10.331842299316493,0.0,0.0,0.516592114966,9.81525018435,0.0,0.0,0.0,0.0,1.93576318924,0.101882273118,0.0,1.7445351892,0.0,17.8445006112,16.099965422,0.0,0.0,0.0,0.0,4.53101543696207,4.53101543696207,4.53101543696207,21.04190454281724,21.04190454281724,21.04190454281724,0.05,0.05,0.0,0.004081879249307607,0.0,1.3626112451224432,0.0,0.0,0.496141897545,1.38462819822,0.0,0.0,0.0,0.0,1.85913256142,0.0143724373406,0.0,0.575135794592,0.0,0.569030186615,0.083581271483,0.0,0.0,0.0,0.0,0.048095309567709146,0.048095309567709146,0.048095309567709146,0.05284820970978403,0.05284820970978403,0.05284820970978403
