Name,FitNum,RedChiSq,lf,AlignMag,Temp,pA,pB,pC,dwB,dwC,kexAB,kexAC,kexBC,k12,k21,k13,k31,k23,k32,tau1,tau2,tau3,dG12,dG13,ddG12,ddG21,ddG13,ddG31,ddG23,ddG32,R1,R1b,R1c,R2,R2b,R2c,pA_err,pB_err,pC_err,dwB_err,dwC_err,kexAB_err,kexAC_err,kexBC_err,k12_err,k21_err,k13_err,k31_err,k23_err,k32_err,tau1_err,tau2_err,tau3_err,dG12_err,dG13_err,ddG12_err,ddG21_err,ddG13_err,ddG31_err,ddG23_err,ddG32_err,R1_err,R1b_err,R1c_err,R2_err,R2b_err,R2c_err
A16_C8_Off,1,0.9543322984969304,150.7,auto,298.15,0.98,0.02,0.0,3.389938272578846,0.0,141.91000281691035,0.0,0.0,2.83820005634,139.071802761,0.0,0.0,0.0,0.0,0.352335980604,0.00719053021641,0.0,2.30584417206,0.0,16.835101094,14.5292569219,0.0,0.0,0.0,0.0,2.4556028290370997,2.4556028290370997,2.4556028290370997,25.911071142338173,25.911071142338173,25.911071142338173,0.02,0.02,0.0,0.16878187928001723,0.0,12.122356988162002,0.0,0.0,2.79255963171,12.2013059419,0.0,0.0,0.0,0.0,0.346670148933,0.000630852964534,0.0,0.585270066342,0.0,0.58295714161,0.0519809734514,0.0,0.0,0.0,0.0,0.13675264385341376,0.13675264385341376,0.13675264385341376,0.18900128798311056,0.18900128798311056,0.18900128798311056
