Name,FitNum,RedChiSq,lf,AlignMag,Temp,pA,pB,pC,dwB,dwC,kexAB,kexAC,kexBC,k12,k21,k13,k31,k23,k32,tau1,tau2,tau3,dG12,dG13,ddG12,ddG21,ddG13,ddG31,ddG23,ddG32,R1,R1b,R1c,R2,R2b,R2c,pA_err,pB_err,pC_err,dwB_err,dwC_err,kexAB_err,kexAC_err,kexBC_err,k12_err,k21_err,k13_err,k31_err,k23_err,k32_err,tau1_err,tau2_err,tau3_err,dG12_err,dG13_err,ddG12_err,ddG21_err,ddG13_err,ddG31_err,ddG23_err,ddG32_err,R1_err,R1b_err,R1c_err,R2_err,R2b_err,R2c_err
ra16_c8_15c,1,0.8927286028887343,150.784186,auto,298.15,0.92,0.08,0.0,0.5229194844349784,0.0,5076.492884958039,0.0,0.0,406.119430797,4670.37345416,0.0,0.0,0.0,0.0,0.0024623298571,0.000214115639748,0.0,1.44705336996,0.0,13.894316544,12.4472631741,0.0,0.0,0.0,0.0,1.8986727366651213,1.8986727366651213,1.8986727366651213,33.77810556896748,33.77810556896748,33.77810556896748,0.08,0.08,0.0,0.04519467877831374,0.0,683.5590337266343,0.0,0.0,379.005639185,732.214281962,0.0,0.0,0.0,0.0,0.00229793708601,3.35687351244e-05,0.0,0.560676748772,0.0,0.55292863117,0.0928888876323,0.0,0.0,0.0,0.0,0.05255077687599371,0.05255077687599371,0.05255077687599371,0.24524058074726807,0.24524058074726807,0.24524058074726807
