Name,FitNum,RedChiSq,lf,AlignMag,Temp,pA,pB,pC,dwB,dwC,kexAB,kexAC,kexBC,k12,k21,k13,k31,k23,k32,tau1,tau2,tau3,dG12,dG13,ddG12,ddG21,ddG13,ddG31,ddG23,ddG32,R1,R1b,R1c,R2,R2b,R2c,pA_err,pB_err,pC_err,dwB_err,dwC_err,kexAB_err,kexAC_err,kexBC_err,k12_err,k21_err,k13_err,k31_err,k23_err,k32_err,tau1_err,tau2_err,tau3_err,dG12_err,dG13_err,ddG12_err,ddG21_err,ddG13_err,ddG31_err,ddG23_err,ddG32_err,R1_err,R1b_err,R1c_err,R2_err,R2b_err,R2c_err
A16_C8_Off,1,0.1277468742827993,170.4,auto,298.15,0.9955,0.0045,0.0,2.3764951283814684,0.0,3797.9123199046267,0.0,0.0,17.0906054396,3780.82171447,0.0,0.0,0.0,0.0,0.0585116778651,0.000264492767848,0.0,3.1989245348,0.0,15.7713783537,12.5724538189,0.0,0.0,0.0,0.0,1.7827774071884939,1.7827774071884939,1.7827774071884939,23.009431259126863,23.009431259126863,23.009431259126863,0.0045,0.0045,0.0,0.07618252760542125,0.0,267.35845719955785,0.0,0.0,17.0563567554,266.698592123,0.0,0.0,0.0,0.0,0.0583944235067,1.86572798558e-05,0.0,0.592772623621,0.0,0.59129744028,0.0417937846102,0.0,0.0,0.0,0.0,0.055482352435780515,0.055482352435780515,0.055482352435780515,0.1767245085287099,0.1767245085287099,0.1767245085287099
