Name,FitNum,N,DF,K,ChiSq,RedChiSq,Rsq,AdjRsq,AIC,BIC,RSS,TSS,SDR
A16_C8_Off,1,93,89,4,11.369471811169138,0.1277468742827993,0.9979358820954192,0.9978420585543019,-187.00054516518756,-177.32469264712,11.369471811169136,5508.15037548826,0.35741694739169727
