Name,FitNum,N,DF,K,ChiSq,RedChiSq,Rsq,AdjRsq,AIC,BIC,RSS,TSS,SDR
G_C8_Off,1,190,185,5,47.37011852573916,0.25605469473372516,0.9870000866810626,0.986646828166961,-253.5900791327274,-237.68104572844672,47.37011852573916,3643.8795677763133,0.5060184727198457
