Name,FitNum,N,DF,K,ChiSq,RedChiSq,Rsq,AdjRsq,AIC,BIC,RSS,TSS,SDR
g10c1p,1,180,173,7,155.81978747204147,0.9006924131331877,0.9769757553791086,0.9760387221677933,-11.315046795065262,10.384488370468535,155.81978747204147,6767.639505126548,0.9490481616510238
