Name,FitNum,RedChiSq,lf,AlignMag,Temp,pA,pB,pC,dwB,dwC,kexAB,kexAC,kexBC,k12,k21,k13,k31,k23,k32,tau1,tau2,tau3,dG12,dG13,ddG12,ddG21,ddG13,ddG31,ddG23,ddG32,R1,R1b,R1c,R2,R2b,R2c,pA_err,pB_err,pC_err,dwB_err,dwC_err,kexAB_err,kexAC_err,kexBC_err,k12_err,k21_err,k13_err,k31_err,k23_err,k32_err,tau1_err,tau2_err,tau3_err,dG12_err,dG13_err,ddG12_err,ddG21_err,ddG13_err,ddG31_err,ddG23_err,ddG32_err,R1_err,R1b_err,R1c_err,R2_err,R2b_err,R2c_err
g10c8,1,0.9006924131331877,176.04,auto,298.15,0.99,0.01,0.0,3.1339755837775063,0.0,2372.273771902899,0.0,0.0,23.722737719,2348.55103418,0.0,0.0,0.0,0.0,0.0421536507229,0.000425794451747,0.0,2.72253843054,0.0,15.5770996051,12.8545611745,0.0,0.0,0.0,0.0,1.1451201778988962,1.1451201778988962,1.1451201778988962,25.16745344745415,25.16745344745415,25.16745344745415,0.01,0.01,0.0,0.10275064573099094,0.0,126.0295175024881,0.0,0.0,23.5204978003,126.960562038,0.0,0.0,0.0,0.0,0.0417942844897,2.3018066084e-05,0.0,0.588306257737,0.0,0.587433727005,0.032029194011,0.0,0.0,0.0,0.0,0.3654369548767134,0.3654369548767134,0.3654369548767134,0.5298582640938884,0.5298582640938884,0.5298582640938884
