Name,FitNum,N,DF,K,ChiSq,RedChiSq,Rsq,AdjRsq,AIC,BIC,RSS,TSS,SDR
A16_C8_Off,1,93,89,4,11.443168022627066,0.1285749216025513,0.9979225026111215,0.9978280709116271,-186.39967025041597,-176.7238177323484,11.443168022627066,5508.15037548826,0.3585734535664224
