Name,FitNum,RedChiSq,lf,AlignMag,Temp,pA,pB,pC,dwB,dwC,kexAB,kexAC,kexBC,k12,k21,k13,k31,k23,k32,tau1,tau2,tau3,dG12,dG13,ddG12,ddG21,ddG13,ddG31,ddG23,ddG32,R1,R1b,R1c,R2,R2b,R2c,pA_err,pB_err,pC_err,dwB_err,dwC_err,kexAB_err,kexAC_err,kexBC_err,k12_err,k21_err,k13_err,k31_err,k23_err,k32_err,tau1_err,tau2_err,tau3_err,dG12_err,dG13_err,ddG12_err,ddG21_err,ddG13_err,ddG31_err,ddG23_err,ddG32_err,R1_err,R1b_err,R1c_err,R2_err,R2b_err,R2c_err
A16_C8_Off,1,0.1285749216025513,170.4,auto,298.15,0.996,0.004,0.0,2.4970459537908574,0.0,3634.9195465786493,0.0,0.0,14.5396781863,3620.37986839,0.0,0.0,0.0,0.0,0.0687773131692,0.000276214109113,0.0,3.26900669389,0.0,15.8671520821,12.5981453882,0.0,0.0,0.0,0.0,1.7555499877367227,1.7555499877367227,1.7555499877367227,23.116050837620364,23.116050837620364,23.116050837620364,0.004,0.004,0.0,0.07760362576689082,0.0,263.75264779265063,0.0,0.0,14.5200150154,263.096496328,0.0,0.0,0.0,0.0,0.0686843001019,2.00727456747e-05,0.0,0.593248010942,0.0,0.59168348433,0.0430564380612,0.0,0.0,0.0,0.0,0.05632625320717898,0.05632625320717898,0.05632625320717898,0.17098309127660358,0.17098309127660358,0.17098309127660358
