Name,FitNum,RedChiSq,lf,AlignMag,Temp,pA,pB,pC,dwB,dwC,kexAB,kexAC,kexBC,k12,k21,k13,k31,k23,k32,tau1,tau2,tau3,dG12,dG13,ddG12,ddG21,ddG13,ddG31,ddG23,ddG32,R1,R1b,R1c,R2,R2b,R2c,pA_err,pB_err,pC_err,dwB_err,dwC_err,kexAB_err,kexAC_err,kexBC_err,k12_err,k21_err,k13_err,k31_err,k23_err,k32_err,tau1_err,tau2_err,tau3_err,dG12_err,dG13_err,ddG12_err,ddG21_err,ddG13_err,ddG31_err,ddG23_err,ddG32_err,R1_err,R1b_err,R1c_err,R2_err,R2b_err,R2c_err
ac8,1,0.12147239745106558,176.04,auto,298.15,0.9955,0.0045,0.0,2.900117878751122,0.0,2815.4038954399684,0.0,0.0,12.6693175295,2802.73457791,0.0,0.0,0.0,0.0,0.0789308498799,0.000356794399256,0.0,3.1989245348,0.0,15.9487361721,12.7498116373,0.0,0.0,0.0,0.0,1.4234573781679554,1.4234573781679554,1.4234573781679554,28.004619337671873,28.004619337671873,28.004619337671873,0.0045,0.0045,0.0,0.057836841755277285,0.0,123.93847955395118,0.0,0.0,12.6247597222,124.023725761,0.0,0.0,0.0,0.0,0.0786532512178,1.57884985169e-05,0.0,0.590982835748,0.0,0.590400988566,0.0262180252792,0.0,0.0,0.0,0.0,0.0793435326176587,0.0793435326176587,0.0793435326176587,0.16138113477751143,0.16138113477751143,0.16138113477751143
