Name,FitNum,N,DF,K,ChiSq,RedChiSq,Rsq,AdjRsq,AIC,BIC,RSS,TSS,SDR
G7C8_pH5.3HS_25C,1,280,270,10,386.9503594793215,1.4331494795530426,0.9627430985877361,0.9613580836653471,111.39975110127675,146.92980326679825,386.9503594793214,10386.004869206554,1.1971422135874425
