Name,FitNum,N,DF,K,ChiSq,RedChiSq,Rsq,AdjRsq,AIC,BIC,RSS,TSS,SDR
G7C1p_pH5.3HS_25C,1,280,270,10,386.9503594793215,1.4331494795530426,0.8871350058001158,0.8829392811086703,111.39975110127675,146.92980326679825,386.9503594793214,3428.435558983252,1.1971422135874425
