Name,FitNum,RedChiSq,lf,AlignMag,Temp,pA,pB,pC,dwB,dwC,kexAB,kexAC,kexBC,k12,k21,k13,k31,k23,k32,tau1,tau2,tau3,dG12,dG13,ddG12,ddG21,ddG13,ddG31,ddG23,ddG32,R1,R1b,R1c,R2,R2b,R2c,pA_err,pB_err,pC_err,dwB_err,dwC_err,kexAB_err,kexAC_err,kexBC_err,k12_err,k21_err,k13_err,k31_err,k23_err,k32_err,tau1_err,tau2_err,tau3_err,dG12_err,dG13_err,ddG12_err,ddG21_err,ddG13_err,ddG31_err,ddG23_err,ddG32_err,R1_err,R1b_err,R1c_err,R2_err,R2b_err,R2c_err
G7C1p_pH5.3HS_25C,1,1.4331494795530426,176.090091,auto,298.15,0.9999,0.0001,0.0,5.283463389619489,0.0,2655.571536307042,0.0,0.0,0.265557153631,2655.30597915,0.0,0.0,0.0,0.0,3.76566771532,0.000376604431975,0.0,5.45692695108,0.0,18.2387539053,12.7818269542,0.0,0.0,0.0,0.0,1.4726320431842284,1.4726320431842284,1.4726320431842284,21.506740628381483,21.506740628381483,21.506740628381483,0.0001,0.0001,0.0,1.9868879029547493,0.0,2250.1447787249126,0.0,0.0,0.348048867814,2249.91977992,0.0,0.0,0.0,0.0,4.93542112108,0.000319108143226,0.0,0.924681640365,0.0,0.776532069387,0.502029960501,0.0,0.0,0.0,0.0,0.052630002435721995,0.052630002435721995,0.052630002435721995,0.12085395070050312,0.12085395070050312,0.12085395070050312
