Name,FitNum,RedChiSq,lf,AlignMag,Temp,pA,pB,pC,dwB,dwC,kexAB,kexAC,kexBC,k12,k21,k13,k31,k23,k32,tau1,tau2,tau3,dG12,dG13,ddG12,ddG21,ddG13,ddG31,ddG23,ddG32,R1,R1b,R1c,R2,R2b,R2c,pA_err,pB_err,pC_err,dwB_err,dwC_err,kexAB_err,kexAC_err,kexBC_err,k12_err,k21_err,k13_err,k31_err,k23_err,k32_err,tau1_err,tau2_err,tau3_err,dG12_err,dG13_err,ddG12_err,ddG21_err,ddG13_err,ddG31_err,ddG23_err,ddG32_err,R1_err,R1b_err,R1c_err,R2_err,R2b_err,R2c_err
gc1p,1,0.13897963948809053,150.7,auto,298.15,0.992,0.008,0.0,3.426461717914797,0.0,1773.4453087858378,0.0,0.0,14.1875624703,1759.25774632,0.0,0.0,0.0,0.0,0.070484271142,0.000568421541468,0.0,2.85594331299,0.0,15.8816772251,13.0257339121,0.0,0.0,0.0,0.0,1.8782956887125128,1.8782956887125128,1.8782956887125128,14.932596757625177,14.932596757625177,14.932596757625177,0.008,0.008,0.0,0.03521118415036893,0.0,46.028060470081236,0.0,0.0,14.0793356372,47.7798359668,0.0,0.0,0.0,0.0,0.0699465967201,1.54378106723e-05,0.0,0.588185255346,0.0,0.587965103734,0.0160913454406,0.0,0.0,0.0,0.0,0.07229407101532971,0.07229407101532971,0.07229407101532971,0.1365854619623045,0.1365854619623045,0.1365854619623045
