Name,FitNum,N,DF,K,ChiSq,RedChiSq,Rsq,AdjRsq,AIC,BIC,RSS,TSS,SDR
G_C1p_Off,1,199,192,7,47.69801972402385,0.24842718606262423,0.9756476611012368,0.9747551670054706,-269.6681862048541,-247.20143986633767,47.69801972402384,1958.6627765945875,0.49842470450673304
