Name,FitNum,RedChiSq,lf,AlignMag,Temp,pA,pB,pC,dwB,dwC,kexAB,kexAC,kexBC,k12,k21,k13,k31,k23,k32,tau1,tau2,tau3,dG12,dG13,ddG12,ddG21,ddG13,ddG31,ddG23,ddG32,R1,R1b,R1c,R2,R2b,R2c,pA_err,pB_err,pC_err,dwB_err,dwC_err,kexAB_err,kexAC_err,kexBC_err,k12_err,k21_err,k13_err,k31_err,k23_err,k32_err,tau1_err,tau2_err,tau3_err,dG12_err,dG13_err,ddG12_err,ddG21_err,ddG13_err,ddG31_err,ddG23_err,ddG32_err,R1_err,R1b_err,R1c_err,R2_err,R2b_err,R2c_err
G_C1p_Off,1,0.24842718606262423,150.88,auto,298.15,0.9925,0.0075,0.0,4.541016791442864,0.0,86.41057308066459,0.0,0.0,0.648079298105,85.7624937826,0.0,0.0,0.0,0.0,1.54302105147,0.0116601087013,0.0,2.89447995867,0.0,17.7101490982,14.8156691395,0.0,0.0,0.0,0.0,2.129458389812942,2.129458389812942,2.129458389812942,14.21121776894288,14.21121776894288,14.21121776894288,0.0075,0.0075,0.0,0.2590017937292969,0.0,5.93202133712781,0.0,0.0,0.644773836383,5.92256509353,0.0,0.0,0.0,0.0,1.5351510315,0.000805220904096,0.0,0.590881149735,0.0,0.589462841445,0.0409156653157,0.0,0.0,0.0,0.0,0.032365618143245664,0.032365618143245664,0.032365618143245664,0.046525282608646634,0.046525282608646634,0.046525282608646634
