Name,FitNum,N,DF,K,ChiSq,RedChiSq,Rsq,AdjRsq,AIC,BIC,RSS,TSS,SDR
G_C8_Off,1,199,192,7,47.69801972402385,0.24842718606262423,0.9879077880018313,0.9874646179286,-269.6681862048541,-247.20143986633767,47.69801972402384,3944.5239408015236,0.49842470450673304
