Name,FitNum,N,DF,K,ChiSq,RedChiSq,Rsq,AdjRsq,AIC,BIC,RSS,TSS,SDR
A16_C8_Off,1,106,102,4,22.038764680752035,0.21606632039952975,0.9973612817810465,0.9972567780892069,-158.09139339481956,-147.8336766223317,22.03876468075205,8352.072048637714,0.4648293454586639
