Name,FitNum,N,DF,K,ChiSq,RedChiSq,Rsq,AdjRsq,AIC,BIC,RSS,TSS,SDR
ac1p,1,209,202,7,390.6371998343775,1.9338475239325619,0.9256707488291634,0.9230821679426169,145.27521884970895,168.11434468311435,390.63719983437755,5255.497582459783,1.3906284636568325
