Name,FitNum,RedChiSq,lf,AlignMag,Temp,pA,pB,pC,dwB,dwC,kexAB,kexAC,kexBC,k12,k21,k13,k31,k23,k32,tau1,tau2,tau3,dG12,dG13,ddG12,ddG21,ddG13,ddG31,ddG23,ddG32,R1,R1b,R1c,R2,R2b,R2c,pA_err,pB_err,pC_err,dwB_err,dwC_err,kexAB_err,kexAC_err,kexBC_err,k12_err,k21_err,k13_err,k31_err,k23_err,k32_err,tau1_err,tau2_err,tau3_err,dG12_err,dG13_err,ddG12_err,ddG21_err,ddG13_err,ddG31_err,ddG23_err,ddG32_err,R1_err,R1b_err,R1c_err,R2_err,R2b_err,R2c_err
ac8,1,1.9338475239325619,150.7,auto,298.15,0.9999,0.0001,0.0,6.881469547463885,0.0,4349.595249055838,0.0,0.0,0.434959524906,4349.16028953,0.0,0.0,0.0,0.0,2.29906449391,0.000229929442336,0.0,5.45692695108,0.0,17.9464083652,12.4894814141,0.0,0.0,0.0,0.0,2.5043298359366335,2.5043298359366335,2.5043298359366335,33.079446766090186,33.079446766090186,33.079446766090186,0.0001,0.0001,0.0,12.71969168974582,0.0,18583.461217239044,0.0,0.0,1.90856025901,18581.6028762,0.0,0.0,0.0,0.0,10.0880722797,0.000982363790388,0.0,3.62858033211,0.0,2.59976568176,2.53136596061,0.0,0.0,0.0,0.0,0.2865878836100605,0.2865878836100605,0.2865878836100605,0.7074531073534528,0.7074531073534528,0.7074531073534528
