Name,FitNum,N,DF,K,ChiSq,RedChiSq,Rsq,AdjRsq,AIC,BIC,RSS,TSS,SDR
ac8,1,209,202,7,390.6371998343775,1.9338475239325619,0.9577960235781688,0.956326233354523,145.27521884970895,168.11434468311435,390.63719983437755,9255.93351512513,1.3906284636568325
