Name,FitNum,N,DF,K,ChiSq,RedChiSq,Rsq,AdjRsq,AIC,BIC,RSS,TSS,SDR
ac1p,1,209,202,7,34.7170634147022,0.17186665056783268,0.9933941433955615,0.9931640886879443,-360.6193015368875,-337.7801757034821,34.717063414702196,5255.497582459783,0.41456802887805116
