Name,FitNum,RedChiSq,lf,AlignMag,Temp,pA,pB,pC,dwB,dwC,kexAB,kexAC,kexBC,k12,k21,k13,k31,k23,k32,tau1,tau2,tau3,dG12,dG13,ddG12,ddG21,ddG13,ddG31,ddG23,ddG32,R1,R1b,R1c,R2,R2b,R2c,pA_err,pB_err,pC_err,dwB_err,dwC_err,kexAB_err,kexAC_err,kexBC_err,k12_err,k21_err,k13_err,k31_err,k23_err,k32_err,tau1_err,tau2_err,tau3_err,dG12_err,dG13_err,ddG12_err,ddG21_err,ddG13_err,ddG31_err,ddG23_err,ddG32_err,R1_err,R1b_err,R1c_err,R2_err,R2b_err,R2c_err
ac1p,1,0.17186665056783268,150.7,auto,298.15,0.9955,0.0045,0.0,3.017866460589029,0.0,3332.633221123876,0.0,0.0,14.9968494951,3317.63637163,0.0,0.0,0.0,0.0,0.0666806718524,0.000301419410684,0.0,3.1989245348,0.0,15.8488094614,12.6498849266,0.0,0.0,0.0,0.0,1.8982567100580683,1.8982567100580683,1.8982567100580683,20.08890450134946,20.08890450134946,20.08890450134946,0.0045,0.0045,0.0,0.05911055006821322,0.0,151.35014523128203,0.0,0.0,14.94504326,151.406931748,0.0,0.0,0.0,0.0,0.0664503251678,1.37558740709e-05,0.0,0.591056834178,0.0,0.590438025401,0.027039219459,0.0,0.0,0.0,0.0,0.056526183575047635,0.056526183575047635,0.056526183575047635,0.14175888138851733,0.14175888138851733,0.14175888138851733
