Name,FitNum,N,DF,K,ChiSq,RedChiSq,Rsq,AdjRsq,AIC,BIC,RSS,TSS,SDR
ac8,1,209,202,7,34.7170634147022,0.17186665056783268,0.9962492099410641,0.9961185854116485,-360.6193015368875,-337.7801757034821,34.717063414702196,9255.93351512513,0.41456802887805116
