Name,FitNum,N,DF,K,ChiSq,RedChiSq,Rsq,AdjRsq,AIC,BIC,RSS,TSS,SDR
A16_C8_Off,1,111,107,4,29.319577760292407,0.2740147454232935,0.9945165875734141,0.9943096663497694,-139.3941360376043,-128.933373722921,29.31957776029241,5346.958331665673,0.5234641777842048
