Name,FitNum,N,DF,K,ChiSq,RedChiSq,Rsq,AdjRsq,AIC,BIC,RSS,TSS,SDR
G_C8_Off,1,190,185,5,58.27982883088404,0.3150261017885624,0.9840061045523386,0.9835714878282174,-214.20983833512383,-198.30080493084316,58.27982883088404,3643.8795677763133,0.5612718608558266
