Name,FitNum,N,DF,K,ChiSq,RedChiSq,Rsq,AdjRsq,AIC,BIC,RSS,TSS,SDR
G_C1p_Off_reduce_new_trunc,1,190,185,5,58.27982883088404,0.3150261017885624,0.9697431174789535,0.9689209195843599,-214.20983833512383,-198.30080493084316,58.27982883088404,1926.1676674834212,0.5612718608558266
