Name,FitNum,RedChiSq,lf,AlignMag,Temp,pA,pB,pC,dwB,dwC,kexAB,kexAC,kexBC,k12,k21,k13,k31,k23,k32,tau1,tau2,tau3,dG12,dG13,ddG12,ddG21,ddG13,ddG31,ddG23,ddG32,R1,R1b,R1c,R2,R2b,R2c,pA_err,pB_err,pC_err,dwB_err,dwC_err,kexAB_err,kexAC_err,kexBC_err,k12_err,k21_err,k13_err,k31_err,k23_err,k32_err,tau1_err,tau2_err,tau3_err,dG12_err,dG13_err,ddG12_err,ddG21_err,ddG13_err,ddG31_err,ddG23_err,ddG32_err,R1_err,R1b_err,R1c_err,R2_err,R2b_err,R2c_err
G10_C8_Off,1,10.566357094363514,176.04,auto,298.15,0.9955,0.0045,0.0,5.9373550533013235,0.0,4158.695643842192,0.0,0.0,18.7141303973,4139.98151344,0.0,0.0,0.0,0.0,0.0534355579859,0.000241546972312,0.0,3.1989245348,0.0,15.7176103914,12.5186858566,0.0,0.0,0.0,0.0,2.4568025814563565,2.4568025814563565,2.4568025814563565,46.97555043326506,46.97555043326506,46.97555043326506,0.0045,0.0045,0.0,1.3574167269012394,0.0,3701.9203692692877,0.0,0.0,24.991823349,3685.30881771,0.0,0.0,0.0,0.0,0.0713606241588,0.000215019121235,0.0,0.950904609033,0.0,0.791234958129,0.527415222112,0.0,0.0,0.0,0.0,1.7628759748301739,1.7628759748301739,1.7628759748301739,5.70315111253041,5.70315111253041,5.70315111253041
