Name,FitNum,N,DF,K,ChiSq,RedChiSq,Rsq,AdjRsq,AIC,BIC,RSS,TSS,SDR
G10_C1p_Off,1,87,83,4,26.964057545321356,0.32486816319664286,0.9844141909151514,0.9836539075451587,-93.4242858334893,-84.04845823691974,26.964057545321356,1730.0389988437446,0.5699720722953387
