Name,FitNum,RedChiSq,lf,AlignMag,Temp,pA,pB,pC,dwB,dwC,kexAB,kexAC,kexBC,k12,k21,k13,k31,k23,k32,tau1,tau2,tau3,dG12,dG13,ddG12,ddG21,ddG13,ddG31,ddG23,ddG32,R1,R1b,R1c,R2,R2b,R2c,pA_err,pB_err,pC_err,dwB_err,dwC_err,kexAB_err,kexAC_err,kexBC_err,k12_err,k21_err,k13_err,k31_err,k23_err,k32_err,tau1_err,tau2_err,tau3_err,dG12_err,dG13_err,ddG12_err,ddG21_err,ddG13_err,ddG31_err,ddG23_err,ddG32_err,R1_err,R1b_err,R1c_err,R2_err,R2b_err,R2c_err
G10_C1p_Off,1,0.32486816319664286,170.4,auto,298.15,0.9996,0.0004,0.0,3.6247234224098093,0.0,2308.5520820648344,0.0,0.0,0.923420832826,2307.62866123,0.0,0.0,0.0,0.0,1.08292986735,0.000433345285054,0.0,4.63539089476,0.0,17.5003668332,12.8649759385,0.0,0.0,0.0,0.0,1.5900931662489028,1.5900931662489028,1.5900931662489028,15.024397602798315,15.024397602798315,15.024397602798315,0.0004,0.0004,0.0,0.692446116737906,0.0,1714.344340516527,0.0,0.0,1.14989581502,1713.65885138,0.0,0.0,0.0,0.0,1.34852548064,0.000321804801575,0.0,0.859026769332,0.0,0.737795497995,0.439982719623,0.0,0.0,0.0,0.0,0.09627993023937076,0.09627993023937076,0.09627993023937076,0.21732075960214028,0.21732075960214028,0.21732075960214028
