Name,FitNum,N,DF,K,ChiSq,RedChiSq,Rsq,AdjRsq,AIC,BIC,RSS,TSS,SDR
A16_C8_Off,1,120,116,4,169.28855347107813,1.4593840816472252,0.9864549714417613,0.9859838400136487,49.641378064997646,60.4435189491693,169.28855347107816,12498.20572494175,1.2080497016460976
