Name,FitNum,N,DF,K,ChiSq,RedChiSq,Rsq,AdjRsq,AIC,BIC,RSS,TSS,SDR
T8_N3_Off,1,97,93,4,13.424880283299961,0.14435355143333292,0.9762881789213013,0.9752572301787491,-183.39253918385273,-173.52847787853486,13.424880283299968,566.1682516388443,0.3799388785493438
