Name,FitNum,RedChiSq,lf,AlignMag,Temp,pA,pB,pC,dwB,dwC,kexAB,kexAC,kexBC,k12,k21,k13,k31,k23,k32,tau1,tau2,tau3,dG12,dG13,ddG12,ddG21,ddG13,ddG31,ddG23,ddG32,R1,R1b,R1c,R2,R2b,R2c,pA_err,pB_err,pC_err,dwB_err,dwC_err,kexAB_err,kexAC_err,kexBC_err,k12_err,k21_err,k13_err,k31_err,k23_err,k32_err,tau1_err,tau2_err,tau3_err,dG12_err,dG13_err,ddG12_err,ddG21_err,ddG13_err,ddG31_err,ddG23_err,ddG32_err,R1_err,R1b_err,R1c_err,R2_err,R2b_err,R2c_err
T8_N3_Off,1,0.14435355143333292,176.04,auto,298.15,0.978,0.022,0.0,-0.5262463113002163,0.0,318.7332884863729,0.0,0.0,7.0121323467,311.72115614,0.0,0.0,0.0,0.0,0.142609972339,0.00320799528779,0.0,2.24816395606,0.0,16.2992153627,14.0510514067,0.0,0.0,0.0,0.0,1.464930624396582,1.464930624396582,1.464930624396582,7.969930823906783,7.969930823906783,7.969930823906783,0.022,0.022,0.0,0.023366339437870667,0.0,39.207416382060735,0.0,0.0,6.91361929898,38.9535862944,0.0,0.0,0.0,0.0,0.140606452965,0.000400880462598,0.0,0.588834229942,0.0,0.584160964422,0.0740386250326,0.0,0.0,0.0,0.0,0.026429754308330302,0.026429754308330302,0.026429754308330302,0.03753888521263063,0.03753888521263063,0.03753888521263063
