Name,FitNum,RedChiSq,lf,AlignMag,Temp,pA,pB,pC,dwB,dwC,kexAB,kexAC,kexBC,k12,k21,k13,k31,k23,k32,tau1,tau2,tau3,dG12,dG13,ddG12,ddG21,ddG13,ddG31,ddG23,ddG32,R1,R1b,R1c,R2,R2b,R2c,pA_err,pB_err,pC_err,dwB_err,dwC_err,kexAB_err,kexAC_err,kexBC_err,k12_err,k21_err,k13_err,k31_err,k23_err,k32_err,tau1_err,tau2_err,tau3_err,dG12_err,dG13_err,ddG12_err,ddG21_err,ddG13_err,ddG31_err,ddG23_err,ddG32_err,R1_err,R1b_err,R1c_err,R2_err,R2b_err,R2c_err
A16_C8_Off,1,0.4075799348343199,150.7,auto,298.15,0.9925,0.0075,0.0,2.716998268931483,0.0,480.34563492106776,0.0,0.0,3.60259226191,476.743042659,0.0,0.0,0.0,0.0,0.277577901494,0.00209756600625,0.0,2.89447995867,0.0,16.6938032036,13.7993232449,0.0,0.0,0.0,0.0,2.4094309854726617,2.4094309854726617,2.4094309854726617,29.956824405089144,29.956824405089144,29.956824405089144,0.0075,0.0075,0.0,0.06192448147492151,0.0,26.84889957376956,0.0,0.0,3.58134047637,26.8863619109,0.0,0.0,0.0,0.0,0.275940462227,0.000118294162116,0.0,0.589936694385,0.0,0.588989665936,0.0334137217747,0.0,0.0,0.0,0.0,0.07855301992705431,0.07855301992705431,0.07855301992705431,0.14933483578096496,0.14933483578096496,0.14933483578096496
