Name,FitNum,RedChiSq,lf,AlignMag,Temp,pA,pB,pC,dwB,dwC,kexAB,kexAC,kexBC,k12,k21,k13,k31,k23,k32,tau1,tau2,tau3,dG12,dG13,ddG12,ddG21,ddG13,ddG31,ddG23,ddG32,R1,R1b,R1c,R2,R2b,R2c,pA_err,pB_err,pC_err,dwB_err,dwC_err,kexAB_err,kexAC_err,kexBC_err,k12_err,k21_err,k13_err,k31_err,k23_err,k32_err,tau1_err,tau2_err,tau3_err,dG12_err,dG13_err,ddG12_err,ddG21_err,ddG13_err,ddG31_err,ddG23_err,ddG32_err,R1_err,R1b_err,R1c_err,R2_err,R2b_err,R2c_err
ac8,1,2.6242846397365276,150.7,auto,298.15,0.9925,0.0075,0.0,4.316411389614887,0.0,2968.638675119009,0.0,0.0,22.2647900634,2946.37388506,0.0,0.0,0.0,0.0,0.0449139649264,0.000339400238738,0.0,2.89447995867,0.0,15.6146794172,12.7201994585,0.0,0.0,0.0,0.0,2.376755153509782,2.376755153509782,2.376755153509782,28.586399076332828,28.586399076332828,28.586399076332828,0.0075,0.0075,0.0,0.3565747022728705,0.0,568.7130055714052,0.0,0.0,22.5063107076,564.880075314,0.0,0.0,0.0,0.0,0.0454011758865,6.50699605344e-05,0.0,0.609588694729,0.0,0.598911815929,0.11359143226,0.0,0.0,0.0,0.0,0.717491563925229,0.717491563925229,0.717491563925229,1.4936967995463155,1.4936967995463155,1.4936967995463155
