Name,FitNum,N,DF,K,ChiSq,RedChiSq,Rsq,AdjRsq,AIC,BIC,RSS,TSS,SDR
ac8,1,219,212,7,556.3483436241438,2.6242846397365276,0.9670365792106419,0.9659430060090992,218.70951762564516,241.9022140471569,556.348343624144,16877.749041257106,1.6199643945891307
