Name,FitNum,N,DF,K,ChiSq,RedChiSq,Rsq,AdjRsq,AIC,BIC,RSS,TSS,SDR
ac1p,1,219,212,7,556.3483436241438,2.6242846397365276,0.9652389106712732,0.9640856991769553,218.70951762564516,241.9022140471569,556.348343624144,16004.916829933014,1.6199643945891307
