Name,FitNum,N,DF,K,ChiSq,RedChiSq,Rsq,AdjRsq,AIC,BIC,RSS,TSS,SDR
A16_C8_Off,1,105,101,4,34.77100921382737,0.3442674179586868,0.996094171861715,0.9959379387361836,-107.6435198096718,-97.42767840904172,34.77100921382736,8902.33978115971,0.5867430595743649
