Name,FitNum,RedChiSq,lf,AlignMag,Temp,pA,pB,pC,dwB,dwC,kexAB,kexAC,kexBC,k12,k21,k13,k31,k23,k32,tau1,tau2,tau3,dG12,dG13,ddG12,ddG21,ddG13,ddG31,ddG23,ddG32,R1,R1b,R1c,R2,R2b,R2c,pA_err,pB_err,pC_err,dwB_err,dwC_err,kexAB_err,kexAC_err,kexBC_err,k12_err,k21_err,k13_err,k31_err,k23_err,k32_err,tau1_err,tau2_err,tau3_err,dG12_err,dG13_err,ddG12_err,ddG21_err,ddG13_err,ddG31_err,ddG23_err,ddG32_err,R1_err,R1b_err,R1c_err,R2_err,R2b_err,R2c_err
A16_C8_Off,1,0.3442674179586868,150.7,auto,298.15,0.996,0.004,0.0,3.139183590819064,0.0,2027.4910093030016,0.0,0.0,8.10996403721,2019.38104527,0.0,0.0,0.0,0.0,0.12330510905,0.000495201241165,0.0,3.26900669389,0.0,16.2130375124,12.9440308185,0.0,0.0,0.0,0.0,2.2617706638952186,2.2617706638952186,2.2617706638952186,26.565211690630846,26.565211690630846,26.565211690630846,0.004,0.004,0.0,0.07819200411622267,0.0,183.16460874899698,0.0,0.0,8.11074827758,182.610689568,0.0,0.0,0.0,0.0,0.123317032758,4.47805729068e-05,0.0,0.594959373311,0.0,0.592542042669,0.0535778271306,0.0,0.0,0.0,0.0,0.08361691422363543,0.08361691422363543,0.08361691422363543,0.19284508808716821,0.19284508808716821,0.19284508808716821
