Name,FitNum,RedChiSq,lf,AlignMag,Temp,pA,pB,pC,dwB,dwC,kexAB,kexAC,kexBC,k12,k21,k13,k31,k23,k32,tau1,tau2,tau3,dG12,dG13,ddG12,ddG21,ddG13,ddG31,ddG23,ddG32,R1,R1b,R1c,R2,R2b,R2c,pA_err,pB_err,pC_err,dwB_err,dwC_err,kexAB_err,kexAC_err,kexBC_err,k12_err,k21_err,k13_err,k31_err,k23_err,k32_err,tau1_err,tau2_err,tau3_err,dG12_err,dG13_err,ddG12_err,ddG21_err,ddG13_err,ddG31_err,ddG23_err,ddG32_err,R1_err,R1b_err,R1c_err,R2_err,R2b_err,R2c_err
A16_C8_Off,1,0.24159934146256268,150.7,auto,298.15,0.9955,0.0045,0.0,2.8753209052368276,0.0,1527.7758427809795,0.0,0.0,6.87499129251,1520.90085149,0.0,0.0,0.0,0.0,0.145454729679,0.00065750505631,0.0,3.1989245348,0.0,16.310917804,13.1119932692,0.0,0.0,0.0,0.0,2.6638244759354657,2.6638244759354657,2.6638244759354657,28.849536889594145,28.849536889594145,28.849536889594145,0.0045,0.0045,0.0,0.07627484594653151,0.0,119.53054884999638,0.0,0.0,6.8652278118,119.189326252,0.0,0.0,0.0,0.0,0.145248162952,5.15270831704e-05,0.0,0.593462491797,0.0,0.591643334966,0.0464315987238,0.0,0.0,0.0,0.0,0.06575565661749658,0.06575565661749658,0.06575565661749658,0.19273615793710303,0.19273615793710303,0.19273615793710303
