Name,FitNum,RedChiSq,lf,AlignMag,Temp,pA,pB,pC,dwB,dwC,kexAB,kexAC,kexBC,k12,k21,k13,k31,k23,k32,tau1,tau2,tau3,dG12,dG13,ddG12,ddG21,ddG13,ddG31,ddG23,ddG32,R1,R1b,R1c,R2,R2b,R2c,pA_err,pB_err,pC_err,dwB_err,dwC_err,kexAB_err,kexAC_err,kexBC_err,k12_err,k21_err,k13_err,k31_err,k23_err,k32_err,tau1_err,tau2_err,tau3_err,dG12_err,dG13_err,ddG12_err,ddG21_err,ddG13_err,ddG31_err,ddG23_err,ddG32_err,R1_err,R1b_err,R1c_err,R2_err,R2b_err,R2c_err
ac8,1,0.35612244339248583,150.7,auto,298.15,0.97,0.03,0.0,1.1070422025327598,0.0,4786.733293785516,0.0,0.0,143.601998814,4643.13129497,0.0,0.0,0.0,0.0,0.00696369137103,0.000215371898073,0.0,2.05953545938,0.0,14.5102646992,12.4507292398,0.0,0.0,0.0,0.0,2.5052407699588732,2.5052407699588732,2.5052407699588732,29.535648280402462,29.535648280402462,29.535648280402462,0.03,0.03,0.0,0.049468931581324,0.0,294.635188710369,0.0,0.0,139.640573208,317.963504897,0.0,0.0,0.0,0.0,0.00677158996898,1.47487544972e-05,0.0,0.57756727084,0.0,0.576140378517,0.0405735947119,0.0,0.0,0.0,0.0,0.10441577279993719,0.10441577279993719,0.10441577279993719,0.2983222030845287,0.2983222030845287,0.2983222030845287
