Name,FitNum,RedChiSq,lf,AlignMag,Temp,pA,pB,pC,dwB,dwC,kexAB,kexAC,kexBC,k12,k21,k13,k31,k23,k32,tau1,tau2,tau3,dG12,dG13,ddG12,ddG21,ddG13,ddG31,ddG23,ddG32,R1,R1b,R1c,R2,R2b,R2c,pA_err,pB_err,pC_err,dwB_err,dwC_err,kexAB_err,kexAC_err,kexBC_err,k12_err,k21_err,k13_err,k31_err,k23_err,k32_err,tau1_err,tau2_err,tau3_err,dG12_err,dG13_err,ddG12_err,ddG21_err,ddG13_err,ddG31_err,ddG23_err,ddG32_err,R1_err,R1b_err,R1c_err,R2_err,R2b_err,R2c_err
G7N1_pH5.3HS_25C,1,0.7978678298825647,70.960765,auto,298.15,0.9975,0.0025,0.0,-2.081587037908697,0.0,280.17931854267516,0.0,0.0,0.700448296357,279.478870246,0.0,0.0,0.0,0.0,1.42765712359,0.00357808802905,0.0,3.54836830122,0.0,17.6641085949,14.1157402937,0.0,0.0,0.0,0.0,2.034696787819892,2.034696787819892,2.034696787819892,8.544831927359397,8.544831927359397,8.544831927359397,0.0025,0.0025,0.0,0.15073802004936357,0.0,19.922997580541463,0.0,0.0,0.700472409229,19.8854686902,0.0,0.0,0.0,0.0,1.42770627056,0.000254587967275,0.0,0.594002957276,0.0,0.59250514513,0.0421564496562,0.0,0.0,0.0,0.0,0.019764055276733854,0.019764055276733854,0.019764055276733854,0.023814519245963433,0.023814519245963433,0.023814519245963433
