Name,FitNum,N,DF,K,ChiSq,RedChiSq,Rsq,AdjRsq,AIC,BIC,RSS,TSS,SDR
G7C8_pH5.3HS_25C,1,280,270,10,215.42431406829246,0.7978678298825647,0.9792582117203696,0.9784871415241009,-52.59254665146102,-17.06249448593953,215.42431406829246,10386.004869206554,0.8932344764296577
