Name,FitNum,RedChiSq,lf,AlignMag,Temp,pA,pB,pC,dwB,dwC,kexAB,kexAC,kexBC,k12,k21,k13,k31,k23,k32,tau1,tau2,tau3,dG12,dG13,ddG12,ddG21,ddG13,ddG31,ddG23,ddG32,R1,R1b,R1c,R2,R2b,R2c,pA_err,pB_err,pC_err,dwB_err,dwC_err,kexAB_err,kexAC_err,kexBC_err,k12_err,k21_err,k13_err,k31_err,k23_err,k32_err,tau1_err,tau2_err,tau3_err,dG12_err,dG13_err,ddG12_err,ddG21_err,ddG13_err,ddG31_err,ddG23_err,ddG32_err,R1_err,R1b_err,R1c_err,R2_err,R2b_err,R2c_err
hpGBCm6A_m6A_C2_65C,1,7.297533395514978,150.88,auto,298.15,0.99,0.01,0.0,3.145699701797157,0.0,1731.761585102769,0.0,0.0,17.317615851,1714.44396925,0.0,0.0,0.0,0.0,0.0577446692779,0.000583279487656,0.0,2.72253843054,0.0,15.7635603293,13.0410218987,0.0,0.0,0.0,0.0,5.0581028350496675,5.0581028350496675,5.0581028350496675,11.61440066921852,11.61440066921852,11.61440066921852,0.01,0.01,0.0,0.0894448081116797,0.0,124.19505206471554,0.0,0.0,17.1902368642,124.142768544,0.0,0.0,0.0,0.0,0.0573199308192,4.22352271237e-05,0.0,0.589689443448,0.0,0.588126752524,0.0429017794496,0.0,0.0,0.0,0.0,0.17577543797254663,0.17577543797254663,0.17577543797254663,0.3318182231313193,0.3318182231313193,0.3318182231313193
