Name,FitNum,N,DF,K,ChiSq,RedChiSq,Rsq,AdjRsq,AIC,BIC,RSS,TSS,SDR
A16_C8_Off,1,106,102,4,144.72728475503894,1.4188949485788132,0.9826716910591492,0.9819854213981254,41.40572035959346,51.66343713208133,144.72728475503894,8352.072048637714,1.1911737692624083
