Name,FitNum,RedChiSq,lf,AlignMag,Temp,pA,pB,pC,dwB,dwC,kexAB,kexAC,kexBC,k12,k21,k13,k31,k23,k32,tau1,tau2,tau3,dG12,dG13,ddG12,ddG21,ddG13,ddG31,ddG23,ddG32,R1,R1b,R1c,R2,R2b,R2c,pA_err,pB_err,pC_err,dwB_err,dwC_err,kexAB_err,kexAC_err,kexBC_err,k12_err,k21_err,k13_err,k31_err,k23_err,k32_err,tau1_err,tau2_err,tau3_err,dG12_err,dG13_err,ddG12_err,ddG21_err,ddG13_err,ddG31_err,ddG23_err,ddG32_err,R1_err,R1b_err,R1c_err,R2_err,R2b_err,R2c_err
A16_C8_Off,1,1.4188949485788132,150.7,auto,298.15,0.999,0.001,0.0,5.598439216669757,0.0,3519.6059252586692,0.0,0.0,3.51960592526,3516.08631933,0.0,0.0,0.0,0.0,0.284122717496,0.000284407124621,0.0,4.0921468707,0.0,16.7076108407,12.61546397,0.0,0.0,0.0,0.0,2.9091757561669276,2.9091757561669276,2.9091757561669276,26.804867577338428,26.804867577338428,26.804867577338428,0.001,0.001,0.0,0.8583669215884567,0.0,1969.2995450226829,0.0,0.0,4.03001440328,1967.33338752,0.0,0.0,0.0,0.0,0.325325808663,0.00015913250731,0.0,0.755071636553,0.0,0.678406083655,0.331509218555,0.0,0.0,0.0,0.0,0.2030416277491673,0.2030416277491673,0.2030416277491673,0.6185545724174984,0.6185545724174984,0.6185545724174984
