Name,FitNum,RedChiSq,lf,AlignMag,Temp,pA,pB,pC,dwB,dwC,kexAB,kexAC,kexBC,k12,k21,k13,k31,k23,k32,tau1,tau2,tau3,dG12,dG13,ddG12,ddG21,ddG13,ddG31,ddG23,ddG32,R1,R1b,R1c,R2,R2b,R2c,pA_err,pB_err,pC_err,dwB_err,dwC_err,kexAB_err,kexAC_err,kexBC_err,k12_err,k21_err,k13_err,k31_err,k23_err,k32_err,tau1_err,tau2_err,tau3_err,dG12_err,dG13_err,ddG12_err,ddG21_err,ddG13_err,ddG31_err,ddG23_err,ddG32_err,R1_err,R1b_err,R1c_err,R2_err,R2b_err,R2c_err
T8_N3_Off,1,0.14701459506823764,176.04,auto,298.15,0.965,0.035,0.0,-0.4877589187905229,0.0,207.31309802974002,0.0,0.0,7.25595843104,200.057139599,0.0,0.0,0.0,0.0,0.137817768597,0.00499857191803,0.0,1.96514158904,0.0,16.278963557,14.3138219679,0.0,0.0,0.0,0.0,1.4704329925473263,1.4704329925473263,1.4704329925473263,8.000873313977868,8.000873313977868,8.000873313977868,0.035,0.035,0.0,0.025243622021987176,0.0,24.89513643857159,0.0,0.0,7.06057454623,25.0247034735,0.0,0.0,0.0,0.0,0.134106698408,0.000625260264596,0.0,0.581274734403,0.0,0.576530692234,0.0741126019465,0.0,0.0,0.0,0.0,0.026733275684293043,0.026733275684293043,0.026733275684293043,0.03446809628994994,0.03446809628994994,0.03446809628994994
