Name,FitNum,RedChiSq,lf,AlignMag,Temp,pA,pB,pC,dwB,dwC,kexAB,kexAC,kexBC,k12,k21,k13,k31,k23,k32,tau1,tau2,tau3,dG12,dG13,ddG12,ddG21,ddG13,ddG31,ddG23,ddG32,R1,R1b,R1c,R2,R2b,R2c,pA_err,pB_err,pC_err,dwB_err,dwC_err,kexAB_err,kexAC_err,kexBC_err,k12_err,k21_err,k13_err,k31_err,k23_err,k32_err,tau1_err,tau2_err,tau3_err,dG12_err,dG13_err,ddG12_err,ddG21_err,ddG13_err,ddG31_err,ddG23_err,ddG32_err,R1_err,R1b_err,R1c_err,R2_err,R2b_err,R2c_err
c15_c6,1,0.4322068899837118,176.002098,auto,298.15,0.996,0.004,0.0,2.9985758147421313,0.0,5020.152393075932,0.0,0.0,20.0806095723,5000.0717835,0.0,0.0,0.0,0.0,0.0497992850466,0.000199997128701,0.0,3.26900669389,0.0,15.6758545685,12.4068478746,0.0,0.0,0.0,0.0,1.8305699877188686,1.8305699877188686,1.8305699877188686,29.90249372664282,29.90249372664282,29.90249372664282,0.004,0.004,0.0,0.19692524992278976,0.0,569.0688736999953,0.0,0.0,20.1295645076,567.145367007,0.0,0.0,0.0,0.0,0.0499206917583,2.26851633074e-05,0.0,0.59771920866,0.0,0.593929179773,0.0672040312433,0.0,0.0,0.0,0.0,0.0562356146968147,0.0562356146968147,0.0562356146968147,0.366923136697122,0.366923136697122,0.366923136697122
