Name,FitNum,RedChiSq,lf,AlignMag,Temp,pA,pB,pC,dwB,dwC,kexAB,kexAC,kexBC,k12,k21,k13,k31,k23,k32,tau1,tau2,tau3,dG12,dG13,ddG12,ddG21,ddG13,ddG31,ddG23,ddG32,R1,R1b,R1c,R2,R2b,R2c,pA_err,pB_err,pC_err,dwB_err,dwC_err,kexAB_err,kexAC_err,kexBC_err,k12_err,k21_err,k13_err,k31_err,k23_err,k32_err,tau1_err,tau2_err,tau3_err,dG12_err,dG13_err,ddG12_err,ddG21_err,ddG13_err,ddG31_err,ddG23_err,ddG32_err,R1_err,R1b_err,R1c_err,R2_err,R2b_err,R2c_err
T8_N3_Off,1,0.9136718720879583,176.04,auto,298.15,0.98,0.02,0.0,0.4005933166049322,0.0,1092.3416749193827,0.0,0.0,21.8468334984,1070.49484142,0.0,0.0,0.0,0.0,0.0457732238438,0.000934147425384,0.0,2.30584417206,0.0,15.6259073105,13.3200631384,0.0,0.0,0.0,0.0,1.5254891903601389,1.5254891903601389,1.5254891903601389,7.8917503804066556,7.8917503804066556,7.8917503804066556,0.02,0.02,0.0,0.025076476691576463,0.0,261.6574979944626,0.0,0.0,22.0445107535,257.316965746,0.0,0.0,0.0,0.0,0.0461873948607,0.000224542867241,0.0,0.614574697607,0.0,0.597845743605,0.142416732839,0.0,0.0,0.0,0.0,0.06423255502085287,0.06423255502085287,0.06423255502085287,0.13433925718192682,0.13433925718192682,0.13433925718192682
