Name,FitNum,RedChiSq,lf,AlignMag,Temp,pA,pB,pC,dwB,dwC,kexAB,kexAC,kexBC,k12,k21,k13,k31,k23,k32,tau1,tau2,tau3,dG12,dG13,ddG12,ddG21,ddG13,ddG31,ddG23,ddG32,R1,R1b,R1c,R2,R2b,R2c,pA_err,pB_err,pC_err,dwB_err,dwC_err,kexAB_err,kexAC_err,kexBC_err,k12_err,k21_err,k13_err,k31_err,k23_err,k32_err,tau1_err,tau2_err,tau3_err,dG12_err,dG13_err,ddG12_err,ddG21_err,ddG13_err,ddG31_err,ddG23_err,ddG32_err,R1_err,R1b_err,R1c_err,R2_err,R2b_err,R2c_err
A16_C8_Off,1,0.9211342791357946,150.7,auto,298.15,0.97,0.03,0.0,3.168251699934324,0.0,91.09976267991817,0.0,0.0,2.7329928804,88.3667697995,0.0,0.0,0.0,0.0,0.365899233464,0.0113164711381,0.0,2.05953545938,0.0,16.857480882,14.7979454226,0.0,0.0,0.0,0.0,2.5112724168071656,2.5112724168071656,2.5112724168071656,25.95870903032212,25.95870903032212,25.95870903032212,0.03,0.03,0.0,0.1531673211604613,0.0,8.09897132522918,0.0,0.0,2.66337637826,8.29164097556,0.0,0.0,0.0,0.0,0.356578819587,0.00106184843013,0.0,0.580062864297,0.0,0.577392607204,0.0555940975602,0.0,0.0,0.0,0.0,0.13406489529652804,0.13406489529652804,0.13406489529652804,0.18305859982143938,0.18305859982143938,0.18305859982143938
