Name,FitNum,RedChiSq,lf,AlignMag,Temp,pA,pB,pC,dwB,dwC,kexAB,kexAC,kexBC,k12,k21,k13,k31,k23,k32,tau1,tau2,tau3,dG12,dG13,ddG12,ddG21,ddG13,ddG31,ddG23,ddG32,R1,R1b,R1c,R2,R2b,R2c,pA_err,pB_err,pC_err,dwB_err,dwC_err,kexAB_err,kexAC_err,kexBC_err,k12_err,k21_err,k13_err,k31_err,k23_err,k32_err,tau1_err,tau2_err,tau3_err,dG12_err,dG13_err,ddG12_err,ddG21_err,ddG13_err,ddG31_err,ddG23_err,ddG32_err,R1_err,R1b_err,R1c_err,R2_err,R2b_err,R2c_err
A16_C8_Off,1,0.8176820683388526,176.04,auto,298.15,0.965,0.035,0.0,1.8576363986216566,0.0,5941.620415933141,0.0,0.0,207.956714558,5733.66370138,0.0,0.0,0.0,0.0,0.00480869301156,0.000174408554823,0.0,1.96514158904,0.0,14.2908768518,12.3257352628,0.0,0.0,0.0,0.0,1.7917579541126532,1.7917579541126532,1.7917579541126532,22.282779729026313,22.282779729026313,22.282779729026313,0.035,0.035,0.0,0.1162042713070458,0.0,521.192883320035,0.0,0.0,201.637024465,541.557540567,0.0,0.0,0.0,0.0,0.00466255947772,1.64732835624e-05,0.0,0.577198706355,0.0,0.574479463488,0.0559615282907,0.0,0.0,0.0,0.0,0.2616128009917275,0.2616128009917275,0.2616128009917275,1.3182798179198585,1.3182798179198585,1.3182798179198585
