Name,FitNum,N,DF,K,ChiSq,RedChiSq,Rsq,AdjRsq,AIC,BIC,RSS,TSS,SDR
G_C8_Off,1,199,192,7,77.91420266922597,0.4058031389022186,0.9802475016406178,0.9795235880881797,-172.01522984030544,-149.54848350178898,77.91420266922597,3944.5239408015236,0.6370267960629432
