Name,FitNum,N,DF,K,ChiSq,RedChiSq,Rsq,AdjRsq,AIC,BIC,RSS,TSS,SDR
G_C1p_Off,1,199,192,7,77.91420266922597,0.4058031389022186,0.960220716092491,0.9587628365775561,-172.01522984030544,-149.54848350178898,77.91420266922597,1958.6627765945875,0.6370267960629432
