Name,FitNum,RedChiSq,lf,AlignMag,Temp,pA,pB,pC,dwB,dwC,kexAB,kexAC,kexBC,k12,k21,k13,k31,k23,k32,tau1,tau2,tau3,dG12,dG13,ddG12,ddG21,ddG13,ddG31,ddG23,ddG32,R1,R1b,R1c,R2,R2b,R2c,pA_err,pB_err,pC_err,dwB_err,dwC_err,kexAB_err,kexAC_err,kexBC_err,k12_err,k21_err,k13_err,k31_err,k23_err,k32_err,tau1_err,tau2_err,tau3_err,dG12_err,dG13_err,ddG12_err,ddG21_err,ddG13_err,ddG31_err,ddG23_err,ddG32_err,R1_err,R1b_err,R1c_err,R2_err,R2b_err,R2c_err
ac8,1,1.9338486758686635,150.7,auto,298.15,0.9999,0.0001,0.0,6.87857495723192,0.0,4344.826704747837,0.0,0.0,0.434482670475,4344.39222208,0.0,0.0,0.0,0.0,2.30158776852,0.000230181795032,0.0,5.45692695108,0.0,17.9470582738,12.4901313228,0.0,0.0,0.0,0.0,2.5043361883203104,2.5043361883203104,2.5043361883203104,33.079654687017594,33.079654687017594,33.079654687017594,0.0001,0.0001,0.0,12.71860931794217,0.0,18573.761086445076,0.0,0.0,1.90750712938,18571.9037154,0.0,0.0,0.0,0.0,10.1046494503,0.000984007409057,0.0,3.63061106981,0.0,2.60118287648,2.53282142744,0.0,0.0,0.0,0.0,0.2865599701037323,0.2865599701037323,0.2865599701037323,0.7074746757526249,0.7074746757526249,0.7074746757526249
