Name,FitNum,N,DF,K,ChiSq,RedChiSq,Rsq,AdjRsq,AIC,BIC,RSS,TSS,SDR
A16_C8_Off,1,105,101,4,62.107956626923965,0.6149302636329106,0.9930234120294571,0.9927443485106354,-46.734055555751254,-36.51821415512116,62.10795662692395,8902.33978115971,0.7841748935237026
