Name,FitNum,RedChiSq,lf,AlignMag,Temp,pA,pB,pC,dwB,dwC,kexAB,kexAC,kexBC,k12,k21,k13,k31,k23,k32,tau1,tau2,tau3,dG12,dG13,ddG12,ddG21,ddG13,ddG31,ddG23,ddG32,R1,R1b,R1c,R2,R2b,R2c,pA_err,pB_err,pC_err,dwB_err,dwC_err,kexAB_err,kexAC_err,kexBC_err,k12_err,k21_err,k13_err,k31_err,k23_err,k32_err,tau1_err,tau2_err,tau3_err,dG12_err,dG13_err,ddG12_err,ddG21_err,ddG13_err,ddG31_err,ddG23_err,ddG32_err,R1_err,R1b_err,R1c_err,R2_err,R2b_err,R2c_err
gc1p,1,0.22057101284428726,150.7,auto,298.15,0.995,0.005,0.0,2.069103882209457,0.0,2622.6021357397717,0.0,0.0,13.1130106787,2609.48912506,0.0,0.0,0.0,0.0,0.0762601376985,0.000383216772354,0.0,3.13620237989,0.0,15.9283417858,12.7921394059,0.0,0.0,0.0,0.0,2.141403730634998,2.141403730634998,2.141403730634998,15.894782687336752,15.894782687336752,15.894782687336752,0.005,0.005,0.0,0.06942585028022406,0.0,212.44632150418545,0.0,0.0,13.0907781323,211.786386714,0.0,0.0,0.0,0.0,0.0761308419106,3.11019098589e-05,0.0,0.59343164836,0.0,0.59148021645,0.0480861188293,0.0,0.0,0.0,0.0,0.07710081946371244,0.07710081946371244,0.07710081946371244,0.16298746422573726,0.16298746422573726,0.16298746422573726
