Name,FitNum,N,DF,K,ChiSq,RedChiSq,Rsq,AdjRsq,AIC,BIC,RSS,TSS,SDR
A16_C8_Off,1,104,100,4,71.96477157349746,0.7196477157349745,0.9902334686943743,0.9898388613688945,-29.890234686726902,-19.716711494201817,71.96477157349749,7368.508769540807,0.848320526531673
