Name,FitNum,RedChiSq,lf,AlignMag,Temp,pA,pB,pC,dwB,dwC,kexAB,kexAC,kexBC,k12,k21,k13,k31,k23,k32,tau1,tau2,tau3,dG12,dG13,ddG12,ddG21,ddG13,ddG31,ddG23,ddG32,R1,R1b,R1c,R2,R2b,R2c,pA_err,pB_err,pC_err,dwB_err,dwC_err,kexAB_err,kexAC_err,kexBC_err,k12_err,k21_err,k13_err,k31_err,k23_err,k32_err,tau1_err,tau2_err,tau3_err,dG12_err,dG13_err,ddG12_err,ddG21_err,ddG13_err,ddG31_err,ddG23_err,ddG32_err,R1_err,R1b_err,R1c_err,R2_err,R2b_err,R2c_err
A16_C8_Off,1,0.7196477157349745,150.7,auto,298.15,0.998,0.002,0.0,4.569892497023323,0.0,3337.757769716853,0.0,0.0,6.67551553943,3331.08225418,0.0,0.0,0.0,0.0,0.149801164284,0.000300202734035,0.0,3.68087436261,0.0,16.3283628902,12.6474885276,0.0,0.0,0.0,0.0,2.757794764899226,2.757794764899226,2.757794764899226,24.584838393755334,24.584838393755334,24.584838393755334,0.002,0.002,0.0,0.27968611283979755,0.0,688.6615626201112,0.0,0.0,6.80306057431,687.316528589,0.0,0.0,0.0,0.0,0.152663324458,6.19421212945e-05,0.0,0.616056424512,0.0,0.603804996373,0.122249926534,0.0,0.0,0.0,0.0,0.12856324168680996,0.12856324168680996,0.12856324168680996,0.3831913999567752,0.3831913999567752,0.3831913999567752
