Name,FitNum,RedChiSq,lf,AlignMag,Temp,pA,pB,pC,dwB,dwC,kexAB,kexAC,kexBC,k12,k21,k13,k31,k23,k32,tau1,tau2,tau3,dG12,dG13,ddG12,ddG21,ddG13,ddG31,ddG23,ddG32,R1,R1b,R1c,R2,R2b,R2c,pA_err,pB_err,pC_err,dwB_err,dwC_err,kexAB_err,kexAC_err,kexBC_err,k12_err,k21_err,k13_err,k31_err,k23_err,k32_err,tau1_err,tau2_err,tau3_err,dG12_err,dG13_err,ddG12_err,ddG21_err,ddG13_err,ddG31_err,ddG23_err,ddG32_err,R1_err,R1b_err,R1c_err,R2_err,R2b_err,R2c_err
gc1p,1,0.2883075283861919,150.7,auto,298.15,0.999,0.001,0.0,4.543349805868425,0.0,2311.4484578058095,0.0,0.0,2.31144845781,2309.13700935,0.0,0.0,0.0,0.0,0.432629157974,0.000433062220194,0.0,4.0921468707,0.0,16.9567356666,12.8645887959,0.0,0.0,0.0,0.0,2.01226548899182,2.01226548899182,2.01226548899182,16.768390450871525,16.768390450871525,16.768390450871525,0.001,0.001,0.0,0.4260331627742348,0.0,480.7214688364514,0.0,0.0,2.35864626456,480.246298842,0.0,0.0,0.0,0.0,0.441463076518,9.00667771442e-05,0.0,0.617012341027,0.0,0.604582782311,0.123222921214,0.0,0.0,0.0,0.0,0.10013919471437026,0.10013919471437026,0.10013919471437026,0.19101093707415492,0.19101093707415492,0.19101093707415492
