Name,FitNum,N,DF,K,ChiSq,RedChiSq,Rsq,AdjRsq,AIC,BIC,RSS,TSS,SDR
T8_N3_Off,1,97,93,4,13.967466134202148,0.15018780789464675,0.9753298315584252,0.9742572155392264,-179.54929686592496,-169.68523556060708,13.96746613420215,566.1682516388443,0.3875407177247918
