Name,FitNum,N,DF,K,ChiSq,RedChiSq,Rsq,AdjRsq,AIC,BIC,RSS,TSS,SDR
G_C1p_Off_clean,1,253,248,5,71.97788459948174,0.29023340564307154,0.9343740785024868,0.9330456185531444,-308.0287355343997,-290.3617880907621,71.97788459948174,1096.790459577916,0.5387331488251595
