Name,FitNum,RedChiSq,lf,AlignMag,Temp,pA,pB,pC,dwB,dwC,kexAB,kexAC,kexBC,k12,k21,k13,k31,k23,k32,tau1,tau2,tau3,dG12,dG13,ddG12,ddG21,ddG13,ddG31,ddG23,ddG32,R1,R1b,R1c,R2,R2b,R2c,pA_err,pB_err,pC_err,dwB_err,dwC_err,kexAB_err,kexAC_err,kexBC_err,k12_err,k21_err,k13_err,k31_err,k23_err,k32_err,tau1_err,tau2_err,tau3_err,dG12_err,dG13_err,ddG12_err,ddG21_err,ddG13_err,ddG31_err,ddG23_err,ddG32_err,R1_err,R1b_err,R1c_err,R2_err,R2b_err,R2c_err
G10_C8_Off,1,0.24529318760992996,176.04,auto,298.15,0.97,0.03,0.0,3.025523857231963,0.0,3344.3793662207454,0.0,0.0,100.331380987,3244.04798523,0.0,0.0,0.0,0.0,0.009966971352,0.000308256845938,0.0,2.05953545938,0.0,14.7227102128,12.6631747535,0.0,0.0,0.0,0.0,1.179992034760444,1.179992034760444,1.179992034760444,28.80415161546419,28.80415161546419,28.80415161546419,0.03,0.03,0.0,0.02985951244829506,0.0,103.51569764941077,0.0,0.0,97.4174845423,139.866850879,0.0,0.0,0.0,0.0,0.00967750337002,1.3290467496e-05,0.0,0.575844254971,0.0,0.575277378815,0.0255449291745,0.0,0.0,0.0,0.0,0.22662767137036371,0.22662767137036371,0.22662767137036371,0.6344178195018283,0.6344178195018283,0.6344178195018283
