Name,FitNum,RedChiSq,lf,AlignMag,Temp,pA,pB,pC,dwB,dwC,kexAB,kexAC,kexBC,k12,k21,k13,k31,k23,k32,tau1,tau2,tau3,dG12,dG13,ddG12,ddG21,ddG13,ddG31,ddG23,ddG32,R1,R1b,R1c,R2,R2b,R2c,pA_err,pB_err,pC_err,dwB_err,dwC_err,kexAB_err,kexAC_err,kexBC_err,k12_err,k21_err,k13_err,k31_err,k23_err,k32_err,tau1_err,tau2_err,tau3_err,dG12_err,dG13_err,ddG12_err,ddG21_err,ddG13_err,ddG31_err,ddG23_err,ddG32_err,R1_err,R1b_err,R1c_err,R2_err,R2b_err,R2c_err
ac8,1,0.5161461530699947,176.04,auto,298.15,0.95,0.05,0.0,2.0424227856851718,0.0,88.18900802176846,0.0,0.0,4.40945040109,83.7795576207,0.0,0.0,0.0,0.0,0.226785632911,0.0119360859427,0.0,1.7445351892,0.0,16.5740641705,14.8295289813,0.0,0.0,0.0,0.0,1.2338859701783003,1.2338859701783003,1.2338859701783003,30.339691306240386,30.339691306240386,30.339691306240386,0.05,0.05,0.0,0.0758314130349187,0.0,3.607730211518993,0.0,0.0,4.19865253541,5.416902128,0.0,0.0,0.0,0.0,0.215943935412,0.000771746845878,0.0,0.565459581654,0.0,0.564160466011,0.0383080549508,0.0,0.0,0.0,0.0,0.16214649484011423,0.16214649484011423,0.16214649484011423,0.15994916567846057,0.15994916567846057,0.15994916567846057
