Name,FitNum,RedChiSq,lf,AlignMag,Temp,pA,pB,pC,dwB,dwC,kexAB,kexAC,kexBC,k12,k21,k13,k31,k23,k32,tau1,tau2,tau3,dG12,dG13,ddG12,ddG21,ddG13,ddG31,ddG23,ddG32,R1,R1b,R1c,R2,R2b,R2c,pA_err,pB_err,pC_err,dwB_err,dwC_err,kexAB_err,kexAC_err,kexBC_err,k12_err,k21_err,k13_err,k31_err,k23_err,k32_err,tau1_err,tau2_err,tau3_err,dG12_err,dG13_err,ddG12_err,ddG21_err,ddG13_err,ddG31_err,ddG23_err,ddG32_err,R1_err,R1b_err,R1c_err,R2_err,R2b_err,R2c_err
G_C8_Off,1,0.26700364792206305,150.88,auto,298.15,0.997,0.003,0.0,4.27,0.0,163.3453122868967,0.0,0.0,0.490035936861,162.85527635,0.0,0.0,0.0,0.0,2.04066666295,0.00614042125261,0.0,3.44004850013,0.0,17.8757689276,14.4357204274,0.0,0.0,0.0,0.0,2.3410897462930733,2.3410897462930733,2.3410897462930733,20.88378688903831,20.88378688903831,20.88378688903831,0.003,0.003,0.0,4.27,0.0,19.231375244282745,0.0,0.0,0.491962745212,19.1799047538,0.0,0.0,0.0,0.0,2.04869051033,0.000723173957965,0.0,0.598893306991,0.0,0.594814383266,0.0697785254894,0.0,0.0,0.0,0.0,0.05252153123547417,0.05252153123547417,0.05252153123547417,0.06985155878747978,0.06985155878747978,0.06985155878747978
