Name,FitNum,N,DF,K,ChiSq,RedChiSq,Rsq,AdjRsq,AIC,BIC,RSS,TSS,SDR
c15_c6,1,138,134,4,84.78489149358113,0.6327230708476204,0.995627420938138,0.9954959148009391,-58.92406091263554,-47.51579805170597,84.78489149358111,19390.13344162995,0.795438917106537
