Name,FitNum,N,DF,K,ChiSq,RedChiSq,Rsq,AdjRsq,AIC,BIC,RSS,TSS,SDR
G_C8_Off_clean,1,253,248,5,121.40377465194238,0.4895313494029935,0.9649858733436978,0.9642770853547038,-175.7696820288586,-158.102734585221,121.40377465194237,3467.2798166191255,0.6996651694939469
