Name,FitNum,RedChiSq,lf,AlignMag,Temp,pA,pB,pC,dwB,dwC,kexAB,kexAC,kexBC,k12,k21,k13,k31,k23,k32,tau1,tau2,tau3,dG12,dG13,ddG12,ddG21,ddG13,ddG31,ddG23,ddG32,R1,R1b,R1c,R2,R2b,R2c,pA_err,pB_err,pC_err,dwB_err,dwC_err,kexAB_err,kexAC_err,kexBC_err,k12_err,k21_err,k13_err,k31_err,k23_err,k32_err,tau1_err,tau2_err,tau3_err,dG12_err,dG13_err,ddG12_err,ddG21_err,ddG13_err,ddG31_err,ddG23_err,ddG32_err,R1_err,R1b_err,R1c_err,R2_err,R2b_err,R2c_err
G_C1p_Off_clean,1,0.4895313494029935,150.88,avg,298.15,0.97,0.03,0.0,4.12,0.0,15.34149045348455,0.0,0.0,0.460244713605,14.8812457399,0.0,0.0,0.0,0.0,2.17275716687,0.0671986752641,0.0,2.05953545938,0.0,17.912929805,15.8533943456,0.0,0.0,0.0,0.0,2.258053831640547,2.258053831640547,2.258053831640547,11.843063963394382,11.843063963394382,11.843063963394382,0.03,0.03,0.0,4.12,0.0,2.2437301580838382,0.0,0.0,0.451694434868,2.2217770778,0.0,0.0,0.0,0.0,2.1323923808,0.0100327942277,0.0,0.588167701436,0.0,0.581477757177,0.0884582552461,0.0,0.0,0.0,0.0,0.06685405009945303,0.06685405009945303,0.06685405009945303,0.08123614636661038,0.08123614636661038,0.08123614636661038
