Name,FitNum,RedChiSq,lf,AlignMag,Temp,pA,pB,pC,dwB,dwC,kexAB,kexAC,kexBC,k12,k21,k13,k31,k23,k32,tau1,tau2,tau3,dG12,dG13,ddG12,ddG21,ddG13,ddG31,ddG23,ddG32,R1,R1b,R1c,R2,R2b,R2c,pA_err,pB_err,pC_err,dwB_err,dwC_err,kexAB_err,kexAC_err,kexBC_err,k12_err,k21_err,k13_err,k31_err,k23_err,k32_err,tau1_err,tau2_err,tau3_err,dG12_err,dG13_err,ddG12_err,ddG21_err,ddG13_err,ddG31_err,ddG23_err,ddG32_err,R1_err,R1b_err,R1c_err,R2_err,R2b_err,R2c_err
A16_C8_Off,1,0.2968880054662064,150.7,auto,298.15,0.9995,0.0005,0.0,4.7328391188345975,0.0,3224.783946176497,0.0,0.0,1.61239197309,3223.1715542,0.0,0.0,0.0,0.0,0.620196587859,0.00031025342064,0.0,4.50312246865,0.0,17.1701223621,12.6669998934,0.0,0.0,0.0,0.0,2.1117532905956504,2.1117532905956504,2.1117532905956504,22.52497382420198,22.52497382420198,22.52497382420198,0.0005,0.0005,0.0,0.6096607217634353,0.0,1465.7285364800114,0.0,0.0,1.77039526733,1464.99655863,0.0,0.0,0.0,0.0,0.680971576566,0.000141016444796,0.0,0.704079685153,0.0,0.650544168485,0.269296282737,0.0,0.0,0.0,0.0,0.07565211565126248,0.07565211565126248,0.07565211565126248,0.21045251889393873,0.21045251889393873,0.21045251889393873
