Name,FitNum,N,DF,K,ChiSq,RedChiSq,Rsq,AdjRsq,AIC,BIC,RSS,TSS,SDR
gc1p,1,196,189,7,40.653996645579646,0.21510051135227326,0.9935490887512674,0.9933088952473251,-293.71568720176754,-271.364629268005,40.65399664557965,6302.054869157659,0.4637892962890296
