param,fit_val,fit_err
kex(s-1),98.7751860265,2.19032753526
tau_ex(s),0.0101240001687,0.000224498451773
R1n(s-1),88.3959564619,2.11108775109
