Name,FitNum,N,DF,K,ChiSq,RedChiSq,Rsq,AdjRsq,AIC,BIC,RSS,TSS,SDR
ac8,1,219,212,7,17.88797459143905,0.08437723863886344,0.998940144533035,0.9989049834511926,-534.0517229788693,-510.85902655735765,17.887974591439047,16877.749041257106,0.290477604367124
