Name,FitNum,RedChiSq,lf,AlignMag,Temp,pA,pB,pC,dwB,dwC,kexAB,kexAC,kexBC,k12,k21,k13,k31,k23,k32,tau1,tau2,tau3,dG12,dG13,ddG12,ddG21,ddG13,ddG31,ddG23,ddG32,R1,R1b,R1c,R2,R2b,R2c,pA_err,pB_err,pC_err,dwB_err,dwC_err,kexAB_err,kexAC_err,kexBC_err,k12_err,k21_err,k13_err,k31_err,k23_err,k32_err,tau1_err,tau2_err,tau3_err,dG12_err,dG13_err,ddG12_err,ddG21_err,ddG13_err,ddG31_err,ddG23_err,ddG32_err,R1_err,R1b_err,R1c_err,R2_err,R2b_err,R2c_err
ac1p,1,0.08437723863886344,150.7,auto,298.15,0.975,0.025,0.0,2.9712465706403957,0.0,2366.6816453577076,0.0,0.0,59.1670411339,2307.51460422,0.0,0.0,0.0,0.0,0.016901301482,0.000433366704666,0.0,2.17060440196,0.0,15.0356096253,12.8650052234,0.0,0.0,0.0,0.0,1.3061818097706657,1.3061818097706657,1.3061818097706657,18.09580617257971,18.09580617257971,18.09580617257971,0.025,0.025,0.0,0.014280208447315486,0.0,36.492038439670395,0.0,0.0,57.714036726,67.7937715518,0.0,0.0,0.0,0.0,0.0164862449727,1.2732124564e-05,0.0,0.578196788946,0.0,0.577934706584,0.0174069432284,0.0,0.0,0.0,0.0,0.10869179215725072,0.10869179215725072,0.10869179215725072,0.1964274771347773,0.1964274771347773,0.1964274771347773
