Name,FitNum,N,DF,K,ChiSq,RedChiSq,Rsq,AdjRsq,AIC,BIC,RSS,TSS,SDR
ac1p,1,219,212,7,17.88797459143905,0.08437723863886344,0.9988823450454936,0.9988452664451071,-534.0517229788693,-510.85902655735765,17.887974591439047,16004.916829933014,0.290477604367124
