Name,FitNum,RedChiSq,lf,AlignMag,Temp,pA,pB,pC,dwB,dwC,kexAB,kexAC,kexBC,k12,k21,k13,k31,k23,k32,tau1,tau2,tau3,dG12,dG13,ddG12,ddG21,ddG13,ddG31,ddG23,ddG32,R1,R1b,R1c,R2,R2b,R2c,pA_err,pB_err,pC_err,dwB_err,dwC_err,kexAB_err,kexAC_err,kexBC_err,k12_err,k21_err,k13_err,k31_err,k23_err,k32_err,tau1_err,tau2_err,tau3_err,dG12_err,dG13_err,ddG12_err,ddG21_err,ddG13_err,ddG31_err,ddG23_err,ddG32_err,R1_err,R1b_err,R1c_err,R2_err,R2b_err,R2c_err
T8_N3_Off,1,0.8678509623533662,176.04,auto,298.15,0.973,0.027,0.0,0.3481596242752869,0.0,1047.397166813132,0.0,0.0,28.279723504,1019.11744331,0.0,0.0,0.0,0.0,0.0353610246529,0.000981241177418,0.0,2.12378955728,0.0,15.472993471,13.3492039137,0.0,0.0,0.0,0.0,1.5278503322719732,1.5278503322719732,1.5278503322719732,7.883631069513088,7.883631069513088,7.883631069513088,0.027,0.027,0.0,0.020054396912179542,0.0,240.17672503611328,0.0,0.0,28.2802924256,235.307568491,0.0,0.0,0.0,0.0,0.0353617360337,0.000226562185818,0.0,0.608084515532,0.0,0.592496668297,0.136800862889,0.0,0.0,0.0,0.0,0.06261496331566924,0.06261496331566924,0.06261496331566924,0.12915449537226803,0.12915449537226803,0.12915449537226803
