Name,FitNum,N,DF,K,ChiSq,RedChiSq,Rsq,AdjRsq,AIC,BIC,RSS,TSS,SDR
T8_N3_Off,1,97,93,4,80.71013949886306,0.8678509623533662,0.8574449569271368,0.8512469115761427,-9.398353768219756,0.4657075370981225,80.71013949886309,566.1682516388443,0.9315851879207647
