Name,FitNum,RedChiSq,lf,AlignMag,Temp,pA,pB,pC,dwB,dwC,kexAB,kexAC,kexBC,k12,k21,k13,k31,k23,k32,tau1,tau2,tau3,dG12,dG13,ddG12,ddG21,ddG13,ddG31,ddG23,ddG32,R1,R1b,R1c,R2,R2b,R2c,pA_err,pB_err,pC_err,dwB_err,dwC_err,kexAB_err,kexAC_err,kexBC_err,k12_err,k21_err,k13_err,k31_err,k23_err,k32_err,tau1_err,tau2_err,tau3_err,dG12_err,dG13_err,ddG12_err,ddG21_err,ddG13_err,ddG31_err,ddG23_err,ddG32_err,R1_err,R1b_err,R1c_err,R2_err,R2b_err,R2c_err
hpGBCm6A_m6AC2_55C,1,0.22722554143385335,150.7,auto,298.15,0.988,0.012,0.0,2.628514160928378,0.0,536.2705561383998,0.0,0.0,6.43524667366,529.835309465,0.0,0.0,0.0,0.0,0.155394198655,0.00188737893103,0.0,2.6133175392,0.0,16.3500811665,13.7367636273,0.0,0.0,0.0,0.0,4.455204623550628,4.455204623550628,4.455204623550628,13.71235215507953,13.71235215507953,13.71235215507953,0.012,0.012,0.0,0.015736352653336044,0.0,4.312010136283616,0.0,0.0,6.35870319972,7.65377654779,0.0,0.0,0.0,0.0,0.153545876065,2.72642769198e-05,0.0,0.585500050392,0.0,0.585437491307,0.00855878382395,0.0,0.0,0.0,0.0,0.022228507610393272,0.022228507610393272,0.022228507610393272,0.029232175764931735,0.029232175764931735,0.029232175764931735
