Name,FitNum,N,DF,K,ChiSq,RedChiSq,Rsq,AdjRsq,AIC,BIC,RSS,TSS,SDR
ac8,1,196,189,7,22.979033318030563,0.12158218686788658,0.9976520179561544,0.9975645930928198,-405.53661628842775,-383.1855583546652,22.97903331803056,9786.715949665248,0.34868637321794865
