Name,FitNum,RedChiSq,lf,AlignMag,Temp,pA,pB,pC,dwB,dwC,kexAB,kexAC,kexBC,k12,k21,k13,k31,k23,k32,tau1,tau2,tau3,dG12,dG13,ddG12,ddG21,ddG13,ddG31,ddG23,ddG32,R1,R1b,R1c,R2,R2b,R2c,pA_err,pB_err,pC_err,dwB_err,dwC_err,kexAB_err,kexAC_err,kexBC_err,k12_err,k21_err,k13_err,k31_err,k23_err,k32_err,tau1_err,tau2_err,tau3_err,dG12_err,dG13_err,ddG12_err,ddG21_err,ddG13_err,ddG31_err,ddG23_err,ddG32_err,R1_err,R1b_err,R1c_err,R2_err,R2b_err,R2c_err
ac8,1,0.12158218686788658,176.04,auto,298.15,0.9945,0.0055,0.0,2.6427252437443496,0.0,3004.1501603054894,0.0,0.0,16.5228258817,2987.62733442,0.0,0.0,0.0,0.0,0.0605223348089,0.000334713767168,0.0,3.07943474608,0.0,15.7913961095,12.7119613634,0.0,0.0,0.0,0.0,1.5273820214236111,1.5273820214236111,1.5273820214236111,27.60414888161132,27.60414888161132,27.60414888161132,0.0055,0.0055,0.0,0.049613122415681665,0.0,111.60983990937095,0.0,0.0,16.4436634361,112.20573119,0.0,0.0,0.0,0.0,0.0602323664904,1.25707790097e-05,0.0,0.590065813651,0.0,0.58964609756,0.0222518329854,0.0,0.0,0.0,0.0,0.07681344605686313,0.07681344605686313,0.07681344605686313,0.16445399514496817,0.16445399514496817,0.16445399514496817
