Name,FitNum,RedChiSq,lf,AlignMag,Temp,pA,pB,pC,dwB,dwC,kexAB,kexAC,kexBC,k12,k21,k13,k31,k23,k32,tau1,tau2,tau3,dG12,dG13,ddG12,ddG21,ddG13,ddG31,ddG23,ddG32,R1,R1b,R1c,R2,R2b,R2c,pA_err,pB_err,pC_err,dwB_err,dwC_err,kexAB_err,kexAC_err,kexBC_err,k12_err,k21_err,k13_err,k31_err,k23_err,k32_err,tau1_err,tau2_err,tau3_err,dG12_err,dG13_err,ddG12_err,ddG21_err,ddG13_err,ddG31_err,ddG23_err,ddG32_err,R1_err,R1b_err,R1c_err,R2_err,R2b_err,R2c_err
A21_C1p_Off,1,0.19330598122770817,150.88,auto,298.15,0.997912118589,0.002087881410929879,0.0,2.835284176975569,0.0,1056.3707198839086,0.0,0.0,2.2055767891,1054.16514309,0.0,0.0,0.0,0.0,0.453396138799,0.000948617971814,0.0,3.65534374822,0.0,16.9845144971,13.3291707489,0.0,0.0,0.0,0.0,1.6614298775421552,1.6614298775421552,1.6614298775421552,14.45937179270682,14.45937179270682,14.45937179270682,0.000306624459398,0.00030662445939794153,0.0,0.19228154581986437,0.0,259.88411348546407,0.0,0.0,0.631587282384,259.341707709,0.0,0.0,0.0,0.0,0.129834171525,0.000233375393206,0.0,0.223678164954,0.0,0.169663479529,0.145760849309,0.0,0.0,0.0,0.0,0.06726971416680884,0.06726971416680884,0.06726971416680884,0.11294209108265793,0.11294209108265793,0.11294209108265793
