Name,FitNum,N,DF,K,ChiSq,RedChiSq,Rsq,AdjRsq,AIC,BIC,RSS,TSS,SDR
ac8,1,219,212,7,668.3111426420201,3.1524110501982077,0.9604028273552145,0.9590891770778993,258.865189458123,282.0578858796347,668.3111426420202,16877.749041257106,1.7755030414500024
