Name,FitNum,N,DF,K,ChiSq,RedChiSq,Rsq,AdjRsq,AIC,BIC,RSS,TSS,SDR
ac1p,1,219,212,7,668.3111426420201,3.1524110501982077,0.9582433854706375,0.9568580949412273,258.865189458123,282.0578858796347,668.3111426420202,16004.916829933014,1.7755030414500024
