Name,FitNum,RedChiSq,lf,AlignMag,Temp,pA,pB,pC,dwB,dwC,kexAB,kexAC,kexBC,k12,k21,k13,k31,k23,k32,tau1,tau2,tau3,dG12,dG13,ddG12,ddG21,ddG13,ddG31,ddG23,ddG32,R1,R1b,R1c,R2,R2b,R2c,pA_err,pB_err,pC_err,dwB_err,dwC_err,kexAB_err,kexAC_err,kexBC_err,k12_err,k21_err,k13_err,k31_err,k23_err,k32_err,tau1_err,tau2_err,tau3_err,dG12_err,dG13_err,ddG12_err,ddG21_err,ddG13_err,ddG31_err,ddG23_err,ddG32_err,R1_err,R1b_err,R1c_err,R2_err,R2b_err,R2c_err
G7C8_pH5.3HS_25C,1,0.9924174538230394,176.090091,auto,298.15,0.9925,0.0075,0.0,0.5837002313388874,0.0,1494.4326046941178,0.0,0.0,11.2082445352,1483.22436016,0.0,0.0,0.0,0.0,0.0892200377016,0.000674206834017,0.0,2.89447995867,0.0,16.0213354027,13.126855444,0.0,0.0,0.0,0.0,1.562954529611908,1.562954529611908,1.562954529611908,30.508346817612154,30.508346817612154,30.508346817612154,0.0075,0.0075,0.0,0.06386801112873558,0.0,253.22196799429312,0.0,0.0,11.2854478842,251.56888904,0.0,0.0,0.0,0.0,0.0898345929681,0.000114351859889,0.0,0.604970445812,0.0,0.596565834624,0.100491020816,0.0,0.0,0.0,0.0,0.06563610467740993,0.06563610467740993,0.06563610467740993,0.10572856839923178,0.10572856839923178,0.10572856839923178
