Name,FitNum,RedChiSq,lf,AlignMag,Temp,pA,pB,pC,dwB,dwC,kexAB,kexAC,kexBC,k12,k21,k13,k31,k23,k32,tau1,tau2,tau3,dG12,dG13,ddG12,ddG21,ddG13,ddG31,ddG23,ddG32,R1,R1b,R1c,R2,R2b,R2c,pA_err,pB_err,pC_err,dwB_err,dwC_err,kexAB_err,kexAC_err,kexBC_err,k12_err,k21_err,k13_err,k31_err,k23_err,k32_err,tau1_err,tau2_err,tau3_err,dG12_err,dG13_err,ddG12_err,ddG21_err,ddG13_err,ddG31_err,ddG23_err,ddG32_err,R1_err,R1b_err,R1c_err,R2_err,R2b_err,R2c_err
ac8,1,0.601432396624217,176.04,auto,298.15,0.9,0.1,0.0,1.5771838575404817,0.0,36.45830281334665,0.0,0.0,3.64583028133,32.812472532,0.0,0.0,0.0,0.0,0.274285943896,0.0304762159884,0.0,1.30182205197,0.0,16.6867345839,15.384912532,0.0,0.0,0.0,0.0,1.4545804081950349,1.4545804081950349,1.4545804081950349,30.86400818243727,30.86400818243727,30.86400818243727,0.1,0.1,0.0,0.015389668713139784,0.0,1.9018659372776177,0.0,0.0,3.30691325279,3.71878346992,0.0,0.0,0.0,0.0,0.248788273982,0.0034540051236,0.0,0.541586137225,0.0,0.537407261721,0.0671489321086,0.0,0.0,0.0,0.0,0.1639648014903617,0.1639648014903617,0.1639648014903617,0.16336150982111156,0.16336150982111156,0.16336150982111156
