Name,FitNum,N,DF,K,ChiSq,RedChiSq,Rsq,AdjRsq,AIC,BIC,RSS,TSS,SDR
ac1p,1,219,212,7,343.0351222733662,1.6180901994026708,0.9785668912923179,0.9778558402925369,112.80948864703834,136.00218506855003,343.03512227336614,16004.916829933014,1.2720417443632384
