Name,FitNum,N,DF,K,ChiSq,RedChiSq,Rsq,AdjRsq,AIC,BIC,RSS,TSS,SDR
ac8,1,219,212,7,343.0351222733662,1.6180901994026708,0.9796753037721542,0.9790010247503773,112.80948864703834,136.00218506855003,343.03512227336614,16877.749041257106,1.2720417443632384
