Name,FitNum,RedChiSq,lf,AlignMag,Temp,pA,pB,pC,dwB,dwC,kexAB,kexAC,kexBC,k12,k21,k13,k31,k23,k32,tau1,tau2,tau3,dG12,dG13,ddG12,ddG21,ddG13,ddG31,ddG23,ddG32,R1,R1b,R1c,R2,R2b,R2c,pA_err,pB_err,pC_err,dwB_err,dwC_err,kexAB_err,kexAC_err,kexBC_err,k12_err,k21_err,k13_err,k31_err,k23_err,k32_err,tau1_err,tau2_err,tau3_err,dG12_err,dG13_err,ddG12_err,ddG21_err,ddG13_err,ddG31_err,ddG23_err,ddG32_err,R1_err,R1b_err,R1c_err,R2_err,R2b_err,R2c_err
ac1p,1,1.6180901994026708,150.7,auto,298.15,0.99,0.01,0.0,4.612638233914327,0.0,2689.9328446049117,0.0,0.0,26.899328446,2663.03351616,0.0,0.0,0.0,0.0,0.0371756492734,0.000375511608822,0.0,2.72253843054,0.0,15.5026436252,12.7801051946,0.0,0.0,0.0,0.0,1.8511735025234402,1.8511735025234402,1.8511735025234402,21.134828643977897,21.134828643977897,21.134828643977897,0.01,0.01,0.0,0.19055939585488865,0.0,320.2910575454643,0.0,0.0,26.8236042388,318.20455694,0.0,0.0,0.0,0.0,0.0370709962306,4.48696963015e-05,0.0,0.595043342372,0.0,0.590816847109,0.070795709431,0.0,0.0,0.0,0.0,0.5141987229403692,0.5141987229403692,0.5141987229403692,0.9745883066753944,0.9745883066753944,0.9745883066753944
