Name,FitNum,RedChiSq,lf,AlignMag,Temp,pA,pB,pC,dwB,dwC,kexAB,kexAC,kexBC,k12,k21,k13,k31,k23,k32,tau1,tau2,tau3,dG12,dG13,ddG12,ddG21,ddG13,ddG31,ddG23,ddG32,R1,R1b,R1c,R2,R2b,R2c,pA_err,pB_err,pC_err,dwB_err,dwC_err,kexAB_err,kexAC_err,kexBC_err,k12_err,k21_err,k13_err,k31_err,k23_err,k32_err,tau1_err,tau2_err,tau3_err,dG12_err,dG13_err,ddG12_err,ddG21_err,ddG13_err,ddG31_err,ddG23_err,ddG32_err,R1_err,R1b_err,R1c_err,R2_err,R2b_err,R2c_err
A16_C8_Off,1,0.3301549358110521,150.7,auto,298.15,0.9955,0.0045,0.0,2.9300983308691015,0.0,2022.8166150519346,0.0,0.0,9.10267476773,2013.71394028,0.0,0.0,0.0,0.0,0.109857819324,0.000496594863846,0.0,3.1989245348,0.0,16.1446204148,12.94569588,0.0,0.0,0.0,0.0,2.2933720902540475,2.2933720902540475,2.2933720902540475,26.497858167189104,26.497858167189104,26.497858167189104,0.0045,0.0045,0.0,0.06688260658760166,0.0,170.8322832247262,0.0,0.0,9.09435455707,170.304795163,0.0,0.0,0.0,0.0,0.109757404861,4.19982624516e-05,0.0,0.594060222058,0.0,0.591943194015,0.0501079084666,0.0,0.0,0.0,0.0,0.07971317648528761,0.07971317648528761,0.07971317648528761,0.18746476225087969,0.18746476225087969,0.18746476225087969
