Name,FitNum,RedChiSq,lf,AlignMag,Temp,pA,pB,pC,dwB,dwC,kexAB,kexAC,kexBC,k12,k21,k13,k31,k23,k32,tau1,tau2,tau3,dG12,dG13,ddG12,ddG21,ddG13,ddG31,ddG23,ddG32,R1,R1b,R1c,R2,R2b,R2c,pA_err,pB_err,pC_err,dwB_err,dwC_err,kexAB_err,kexAC_err,kexBC_err,k12_err,k21_err,k13_err,k31_err,k23_err,k32_err,tau1_err,tau2_err,tau3_err,dG12_err,dG13_err,ddG12_err,ddG21_err,ddG13_err,ddG31_err,ddG23_err,ddG32_err,R1_err,R1b_err,R1c_err,R2_err,R2b_err,R2c_err
A21_C1p_Off,1,0.653675520649549,150.88,avg,298.15,0.9999,0.0001,0.0,6.728412978844733,0.0,4027.9386646037206,0.0,0.0,0.40279386646,4027.53587074,0.0,0.0,0.0,0.0,2.48265945256,0.000248290774333,0.0,5.45692695108,0.0,17.9919278114,12.5350008603,0.0,0.0,0.0,0.0,2.510364748701066,2.510364748701066,2.510364748701066,14.139461016308928,14.139461016308928,14.139461016308928,0.0001,0.0001,0.0,5.52517471465977,0.0,12353.2588361436,0.0,0.0,1.29932309002,12352.0235168,0.0,0.0,0.0,0.0,8.00850514359,0.000761481357834,0.0,2.63715429551,0.0,1.91122352851,1.8170876155,0.0,0.0,0.0,0.0,0.09851956833065162,0.09851956833065162,0.09851956833065162,0.42124050508347705,0.42124050508347705,0.42124050508347705
