Name,FitNum,RedChiSq,lf,AlignMag,Temp,pA,pB,pC,dwB,dwC,kexAB,kexAC,kexBC,k12,k21,k13,k31,k23,k32,tau1,tau2,tau3,dG12,dG13,ddG12,ddG21,ddG13,ddG31,ddG23,ddG32,R1,R1b,R1c,R2,R2b,R2c,pA_err,pB_err,pC_err,dwB_err,dwC_err,kexAB_err,kexAC_err,kexBC_err,k12_err,k21_err,k13_err,k31_err,k23_err,k32_err,tau1_err,tau2_err,tau3_err,dG12_err,dG13_err,ddG12_err,ddG21_err,ddG13_err,ddG31_err,ddG23_err,ddG32_err,R1_err,R1b_err,R1c_err,R2_err,R2b_err,R2c_err
gc8,1,0.16124050856134878,150.88,auto,298.15,0.998042797042,0.0019572029581997126,0.0,4.270320345966677,0.0,2528.014201215891,0.0,0.0,4.94783687299,2523.06636434,0.0,0.0,0.0,0.0,0.202108522506,0.000396343122057,0.0,3.69371568188,0.0,16.5058096729,12.812093991,0.0,0.0,0.0,0.0,2.8189640041959105,2.8189640041959105,2.8189640041959105,19.254429826482443,19.254429826482443,19.254429826482443,5.39963513945e-05,5.3996351394527635e-05,0.0,0.10943088511215517,0.0,137.26190563368382,0.0,0.0,0.30121906705,136.993323968,0.0,0.0,0.0,0.0,0.0123041527348,2.15199895214e-05,0.0,0.0483314338075,0.0,0.0360698438296,0.0321697662409,0.0,0.0,0.0,0.0,0.0482406544675002,0.0482406544675002,0.0482406544675002,0.0846537435687631,0.0846537435687631,0.0846537435687631
