Name,FitNum,RedChiSq,lf,AlignMag,Temp,pA,pB,pC,dwB,dwC,kexAB,kexAC,kexBC,k12,k21,k13,k31,k23,k32,tau1,tau2,tau3,dG12,dG13,ddG12,ddG21,ddG13,ddG31,ddG23,ddG32,R1,R1b,R1c,R2,R2b,R2c,pA_err,pB_err,pC_err,dwB_err,dwC_err,kexAB_err,kexAC_err,kexBC_err,k12_err,k21_err,k13_err,k31_err,k23_err,k32_err,tau1_err,tau2_err,tau3_err,dG12_err,dG13_err,ddG12_err,ddG21_err,ddG13_err,ddG31_err,ddG23_err,ddG32_err,R1_err,R1b_err,R1c_err,R2_err,R2b_err,R2c_err
gc8,1,0.14459681403183783,176.04,auto,298.15,0.9955,0.0045,0.0,3.041258730527232,0.0,816.013027591035,0.0,0.0,3.67205862416,812.340968967,0.0,0.0,0.0,0.0,0.272326806936,0.00123101017701,0.0,3.1989245348,0.0,16.6824874684,13.4835629336,0.0,0.0,0.0,0.0,1.3750444513956612,1.3750444513956612,1.3750444513956612,27.51932589209581,27.51932589209581,27.51932589209581,0.0045,0.0045,0.0,0.05011263056365649,0.0,20.25212606792537,0.0,0.0,3.65670753826,20.4897238341,0.0,0.0,0.0,0.0,0.271188341396,3.10498417875e-05,0.0,0.590197090226,0.0,0.590007859169,0.0149442775196,0.0,0.0,0.0,0.0,0.049092558731454634,0.049092558731454634,0.049092558731454634,0.08209585692358463,0.08209585692358463,0.08209585692358463
