Name,FitNum,RedChiSq,lf,AlignMag,Temp,pA,pB,pC,dwB,dwC,kexAB,kexAC,kexBC,k12,k21,k13,k31,k23,k32,tau1,tau2,tau3,dG12,dG13,ddG12,ddG21,ddG13,ddG31,ddG23,ddG32,R1,R1b,R1c,R2,R2b,R2c,pA_err,pB_err,pC_err,dwB_err,dwC_err,kexAB_err,kexAC_err,kexBC_err,k12_err,k21_err,k13_err,k31_err,k23_err,k32_err,tau1_err,tau2_err,tau3_err,dG12_err,dG13_err,ddG12_err,ddG21_err,ddG13_err,ddG31_err,ddG23_err,ddG32_err,R1_err,R1b_err,R1c_err,R2_err,R2b_err,R2c_err
c15_c6,1,1.130876345643722,176.002098,auto,298.15,0.99,0.01,0.0,1.9987294395832003,0.0,225.19111741387596,0.0,0.0,2.25191117414,222.93920624,0.0,0.0,0.0,0.0,0.444067248959,0.00448552776726,0.0,2.72253843054,0.0,16.9721966151,14.2496581846,0.0,0.0,0.0,0.0,1.7971440902882014,1.7971440902882014,1.7971440902882014,33.22899922047055,33.22899922047055,33.22899922047055,0.01,0.01,0.0,0.15856747296685894,0.0,31.78220858798717,0.0,0.0,2.25204506095,31.5432768436,0.0,0.0,0.0,0.0,0.444093650865,0.000634649447887,0.0,0.598420694007,0.0,0.592519974925,0.083829626808,0.0,0.0,0.0,0.0,0.0946640823548,0.0946640823548,0.0946640823548,0.2056973564539628,0.2056973564539628,0.2056973564539628
