Name,FitNum,RedChiSq,lf,AlignMag,Temp,pA,pB,pC,dwB,dwC,kexAB,kexAC,kexBC,k12,k21,k13,k31,k23,k32,tau1,tau2,tau3,dG12,dG13,ddG12,ddG21,ddG13,ddG31,ddG23,ddG32,R1,R1b,R1c,R2,R2b,R2c,pA_err,pB_err,pC_err,dwB_err,dwC_err,kexAB_err,kexAC_err,kexBC_err,k12_err,k21_err,k13_err,k31_err,k23_err,k32_err,tau1_err,tau2_err,tau3_err,dG12_err,dG13_err,ddG12_err,ddG21_err,ddG13_err,ddG31_err,ddG23_err,ddG32_err,R1_err,R1b_err,R1c_err,R2_err,R2b_err,R2c_err
gc8,1,0.20920297645459762,176.04,avg,298.15,0.993,0.007,0.0,3.053809903660876,0.0,498.5500861520962,0.0,0.0,3.48985060306,495.060235549,0.0,0.0,0.0,0.0,0.286545217472,0.00201995621581,0.0,2.93565558864,0.0,16.7126410967,13.7769855081,0.0,0.0,0.0,0.0,1.2598864157012604,1.2598864157012604,1.2598864157012604,27.60716072049845,27.60716072049845,27.60716072049845,0.007,0.007,0.0,0.049412949887061276,0.0,11.887400223184828,0.0,0.0,3.46650662512,12.3023822194,0.0,0.0,0.0,0.0,0.284628486357,5.01964642863e-05,0.0,0.588705699554,0.0,0.588521556057,0.0147234080151,0.0,0.0,0.0,0.0,0.06042122223556248,0.06042122223556248,0.06042122223556248,0.0918047976735889,0.0918047976735889,0.0918047976735889
