Name,FitNum,N,DF,K,ChiSq,RedChiSq,Rsq,AdjRsq,AIC,BIC,RSS,TSS,SDR
gc8,1,190,183,7,38.284144691191365,0.20920297645459762,0.9947724752007574,0.9945714165546327,-289.76238068388426,-267.6485967941455,38.28414469119137,7323.570171630386,0.45738711881140426
