Name,FitNum,RedChiSq,lf,AlignMag,Temp,pA,pB,pC,dwB,dwC,kexAB,kexAC,kexBC,k12,k21,k13,k31,k23,k32,tau1,tau2,tau3,dG12,dG13,ddG12,ddG21,ddG13,ddG31,ddG23,ddG32,R1,R1b,R1c,R2,R2b,R2c,pA_err,pB_err,pC_err,dwB_err,dwC_err,kexAB_err,kexAC_err,kexBC_err,k12_err,k21_err,k13_err,k31_err,k23_err,k32_err,tau1_err,tau2_err,tau3_err,dG12_err,dG13_err,ddG12_err,ddG21_err,ddG13_err,ddG31_err,ddG23_err,ddG32_err,R1_err,R1b_err,R1c_err,R2_err,R2b_err,R2c_err
gc8,1,0.3983970020187592,150.7,auto,298.15,0.92,0.08,0.0,0.5348902846030247,0.0,4644.974135263129,0.0,0.0,371.597930821,4273.37620444,0.0,0.0,0.0,0.0,0.00269108064674,0.00023400701276,0.0,1.44705336996,0.0,13.9469498332,12.4998964633,0.0,0.0,0.0,0.0,2.6452062246498675,2.6452062246498675,2.6452062246498675,22.797866079199732,22.797866079199732,22.797866079199732,0.08,0.08,0.0,0.04060579412071649,0.0,552.3837989402166,0.0,0.0,345.993822541,613.203986252,0.0,0.0,0.0,0.0,0.00250565786971,3.35786100194e-05,0.0,0.558173678398,0.0,0.551660937977,0.0850180261305,0.0,0.0,0.0,0.0,0.07994472653783644,0.07994472653783644,0.07994472653783644,0.2799455644280214,0.2799455644280214,0.2799455644280214
