Name,FitNum,N,DF,K,ChiSq,RedChiSq,Rsq,AdjRsq,AIC,BIC,RSS,TSS,SDR
G7C8_pH5.3HS_25C,1,280,270,10,218.33282275998732,0.8086400842962493,0.9789781705757407,0.9781966899279987,-48.83747465226956,-13.307422486748074,218.33282275998738,10386.004869206554,0.8992441739017549
