Name,FitNum,N,DF,K,ChiSq,RedChiSq,Rsq,AdjRsq,AIC,BIC,RSS,TSS,SDR
G7N1_pH5.3HS_25C,1,280,270,10,218.33282275998732,0.8086400842962493,0.46802023875548104,0.44824403945271085,-48.83747465226956,-13.307422486748074,218.33282275998738,410.4156561317621,0.8992441739017549
