Name,FitNum,N,DF,K,ChiSq,RedChiSq,Rsq,AdjRsq,AIC,BIC,RSS,TSS,SDR
G7C1p_pH5.3HS_25C,1,280,270,10,218.33282275998732,0.8086400842962493,0.9363170696943953,0.9339496745157483,-48.83747465226956,-13.307422486748074,218.33282275998738,3428.435558983252,0.8992441739017549
