Name,FitNum,N,DF,K,ChiSq,RedChiSq,Rsq,AdjRsq,AIC,BIC,RSS,TSS,SDR
ac1p,1,195,188,7,977.8621857717724,5.201394605169002,0.9586734148911578,0.9571264304218428,329.0109219848779,351.32298841354066,977.862185771772,23661.819218703065,2.2806566171103007
