Name,FitNum,N,DF,K,ChiSq,RedChiSq,Rsq,AdjRsq,AIC,BIC,RSS,TSS,SDR
ac8,1,195,188,7,977.8621857717724,5.201394605169002,0.9633462970433926,0.9619742332963538,329.0109219848779,351.32298841354066,977.862185771772,26678.40100437922,2.2806566171103007
