Name,FitNum,RedChiSq,lf,AlignMag,Temp,pA,pB,pC,dwB,dwC,kexAB,kexAC,kexBC,k12,k21,k13,k31,k23,k32,tau1,tau2,tau3,dG12,dG13,ddG12,ddG21,ddG13,ddG31,ddG23,ddG32,R1,R1b,R1c,R2,R2b,R2c,pA_err,pB_err,pC_err,dwB_err,dwC_err,kexAB_err,kexAC_err,kexBC_err,k12_err,k21_err,k13_err,k31_err,k23_err,k32_err,tau1_err,tau2_err,tau3_err,dG12_err,dG13_err,ddG12_err,ddG21_err,ddG13_err,ddG31_err,ddG23_err,ddG32_err,R1_err,R1b_err,R1c_err,R2_err,R2b_err,R2c_err
A16_C8_Off,1,0.39397279982103084,150.7,auto,298.15,0.98,0.02,0.0,1.531867646459826,0.0,4247.845588606279,0.0,0.0,84.9569117721,4162.88867683,0.0,0.0,0.0,0.0,0.0117706726756,0.000240217809706,0.0,2.30584417206,0.0,14.8212607545,12.5154165825,0.0,0.0,0.0,0.0,3.255493674247069,3.255493674247069,3.255493674247069,23.832293382584037,23.832293382584037,23.832293382584037,0.02,0.02,0.0,0.06306924059944867,0.0,310.72601072241,0.0,0.0,83.5066715091,315.692875714,0.0,0.0,0.0,0.0,0.0115697437214,1.82169298847e-05,0.0,0.584101546708,0.0,0.582370854448,0.0449311112343,0.0,0.0,0.0,0.0,0.08319714959765832,0.08319714959765832,0.08319714959765832,0.3291347267869268,0.3291347267869268,0.3291347267869268
