Name,FitNum,RedChiSq,lf,AlignMag,Temp,pA,pB,pC,dwB,dwC,kexAB,kexAC,kexBC,k12,k21,k13,k31,k23,k32,tau1,tau2,tau3,dG12,dG13,ddG12,ddG21,ddG13,ddG31,ddG23,ddG32,R1,R1b,R1c,R2,R2b,R2c,pA_err,pB_err,pC_err,dwB_err,dwC_err,kexAB_err,kexAC_err,kexBC_err,k12_err,k21_err,k13_err,k31_err,k23_err,k32_err,tau1_err,tau2_err,tau3_err,dG12_err,dG13_err,ddG12_err,ddG21_err,ddG13_err,ddG31_err,ddG23_err,ddG32_err,R1_err,R1b_err,R1c_err,R2_err,R2b_err,R2c_err
ra16_c8_10c,1,1.349478659475108,150.784186,auto,298.15,0.9995,0.0005,0.0,6.718109616565597,0.0,3954.2097077961494,0.0,0.0,1.9771048539,3952.23260294,0.0,0.0,0.0,0.0,0.505790068761,0.000253021545153,0.0,4.50312246865,0.0,17.0493059497,12.546183481,0.0,0.0,0.0,0.0,1.8018659918083746,1.8018659918083746,1.8018659918083746,42.993806357308095,42.993806357308095,42.993806357308095,0.0005,0.0005,0.0,0.9260259953533143,0.0,1653.6502977706834,0.0,0.0,2.14211961408,1652.82465394,0.0,0.0,0.0,0.0,0.548004737715,0.000105813672884,0.0,0.688094744298,0.0,0.641935200929,0.24777726881,0.0,0.0,0.0,0.0,0.05794077193679896,0.05794077193679896,0.05794077193679896,0.3222706781506004,0.3222706781506004,0.3222706781506004
