Name,FitNum,RedChiSq,lf,AlignMag,Temp,pA,pB,pC,dwB,dwC,kexAB,kexAC,kexBC,k12,k21,k13,k31,k23,k32,tau1,tau2,tau3,dG12,dG13,ddG12,ddG21,ddG13,ddG31,ddG23,ddG32,R1,R1b,R1c,R2,R2b,R2c,pA_err,pB_err,pC_err,dwB_err,dwC_err,kexAB_err,kexAC_err,kexBC_err,k12_err,k21_err,k13_err,k31_err,k23_err,k32_err,tau1_err,tau2_err,tau3_err,dG12_err,dG13_err,ddG12_err,ddG21_err,ddG13_err,ddG31_err,ddG23_err,ddG32_err,R1_err,R1b_err,R1c_err,R2_err,R2b_err,R2c_err
ac1p,1,22.455816875496637,176.04,auto,298.15,0.999,0.001,0.0,6.642512154158668,0.0,4722.551682074167,0.0,0.0,4.72255168207,4717.82913039,0.0,0.0,0.0,0.0,0.21174993252,0.000211961894414,0.0,4.0921468707,0.0,16.533420186,12.4412733153,0.0,0.0,0.0,0.0,4.90268588007352,4.90268588007352,4.90268588007352,37.62508156775816,37.62508156775816,37.62508156775816,0.001,0.001,0.0,7.047452536709697,0.0,15658.599142026967,0.0,0.0,16.3538882562,15642.9412543,0.0,0.0,0.0,0.0,0.73327619639,0.000702803635069,0.0,2.84058179115,0.0,2.05173601672,1.96450610331,0.0,0.0,0.0,0.0,1.8299614393139585,1.8299614393139585,1.8299614393139585,5.564260825108065,5.564260825108065,5.564260825108065
