Name,FitNum,RedChiSq,lf,AlignMag,Temp,pA,pB,pC,dwB,dwC,kexAB,kexAC,kexBC,k12,k21,k13,k31,k23,k32,tau1,tau2,tau3,dG12,dG13,ddG12,ddG21,ddG13,ddG31,ddG23,ddG32,R1,R1b,R1c,R2,R2b,R2c,pA_err,pB_err,pC_err,dwB_err,dwC_err,kexAB_err,kexAC_err,kexBC_err,k12_err,k21_err,k13_err,k31_err,k23_err,k32_err,tau1_err,tau2_err,tau3_err,dG12_err,dG13_err,ddG12_err,ddG21_err,ddG13_err,ddG31_err,ddG23_err,ddG32_err,R1_err,R1b_err,R1c_err,R2_err,R2b_err,R2c_err
g10c1p,1,7.460701115337387,176.04,auto,298.15,0.9,0.1,0.0,1.4689461840346596,0.0,7524.290788501574,0.0,0.0,752.42907885,6771.86170965,0.0,0.0,0.0,0.0,0.00132902891197,0.000147669879108,0.0,1.30182205197,0.0,13.5289552164,12.2271331644,0.0,0.0,0.0,0.0,4.324358017547177,4.324358017547177,4.324358017547177,5.511292562852817,5.511292562852817,5.511292562852817,0.1,0.1,0.0,0.13364045037542696,0.0,851.9909017568971,0.0,0.0,686.659661186,1025.77399443,0.0,0.0,0.0,0.0,0.00121285921564,2.23684310524e-05,0.0,0.548093692862,0.0,0.540695978357,0.0897471734609,0.0,0.0,0.0,0.0,0.44602066768575205,0.44602066768575205,0.44602066768575205,2.8177022205545574,2.8177022205545574,2.8177022205545574
