Name,FitNum,N,DF,K,ChiSq,RedChiSq,Rsq,AdjRsq,AIC,BIC,RSS,TSS,SDR
g10c1p,1,180,173,7,1290.701292953368,7.460701115337387,0.8092833857394961,0.8015216630661034,369.24830739602794,390.94784256156174,1290.7012929533678,6767.639505126548,2.73142840201558
