Name,FitNum,N,DF,K,ChiSq,RedChiSq,Rsq,AdjRsq,AIC,BIC,RSS,TSS,SDR
g10c8,1,180,173,7,1290.701292953368,7.460701115337387,0.8682442598935571,0.8628821076799229,369.24830739602794,390.94784256156174,1290.7012929533678,9796.167452823202,2.73142840201558
