Name,FitNum,RedChiSq,lf,AlignMag,Temp,pA,pB,pC,dwB,dwC,kexAB,kexAC,kexBC,k12,k21,k13,k31,k23,k32,tau1,tau2,tau3,dG12,dG13,ddG12,ddG21,ddG13,ddG31,ddG23,ddG32,R1,R1b,R1c,R2,R2b,R2c,pA_err,pB_err,pC_err,dwB_err,dwC_err,kexAB_err,kexAC_err,kexBC_err,k12_err,k21_err,k13_err,k31_err,k23_err,k32_err,tau1_err,tau2_err,tau3_err,dG12_err,dG13_err,ddG12_err,ddG21_err,ddG13_err,ddG31_err,ddG23_err,ddG32_err,R1_err,R1b_err,R1c_err,R2_err,R2b_err,R2c_err
c15_c6,1,0.4287671880585268,176.002098,gs,298.15,0.993087201703,0.006912798297402641,0.0,2.2434499586027856,0.0,5410.716106379413,0.0,0.0,37.4031890879,5373.31291729,0.0,0.0,0.0,0.0,0.0267356881695,0.00018610492547,0.0,2.94313478572,0.0,15.3073282732,12.3641934875,0.0,0.0,0.0,0.0,1.9016021476243836,1.9016021476243836,1.9016021476243836,29.676937636999057,29.676937636999057,29.676937636999057,0.00184368028871,0.0018436802887130438,0.0,0.32873233416511016,0.0,670.0494284503604,0.0,0.0,10.9362488459,665.491256166,0.0,0.0,0.0,0.0,0.00781719810582,2.30493184626e-05,0.0,0.18813601377,0.0,0.173235513049,0.0733799475053,0.0,0.0,0.0,0.0,0.060161870899237906,0.060161870899237906,0.060161870899237906,0.4151138161929847,0.4151138161929847,0.4151138161929847
