Name,FitNum,N,DF,K,ChiSq,RedChiSq,Rsq,AdjRsq,AIC,BIC,RSS,TSS,SDR
G7N1_pH5.3HS_25C,1,280,270,10,386.95045596835405,1.43314983691983,0.05717423254407883,0.02212494750854277,111.39982092141031,146.9298730869318,386.95045596835405,410.4156561317621,1.1971423628457185
