Name,FitNum,RedChiSq,lf,AlignMag,Temp,pA,pB,pC,dwB,dwC,kexAB,kexAC,kexBC,k12,k21,k13,k31,k23,k32,tau1,tau2,tau3,dG12,dG13,ddG12,ddG21,ddG13,ddG31,ddG23,ddG32,R1,R1b,R1c,R2,R2b,R2c,pA_err,pB_err,pC_err,dwB_err,dwC_err,kexAB_err,kexAC_err,kexBC_err,k12_err,k21_err,k13_err,k31_err,k23_err,k32_err,tau1_err,tau2_err,tau3_err,dG12_err,dG13_err,ddG12_err,ddG21_err,ddG13_err,ddG31_err,ddG23_err,ddG32_err,R1_err,R1b_err,R1c_err,R2_err,R2b_err,R2c_err
G7C1p_pH5.3HS_25C,1,1.43314983691983,176.090091,auto,298.15,0.9999,0.0001,0.0,5.283345094375646,0.0,2654.148019831011,0.0,0.0,0.265414801983,2653.88260503,0.0,0.0,0.0,0.0,3.76768738039,0.000376806418681,0.0,5.45692695108,0.0,18.2390715913,12.7821446402,0.0,0.0,0.0,0.0,1.4726258753087555,1.4726258753087555,1.4726258753087555,21.506810420505428,21.506810420505428,21.506810420505428,0.0001,0.0001,0.0,1.9866576857713445,0.0,2248.1375312749374,0.0,0.0,0.347810513229,2247.91273319,0.0,0.0,0.0,0.0,4.93733307889,0.000319165567043,0.0,0.924487483615,0.0,0.776416473584,0.501851140187,0.0,0.0,0.0,0.0,0.05262169349619249,0.05262169349619249,0.05262169349619249,0.12079113079551458,0.12079113079551458,0.12079113079551458
