Name,FitNum,RedChiSq,lf,AlignMag,Temp,pA,pB,pC,dwB,dwC,kexAB,kexAC,kexBC,k12,k21,k13,k31,k23,k32,tau1,tau2,tau3,dG12,dG13,ddG12,ddG21,ddG13,ddG31,ddG23,ddG32,R1,R1b,R1c,R2,R2b,R2c,pA_err,pB_err,pC_err,dwB_err,dwC_err,kexAB_err,kexAC_err,kexBC_err,k12_err,k21_err,k13_err,k31_err,k23_err,k32_err,tau1_err,tau2_err,tau3_err,dG12_err,dG13_err,ddG12_err,ddG21_err,ddG13_err,ddG31_err,ddG23_err,ddG32_err,R1_err,R1b_err,R1c_err,R2_err,R2b_err,R2c_err
hpGBCm6A_m6A_C2_65C,1,0.2388538985549709,150.88,auto,298.15,0.985,0.015,0.0,2.582368498853168,0.0,1209.5870457428357,0.0,0.0,18.1438056861,1191.44324006,0.0,0.0,0.0,0.0,0.0551152287066,0.000839318203654,0.0,2.47930660859,0.0,15.735947591,13.2566409824,0.0,0.0,0.0,0.0,4.901411765366786,4.901411765366786,4.901411765366786,11.879120715948806,11.879120715948806,11.879120715948806,0.015,0.015,0.0,0.011487789133172461,0.0,12.471667561702724,0.0,0.0,17.8746997248,21.6882711913,0.0,0.0,0.0,0.0,0.05429776864,1.52784121011e-05,0.0,0.583796744837,0.0,0.583697111907,0.0107852136625,0.0,0.0,0.0,0.0,0.03120066692062098,0.03120066692062098,0.03120066692062098,0.04943919158802026,0.04943919158802026,0.04943919158802026
