Name,FitNum,RedChiSq,lf,AlignMag,Temp,pA,pB,pC,dwB,dwC,kexAB,kexAC,kexBC,k12,k21,k13,k31,k23,k32,tau1,tau2,tau3,dG12,dG13,ddG12,ddG21,ddG13,ddG31,ddG23,ddG32,R1,R1b,R1c,R2,R2b,R2c,pA_err,pB_err,pC_err,dwB_err,dwC_err,kexAB_err,kexAC_err,kexBC_err,k12_err,k21_err,k13_err,k31_err,k23_err,k32_err,tau1_err,tau2_err,tau3_err,dG12_err,dG13_err,ddG12_err,ddG21_err,ddG13_err,ddG31_err,ddG23_err,ddG32_err,R1_err,R1b_err,R1c_err,R2_err,R2b_err,R2c_err
A21_C1p_Off,1,0.20022223796180183,150.88,avg,298.15,0.997955500582,0.0020444994182020246,0.0,2.85968808356078,0.0,1099.1244093998434,0.0,0.0,2.24715921555,1096.87725018,0.0,0.0,0.0,0.0,0.44500629643,0.000911679041417,0.0,3.66780984563,0.0,16.973448191,13.3056383454,0.0,0.0,0.0,0.0,1.6657740655782827,1.6657740655782827,1.6657740655782827,14.442689747835935,14.442689747835935,14.442689747835935,0.000292252562965,0.0002922525629650607,0.0,0.1982982265027814,0.0,263.3979265593412,0.0,0.0,0.626708010639,262.859605122,0.0,0.0,0.0,0.0,0.124107365792,0.000218478040988,0.0,0.217860543077,0.0,0.165237485508,0.141985173919,0.0,0.0,0.0,0.0,0.0687020684383593,0.0687020684383593,0.0687020684383593,0.11559335327136572,0.11559335327136572,0.11559335327136572
