Name,FitNum,N,DF,K,ChiSq,RedChiSq,Rsq,AdjRsq,AIC,BIC,RSS,TSS,SDR
G_C8_Off_clean,1,253,248,5,66.48629936235236,0.2680899167836788,0.9808246513466623,0.9804364863941656,-328.1075774902491,-310.44063004661155,66.48629936235237,3467.2798166191255,0.5177740016490582
