Name,FitNum,RedChiSq,lf,AlignMag,Temp,pA,pB,pC,dwB,dwC,kexAB,kexAC,kexBC,k12,k21,k13,k31,k23,k32,tau1,tau2,tau3,dG12,dG13,ddG12,ddG21,ddG13,ddG31,ddG23,ddG32,R1,R1b,R1c,R2,R2b,R2c,pA_err,pB_err,pC_err,dwB_err,dwC_err,kexAB_err,kexAC_err,kexBC_err,k12_err,k21_err,k13_err,k31_err,k23_err,k32_err,tau1_err,tau2_err,tau3_err,dG12_err,dG13_err,ddG12_err,ddG21_err,ddG13_err,ddG31_err,ddG23_err,ddG32_err,R1_err,R1b_err,R1c_err,R2_err,R2b_err,R2c_err
ac8,1,2.624284445490278,150.7,auto,298.15,0.9925,0.0075,0.0,4.316734014811635,0.0,2969.514772505246,0.0,0.0,22.2713607938,2947.24341171,0.0,0.0,0.0,0.0,0.0449007139375,0.000339300105321,0.0,2.89447995867,0.0,15.6145045904,12.7200246317,0.0,0.0,0.0,0.0,2.3768906261730756,2.3768906261730756,2.3768906261730756,28.584241494284747,28.584241494284747,28.584241494284747,0.0075,0.0075,0.0,0.35658667164160474,0.0,568.8172616220843,0.0,0.0,22.5128623467,564.98372537,0.0,0.0,0.0,0.0,0.0453875989663,6.50435036214e-05,0.0,0.609583970799,0.0,0.598909411861,0.11357875611,0.0,0.0,0.0,0.0,0.7174723272184219,0.7174723272184219,0.7174723272184219,1.493897211787458,1.493897211787458,1.493897211787458
