Name,FitNum,N,DF,K,ChiSq,RedChiSq,Rsq,AdjRsq,AIC,BIC,RSS,TSS,SDR
A16_C8_Off,1,93,89,4,14.271873445504966,0.1603581286011794,0.9974089535556225,0.9972911787172418,-165.8561715208995,-156.18031900283194,14.271873445504966,5508.15037548826,0.40044741053124494
