Name,FitNum,RedChiSq,lf,AlignMag,Temp,pA,pB,pC,dwB,dwC,kexAB,kexAC,kexBC,k12,k21,k13,k31,k23,k32,tau1,tau2,tau3,dG12,dG13,ddG12,ddG21,ddG13,ddG31,ddG23,ddG32,R1,R1b,R1c,R2,R2b,R2c,pA_err,pB_err,pC_err,dwB_err,dwC_err,kexAB_err,kexAC_err,kexBC_err,k12_err,k21_err,k13_err,k31_err,k23_err,k32_err,tau1_err,tau2_err,tau3_err,dG12_err,dG13_err,ddG12_err,ddG21_err,ddG13_err,ddG31_err,ddG23_err,ddG32_err,R1_err,R1b_err,R1c_err,R2_err,R2b_err,R2c_err
A16_C8_Off,1,0.1603581286011794,170.4,auto,298.15,0.99,0.01,0.0,1.7104147262747056,0.0,4781.545838507328,0.0,0.0,47.8154583851,4733.73038012,0.0,0.0,0.0,0.0,0.020913738648,0.000211249885333,0.0,2.72253843054,0.0,15.161818158,12.4392797275,0.0,0.0,0.0,0.0,1.913190385503762,1.913190385503762,1.913190385503762,22.439754281290583,22.439754281290583,22.439754281290583,0.01,0.01,0.0,0.07511230221764975,0.0,358.486693268644,0.0,0.0,47.4752591768,358.045186114,0.0,0.0,0.0,0.0,0.0207649407995,1.59783085299e-05,0.0,0.589973781289,0.0,0.588269316284,0.0448137716246,0.0,0.0,0.0,0.0,0.060265601376643795,0.060265601376643795,0.060265601376643795,0.2519840656464741,0.2519840656464741,0.2519840656464741
