Name,FitNum,N,DF,K,ChiSq,RedChiSq,Rsq,AdjRsq,AIC,BIC,RSS,TSS,SDR
ac8,1,195,188,7,30.225141587216235,0.1607720297192353,0.9988670557286302,0.9988246460500229,-348.94453765720857,-326.6324712285458,30.22514158721623,26678.40100437922,0.40096387582827864
