Name,FitNum,N,DF,K,ChiSq,RedChiSq,Rsq,AdjRsq,AIC,BIC,RSS,TSS,SDR
gc1p,1,190,183,7,27.484351991400757,0.15018771580000415,0.9918810058158681,0.9915687368087861,-352.7319924922541,-330.6182086025153,27.484351991400768,3385.1917328771365,0.38754059890546205
