Name,FitNum,RedChiSq,lf,AlignMag,Temp,pA,pB,pC,dwB,dwC,kexAB,kexAC,kexBC,k12,k21,k13,k31,k23,k32,tau1,tau2,tau3,dG12,dG13,ddG12,ddG21,ddG13,ddG31,ddG23,ddG32,R1,R1b,R1c,R2,R2b,R2c,pA_err,pB_err,pC_err,dwB_err,dwC_err,kexAB_err,kexAC_err,kexBC_err,k12_err,k21_err,k13_err,k31_err,k23_err,k32_err,tau1_err,tau2_err,tau3_err,dG12_err,dG13_err,ddG12_err,ddG21_err,ddG13_err,ddG31_err,ddG23_err,ddG32_err,R1_err,R1b_err,R1c_err,R2_err,R2b_err,R2c_err
gc8,1,0.15018771580000415,176.04,auto,298.15,0.994,0.006,0.0,3.06383501822678,0.0,562.675494184202,0.0,0.0,3.37605296511,559.299441219,0.0,0.0,0.0,0.0,0.296203883747,0.00178795100853,0.0,3.02758387661,0.0,16.7322829514,13.7046990748,0.0,0.0,0.0,0.0,1.2957009641585175,1.2957009641585175,1.2957009641585175,27.639758262232355,27.639758262232355,27.639758262232355,0.006,0.006,0.0,0.045476134176278334,0.0,12.318047876613981,0.0,0.0,3.35667154954,12.6956975287,0.0,0.0,0.0,0.0,0.294503421514,4.05852098672e-05,0.0,0.589236884958,0.0,0.589083382488,0.0134489802921,0.0,0.0,0.0,0.0,0.050949748619515796,0.050949748619515796,0.050949748619515796,0.07868629314571263,0.07868629314571263,0.07868629314571263
