Name,FitNum,RedChiSq,lf,AlignMag,Temp,pA,pB,pC,dwB,dwC,kexAB,kexAC,kexBC,k12,k21,k13,k31,k23,k32,tau1,tau2,tau3,dG12,dG13,ddG12,ddG21,ddG13,ddG31,ddG23,ddG32,R1,R1b,R1c,R2,R2b,R2c,pA_err,pB_err,pC_err,dwB_err,dwC_err,kexAB_err,kexAC_err,kexBC_err,k12_err,k21_err,k13_err,k31_err,k23_err,k32_err,tau1_err,tau2_err,tau3_err,dG12_err,dG13_err,ddG12_err,ddG21_err,ddG13_err,ddG31_err,ddG23_err,ddG32_err,R1_err,R1b_err,R1c_err,R2_err,R2b_err,R2c_err
ac1p,1,8.688914889238308,150.7,auto,298.15,0.9995,0.0005,0.0,7.207780549759174,0.0,4389.662362130286,0.0,0.0,2.19483118107,4387.46753095,0.0,0.0,0.0,0.0,0.455615907331,0.000227921914623,0.0,4.50312246865,0.0,16.9874081477,12.484285679,0.0,0.0,0.0,0.0,5.291378873258557,5.291378873258557,5.291378873258557,31.35308964105499,31.35308964105499,31.35308964105499,0.0005,0.0005,0.0,10.270668980347914,0.0,18572.35569844698,0.0,0.0,9.5417801319,18563.0696502,0.0,0.0,0.0,0.0,1.98073858703,0.000964321751925,0.0,3.59421700553,0.0,2.57576038386,2.50676172138,0.0,0.0,0.0,0.0,1.1736118221726695,1.1736118221726695,1.1736118221726695,3.198996813727771,3.198996813727771,3.198996813727771
