Name,FitNum,N,DF,K,ChiSq,RedChiSq,Rsq,AdjRsq,AIC,BIC,RSS,TSS,SDR
G_C8_Off,1,199,192,7,73.66522936784665,0.3836730696242013,0.9813246844300106,0.9806402487808487,-183.17462322431584,-160.70787688579938,73.66522936784668,3944.5239408015236,0.6194134884099647
