Name,FitNum,N,DF,K,ChiSq,RedChiSq,Rsq,AdjRsq,AIC,BIC,RSS,TSS,SDR
G_C1p_Off,1,199,192,7,73.66522936784665,0.3836730696242013,0.9623900396494367,0.9610116641392066,-183.17462322431584,-160.70787688579938,73.66522936784668,1958.6627765945875,0.6194134884099647
