Name,FitNum,RedChiSq,lf,AlignMag,Temp,pA,pB,pC,dwB,dwC,kexAB,kexAC,kexBC,k12,k21,k13,k31,k23,k32,tau1,tau2,tau3,dG12,dG13,ddG12,ddG21,ddG13,ddG31,ddG23,ddG32,R1,R1b,R1c,R2,R2b,R2c,pA_err,pB_err,pC_err,dwB_err,dwC_err,kexAB_err,kexAC_err,kexBC_err,k12_err,k21_err,k13_err,k31_err,k23_err,k32_err,tau1_err,tau2_err,tau3_err,dG12_err,dG13_err,ddG12_err,ddG21_err,ddG13_err,ddG31_err,ddG23_err,ddG32_err,R1_err,R1b_err,R1c_err,R2_err,R2b_err,R2c_err
G_C1p_Off,1,0.3836730696242013,150.88,auto,298.15,0.99,0.01,0.0,0.7331759554446936,0.0,3717.248910216769,0.0,0.0,37.1724891022,3680.07642111,0.0,0.0,0.0,0.0,0.0269016152578,0.000271733487452,0.0,2.72253843054,0.0,15.31099399,12.5884555595,0.0,0.0,0.0,0.0,2.2718798165643856,2.2718798165643856,2.2718798165643856,13.960889286913176,13.960889286913176,13.960889286913176,0.01,0.01,0.0,0.08316019511490315,0.0,711.1802230122449,0.0,0.0,37.4834917914,705.02962744,0.0,0.0,0.0,0.0,0.027126686941,5.20587448462e-05,0.0,0.608128927921,0.0,0.59744175755,0.113508322648,0.0,0.0,0.0,0.0,0.03830499086578788,0.03830499086578788,0.03830499086578788,0.11537100298162353,0.11537100298162353,0.11537100298162353
