Name,FitNum,RedChiSq,lf,AlignMag,Temp,pA,pB,pC,dwB,dwC,kexAB,kexAC,kexBC,k12,k21,k13,k31,k23,k32,tau1,tau2,tau3,dG12,dG13,ddG12,ddG21,ddG13,ddG31,ddG23,ddG32,R1,R1b,R1c,R2,R2b,R2c,pA_err,pB_err,pC_err,dwB_err,dwC_err,kexAB_err,kexAC_err,kexBC_err,k12_err,k21_err,k13_err,k31_err,k23_err,k32_err,tau1_err,tau2_err,tau3_err,dG12_err,dG13_err,ddG12_err,ddG21_err,ddG13_err,ddG31_err,ddG23_err,ddG32_err,R1_err,R1b_err,R1c_err,R2_err,R2b_err,R2c_err
gc8,1,0.40943440290587657,150.88,auto,298.15,0.95,0.05,0.0,4.105806654665629,0.0,31.160325958817737,0.0,0.0,1.55801629794,29.6023096609,0.0,0.0,0.0,0.0,0.641841809564,0.0337811478718,0.0,1.7445351892,0.0,17.1904477681,15.4459125789,0.0,0.0,0.0,0.0,2.636400080220558,2.636400080220558,2.636400080220558,20.23587612485028,20.23587612485028,20.23587612485028,0.05,0.05,0.0,0.01246757799146812,0.0,1.4018170134717147,0.0,0.0,1.48382044313,1.99256240876,0.0,0.0,0.0,0.0,0.611276017809,0.00227384437718,0.0,0.565677006444,0.0,0.564269439167,0.0398807678161,0.0,0.0,0.0,0.0,0.06744770995100809,0.06744770995100809,0.06744770995100809,0.07046698942294707,0.07046698942294707,0.07046698942294707
