Name,FitNum,N,DF,K,ChiSq,RedChiSq,Rsq,AdjRsq,AIC,BIC,RSS,TSS,SDR
A16_C8_Off,1,104,100,4,138.35671504021576,1.3835671504021576,0.9812232407713023,0.980464583832769,38.09025202667215,48.26377521919723,138.3567150402157,7368.508769540807,1.1762513126037977
