Name,FitNum,RedChiSq,lf,AlignMag,Temp,pA,pB,pC,dwB,dwC,kexAB,kexAC,kexBC,k12,k21,k13,k31,k23,k32,tau1,tau2,tau3,dG12,dG13,ddG12,ddG21,ddG13,ddG31,ddG23,ddG32,R1,R1b,R1c,R2,R2b,R2c,pA_err,pB_err,pC_err,dwB_err,dwC_err,kexAB_err,kexAC_err,kexBC_err,k12_err,k21_err,k13_err,k31_err,k23_err,k32_err,tau1_err,tau2_err,tau3_err,dG12_err,dG13_err,ddG12_err,ddG21_err,ddG13_err,ddG31_err,ddG23_err,ddG32_err,R1_err,R1b_err,R1c_err,R2_err,R2b_err,R2c_err
A16_C8_Off,1,1.3835671504021576,150.7,auto,298.15,0.999,0.001,0.0,5.873879220317349,0.0,3846.6960468480956,0.0,0.0,3.84669604685,3842.8493508,0.0,0.0,0.0,0.0,0.259963352399,0.000260223575975,0.0,4.0921468707,0.0,16.6549593399,12.5628124692,0.0,0.0,0.0,0.0,2.8387411884856104,2.8387411884856104,2.8387411884856104,25.488601465529275,25.488601465529275,25.488601465529275,0.001,0.001,0.0,0.845797871528372,0.0,1961.0061382903605,0.0,0.0,4.31428452984,1959.04890121,0.0,0.0,0.0,0.0,0.29156342376,0.000132659561707,0.0,0.729929220703,0.0,0.66450474776,0.302043221148,0.0,0.0,0.0,0.0,0.18818053435706728,0.18818053435706728,0.18818053435706728,0.6045204217784409,0.6045204217784409,0.6045204217784409
