Name,FitNum,N,DF,K,ChiSq,RedChiSq,Rsq,AdjRsq,AIC,BIC,RSS,TSS,SDR
G7C8_pH5.3HS_25C,1,280,269,11,267.76273287746204,0.9954004939682604,0.9742188901074608,0.9731607102238118,10.47233946208915,49.469950470085216,267.76273287746204,10386.004869206554,0.9976975964530838
