Name,FitNum,RedChiSq,lf,AlignMag,Temp,pA,pB,pC,dwB,dwC,kexAB,kexAC,kexBC,k12,k21,k13,k31,k23,k32,tau1,tau2,tau3,dG12,dG13,ddG12,ddG21,ddG13,ddG31,ddG23,ddG32,R1,R1b,R1c,R2,R2b,R2c,pA_err,pB_err,pC_err,dwB_err,dwC_err,kexAB_err,kexAC_err,kexBC_err,k12_err,k21_err,k13_err,k31_err,k23_err,k32_err,tau1_err,tau2_err,tau3_err,dG12_err,dG13_err,ddG12_err,ddG21_err,ddG13_err,ddG31_err,ddG23_err,ddG32_err,R1_err,R1b_err,R1c_err,R2_err,R2b_err,R2c_err
G7N1_pH5.3HS_25C,1,0.9954004939682604,70.960765,auto,298.15,0.994983434882,0.005016565117509887,0.0,-1.3220568717358554,0.0,1505.8389590555014,0.0,0.0,7.55413919459,1498.28481986,0.0,0.0,0.0,0.0,0.13237775665,0.000667429841606,0.0,3.13423284444,0.0,16.2551026161,13.1208697716,0.0,0.0,0.0,0.0,2.062389030100564,2.062389030100564,2.062389030100564,8.3419999997442,8.3419999997442,8.3419999997442,0.00288751289048,0.00288751289047559,0.0,0.40065358135985435,0.0,261.39234247204723,0.0,0.0,4.5207276174,260.117032236,0.0,0.0,0.0,0.0,0.0792206451326,0.000115872407784,0.0,0.369187580501,0.0,0.354568812967,0.10286120001,0.0,0.0,0.0,0.0,0.022017837164356395,0.022017837164356395,0.022017837164356395,0.04972417071933286,0.04972417071933286,0.04972417071933286
