Name,FitNum,N,DF,K,ChiSq,RedChiSq,Rsq,AdjRsq,AIC,BIC,RSS,TSS,SDR
gc1p,1,212,205,7,32.98792092119521,0.16091668742046444,0.9813162867933752,0.9806751789872655,-379.86528072757244,-356.9181964127115,32.987920921195204,1765.5976922991133,0.4011442227185435
