Name,FitNum,RedChiSq,lf,AlignMag,Temp,pA,pB,pC,dwB,dwC,kexAB,kexAC,kexBC,k12,k21,k13,k31,k23,k32,tau1,tau2,tau3,dG12,dG13,ddG12,ddG21,ddG13,ddG31,ddG23,ddG32,R1,R1b,R1c,R2,R2b,R2c,pA_err,pB_err,pC_err,dwB_err,dwC_err,kexAB_err,kexAC_err,kexBC_err,k12_err,k21_err,k13_err,k31_err,k23_err,k32_err,tau1_err,tau2_err,tau3_err,dG12_err,dG13_err,ddG12_err,ddG21_err,ddG13_err,ddG31_err,ddG23_err,ddG32_err,R1_err,R1b_err,R1c_err,R2_err,R2b_err,R2c_err
gc8,1,0.16091668742046444,150.88,auto,298.15,0.998,0.002,0.0,4.209177482892351,0.0,2527.1103148039447,0.0,0.0,5.05422062961,2522.05609417,0.0,0.0,0.0,0.0,0.197854441522,0.000396501886818,0.0,3.68087436261,0.0,16.4932056401,12.8123312775,0.0,0.0,0.0,0.0,2.81943957017433,2.81943957017433,2.81943957017433,19.241621767587365,19.241621767587365,19.241621767587365,0.002,0.002,0.0,0.07881559955862798,0.0,134.5203231732517,0.0,0.0,5.05129219296,134.346008612,0.0,0.0,0.0,0.0,0.197739803828,2.11210393077e-05,0.0,0.592981947409,0.0,0.592141460742,0.0315607417937,0.0,0.0,0.0,0.0,0.048187566046059886,0.048187566046059886,0.048187566046059886,0.08204107372193527,0.08204107372193527,0.08204107372193527
