Name,FitNum,N,DF,K,ChiSq,RedChiSq,Rsq,AdjRsq,AIC,BIC,RSS,TSS,SDR
gc8,1,220,213,7,28.37270581395761,0.13320519161482444,0.9954175774037873,0.9952662709973086,-436.0756818752412,-412.8485909375671,28.372705813957605,6191.638858757249,0.3649728642170873
