Name,FitNum,N,DF,K,ChiSq,RedChiSq,Rsq,AdjRsq,AIC,BIC,RSS,TSS,SDR
A16_C8_Off,1,104,100,4,71.96477168950281,0.7196477168950282,0.9902334686786309,0.9898388613525151,-29.890234519081677,-19.71671132655659,71.96477168950278,7368.508769540807,0.8483205272154081
