Name,FitNum,RedChiSq,lf,AlignMag,Temp,pA,pB,pC,dwB,dwC,kexAB,kexAC,kexBC,k12,k21,k13,k31,k23,k32,tau1,tau2,tau3,dG12,dG13,ddG12,ddG21,ddG13,ddG31,ddG23,ddG32,R1,R1b,R1c,R2,R2b,R2c,pA_err,pB_err,pC_err,dwB_err,dwC_err,kexAB_err,kexAC_err,kexBC_err,k12_err,k21_err,k13_err,k31_err,k23_err,k32_err,tau1_err,tau2_err,tau3_err,dG12_err,dG13_err,ddG12_err,ddG21_err,ddG13_err,ddG31_err,ddG23_err,ddG32_err,R1_err,R1b_err,R1c_err,R2_err,R2b_err,R2c_err
A16_C8_Off,1,0.29372069088937014,150.7,auto,298.15,0.994,0.006,0.0,2.686990922869527,0.0,3606.433249888746,0.0,0.0,21.6385994993,3584.79465039,0.0,0.0,0.0,0.0,0.046213711753,0.000278956006557,0.0,3.02758387661,0.0,15.6315816894,12.6039978128,0.0,0.0,0.0,0.0,2.9716428006514177,2.9716428006514177,2.9716428006514177,23.37839231384666,23.37839231384666,23.37839231384666,0.006,0.006,0.0,0.08435287131496541,0.0,262.57730833571094,0.0,0.0,21.5667809203,261.886629628,0.0,0.0,0.0,0.0,0.0460603282999,2.03790887614e-05,0.0,0.592102478963,0.0,0.590518290168,0.043283883493,0.0,0.0,0.0,0.0,0.0699831132448361,0.0699831132448361,0.0699831132448361,0.23880944160664389,0.23880944160664389,0.23880944160664389
