Name,FitNum,RedChiSq,lf,AlignMag,Temp,pA,pB,pC,dwB,dwC,kexAB,kexAC,kexBC,k12,k21,k13,k31,k23,k32,tau1,tau2,tau3,dG12,dG13,ddG12,ddG21,ddG13,ddG31,ddG23,ddG32,R1,R1b,R1c,R2,R2b,R2c,pA_err,pB_err,pC_err,dwB_err,dwC_err,kexAB_err,kexAC_err,kexBC_err,k12_err,k21_err,k13_err,k31_err,k23_err,k32_err,tau1_err,tau2_err,tau3_err,dG12_err,dG13_err,ddG12_err,ddG21_err,ddG13_err,ddG31_err,ddG23_err,ddG32_err,R1_err,R1b_err,R1c_err,R2_err,R2b_err,R2c_err
c15_c6,1,1.185985360475698,176.002098,auto,298.15,0.95,0.05,0.0,1.392336651847246,0.0,39.33317982627692,0.0,0.0,1.96665899131,37.366520835,0.0,0.0,0.0,0.0,0.508476560714,0.0267619242481,0.0,1.7445351892,0.0,17.0524445903,15.3079094011,0.0,0.0,0.0,0.0,1.8983763076552227,1.8983763076552227,1.8983763076552227,33.48217706413998,33.48217706413998,33.48217706413998,0.05,0.05,0.0,0.0454068947555881,0.0,7.318322910263842,0.0,0.0,1.90635940808,7.19974106408,0.0,0.0,0.0,0.0,0.492886199178,0.00515645879406,0.0,0.585554632007,0.0,0.574318618626,0.114159324474,0.0,0.0,0.0,0.0,0.09090939225312179,0.09090939225312179,0.09090939225312179,0.20836419391987523,0.20836419391987523,0.20836419391987523
