Name,FitNum,RedChiSq,lf,AlignMag,Temp,pA,pB,pC,dwB,dwC,kexAB,kexAC,kexBC,k12,k21,k13,k31,k23,k32,tau1,tau2,tau3,dG12,dG13,ddG12,ddG21,ddG13,ddG31,ddG23,ddG32,R1,R1b,R1c,R2,R2b,R2c,pA_err,pB_err,pC_err,dwB_err,dwC_err,kexAB_err,kexAC_err,kexBC_err,k12_err,k21_err,k13_err,k31_err,k23_err,k32_err,tau1_err,tau2_err,tau3_err,dG12_err,dG13_err,ddG12_err,ddG21_err,ddG13_err,ddG31_err,ddG23_err,ddG32_err,R1_err,R1b_err,R1c_err,R2_err,R2b_err,R2c_err
G_C1p_Off,1,0.3092832207173709,150.88,auto,298.15,0.998,0.002,0.0,1.771857530760852,0.0,3143.883932489522,0.0,0.0,6.28776786498,3137.59616462,0.0,0.0,0.0,0.0,0.159038950145,0.000318715330951,0.0,3.68087436261,0.0,16.3638173544,12.6829429918,0.0,0.0,0.0,0.0,2.2531423702452598,2.2531423702452598,2.2531423702452598,13.896422843980218,13.896422843980218,13.896422843980218,0.002,0.002,0.0,0.13741430811730315,0.0,474.3984453890479,0.0,0.0,6.3465275902,473.49123314,0.0,0.0,0.0,0.0,0.160525182654,4.80969848109e-05,0.0,0.604668641027,0.0,0.598021569238,0.0894112306526,0.0,0.0,0.0,0.0,0.03448568351799765,0.03448568351799765,0.03448568351799765,0.09448011790458966,0.09448011790458966,0.09448011790458966
