Name,FitNum,N,DF,K,ChiSq,RedChiSq,Rsq,AdjRsq,AIC,BIC,RSS,TSS,SDR
G7C8_pH5.3HS_25C,1,280,270,10,267.94490675520956,0.9923885435378131,0.9742013497846859,0.9732422921558638,8.495543498144823,44.02559566366631,267.94490675520944,10386.004869206554,0.9961870022931502
