Name,FitNum,N,DF,K,ChiSq,RedChiSq,Rsq,AdjRsq,AIC,BIC,RSS,TSS,SDR
G7N1_pH5.3HS_25C,1,280,270,10,267.94490675520956,0.9923885435378131,0.3471377060011889,0.32286773224658627,8.495543498144823,44.02559566366631,267.94490675520944,410.4156561317621,0.9961870022931502
