Name,FitNum,RedChiSq,lf,AlignMag,Temp,pA,pB,pC,dwB,dwC,kexAB,kexAC,kexBC,k12,k21,k13,k31,k23,k32,tau1,tau2,tau3,dG12,dG13,ddG12,ddG21,ddG13,ddG31,ddG23,ddG32,R1,R1b,R1c,R2,R2b,R2c,pA_err,pB_err,pC_err,dwB_err,dwC_err,kexAB_err,kexAC_err,kexBC_err,k12_err,k21_err,k13_err,k31_err,k23_err,k32_err,tau1_err,tau2_err,tau3_err,dG12_err,dG13_err,ddG12_err,ddG21_err,ddG13_err,ddG31_err,ddG23_err,ddG32_err,R1_err,R1b_err,R1c_err,R2_err,R2b_err,R2c_err
G7C8_pH5.3HS_25C,1,0.9923885435378131,176.090091,auto,298.15,0.9985,0.0015,0.0,1.6724342061189847,0.0,1760.7844985252627,0.0,0.0,2.64117674779,1758.14332178,0.0,0.0,0.0,0.0,0.378619113938,0.000568781843672,0.0,3.85161836479,0.0,16.877727713,13.0261093482,0.0,0.0,0.0,0.0,1.513587442040685,1.513587442040685,1.513587442040685,30.37137224034393,30.37137224034393,30.37137224034393,0.0015,0.0015,0.0,0.16396353083314635,0.0,320.64994201273805,0.0,0.0,2.68071919964,320.179828241,0.0,0.0,0.0,0.0,0.384287620635,0.000103582268156,0.0,0.610958412806,0.0,0.601355150951,0.107898862844,0.0,0.0,0.0,0.0,0.06725685699651579,0.06725685699651579,0.06725685699651579,0.11243900062917436,0.11243900062917436,0.11243900062917436
