Name,FitNum,N,DF,K,ChiSq,RedChiSq,Rsq,AdjRsq,AIC,BIC,RSS,TSS,SDR
A21_C1p_Off,1,109,105,4,37.36448084997095,0.3558521985711519,0.9817666883397832,0.9810654071220826,-108.31376456231418,-97.932988418013,37.36448084997096,2049.2427018343847,0.5965334848700046
