Name,FitNum,N,DF,K,ChiSq,RedChiSq,Rsq,AdjRsq,AIC,BIC,RSS,TSS,SDR
ac1p,1,219,212,7,20.78057283720041,0.09802156998679439,0.9987016131943693,0.9986585387505806,-501.2258402441765,-478.0331438226648,20.780572837200406,16004.916829933014,0.3130839663521503
