Name,FitNum,N,DF,K,ChiSq,RedChiSq,Rsq,AdjRsq,AIC,BIC,RSS,TSS,SDR
ac8,1,219,212,7,20.78057283720041,0.09802156998679439,0.9987687592233773,0.998727912372968,-501.2258402441765,-478.0331438226648,20.780572837200406,16877.749041257106,0.3130839663521503
