Name,FitNum,N,DF,K,ChiSq,RedChiSq,Rsq,AdjRsq,AIC,BIC,RSS,TSS,SDR
G_C1p_Off_clean,1,253,248,5,62.57336228178026,0.25231194468459783,0.942948662859576,0.9417937774923609,-343.4536054308095,-325.7866579871719,62.57336228178024,1096.790459577916,0.5023066241695382
