Name,FitNum,RedChiSq,lf,AlignMag,Temp,pA,pB,pC,dwB,dwC,kexAB,kexAC,kexBC,k12,k21,k13,k31,k23,k32,tau1,tau2,tau3,dG12,dG13,ddG12,ddG21,ddG13,ddG31,ddG23,ddG32,R1,R1b,R1c,R2,R2b,R2c,pA_err,pB_err,pC_err,dwB_err,dwC_err,kexAB_err,kexAC_err,kexBC_err,k12_err,k21_err,k13_err,k31_err,k23_err,k32_err,tau1_err,tau2_err,tau3_err,dG12_err,dG13_err,ddG12_err,ddG21_err,ddG13_err,ddG31_err,ddG23_err,ddG32_err,R1_err,R1b_err,R1c_err,R2_err,R2b_err,R2c_err
G_C1p_Off_clean,1,0.25231194468459783,150.88,avg,298.15,0.999,0.001,0.0,4.12,0.0,8501.167314918392,0.0,0.0,8.50116731492,8492.6661476,0.0,0.0,0.0,0.0,0.117630904434,0.000117748653087,0.0,4.0921468707,0.0,16.1851255254,12.0929786547,0.0,0.0,0.0,0.0,2.3928941829699335,2.3928941829699335,2.3928941829699335,11.003090573773026,11.003090573773026,11.003090573773026,0.001,0.001,0.0,4.12,0.0,570.9767787080964,0.0,0.0,8.51184263519,570.469021355,0.0,0.0,0.0,0.0,0.117778619158,7.90940768482e-06,0.0,0.594562251965,0.0,0.593228760183,0.0397983611971,0.0,0.0,0.0,0.0,0.04456955192373662,0.04456955192373662,0.04456955192373662,0.06075137283318826,0.06075137283318826,0.06075137283318826
