Name,FitNum,RedChiSq,lf,AlignMag,Temp,pA,pB,pC,dwB,dwC,kexAB,kexAC,kexBC,k12,k21,k13,k31,k23,k32,tau1,tau2,tau3,dG12,dG13,ddG12,ddG21,ddG13,ddG31,ddG23,ddG32,R1,R1b,R1c,R2,R2b,R2c,pA_err,pB_err,pC_err,dwB_err,dwC_err,kexAB_err,kexAC_err,kexBC_err,k12_err,k21_err,k13_err,k31_err,k23_err,k32_err,tau1_err,tau2_err,tau3_err,dG12_err,dG13_err,ddG12_err,ddG21_err,ddG13_err,ddG31_err,ddG23_err,ddG32_err,R1_err,R1b_err,R1c_err,R2_err,R2b_err,R2c_err
A21_C1p_Off,1,0.5388986061836814,150.7,avg,298.15,0.9999,0.0001,0.0,6.161636785638497,0.0,3433.511212988712,0.0,0.0,0.343351121299,3433.16786187,0.0,0.0,0.0,0.0,2.91247046527,0.000291276174144,0.0,5.45692695108,0.0,18.0865306408,12.6296036897,0.0,0.0,0.0,0.0,1.9492554047051844,1.9492554047051844,1.9492554047051844,15.037949714171514,15.037949714171514,15.037949714171514,0.0001,0.0001,0.0,5.160005531653941,0.0,11915.377837402784,0.0,0.0,1.24001157532,11914.1863046,0.0,0.0,0.0,0.0,10.5183786092,0.00101082112628,0.0,2.96751606655,0.0,2.13975694633,2.05611084717,0.0,0.0,0.0,0.0,0.12033008786351698,0.12033008786351698,0.12033008786351698,0.40695836563664084,0.40695836563664084,0.40695836563664084
