Name,FitNum,RedChiSq,lf,AlignMag,Temp,pA,pB,pC,dwB,dwC,kexAB,kexAC,kexBC,k12,k21,k13,k31,k23,k32,tau1,tau2,tau3,dG12,dG13,ddG12,ddG21,ddG13,ddG31,ddG23,ddG32,R1,R1b,R1c,R2,R2b,R2c,pA_err,pB_err,pC_err,dwB_err,dwC_err,kexAB_err,kexAC_err,kexBC_err,k12_err,k21_err,k13_err,k31_err,k23_err,k32_err,tau1_err,tau2_err,tau3_err,dG12_err,dG13_err,ddG12_err,ddG21_err,ddG13_err,ddG31_err,ddG23_err,ddG32_err,R1_err,R1b_err,R1c_err,R2_err,R2b_err,R2c_err
ac8,1,0.13684173167598673,176.04,auto,298.15,0.994,0.006,0.0,2.5366005772446885,0.0,3195.2362154396474,0.0,0.0,19.1714172926,3176.06479815,0.0,0.0,0.0,0.0,0.0521609844873,0.000314855037146,0.0,3.02758387661,0.0,15.7033068542,12.6757229776,0.0,0.0,0.0,0.0,1.5873871722353108,1.5873871722353108,1.5873871722353108,27.41279747205369,27.41279747205369,27.41279747205369,0.006,0.006,0.0,0.05048658816081573,0.0,118.24551405224643,0.0,0.0,19.0699380515,119.070903716,0.0,0.0,0.0,0.0,0.0518848829845,1.18039385828e-05,0.0,0.58976701224,0.0,0.589348574775,0.0222122969688,0.0,0.0,0.0,0.0,0.08023155261566771,0.08023155261566771,0.08023155261566771,0.17906664636538253,0.17906664636538253,0.17906664636538253
