Name,FitNum,RedChiSq,lf,AlignMag,Temp,pA,pB,pC,dwB,dwC,kexAB,kexAC,kexBC,k12,k21,k13,k31,k23,k32,tau1,tau2,tau3,dG12,dG13,ddG12,ddG21,ddG13,ddG31,ddG23,ddG32,R1,R1b,R1c,R2,R2b,R2c,pA_err,pB_err,pC_err,dwB_err,dwC_err,kexAB_err,kexAC_err,kexBC_err,k12_err,k21_err,k13_err,k31_err,k23_err,k32_err,tau1_err,tau2_err,tau3_err,dG12_err,dG13_err,ddG12_err,ddG21_err,ddG13_err,ddG31_err,ddG23_err,ddG32_err,R1_err,R1b_err,R1c_err,R2_err,R2b_err,R2c_err
A6RNAm6A_C2_37,1,0.37573869883304795,150.88,auto,298.15,0.992,0.008,0.0,1.8524426013550734,0.0,157.96720071956602,0.0,0.0,1.26373760576,156.703463114,0.0,0.0,0.0,0.0,0.791303507504,0.00638147989923,0.0,2.85594331299,0.0,17.3144783622,14.4585350492,0.0,0.0,0.0,0.0,4.541702742643686,4.541702742643686,4.541702742643686,21.014443225129703,21.014443225129703,21.014443225129703,0.008,0.008,0.0,0.07242347069852309,0.0,8.94019925103563,0.0,0.0,1.25570696065,8.95684810728,0.0,0.0,0.0,0.0,0.786275028798,0.000364752284482,0.0,0.589692917453,0.0,0.588719699307,0.0338652113761,0.0,0.0,0.0,0.0,0.030439606257934196,0.030439606257934196,0.030439606257934196,0.03181594631608351,0.03181594631608351,0.03181594631608351
