Name,FitNum,RedChiSq,lf,AlignMag,Temp,pA,pB,pC,dwB,dwC,kexAB,kexAC,kexBC,k12,k21,k13,k31,k23,k32,tau1,tau2,tau3,dG12,dG13,ddG12,ddG21,ddG13,ddG31,ddG23,ddG32,R1,R1b,R1c,R2,R2b,R2c,pA_err,pB_err,pC_err,dwB_err,dwC_err,kexAB_err,kexAC_err,kexBC_err,k12_err,k21_err,k13_err,k31_err,k23_err,k32_err,tau1_err,tau2_err,tau3_err,dG12_err,dG13_err,ddG12_err,ddG21_err,ddG13_err,ddG31_err,ddG23_err,ddG32_err,R1_err,R1b_err,R1c_err,R2_err,R2b_err,R2c_err
A16_C8_Off,1,0.5087476205435411,150.7,auto,298.15,0.9975,0.0025,0.0,4.105168494449162,0.0,2864.3721611459414,0.0,0.0,7.16093040286,2857.21123074,0.0,0.0,0.0,0.0,0.139646658149,0.000349991624434,0.0,3.54836830122,0.0,16.286774323,12.7384060218,0.0,0.0,0.0,0.0,2.764901129468668,2.764901129468668,2.764901129468668,25.59528161492058,25.59528161492058,25.59528161492058,0.0025,0.0025,0.0,0.1770261646741491,0.0,463.83770530900017,0.0,0.0,7.23656199141,462.733246711,0.0,0.0,0.0,0.0,0.141121564062,5.66821097977e-05,0.0,0.606382493596,0.0,0.598742394231,0.0959545407536,0.0,0.0,0.0,0.0,0.11505416899498293,0.11505416899498293,0.11505416899498293,0.30980929748001046,0.30980929748001046,0.30980929748001046
