Name,FitNum,N,DF,K,ChiSq,RedChiSq,Rsq,AdjRsq,AIC,BIC,RSS,TSS,SDR
A16_C8_Off,1,106,102,4,51.89225729544118,0.5087476205435411,0.9937869001855767,0.9935408368265897,-67.31652740964567,-57.05881063715779,51.89225729544116,8352.072048637714,0.7132654628842903
