Name,FitNum,N,DF,K,ChiSq,RedChiSq,Rsq,AdjRsq,AIC,BIC,RSS,TSS,SDR
G10_C8_Off,1,97,93,4,21.889706963677025,0.23537319315781746,0.9994431418476933,0.9994189306236799,-135.9685794123207,-126.10451810700283,21.88970696367702,39309.30502319453,0.48515275239641525
