Name,FitNum,RedChiSq,lf,AlignMag,Temp,pA,pB,pC,dwB,dwC,kexAB,kexAC,kexBC,k12,k21,k13,k31,k23,k32,tau1,tau2,tau3,dG12,dG13,ddG12,ddG21,ddG13,ddG31,ddG23,ddG32,R1,R1b,R1c,R2,R2b,R2c,pA_err,pB_err,pC_err,dwB_err,dwC_err,kexAB_err,kexAC_err,kexBC_err,k12_err,k21_err,k13_err,k31_err,k23_err,k32_err,tau1_err,tau2_err,tau3_err,dG12_err,dG13_err,ddG12_err,ddG21_err,ddG13_err,ddG31_err,ddG23_err,ddG32_err,R1_err,R1b_err,R1c_err,R2_err,R2b_err,R2c_err
ra16_c8_10c,1,0.4352512132181449,150.784186,auto,298.15,0.998,0.002,0.0,3.5550567851772903,0.0,2648.660930623925,0.0,0.0,5.29732186125,2643.36360876,0.0,0.0,0.0,0.0,0.188774634842,0.000378305881448,0.0,3.68087436261,0.0,16.4653720568,12.7844976942,0.0,0.0,0.0,0.0,1.6545429517707055,1.6545429517707055,1.6545429517707055,41.949018562110716,41.949018562110716,41.949018562110716,0.002,0.002,0.0,0.0953075857023968,0.0,207.8733972140647,0.0,0.0,5.30305971266,207.525001661,0.0,0.0,0.0,0.0,0.188979108128,2.97000111584e-05,0.0,0.594947622164,0.0,0.593126505151,0.0465147504077,0.0,0.0,0.0,0.0,0.033632271071196276,0.033632271071196276,0.033632271071196276,0.1213985838135519,0.1213985838135519,0.1213985838135519
