Name,FitNum,N,DF,K,ChiSq,RedChiSq,Rsq,AdjRsq,AIC,BIC,RSS,TSS,SDR
G_C1p_Off,1,199,192,7,42.46880304836121,0.22119168254354796,0.9783174502748251,0.9775228018555779,-292.7760903529171,-270.3093440144006,42.46880304836122,1958.6627765945875,0.4703101982134217
