Name,FitNum,RedChiSq,lf,AlignMag,Temp,pA,pB,pC,dwB,dwC,kexAB,kexAC,kexBC,k12,k21,k13,k31,k23,k32,tau1,tau2,tau3,dG12,dG13,ddG12,ddG21,ddG13,ddG31,ddG23,ddG32,R1,R1b,R1c,R2,R2b,R2c,pA_err,pB_err,pC_err,dwB_err,dwC_err,kexAB_err,kexAC_err,kexBC_err,k12_err,k21_err,k13_err,k31_err,k23_err,k32_err,tau1_err,tau2_err,tau3_err,dG12_err,dG13_err,ddG12_err,ddG21_err,ddG13_err,ddG31_err,ddG23_err,ddG32_err,R1_err,R1b_err,R1c_err,R2_err,R2b_err,R2c_err
G_C1p_Off,1,0.22119168254354796,150.88,auto,298.15,0.9994,0.0006,0.0,4.4300672774157315,0.0,2462.902171399091,0.0,0.0,1.47774130284,2461.4244301,0.0,0.0,0.0,0.0,0.676708432036,0.000406268820514,0.0,4.39504044577,0.0,17.2217894014,12.8267489556,0.0,0.0,0.0,0.0,2.168024085487581,2.168024085487581,2.168024085487581,13.935594561433511,13.935594561433511,13.935594561433511,0.0006,0.0006,0.0,0.31904335615225726,0.0,400.75566033455743,0.0,0.0,1.49630154144,400.517929798,0.0,0.0,0.0,0.0,0.685207801944,6.61072283772e-05,0.0,0.607623259381,0.0,0.599926280293,0.0964079019294,0.0,0.0,0.0,0.0,0.03260950456597371,0.03260950456597371,0.03260950456597371,0.08246992744359481,0.08246992744359481,0.08246992744359481
