Name,FitNum,RedChiSq,lf,AlignMag,Temp,pA,pB,pC,dwB,dwC,kexAB,kexAC,kexBC,k12,k21,k13,k31,k23,k32,tau1,tau2,tau3,dG12,dG13,ddG12,ddG21,ddG13,ddG31,ddG23,ddG32,R1,R1b,R1c,R2,R2b,R2c,pA_err,pB_err,pC_err,dwB_err,dwC_err,kexAB_err,kexAC_err,kexBC_err,k12_err,k21_err,k13_err,k31_err,k23_err,k32_err,tau1_err,tau2_err,tau3_err,dG12_err,dG13_err,ddG12_err,ddG21_err,ddG13_err,ddG31_err,ddG23_err,ddG32_err,R1_err,R1b_err,R1c_err,R2_err,R2b_err,R2c_err
G10_C1p_Off,1,0.38617533142220595,170.4,auto,298.15,0.9999,0.0001,0.0,4.7675740111574445,0.0,3163.667307277934,0.0,0.0,0.316366730728,3163.35094055,0.0,0.0,0.0,0.0,3.16088862346,0.000316120474394,0.0,5.45692695108,0.0,18.135026418,12.6780994669,0.0,0.0,0.0,0.0,1.676989764389491,1.676989764389491,1.676989764389491,15.329792315731549,15.329792315731549,15.329792315731549,0.0001,0.0001,0.0,3.177423424888914,0.0,9139.5651855756,0.0,0.0,0.967152733825,9138.65123453,0.0,0.0,0.0,0.0,9.66303272935,0.000913245105546,0.0,2.49206276747,0.0,1.81126265497,1.71163793827,0.0,0.0,0.0,0.0,0.10424368625350253,0.10424368625350253,0.10424368625350253,0.30667067032519546,0.30667067032519546,0.30667067032519546
