Name,FitNum,N,DF,K,ChiSq,RedChiSq,Rsq,AdjRsq,AIC,BIC,RSS,TSS,SDR
ac1p,1,195,188,7,40.9015918868078,0.21756165897238192,0.998271409670205,0.9982067030803197,-289.95803161145705,-267.64596518279427,40.9015918868078,23661.819218703065,0.46643505332723645
