Name,FitNum,RedChiSq,lf,AlignMag,Temp,pA,pB,pC,dwB,dwC,kexAB,kexAC,kexBC,k12,k21,k13,k31,k23,k32,tau1,tau2,tau3,dG12,dG13,ddG12,ddG21,ddG13,ddG31,ddG23,ddG32,R1,R1b,R1c,R2,R2b,R2c,pA_err,pB_err,pC_err,dwB_err,dwC_err,kexAB_err,kexAC_err,kexBC_err,k12_err,k21_err,k13_err,k31_err,k23_err,k32_err,tau1_err,tau2_err,tau3_err,dG12_err,dG13_err,ddG12_err,ddG21_err,ddG13_err,ddG31_err,ddG23_err,ddG32_err,R1_err,R1b_err,R1c_err,R2_err,R2b_err,R2c_err
ac8,1,0.21756165897238192,176.04,auto,298.15,0.976,0.024,0.0,2.7304648108012746,0.0,2084.917079931719,0.0,0.0,50.0380099184,2034.87907001,0.0,0.0,0.0,0.0,0.0199848075819,0.000491429694637,0.0,2.19539817638,0.0,15.1348992471,12.9395010707,0.0,0.0,0.0,0.0,0.9808519348308944,0.9808519348308944,0.9808519348308944,30.165724876788907,30.165724876788907,30.165724876788907,0.024,0.024,0.0,0.028430879980154426,0.0,43.005198863539505,0.0,0.0,48.8627627298,64.4068571557,0.0,0.0,0.0,0.0,0.0195154226291,1.55544585479e-05,0.0,0.57887284497,0.0,0.578569006909,0.0187529967511,0.0,0.0,0.0,0.0,0.20874823983771504,0.20874823983771504,0.20874823983771504,0.3284508408054209,0.3284508408054209,0.3284508408054209
