Name,FitNum,RedChiSq,lf,AlignMag,Temp,pA,pB,pC,dwB,dwC,kexAB,kexAC,kexBC,k12,k21,k13,k31,k23,k32,tau1,tau2,tau3,dG12,dG13,ddG12,ddG21,ddG13,ddG31,ddG23,ddG32,R1,R1b,R1c,R2,R2b,R2c,pA_err,pB_err,pC_err,dwB_err,dwC_err,kexAB_err,kexAC_err,kexBC_err,k12_err,k21_err,k13_err,k31_err,k23_err,k32_err,tau1_err,tau2_err,tau3_err,dG12_err,dG13_err,ddG12_err,ddG21_err,ddG13_err,ddG31_err,ddG23_err,ddG32_err,R1_err,R1b_err,R1c_err,R2_err,R2b_err,R2c_err
ra16_c8_10c,1,0.7761084840772433,150.784186,auto,298.15,0.996,0.004,0.0,3.8913141380412077,0.0,372.9590744025124,0.0,0.0,1.49183629761,371.467238105,0.0,0.0,0.0,0.0,0.670314833874,0.00269202744528,0.0,3.26900669389,0.0,17.2161649434,13.9471582495,0.0,0.0,0.0,0.0,1.4471936459630939,1.4471936459630939,1.4471936459630939,43.22528336696507,43.22528336696507,43.22528336696507,0.004,0.004,0.0,0.09786626408252669,0.0,19.188713904825963,0.0,0.0,1.48786204362,19.1696327782,0.0,0.0,0.0,0.0,0.668529114215,0.000138922554296,0.0,0.591696868629,0.0,0.59090636869,0.0305752806652,0.0,0.0,0.0,0.0,0.042437318321639,0.042437318321639,0.042437318321639,0.08042855823391754,0.08042855823391754,0.08042855823391754
