Name,FitNum,N,DF,K,ChiSq,RedChiSq,Rsq,AdjRsq,AIC,BIC,RSS,TSS,SDR
gc8,1,308,301,7,132.73607065109698,0.44098362342557135,0.977053668998607,0.9765182546085744,-245.25501372198778,-219.14431524117276,132.736070651097,5784.631566721444,0.6640659782172036
