Name,FitNum,RedChiSq,lf,AlignMag,Temp,pA,pB,pC,dwB,dwC,kexAB,kexAC,kexBC,k12,k21,k13,k31,k23,k32,tau1,tau2,tau3,dG12,dG13,ddG12,ddG21,ddG13,ddG31,ddG23,ddG32,R1,R1b,R1c,R2,R2b,R2c,pA_err,pB_err,pC_err,dwB_err,dwC_err,kexAB_err,kexAC_err,kexBC_err,k12_err,k21_err,k13_err,k31_err,k23_err,k32_err,tau1_err,tau2_err,tau3_err,dG12_err,dG13_err,ddG12_err,ddG21_err,ddG13_err,ddG31_err,ddG23_err,ddG32_err,R1_err,R1b_err,R1c_err,R2_err,R2b_err,R2c_err
gc1p,1,0.44098362342557135,150.88,auto,298.15,0.995,0.005,0.0,4.011221500747112,0.0,1054.6328727752534,0.0,0.0,5.27316436388,1049.35970841,0.0,0.0,0.0,0.0,0.189639451949,0.000952962070093,0.0,3.13620237989,0.0,16.4680801581,13.3318777782,0.0,0.0,0.0,0.0,2.412207042820545,2.412207042820545,2.412207042820545,13.230716892108587,13.230716892108587,13.230716892108587,0.005,0.005,0.0,0.04365556807812521,0.0,26.743135982851186,0.0,0.0,5.24856837438,27.1217779461,0.0,0.0,0.0,0.0,0.188754903384,2.46302821129e-05,0.0,0.589919969655,0.0,0.589721180824,0.0153133760207,0.0,0.0,0.0,0.0,0.044999436007444014,0.044999436007444014,0.044999436007444014,0.10417625766596014,0.10417625766596014,0.10417625766596014
