Name,FitNum,N,DF,K,ChiSq,RedChiSq,Rsq,AdjRsq,AIC,BIC,RSS,TSS,SDR
A21_C1p_Off,1,102,98,4,29.431620100023398,0.3003226540818714,0.9905522449142162,0.9901626467663488,-118.36375560092665,-108.27623548181019,29.43162010002341,3115.197190527273,0.5480170198833897
