Name,FitNum,RedChiSq,lf,AlignMag,Temp,pA,pB,pC,dwB,dwC,kexAB,kexAC,kexBC,k12,k21,k13,k31,k23,k32,tau1,tau2,tau3,dG12,dG13,ddG12,ddG21,ddG13,ddG31,ddG23,ddG32,R1,R1b,R1c,R2,R2b,R2c,pA_err,pB_err,pC_err,dwB_err,dwC_err,kexAB_err,kexAC_err,kexBC_err,k12_err,k21_err,k13_err,k31_err,k23_err,k32_err,tau1_err,tau2_err,tau3_err,dG12_err,dG13_err,ddG12_err,ddG21_err,ddG13_err,ddG31_err,ddG23_err,ddG32_err,R1_err,R1b_err,R1c_err,R2_err,R2b_err,R2c_err
A21_C1p_Off,1,0.3003226540818714,150.88,auto,298.15,0.998,0.002,0.0,4.228675006371535,0.0,3008.3961778157504,0.0,0.0,6.01679235563,3002.37938546,0.0,0.0,0.0,0.0,0.166201514178,0.000333069166689,0.0,3.68087436261,0.0,16.3899174044,12.7090430418,0.0,0.0,0.0,0.0,1.9097240016879258,1.9097240016879258,1.9097240016879258,14.99323370222791,14.99323370222791,14.99323370222791,0.002,0.002,0.0,0.2320452964622089,0.0,521.580476425509,0.0,0.0,6.09470733322,520.571948987,0.0,0.0,0.0,0.0,0.168353755187,5.77496854963e-05,0.0,0.608885750148,0.0,0.600157181845,0.102728836326,0.0,0.0,0.0,0.0,0.07657501429658153,0.07657501429658153,0.07657501429658153,0.2985966433765116,0.2985966433765116,0.2985966433765116
