Name,FitNum,RedChiSq,lf,AlignMag,Temp,pA,pB,pC,dwB,dwC,kexAB,kexAC,kexBC,k12,k21,k13,k31,k23,k32,tau1,tau2,tau3,dG12,dG13,ddG12,ddG21,ddG13,ddG31,ddG23,ddG32,R1,R1b,R1c,R2,R2b,R2c,pA_err,pB_err,pC_err,dwB_err,dwC_err,kexAB_err,kexAC_err,kexBC_err,k12_err,k21_err,k13_err,k31_err,k23_err,k32_err,tau1_err,tau2_err,tau3_err,dG12_err,dG13_err,ddG12_err,ddG21_err,ddG13_err,ddG31_err,ddG23_err,ddG32_err,R1_err,R1b_err,R1c_err,R2_err,R2b_err,R2c_err
G_C8_Off,1,0.8167405720907933,150.88,auto,298.15,0.92,0.08,0.0,4.27,0.0,10.000000000000002,0.0,0.0,0.8,9.2,0.0,0.0,0.0,0.0,1.25,0.108695652174,0.0,1.44705336996,0.0,17.5853726009,16.1383192309,0.0,0.0,0.0,0.0,1.9445223648311454,1.9445223648311454,1.9445223648311454,20.18104234996761,20.18104234996761,20.18104234996761,0.08,0.08,0.0,4.27,0.0,1.1303412468826677,0.0,0.0,0.744291002593,1.27562259993,0.0,0.0,0.0,0.0,1.16295469155,0.0150711554812,0.0,0.557314290551,0.0,0.551226334718,0.0821507538912,0.0,0.0,0.0,0.0,0.09160341972750642,0.09160341972750642,0.09160341972750642,0.12290006196160862,0.12290006196160862,0.12290006196160862
