Name,FitNum,N,DF,K,ChiSq,RedChiSq,Rsq,AdjRsq,AIC,BIC,RSS,TSS,SDR
G_C8_Off,1,190,185,5,151.09700583679677,0.8167405720907933,0.9585340286289966,0.9574072359286976,-33.20329662507039,-17.2942632207897,151.09700583679677,3643.8795677763133,0.9037370038295396
