Name,FitNum,N,DF,K,ChiSq,RedChiSq,Rsq,AdjRsq,AIC,BIC,RSS,TSS,SDR
gc1p,1,212,205,7,81.92386422600394,0.39962860598050703,0.9535999256323648,0.952007766217789,-187.01972047049196,-164.07263615563102,81.92386422600393,1765.5976922991133,0.6321618510955141
