Name,FitNum,RedChiSq,lf,AlignMag,Temp,pA,pB,pC,dwB,dwC,kexAB,kexAC,kexBC,k12,k21,k13,k31,k23,k32,tau1,tau2,tau3,dG12,dG13,ddG12,ddG21,ddG13,ddG31,ddG23,ddG32,R1,R1b,R1c,R2,R2b,R2c,pA_err,pB_err,pC_err,dwB_err,dwC_err,kexAB_err,kexAC_err,kexBC_err,k12_err,k21_err,k13_err,k31_err,k23_err,k32_err,tau1_err,tau2_err,tau3_err,dG12_err,dG13_err,ddG12_err,ddG21_err,ddG13_err,ddG31_err,ddG23_err,ddG32_err,R1_err,R1b_err,R1c_err,R2_err,R2b_err,R2c_err
gc1p,1,0.39962860598050703,150.88,auto,298.15,0.996,0.004,0.0,4.912854155982735,0.0,630.4831426383033,0.0,0.0,2.52193257055,627.961210068,0.0,0.0,0.0,0.0,0.39652130738,0.00159245504972,0.0,3.26900669389,0.0,16.9050999484,13.6360932546,0.0,0.0,0.0,0.0,2.0520569008687843,2.0520569008687843,2.0520569008687843,13.923233496638133,13.923233496638133,13.923233496638133,0.004,0.004,0.0,0.1601687452777584,0.0,21.385350056747434,0.0,0.0,2.51332122799,21.4474081201,0.0,0.0,0.0,0.0,0.395167353332,5.4388762899e-05,0.0,0.590808310225,0.0,0.590461661838,0.0202357438815,0.0,0.0,0.0,0.0,0.07865707102864754,0.07865707102864754,0.07865707102864754,0.11083397340527855,0.11083397340527855,0.11083397340527855
