Name,FitNum,N,DF,K,ChiSq,RedChiSq,Rsq,AdjRsq,AIC,BIC,RSS,TSS,SDR
A21_C1p_Off,1,109,105,4,22.558102668995073,0.2148390730380483,0.9889919809650647,0.9885685956175673,-163.31802273033912,-152.93724658603793,22.558102668995076,2049.2427018343847,0.46350736028465434
