Name,FitNum,RedChiSq,lf,AlignMag,Temp,pA,pB,pC,dwB,dwC,kexAB,kexAC,kexBC,k12,k21,k13,k31,k23,k32,tau1,tau2,tau3,dG12,dG13,ddG12,ddG21,ddG13,ddG31,ddG23,ddG32,R1,R1b,R1c,R2,R2b,R2c,pA_err,pB_err,pC_err,dwB_err,dwC_err,kexAB_err,kexAC_err,kexBC_err,k12_err,k21_err,k13_err,k31_err,k23_err,k32_err,tau1_err,tau2_err,tau3_err,dG12_err,dG13_err,ddG12_err,ddG21_err,ddG13_err,ddG31_err,ddG23_err,ddG32_err,R1_err,R1b_err,R1c_err,R2_err,R2b_err,R2c_err
A21_C1p_Off,1,0.2148390730380483,150.7,avg,298.15,0.9955,0.0045,0.0,2.695767909110367,0.0,384.7656676037672,0.0,0.0,1.73144550422,383.0342221,0.0,0.0,0.0,0.0,0.57755210751,0.00261073278131,0.0,3.1989245348,0.0,17.12791503,13.9289904952,0.0,0.0,0.0,0.0,1.647426876641968,1.647426876641968,1.647426876641968,14.618599843828365,14.618599843828365,14.618599843828365,0.0045,0.0045,0.0,0.15587902646126134,0.0,40.28101283906138,0.0,0.0,1.73317646455,40.1367768517,0.0,0.0,0.0,0.0,0.578129497781,0.000273569287069,0.0,0.59631776246,0.0,0.593077067621,0.0620843433362,0.0,0.0,0.0,0.0,0.06751209500073464,0.06751209500073464,0.06751209500073464,0.08219536453988294,0.08219536453988294,0.08219536453988294
