Name,FitNum,RedChiSq,lf,AlignMag,Temp,pA,pB,pC,dwB,dwC,kexAB,kexAC,kexBC,k12,k21,k13,k31,k23,k32,tau1,tau2,tau3,dG12,dG13,ddG12,ddG21,ddG13,ddG31,ddG23,ddG32,R1,R1b,R1c,R2,R2b,R2c,pA_err,pB_err,pC_err,dwB_err,dwC_err,kexAB_err,kexAC_err,kexBC_err,k12_err,k21_err,k13_err,k31_err,k23_err,k32_err,tau1_err,tau2_err,tau3_err,dG12_err,dG13_err,ddG12_err,ddG21_err,ddG13_err,ddG31_err,ddG23_err,ddG32_err,R1_err,R1b_err,R1c_err,R2_err,R2b_err,R2c_err
A21_C1p_Off,1,0.17745712283295,150.88,gs,298.15,0.919009548537,0.08099045146294133,0.0,2.7972324271529674,0.0,9.619792879213541,0.0,0.0,0.779111368267,8.84068151095,0.0,0.0,0.0,0.0,1.2835135524,0.113113451577,0.0,1.43912486497,0.0,17.6010484018,16.1619235368,0.0,0.0,0.0,0.0,2.1128985692476405,2.1128985692476405,2.1128985692476405,13.846887462524176,13.846887462524176,13.846887462524176,0.00705241962055,0.007052419620549026,0.0,0.005564138867103955,0.0,1.6349327247092473,0.0,0.0,0.146461393327,1.50382186057,0.0,0.0,0.0,0.0,0.241281530337,0.0192408787711,0.0,0.150207776822,0.0,0.111378354087,0.100783125864,0.0,0.0,0.0,0.0,0.048966758373337096,0.048966758373337096,0.048966758373337096,0.06255169405324613,0.06255169405324613,0.06255169405324613
