Name,FitNum,N,DF,K,ChiSq,RedChiSq,Rsq,AdjRsq,AIC,BIC,RSS,TSS,SDR
A16_C8_Off,1,95,91,4,104.97305613417049,1.1535500674084669,0.9920424242802957,0.9916887542483088,17.927992095682924,27.69905521764064,104.97305613417048,13191.587467303481,1.0740344814802116
