Name,FitNum,RedChiSq,lf,AlignMag,Temp,pA,pB,pC,dwB,dwC,kexAB,kexAC,kexBC,k12,k21,k13,k31,k23,k32,tau1,tau2,tau3,dG12,dG13,ddG12,ddG21,ddG13,ddG31,ddG23,ddG32,R1,R1b,R1c,R2,R2b,R2c,pA_err,pB_err,pC_err,dwB_err,dwC_err,kexAB_err,kexAC_err,kexBC_err,k12_err,k21_err,k13_err,k31_err,k23_err,k32_err,tau1_err,tau2_err,tau3_err,dG12_err,dG13_err,ddG12_err,ddG21_err,ddG13_err,ddG31_err,ddG23_err,ddG32_err,R1_err,R1b_err,R1c_err,R2_err,R2b_err,R2c_err
A16_C8_Off,1,1.1535500674084669,176.04,auto,298.15,0.97,0.03,0.0,4.438861015788544,0.0,266.7546579257626,0.0,0.0,8.00263973777,258.752018188,0.0,0.0,0.0,0.0,0.124958767703,0.00386470415575,0.0,2.05953545938,0.0,16.220930582,14.1613951226,0.0,0.0,0.0,0.0,0.10000000000000002,0.10000000000000002,0.10000000000000002,31.22760517214434,31.22760517214434,31.22760517214434,0.03,0.03,0.0,0.176374877421185,0.0,17.606548724480977,0.0,0.0,7.78421323869,18.7612659555,0.0,0.0,0.0,0.0,0.12154810484,0.000280217109081,0.0,0.57791218575,0.0,0.576313288763,0.0429591391264,0.0,0.0,0.0,0.0,0.35075846313601255,0.35075846313601255,0.35075846313601255,0.5004537572558604,0.5004537572558604,0.5004537572558604
