Name,FitNum,RedChiSq,lf,AlignMag,Temp,pA,pB,pC,dwB,dwC,kexAB,kexAC,kexBC,k12,k21,k13,k31,k23,k32,tau1,tau2,tau3,dG12,dG13,ddG12,ddG21,ddG13,ddG31,ddG23,ddG32,R1,R1b,R1c,R2,R2b,R2c,pA_err,pB_err,pC_err,dwB_err,dwC_err,kexAB_err,kexAC_err,kexBC_err,k12_err,k21_err,k13_err,k31_err,k23_err,k32_err,tau1_err,tau2_err,tau3_err,dG12_err,dG13_err,ddG12_err,ddG21_err,ddG13_err,ddG31_err,ddG23_err,ddG32_err,R1_err,R1b_err,R1c_err,R2_err,R2b_err,R2c_err
ac1p,1,0.44106313192876095,176.04,auto,298.15,0.978,0.022,0.0,3.4481369761517806,0.0,2207.8297469509303,0.0,0.0,48.5722544329,2159.25749252,0.0,0.0,0.0,0.0,0.0205878852377,0.000463122162811,0.0,2.24816395606,0.0,15.1525140815,12.9043501254,0.0,0.0,0.0,0.0,0.9962728043302834,0.9962728043302834,0.9962728043302834,20.021794692444296,20.021794692444296,20.021794692444296,0.022,0.022,0.0,0.039711820065518315,0.0,68.77620404723585,0.0,0.0,47.5397671112,82.3533143561,0.0,0.0,0.0,0.0,0.0201502541098,1.76633149087e-05,0.0,0.580330576016,0.0,0.579890460267,0.0225971580258,0.0,0.0,0.0,0.0,0.24907831291527277,0.24907831291527277,0.24907831291527277,0.4371907240306164,0.4371907240306164,0.4371907240306164
