Name,FitNum,RedChiSq,lf,AlignMag,Temp,pA,pB,pC,dwB,dwC,kexAB,kexAC,kexBC,k12,k21,k13,k31,k23,k32,tau1,tau2,tau3,dG12,dG13,ddG12,ddG21,ddG13,ddG31,ddG23,ddG32,R1,R1b,R1c,R2,R2b,R2c,pA_err,pB_err,pC_err,dwB_err,dwC_err,kexAB_err,kexAC_err,kexBC_err,k12_err,k21_err,k13_err,k31_err,k23_err,k32_err,tau1_err,tau2_err,tau3_err,dG12_err,dG13_err,ddG12_err,ddG21_err,ddG13_err,ddG31_err,ddG23_err,ddG32_err,R1_err,R1b_err,R1c_err,R2_err,R2b_err,R2c_err
G10_C8_Off,1,14.547897179434031,176.04,auto,298.15,0.998,0.002,0.0,6.527065070389282,0.0,4526.047243946213,0.0,0.0,9.05209448789,4516.99514946,0.0,0.0,0.0,0.0,0.110471670544,0.000221386113315,0.0,3.68087436261,0.0,16.1479218197,12.4670474571,0.0,0.0,0.0,0.0,3.4152002230940113,3.4152002230940113,3.4152002230940113,52.237067030562905,52.237067030562905,52.237067030562905,0.002,0.002,0.0,3.7797466260950627,0.0,10038.927915249165,0.0,0.0,22.0166664878,10018.8541324,0.0,0.0,0.0,0.0,0.268691177491,0.000491042186863,0.0,1.95028881532,0.0,1.44105202756,1.31415201443,0.0,0.0,0.0,0.0,2.07868749389472,2.07868749389472,2.07868749389472,7.128883897065392,7.128883897065392,7.128883897065392
