Name,FitNum,N,DF,K,ChiSq,RedChiSq,Rsq,AdjRsq,AIC,BIC,RSS,TSS,SDR
G_C8_Off,1,190,185,5,48.96389592183103,0.26466970768557313,0.9865627019194514,0.9861975579498712,-247.30267711900677,-231.3936437147261,48.963895921831046,3643.8795677763133,0.5144605987688204
