Name,FitNum,RedChiSq,lf,AlignMag,Temp,pA,pB,pC,dwB,dwC,kexAB,kexAC,kexBC,k12,k21,k13,k31,k23,k32,tau1,tau2,tau3,dG12,dG13,ddG12,ddG21,ddG13,ddG31,ddG23,ddG32,R1,R1b,R1c,R2,R2b,R2c,pA_err,pB_err,pC_err,dwB_err,dwC_err,kexAB_err,kexAC_err,kexBC_err,k12_err,k21_err,k13_err,k31_err,k23_err,k32_err,tau1_err,tau2_err,tau3_err,dG12_err,dG13_err,ddG12_err,ddG21_err,ddG13_err,ddG31_err,ddG23_err,ddG32_err,R1_err,R1b_err,R1c_err,R2_err,R2b_err,R2c_err
G_C1p_Off_reduce_new_trunc,1,0.26466970768557313,150.88,auto,298.15,0.995,0.005,0.0,4.12,0.0,93.45556994831955,0.0,0.0,0.467277849742,92.9882920986,0.0,0.0,0.0,0.0,2.1400543607,0.0107540420136,0.0,3.13620237989,0.0,17.9039443507,14.7677419708,0.0,0.0,0.0,0.0,2.069933774175417,2.069933774175417,2.069933774175417,14.509155766381118,14.509155766381118,14.509155766381118,0.005,0.005,0.0,4.12,0.0,11.25708163016498,0.0,0.0,0.468341827697,11.2104420978,0.0,0.0,0.0,0.0,2.1449272017,0.0012964811224,0.0,0.598114235097,0.0,0.593833819285,0.0714285188101,0.0,0.0,0.0,0.0,0.053637062580268034,0.053637062580268034,0.053637062580268034,0.067943044008692,0.067943044008692,0.067943044008692
