Name,FitNum,N,DF,K,ChiSq,RedChiSq,Rsq,AdjRsq,AIC,BIC,RSS,TSS,SDR
hpGBCm6A_m6A_C2_65C,1,91,87,4,27.068707581714097,0.31113456990475974,0.9907037104226626,0.990271324860926,-101.870668152049,-92.29234640505138,27.068707581714097,2911.7754300277525,0.5577943795923008
