Name,FitNum,RedChiSq,lf,AlignMag,Temp,pA,pB,pC,dwB,dwC,kexAB,kexAC,kexBC,k12,k21,k13,k31,k23,k32,tau1,tau2,tau3,dG12,dG13,ddG12,ddG21,ddG13,ddG31,ddG23,ddG32,R1,R1b,R1c,R2,R2b,R2c,pA_err,pB_err,pC_err,dwB_err,dwC_err,kexAB_err,kexAC_err,kexBC_err,k12_err,k21_err,k13_err,k31_err,k23_err,k32_err,tau1_err,tau2_err,tau3_err,dG12_err,dG13_err,ddG12_err,ddG21_err,ddG13_err,ddG31_err,ddG23_err,ddG32_err,R1_err,R1b_err,R1c_err,R2_err,R2b_err,R2c_err
G_C8_Off,1,0.1838365838532587,150.88,auto,298.15,0.9,0.1,0.0,4.27,0.0,99999.99999654488,0.0,0.0,9999.99999965,89999.9999969,0.0,0.0,0.0,0.0,0.000100000000003,1.11111111115e-05,0.0,1.30182205197,0.0,11.9961772474,10.6943551955,0.0,0.0,0.0,0.0,0.9881476819000139,0.9881476819000139,0.9881476819000139,17.605507866495277,17.605507866495277,17.605507866495277,0.1,0.1,0.0,4.27,0.0,54207.163347273796,0.0,0.0,10553.8696967,49619.7280535,0.0,0.0,0.0,0.0,0.000105538696975,6.12589235271e-06,0.0,0.70548161159,0.0,0.625300683735,0.326654801299,0.0,0.0,0.0,0.0,0.0984063624927244,0.0984063624927244,0.0984063624927244,7.918989758858276,7.918989758858276,7.918989758858276
