Name,FitNum,N,DF,K,ChiSq,RedChiSq,Rsq,AdjRsq,AIC,BIC,RSS,TSS,SDR
A6RNAm6A_C2_37,1,93,89,4,135.54539078467275,1.5229819189289073,0.9541212785975564,0.9520358821701725,43.488303746817365,53.16415626488494,135.54539078467275,2954.428254346537,1.234091535879291
