Name,FitNum,N,DF,K,ChiSq,RedChiSq,Rsq,AdjRsq,AIC,BIC,RSS,TSS,SDR
G10_C8_Off,1,97,93,4,22.812266447723488,0.24529318760992996,0.9994196726084508,0.9993944409827312,-131.96423814805027,-122.1001768427324,22.812266447723477,39309.30502319453,0.49527082249000887
