Name,FitNum,N,DF,K,ChiSq,RedChiSq,Rsq,AdjRsq,AIC,BIC,RSS,TSS,SDR
gc8,1,196,189,7,58.51183118145886,0.30958640836750717,0.994588445391298,0.9943869513367187,-222.34584919162708,-199.9947912578645,58.51183118145883,10812.388567117056,0.5564048960671599
