Name,FitNum,RedChiSq,lf,AlignMag,Temp,pA,pB,pC,dwB,dwC,kexAB,kexAC,kexBC,k12,k21,k13,k31,k23,k32,tau1,tau2,tau3,dG12,dG13,ddG12,ddG21,ddG13,ddG31,ddG23,ddG32,R1,R1b,R1c,R2,R2b,R2c,pA_err,pB_err,pC_err,dwB_err,dwC_err,kexAB_err,kexAC_err,kexBC_err,k12_err,k21_err,k13_err,k31_err,k23_err,k32_err,tau1_err,tau2_err,tau3_err,dG12_err,dG13_err,ddG12_err,ddG21_err,ddG13_err,ddG31_err,ddG23_err,ddG32_err,R1_err,R1b_err,R1c_err,R2_err,R2b_err,R2c_err
gc8,1,0.30958640836750717,176.04,auto,298.15,0.99,0.01,0.0,2.1389094735021428,0.0,3367.8323307668566,0.0,0.0,33.6783233077,3334.15400746,0.0,0.0,0.0,0.0,0.0296926895934,0.000299926157509,0.0,2.72253843054,0.0,15.3694808508,12.6469424203,0.0,0.0,0.0,0.0,1.69704808339654,1.69704808339654,1.69704808339654,27.491869882664563,27.491869882664563,27.491869882664563,0.01,0.01,0.0,0.06286527780870702,0.0,173.94008051086095,0.0,0.0,33.3885793746,175.399104355,0.0,0.0,0.0,0.0,0.0294372351698,1.57781492043e-05,0.0,0.588213814764,0.0,0.587387438678,0.0311687144828,0.0,0.0,0.0,0.0,0.14440516739763404,0.14440516739763404,0.14440516739763404,0.34400684334775333,0.34400684334775333,0.34400684334775333
