Name,FitNum,RedChiSq,lf,AlignMag,Temp,pA,pB,pC,dwB,dwC,kexAB,kexAC,kexBC,k12,k21,k13,k31,k23,k32,tau1,tau2,tau3,dG12,dG13,ddG12,ddG21,ddG13,ddG31,ddG23,ddG32,R1,R1b,R1c,R2,R2b,R2c,pA_err,pB_err,pC_err,dwB_err,dwC_err,kexAB_err,kexAC_err,kexBC_err,k12_err,k21_err,k13_err,k31_err,k23_err,k32_err,tau1_err,tau2_err,tau3_err,dG12_err,dG13_err,ddG12_err,ddG21_err,ddG13_err,ddG31_err,ddG23_err,ddG32_err,R1_err,R1b_err,R1c_err,R2_err,R2b_err,R2c_err
g10c1p,1,2.441473637340095,176.04,auto,298.15,0.984,0.016,0.0,3.0200553866518307,0.0,4051.7047226707964,0.0,0.0,64.8272755627,3986.87744711,0.0,0.0,0.0,0.0,0.0154256058321,0.000250822859059,0.0,2.4404667062,0.0,14.9814791613,12.5410124551,0.0,0.0,0.0,0.0,2.7974294407963023,2.7974294407963023,2.7974294407963023,11.031486935001455,11.031486935001455,11.031486935001455,0.016,0.016,0.0,0.07685349615080839,0.0,228.423343450375,0.0,0.0,63.9030697534,233.647501579,0.0,0.0,0.0,0.0,0.0152056916926,1.46992565323e-05,0.0,0.585069261132,0.0,0.584038028865,0.0347220558292,0.0,0.0,0.0,0.0,0.270730028721174,0.270730028721174,0.270730028721174,0.7595940841462168,0.7595940841462168,0.7595940841462168
