Name,FitNum,RedChiSq,lf,AlignMag,Temp,pA,pB,pC,dwB,dwC,kexAB,kexAC,kexBC,k12,k21,k13,k31,k23,k32,tau1,tau2,tau3,dG12,dG13,ddG12,ddG21,ddG13,ddG31,ddG23,ddG32,R1,R1b,R1c,R2,R2b,R2c,pA_err,pB_err,pC_err,dwB_err,dwC_err,kexAB_err,kexAC_err,kexBC_err,k12_err,k21_err,k13_err,k31_err,k23_err,k32_err,tau1_err,tau2_err,tau3_err,dG12_err,dG13_err,ddG12_err,ddG21_err,ddG13_err,ddG31_err,ddG23_err,ddG32_err,R1_err,R1b_err,R1c_err,R2_err,R2b_err,R2c_err
gc8,1,0.2072483061322897,150.88,auto,298.15,0.9975,0.0025,0.0,3.5822343817615363,0.0,2931.737408746156,0.0,0.0,7.32934352187,2924.40806522,0.0,0.0,0.0,0.0,0.136437867459,0.000341949542505,0.0,3.54836830122,0.0,16.2730014022,12.724633101,0.0,0.0,0.0,0.0,2.9428367903698014,2.9428367903698014,2.9428367903698014,19.021567436271148,19.021567436271148,19.021567436271148,0.0025,0.0025,0.0,0.06473222754225655,0.0,145.28711486324428,0.0,0.0,7.32006002237,145.108191689,0.0,0.0,0.0,0.0,0.136265052408,1.69674267938e-05,0.0,0.592464152344,0.0,0.591734295343,0.0293989035038,0.0,0.0,0.0,0.0,0.05059441644888007,0.05059441644888007,0.05059441644888007,0.09382570691846619,0.09382570691846619,0.09382570691846619
