Name,FitNum,N,DF,K,ChiSq,RedChiSq,Rsq,AdjRsq,AIC,BIC,RSS,TSS,SDR
G10_C8_Off,1,97,93,4,1438.047448931171,15.462875794958828,0.9634171235517227,0.9618265637061454,269.97884651240287,279.84290781772074,1438.0474489311714,39309.30502319453,3.9322863317615657
