Name,FitNum,RedChiSq,lf,AlignMag,Temp,pA,pB,pC,dwB,dwC,kexAB,kexAC,kexBC,k12,k21,k13,k31,k23,k32,tau1,tau2,tau3,dG12,dG13,ddG12,ddG21,ddG13,ddG31,ddG23,ddG32,R1,R1b,R1c,R2,R2b,R2c,pA_err,pB_err,pC_err,dwB_err,dwC_err,kexAB_err,kexAC_err,kexBC_err,k12_err,k21_err,k13_err,k31_err,k23_err,k32_err,tau1_err,tau2_err,tau3_err,dG12_err,dG13_err,ddG12_err,ddG21_err,ddG13_err,ddG31_err,ddG23_err,ddG32_err,R1_err,R1b_err,R1c_err,R2_err,R2b_err,R2c_err
G10_C1p_Off,1,0.31708303679317146,170.4,auto,298.15,0.9995,0.0005,0.0,3.401986201108772,0.0,2156.4446418341586,0.0,0.0,1.07822232092,2155.36641951,0.0,0.0,0.0,0.0,0.927452511973,0.000463958235104,0.0,4.50312246865,0.0,17.4085412397,12.9054187711,0.0,0.0,0.0,0.0,1.5700157642337869,1.5700157642337869,1.5700157642337869,14.961738969939669,14.961738969939669,14.961738969939669,0.0005,0.0005,0.0,0.5510793893193014,0.0,1302.7194892941357,0.0,0.0,1.25923425469,1302.06857553,0.0,0.0,0.0,0.0,1.08315321434,0.000280279692965,0.0,0.779041299156,0.0,0.691951072347,0.35792325891,0.0,0.0,0.0,0.0,0.0953421430993947,0.0953421430993947,0.0953421430993947,0.2045873061064289,0.2045873061064289,0.2045873061064289
