Name,FitNum,RedChiSq,lf,AlignMag,Temp,pA,pB,pC,dwB,dwC,kexAB,kexAC,kexBC,k12,k21,k13,k31,k23,k32,tau1,tau2,tau3,dG12,dG13,ddG12,ddG21,ddG13,ddG31,ddG23,ddG32,R1,R1b,R1c,R2,R2b,R2c,pA_err,pB_err,pC_err,dwB_err,dwC_err,kexAB_err,kexAC_err,kexBC_err,k12_err,k21_err,k13_err,k31_err,k23_err,k32_err,tau1_err,tau2_err,tau3_err,dG12_err,dG13_err,ddG12_err,ddG21_err,ddG13_err,ddG31_err,ddG23_err,ddG32_err,R1_err,R1b_err,R1c_err,R2_err,R2b_err,R2c_err
ac8,1,0.09516602591165521,150.7,auto,298.15,0.973,0.027,0.0,2.366837496161409,0.0,2420.842284630336,0.0,0.0,65.362741685,2355.47954295,0.0,0.0,0.0,0.0,0.0152992358371,0.000424542001647,0.0,2.12378955728,0.0,14.9766054035,12.8528158463,0.0,0.0,0.0,0.0,2.6578911816015927,2.6578911816015927,2.6578911816015927,25.179425537804445,25.179425537804445,25.179425537804445,0.027,0.027,0.0,0.018343891757076847,0.0,38.81619269348036,0.0,0.0,63.6310602335,73.9881545494,0.0,0.0,0.0,0.0,0.0148939070177,1.33353224504e-05,0.0,0.577087977376,0.0,0.576787811716,0.0186105853904,0.0,0.0,0.0,0.0,0.12305477463776922,0.12305477463776922,0.12305477463776922,0.2387128898252903,0.2387128898252903,0.2387128898252903
