Name,FitNum,RedChiSq,lf,AlignMag,Temp,pA,pB,pC,dwB,dwC,kexAB,kexAC,kexBC,k12,k21,k13,k31,k23,k32,tau1,tau2,tau3,dG12,dG13,ddG12,ddG21,ddG13,ddG31,ddG23,ddG32,R1,R1b,R1c,R2,R2b,R2c,pA_err,pB_err,pC_err,dwB_err,dwC_err,kexAB_err,kexAC_err,kexBC_err,k12_err,k21_err,k13_err,k31_err,k23_err,k32_err,tau1_err,tau2_err,tau3_err,dG12_err,dG13_err,ddG12_err,ddG21_err,ddG13_err,ddG31_err,ddG23_err,ddG32_err,R1_err,R1b_err,R1c_err,R2_err,R2b_err,R2c_err
T8_N3_Off,1,0.16369211723358007,176.04,auto,298.15,0.985,0.015,0.0,-0.5905775109832304,0.0,414.4427154429822,0.0,0.0,6.21664073164,408.226074711,0.0,0.0,0.0,0.0,0.160858579926,0.00244962304455,0.0,2.47930660859,0.0,16.3705577285,13.8912511199,0.0,0.0,0.0,0.0,1.4527740191815406,1.4527740191815406,1.4527740191815406,7.949368601246292,7.949368601246292,7.949368601246292,0.015,0.015,0.0,0.022597923222668775,0.0,52.17712234154869,0.0,0.0,6.17391010853,51.7580496058,0.0,0.0,0.0,0.0,0.159752904425,0.000310582098768,0.0,0.593187965029,0.0,0.588412253216,0.0751197851475,0.0,0.0,0.0,0.0,0.02817588699365307,0.02817588699365307,0.02817588699365307,0.04364115339913258,0.04364115339913258,0.04364115339913258
