Name,FitNum,N,DF,K,ChiSq,RedChiSq,Rsq,AdjRsq,AIC,BIC,RSS,TSS,SDR
A21_C1p_Off,1,102,98,4,13.393756368466626,0.13667098335170028,0.9957005108988944,0.9955232123792612,-198.66641293752355,-188.57889281840707,13.393756368466619,3115.197190527273,0.369690388503272
