Name,FitNum,RedChiSq,lf,AlignMag,Temp,pA,pB,pC,dwB,dwC,kexAB,kexAC,kexBC,k12,k21,k13,k31,k23,k32,tau1,tau2,tau3,dG12,dG13,ddG12,ddG21,ddG13,ddG31,ddG23,ddG32,R1,R1b,R1c,R2,R2b,R2c,pA_err,pB_err,pC_err,dwB_err,dwC_err,kexAB_err,kexAC_err,kexBC_err,k12_err,k21_err,k13_err,k31_err,k23_err,k32_err,tau1_err,tau2_err,tau3_err,dG12_err,dG13_err,ddG12_err,ddG21_err,ddG13_err,ddG31_err,ddG23_err,ddG32_err,R1_err,R1b_err,R1c_err,R2_err,R2b_err,R2c_err
A16_C8_Off,1,1.3835656757516086,150.7,auto,298.15,0.999,0.001,0.0,5.8782638989937235,0.0,3854.7348508499167,0.0,0.0,3.85473485085,3850.880116,0.0,0.0,0.0,0.0,0.259421215386,0.000259680896283,0.0,4.0921468707,0.0,16.6537224605,12.5615755898,0.0,0.0,0.0,0.0,2.838820854027425,2.838820854027425,2.838820854027425,25.485326838762894,25.485326838762894,25.485326838762894,0.001,0.001,0.0,0.8466526308585087,0.0,1962.256798825728,0.0,0.0,4.32200697261,1960.29832444,0.0,0.0,0.0,0.0,0.290868333394,0.000132191086333,0.0,0.729567188186,0.0,0.664305928933,0.301605561722,0.0,0.0,0.0,0.0,0.18810766488795366,0.18810766488795366,0.18810766488795366,0.6047572472289257,0.6047572472289257,0.6047572472289257
