Name,FitNum,N,DF,K,ChiSq,RedChiSq,Rsq,AdjRsq,AIC,BIC,RSS,TSS,SDR
ra16_c8_10c,1,222,218,4,151.71276993689673,0.6959301373252144,0.9962960820618935,0.9962278070768593,-76.51280707892964,-62.90209755144052,151.71276993689662,40960.078617307096,0.8342242727979172
