Name,FitNum,N,DF,K,ChiSq,RedChiSq,Rsq,AdjRsq,AIC,BIC,RSS,TSS,SDR
A16_C8_Off,1,93,89,4,19.87528922933848,0.22331785650942113,0.9963916582020372,0.9962276426657662,-135.05582661328006,-125.3799740952125,19.875289229338485,5508.15037548826,0.47256518757672067
