Name,FitNum,RedChiSq,lf,AlignMag,Temp,pA,pB,pC,dwB,dwC,kexAB,kexAC,kexBC,k12,k21,k13,k31,k23,k32,tau1,tau2,tau3,dG12,dG13,ddG12,ddG21,ddG13,ddG31,ddG23,ddG32,R1,R1b,R1c,R2,R2b,R2c,pA_err,pB_err,pC_err,dwB_err,dwC_err,kexAB_err,kexAC_err,kexBC_err,k12_err,k21_err,k13_err,k31_err,k23_err,k32_err,tau1_err,tau2_err,tau3_err,dG12_err,dG13_err,ddG12_err,ddG21_err,ddG13_err,ddG31_err,ddG23_err,ddG32_err,R1_err,R1b_err,R1c_err,R2_err,R2b_err,R2c_err
A16_C8_Off,1,0.22331785650942113,170.4,auto,298.15,0.998,0.002,0.0,3.408817658583182,0.0,3145.802906979527,0.0,0.0,6.29160581396,3139.51130117,0.0,0.0,0.0,0.0,0.15894193463,0.000318520911082,0.0,3.68087436261,0.0,16.3634558219,12.6825814592,0.0,0.0,0.0,0.0,1.6277192599436756,1.6277192599436756,1.6277192599436756,23.734356157321507,23.734356157321507,23.734356157321507,0.002,0.002,0.0,0.14028856277778415,0.0,431.95501484467565,0.0,0.0,6.3381877313,431.136830871,0.0,0.0,0.0,0.0,0.160118712114,4.37412332675e-05,0.0,0.602391488691,0.0,0.596871399363,0.0813636176059,0.0,0.0,0.0,0.0,0.08376341776604883,0.08376341776604883,0.08376341776604883,0.2114977148311648,0.2114977148311648,0.2114977148311648
