Name,FitNum,N,DF,K,ChiSq,RedChiSq,Rsq,AdjRsq,AIC,BIC,RSS,TSS,SDR
gc8,1,190,183,7,293.14196959927745,1.6018686863348495,0.9599728052398769,0.958433297749103,97.00564651900967,119.11943040874846,293.1419695992774,7323.570171630386,1.265649511648011
