Name,FitNum,RedChiSq,lf,AlignMag,Temp,pA,pB,pC,dwB,dwC,kexAB,kexAC,kexBC,k12,k21,k13,k31,k23,k32,tau1,tau2,tau3,dG12,dG13,ddG12,ddG21,ddG13,ddG31,ddG23,ddG32,R1,R1b,R1c,R2,R2b,R2c,pA_err,pB_err,pC_err,dwB_err,dwC_err,kexAB_err,kexAC_err,kexBC_err,k12_err,k21_err,k13_err,k31_err,k23_err,k32_err,tau1_err,tau2_err,tau3_err,dG12_err,dG13_err,ddG12_err,ddG21_err,ddG13_err,ddG31_err,ddG23_err,ddG32_err,R1_err,R1b_err,R1c_err,R2_err,R2b_err,R2c_err
gc8,1,1.6018686863348495,176.04,avg,298.15,0.9,0.1,0.0,0.5323111865174512,0.0,5601.190217639913,0.0,0.0,560.119021764,5041.07119588,0.0,0.0,0.0,0.0,0.00178533483268,0.000198370536964,0.0,1.30182205197,0.0,13.703831501,12.402009449,0.0,0.0,0.0,0.0,2.4872657342909417,2.4872657342909417,2.4872657342909417,25.87816551886924,25.87816551886924,25.87816551886924,0.1,0.1,0.0,0.07384149308155219,0.0,984.5435236502518,0.0,0.0,516.676475857,1020.98743414,0.0,0.0,0.0,0.0,0.00164686517281,4.01767437266e-05,0.0,0.559550465287,0.0,0.546531933683,0.11999820277,0.0,0.0,0.0,0.0,0.15429023736688405,0.15429023736688405,0.15429023736688405,0.796328955514661,0.796328955514661,0.796328955514661
