Name,FitNum,RedChiSq,lf,AlignMag,Temp,pA,pB,pC,dwB,dwC,kexAB,kexAC,kexBC,k12,k21,k13,k31,k23,k32,tau1,tau2,tau3,dG12,dG13,ddG12,ddG21,ddG13,ddG31,ddG23,ddG32,R1,R1b,R1c,R2,R2b,R2c,pA_err,pB_err,pC_err,dwB_err,dwC_err,kexAB_err,kexAC_err,kexBC_err,k12_err,k21_err,k13_err,k31_err,k23_err,k32_err,tau1_err,tau2_err,tau3_err,dG12_err,dG13_err,ddG12_err,ddG21_err,ddG13_err,ddG31_err,ddG23_err,ddG32_err,R1_err,R1b_err,R1c_err,R2_err,R2b_err,R2c_err
A6RNAm6A_C2_37,1,0.4364223688806539,150.88,auto,298.15,0.998,0.002,0.0,2.064408354113072,0.0,803.1756242119556,0.0,0.0,1.60635124842,801.569272964,0.0,0.0,0.0,0.0,0.622528852878,0.00124755281138,0.0,3.68087436261,0.0,17.1723462372,13.4914718746,0.0,0.0,0.0,0.0,4.54931645811293,4.54931645811293,4.54931645811293,20.93798898301304,20.93798898301304,20.93798898301304,0.002,0.002,0.0,0.08794143984749589,0.0,77.41639547150564,0.0,0.0,1.61060135106,77.2781931166,0.0,0.0,0.0,0.0,0.624175946888,0.000120274853756,0.0,0.596792228846,0.0,0.594052351868,0.0571206412071,0.0,0.0,0.0,0.0,0.03347681841402652,0.03347681841402652,0.03347681841402652,0.04276575992994915,0.04276575992994915,0.04276575992994915
