Name,FitNum,RedChiSq,lf,AlignMag,Temp,pA,pB,pC,dwB,dwC,kexAB,kexAC,kexBC,k12,k21,k13,k31,k23,k32,tau1,tau2,tau3,dG12,dG13,ddG12,ddG21,ddG13,ddG31,ddG23,ddG32,R1,R1b,R1c,R2,R2b,R2c,pA_err,pB_err,pC_err,dwB_err,dwC_err,kexAB_err,kexAC_err,kexBC_err,k12_err,k21_err,k13_err,k31_err,k23_err,k32_err,tau1_err,tau2_err,tau3_err,dG12_err,dG13_err,ddG12_err,ddG21_err,ddG13_err,ddG31_err,ddG23_err,ddG32_err,R1_err,R1b_err,R1c_err,R2_err,R2b_err,R2c_err
gc1p,1,0.16413802897559573,150.88,avg,298.15,0.992680115864,0.007319884135843011,0.0,3.9230459121302514,0.0,707.0106733396477,0.0,0.0,5.17523621165,701.835437128,0.0,0.0,0.0,0.0,0.193227895134,0.00142483543449,0.0,2.90898989928,0.0,16.4791866687,13.5701967694,0.0,0.0,0.0,0.0,2.2245473855272873,2.2245473855272873,2.2245473855272873,13.270573656976895,13.270573656976895,13.270573656976895,0.000138969165178,0.00013896916517752903,0.0,0.020665869076319822,0.0,18.471243667071082,0.0,0.0,0.166716313067,18.3362957171,0.0,0.0,0.0,0.0,0.00622469022496,3.72255410497e-05,0.0,0.0245744499628,0.0,0.0190864472353,0.0154793773424,0.0,0.0,0.0,0.0,0.027946190187357972,0.027946190187357972,0.027946190187357972,0.05919594112307866,0.05919594112307866,0.05919594112307866
