Name,FitNum,N,DF,K,ChiSq,RedChiSq,Rsq,AdjRsq,AIC,BIC,RSS,TSS,SDR
A16_C8_Off,1,105,101,4,37.67102780822423,0.3729804733487548,0.9957684127168513,0.9955991492255254,-99.23224965111604,-89.01640825048595,37.671027808224245,8902.33978115971,0.6107212730442217
