Name,FitNum,RedChiSq,lf,AlignMag,Temp,pA,pB,pC,dwB,dwC,kexAB,kexAC,kexBC,k12,k21,k13,k31,k23,k32,tau1,tau2,tau3,dG12,dG13,ddG12,ddG21,ddG13,ddG31,ddG23,ddG32,R1,R1b,R1c,R2,R2b,R2c,pA_err,pB_err,pC_err,dwB_err,dwC_err,kexAB_err,kexAC_err,kexBC_err,k12_err,k21_err,k13_err,k31_err,k23_err,k32_err,tau1_err,tau2_err,tau3_err,dG12_err,dG13_err,ddG12_err,ddG21_err,ddG13_err,ddG31_err,ddG23_err,ddG32_err,R1_err,R1b_err,R1c_err,R2_err,R2b_err,R2c_err
ra16_c8_15c,1,1.5841233358765203,150.784186,auto,298.15,0.996,0.004,0.0,4.3855710615339065,0.0,340.3008602551163,0.0,0.0,1.36120344102,338.939656814,0.0,0.0,0.0,0.0,0.734644043546,0.00295037768492,0.0,3.26900669389,0.0,17.2704594069,14.001452713,0.0,0.0,0.0,0.0,1.5973410333091709,1.5973410333091709,1.5973410333091709,35.106679616333665,35.106679616333665,35.106679616333665,0.004,0.004,0.0,0.2519592232314546,0.0,34.13001611971417,0.0,0.0,1.36262571141,34.0205215298,0.0,0.0,0.0,0.0,0.735411645533,0.000296139402791,0.0,0.596077830086,0.0,0.593103813969,0.0594697013187,0.0,0.0,0.0,0.0,0.07529646367741671,0.07529646367741671,0.07529646367741671,0.12151935255237668,0.12151935255237668,0.12151935255237668
