Name,FitNum,RedChiSq,lf,AlignMag,Temp,pA,pB,pC,dwB,dwC,kexAB,kexAC,kexBC,k12,k21,k13,k31,k23,k32,tau1,tau2,tau3,dG12,dG13,ddG12,ddG21,ddG13,ddG31,ddG23,ddG32,R1,R1b,R1c,R2,R2b,R2c,pA_err,pB_err,pC_err,dwB_err,dwC_err,kexAB_err,kexAC_err,kexBC_err,k12_err,k21_err,k13_err,k31_err,k23_err,k32_err,tau1_err,tau2_err,tau3_err,dG12_err,dG13_err,ddG12_err,ddG21_err,ddG13_err,ddG31_err,ddG23_err,ddG32_err,R1_err,R1b_err,R1c_err,R2_err,R2b_err,R2c_err
G10_C8_Off,1,12.84072297622147,176.04,auto,298.15,0.997,0.003,0.0,6.274471982473951,0.0,4369.146550107101,0.0,0.0,13.1074396503,4356.03911046,0.0,0.0,0.0,0.0,0.0762925503895,0.000229566350219,0.0,3.44004850013,0.0,15.9285935549,12.4885450548,0.0,0.0,0.0,0.0,3.007324896862936,3.007324896862936,3.007324896862936,49.970051858595454,49.970051858595454,49.970051858595454,0.003,0.003,0.0,2.3144120499306906,0.0,6205.092497365245,0.0,0.0,22.7443573868,6186.49102232,0.0,0.0,0.0,0.0,0.132384743192,0.000326032464045,0.0,1.3285409096,0.0,1.02809436736,0.841452862783,0.0,0.0,0.0,0.0,1.9489344632207042,1.9489344632207042,1.9489344632207042,6.514583951555451,6.514583951555451,6.514583951555451
