Name,FitNum,N,DF,K,ChiSq,RedChiSq,Rsq,AdjRsq,AIC,BIC,RSS,TSS,SDR
G_C1p_Off,1,199,192,7,41.94146636184182,0.21844513730125947,0.9785866832907485,0.9778019020500953,-295.26255003633355,-272.79580369781706,41.94146636184182,1958.6627765945875,0.46738114778118667
