Name,FitNum,RedChiSq,lf,AlignMag,Temp,pA,pB,pC,dwB,dwC,kexAB,kexAC,kexBC,k12,k21,k13,k31,k23,k32,tau1,tau2,tau3,dG12,dG13,ddG12,ddG21,ddG13,ddG31,ddG23,ddG32,R1,R1b,R1c,R2,R2b,R2c,pA_err,pB_err,pC_err,dwB_err,dwC_err,kexAB_err,kexAC_err,kexBC_err,k12_err,k21_err,k13_err,k31_err,k23_err,k32_err,tau1_err,tau2_err,tau3_err,dG12_err,dG13_err,ddG12_err,ddG21_err,ddG13_err,ddG31_err,ddG23_err,ddG32_err,R1_err,R1b_err,R1c_err,R2_err,R2b_err,R2c_err
G_C8_Off,1,0.21844513730125947,150.88,auto,298.15,0.9993,0.0007,0.0,3.1215386865401604,0.0,2182.731429646462,0.0,0.0,1.52791200075,2181.20351765,0.0,0.0,0.0,0.0,0.654487954481,0.000458462491881,0.0,4.30364923193,0.0,17.2020079219,12.8983586899,0.0,0.0,0.0,0.0,2.4955783199622457,2.4955783199622457,2.4955783199622457,20.211149814215357,20.211149814215357,20.211149814215357,0.0007,0.0007,0.0,0.25114266960226084,0.0,312.12369237518504,0.0,0.0,1.54239600506,311.90894288,0.0,0.0,0.0,0.0,0.660692242653,6.55594721152e-05,0.0,0.604072317452,0.0,0.598101271083,0.0847244606955,0.0,0.0,0.0,0.0,0.03481209262726213,0.03481209262726213,0.03481209262726213,0.07539208319929926,0.07539208319929926,0.07539208319929926
