Name,FitNum,RedChiSq,lf,AlignMag,Temp,pA,pB,pC,dwB,dwC,kexAB,kexAC,kexBC,k12,k21,k13,k31,k23,k32,tau1,tau2,tau3,dG12,dG13,ddG12,ddG21,ddG13,ddG31,ddG23,ddG32,R1,R1b,R1c,R2,R2b,R2c,pA_err,pB_err,pC_err,dwB_err,dwC_err,kexAB_err,kexAC_err,kexBC_err,k12_err,k21_err,k13_err,k31_err,k23_err,k32_err,tau1_err,tau2_err,tau3_err,dG12_err,dG13_err,ddG12_err,ddG21_err,ddG13_err,ddG31_err,ddG23_err,ddG32_err,R1_err,R1b_err,R1c_err,R2_err,R2b_err,R2c_err
ra16_c8_10c,1,0.4547602425878591,150.784186,auto,298.15,0.9985,0.0015,0.0,4.206832174926481,0.0,2575.110533576654,0.0,0.0,3.86266580036,2571.24786778,0.0,0.0,0.0,0.0,0.258888563413,0.000388916219448,0.0,3.85161836479,0.0,16.6525047012,12.8008863364,0.0,0.0,0.0,0.0,1.6350661324399915,1.6350661324399915,1.6350661324399915,42.23106940488713,42.23106940488713,42.23106940488713,0.0015,0.0015,0.0,0.1258635501227606,0.0,245.48561368113886,0.0,0.0,3.87441425697,245.147726995,0.0,0.0,0.0,0.0,0.259675983606,3.70800218773e-05,0.0,0.596965480887,0.0,0.59428681558,0.0564886377897,0.0,0.0,0.0,0.0,0.03571811531247694,0.03571811531247694,0.03571811531247694,0.13127789786672706,0.13127789786672706,0.13127789786672706
