Name,FitNum,N,DF,K,ChiSq,RedChiSq,Rsq,AdjRsq,AIC,BIC,RSS,TSS,SDR
A21_C1p_Off,1,102,98,4,45.42387893423753,0.4635089687167095,0.9854186184192888,0.9848173243334863,-74.09898650307154,-64.01146638395508,45.42387893423754,3115.197190527273,0.6808149298573802
