Name,FitNum,N,DF,K,ChiSq,RedChiSq,Rsq,AdjRsq,AIC,BIC,RSS,TSS,SDR
A16_C8_Off,1,93,89,4,28.84575906116934,0.3241096523726892,0.9947630770594907,0.9945250351076493,-100.41465003288174,-90.73879751481417,28.845759061169353,5508.15037548826,0.5693062904734931
