Name,FitNum,RedChiSq,lf,AlignMag,Temp,pA,pB,pC,dwB,dwC,kexAB,kexAC,kexBC,k12,k21,k13,k31,k23,k32,tau1,tau2,tau3,dG12,dG13,ddG12,ddG21,ddG13,ddG31,ddG23,ddG32,R1,R1b,R1c,R2,R2b,R2c,pA_err,pB_err,pC_err,dwB_err,dwC_err,kexAB_err,kexAC_err,kexBC_err,k12_err,k21_err,k13_err,k31_err,k23_err,k32_err,tau1_err,tau2_err,tau3_err,dG12_err,dG13_err,ddG12_err,ddG21_err,ddG13_err,ddG31_err,ddG23_err,ddG32_err,R1_err,R1b_err,R1c_err,R2_err,R2b_err,R2c_err
gc1p,1,0.8451077981869022,176.04,auto,298.15,0.994,0.006,0.0,2.0659545634049845,0.0,3159.9313281276673,0.0,0.0,18.9595879688,3140.97174016,0.0,0.0,0.0,0.0,0.0527437622404,0.000318372810304,0.0,3.02758387661,0.0,15.7098897877,12.6823059111,0.0,0.0,0.0,0.0,1.9695572224465931,1.9695572224465931,1.9695572224465931,16.918742806520157,16.918742806520157,16.918742806520157,0.006,0.006,0.0,0.08950454206298143,0.0,271.6243275004356,0.0,0.0,18.9165096594,270.651533017,0.0,0.0,0.0,0.0,0.0526239224997,2.74335767106e-05,0.0,0.593339052297,0.0,0.591138557123,0.0510532786802,0.0,0.0,0.0,0.0,0.12885729964300063,0.12885729964300063,0.12885729964300063,0.2981360979685316,0.2981360979685316,0.2981360979685316
