Name,FitNum,RedChiSq,lf,AlignMag,Temp,pA,pB,pC,dwB,dwC,kexAB,kexAC,kexBC,k12,k21,k13,k31,k23,k32,tau1,tau2,tau3,dG12,dG13,ddG12,ddG21,ddG13,ddG31,ddG23,ddG32,R1,R1b,R1c,R2,R2b,R2c,pA_err,pB_err,pC_err,dwB_err,dwC_err,kexAB_err,kexAC_err,kexBC_err,k12_err,k21_err,k13_err,k31_err,k23_err,k32_err,tau1_err,tau2_err,tau3_err,dG12_err,dG13_err,ddG12_err,ddG21_err,ddG13_err,ddG31_err,ddG23_err,ddG32_err,R1_err,R1b_err,R1c_err,R2_err,R2b_err,R2c_err
gc8,1,0.5351556958606051,176.04,avg,298.15,0.97,0.03,0.0,2.7811540359262596,0.0,107.96300268973742,0.0,0.0,3.23889008069,104.724112609,0.0,0.0,0.0,0.0,0.308747742309,0.00954889924666,0.0,2.05953545938,0.0,16.7568571817,14.6973217224,0.0,0.0,0.0,0.0,1.2587046816753875,1.2587046816753875,1.2587046816753875,27.75842700361767,27.75842700361767,27.75842700361767,0.03,0.03,0.0,0.06767320145657214,0.0,3.639862429659917,0.0,0.0,3.14512176112,4.72709990255,0.0,0.0,0.0,0.0,0.299809261457,0.000431023950204,0.0,0.57595311877,0.0,0.575331866922,0.0267439325002,0.0,0.0,0.0,0.0,0.09974399305589725,0.09974399305589725,0.09974399305589725,0.1380271141447955,0.1380271141447955,0.1380271141447955
