Name,FitNum,N,DF,K,ChiSq,RedChiSq,Rsq,AdjRsq,AIC,BIC,RSS,TSS,SDR
gc8,1,190,183,7,97.93349234249072,0.5351556958606051,0.9866276296877908,0.9861133077527059,-111.3043553388221,-89.19057144908331,97.9334923424907,7323.570171630386,0.7315433656732899
