Name,FitNum,RedChiSq,lf,AlignMag,Temp,pA,pB,pC,dwB,dwC,kexAB,kexAC,kexBC,k12,k21,k13,k31,k23,k32,tau1,tau2,tau3,dG12,dG13,ddG12,ddG21,ddG13,ddG31,ddG23,ddG32,R1,R1b,R1c,R2,R2b,R2c,pA_err,pB_err,pC_err,dwB_err,dwC_err,kexAB_err,kexAC_err,kexBC_err,k12_err,k21_err,k13_err,k31_err,k23_err,k32_err,tau1_err,tau2_err,tau3_err,dG12_err,dG13_err,ddG12_err,ddG21_err,ddG13_err,ddG31_err,ddG23_err,ddG32_err,R1_err,R1b_err,R1c_err,R2_err,R2b_err,R2c_err
A16_C8_Off,1,1.706240601948393,150.7,auto,298.15,0.999,0.001,0.0,5.260827917417149,0.0,3096.760719086338,0.0,0.0,3.09676071909,3093.66395837,0.0,0.0,0.0,0.0,0.322918071725,0.000323241313038,0.0,4.0921468707,0.0,16.7834443824,12.6912975117,0.0,0.0,0.0,0.0,2.506618620143764,2.506618620143764,2.506618620143764,27.775684535740456,27.775684535740456,27.775684535740456,0.001,0.001,0.0,0.820134123188234,0.0,1938.9853441658565,0.0,0.0,3.65108620031,1937.04882927,0.0,0.0,0.0,0.0,0.380720960531,0.000202392443206,0.0,0.790936980244,0.0,0.698540535356,0.370974968404,0.0,0.0,0.0,0.0,0.20416800644230101,0.20416800644230101,0.20416800644230101,0.618867244456784,0.618867244456784,0.618867244456784
