Name,FitNum,N,DF,K,ChiSq,RedChiSq,Rsq,AdjRsq,AIC,BIC,RSS,TSS,SDR
G_C8_Off,1,199,192,7,39.78785763818045,0.2072284251988565,0.9899131407908008,0.9895434653224009,-305.7524782119278,-283.2857318734113,39.78785763818045,3944.5239408015236,0.45522348928724726
