Name,FitNum,RedChiSq,lf,AlignMag,Temp,pA,pB,pC,dwB,dwC,kexAB,kexAC,kexBC,k12,k21,k13,k31,k23,k32,tau1,tau2,tau3,dG12,dG13,ddG12,ddG21,ddG13,ddG31,ddG23,ddG32,R1,R1b,R1c,R2,R2b,R2c,pA_err,pB_err,pC_err,dwB_err,dwC_err,kexAB_err,kexAC_err,kexBC_err,k12_err,k21_err,k13_err,k31_err,k23_err,k32_err,tau1_err,tau2_err,tau3_err,dG12_err,dG13_err,ddG12_err,ddG21_err,ddG13_err,ddG31_err,ddG23_err,ddG32_err,R1_err,R1b_err,R1c_err,R2_err,R2b_err,R2c_err
G_C1p_Off,1,0.2072284251988565,150.88,auto,298.15,0.97,0.03,0.0,4.394565074422716,0.0,14.66049249318678,0.0,0.0,0.439814774796,14.2206777184,0.0,0.0,0.0,0.0,2.27368441741,0.070320136621,0.0,2.05953545938,0.0,17.9398313748,15.8802959155,0.0,0.0,0.0,0.0,2.170420376316493,2.170420376316493,2.170420376316493,14.228823341775145,14.228823341775145,14.228823341775145,0.03,0.03,0.0,0.0062464218514446555,0.0,1.2487830654120056,0.0,0.0,0.428465300644,1.28431853901,0.0,0.0,0.0,0.0,2.21501171244,0.00635085450332,0.0,0.579670612614,0.0,0.577195607354,0.0535093447833,0.0,0.0,0.0,0.0,0.02938332357427756,0.02938332357427756,0.02938332357427756,0.038448313607981094,0.038448313607981094,0.038448313607981094
