Name,FitNum,N,DF,K,ChiSq,RedChiSq,Rsq,AdjRsq,AIC,BIC,RSS,TSS,SDR
G_C1p_Off,1,199,192,7,39.78785763818045,0.2072284251988565,0.9796862134137468,0.9789417290885962,-305.7524782119278,-283.2857318734113,39.78785763818045,1958.6627765945875,0.45522348928724726
