Name,FitNum,N,DF,K,ChiSq,RedChiSq,Rsq,AdjRsq,AIC,BIC,RSS,TSS,SDR
gc1p,1,190,183,7,48.44857668366548,0.26474632067576764,0.9856880848983735,0.9851376266252341,-245.02362652579237,-222.90984263605358,48.448576683665465,3385.1917328771365,0.5145350529125956
