Name,FitNum,RedChiSq,lf,AlignMag,Temp,pA,pB,pC,dwB,dwC,kexAB,kexAC,kexBC,k12,k21,k13,k31,k23,k32,tau1,tau2,tau3,dG12,dG13,ddG12,ddG21,ddG13,ddG31,ddG23,ddG32,R1,R1b,R1c,R2,R2b,R2c,pA_err,pB_err,pC_err,dwB_err,dwC_err,kexAB_err,kexAC_err,kexBC_err,k12_err,k21_err,k13_err,k31_err,k23_err,k32_err,tau1_err,tau2_err,tau3_err,dG12_err,dG13_err,ddG12_err,ddG21_err,ddG13_err,ddG31_err,ddG23_err,ddG32_err,R1_err,R1b_err,R1c_err,R2_err,R2b_err,R2c_err
gc8,1,0.26474632067576764,176.04,auto,298.15,0.92,0.08,0.0,2.9698416155105956,0.0,24.791780684643484,0.0,0.0,1.98334245477,22.8084382299,0.0,0.0,0.0,0.0,0.504199361837,0.0438434227684,0.0,1.44705336996,0.0,17.0474396522,15.6003862822,0.0,0.0,0.0,0.0,1.403248896350803,1.403248896350803,1.403248896350803,27.61767999269575,27.61767999269575,27.61767999269575,0.08,0.08,0.0,0.004365036346313708,0.0,0.9452326304646818,0.0,0.0,1.83312099591,2.02752138218,0.0,0.0,0.0,0.0,0.466010513758,0.00389739429922,0.0,0.550135954451,0.0,0.547609027547,0.0526680294763,0.0,0.0,0.0,0.0,0.07042662457417465,0.07042662457417465,0.07042662457417465,0.09291884550965042,0.09291884550965042,0.09291884550965042
