Name,FitNum,N,DF,K,ChiSq,RedChiSq,Rsq,AdjRsq,AIC,BIC,RSS,TSS,SDR
gc8,1,190,183,7,48.44857668366548,0.26474632067576764,0.9933845685166857,0.9931301288442504,-245.02362652579237,-222.90984263605358,48.448576683665465,7323.570171630386,0.5145350529125956
