Name,FitNum,RedChiSq,lf,AlignMag,Temp,pA,pB,pC,dwB,dwC,kexAB,kexAC,kexBC,k12,k21,k13,k31,k23,k32,tau1,tau2,tau3,dG12,dG13,ddG12,ddG21,ddG13,ddG31,ddG23,ddG32,R1,R1b,R1c,R2,R2b,R2c,pA_err,pB_err,pC_err,dwB_err,dwC_err,kexAB_err,kexAC_err,kexBC_err,k12_err,k21_err,k13_err,k31_err,k23_err,k32_err,tau1_err,tau2_err,tau3_err,dG12_err,dG13_err,ddG12_err,ddG21_err,ddG13_err,ddG31_err,ddG23_err,ddG32_err,R1_err,R1b_err,R1c_err,R2_err,R2b_err,R2c_err
A16_C8_Off,1,1.9967720147309576,150.7,auto,298.15,0.9995,0.0005,0.0,6.82415754224563,0.0,4349.082533938847,0.0,0.0,2.17454126697,4346.90799267,0.0,0.0,0.0,0.0,0.459867106313,0.000230048577445,0.0,4.50312246865,0.0,16.9929107919,12.4897883233,0.0,0.0,0.0,0.0,2.938742270249627,2.938742270249627,2.938742270249627,26.29351852311047,26.29351852311047,26.29351852311047,0.0005,0.0005,0.0,2.1792083803063442,0.0,4982.646788975688,0.0,0.0,3.30614514386,4980.15593985,0.0,0.0,0.0,0.0,0.699176154278,0.000263561545667,0.0,1.12792593852,0.0,0.900806347122,0.678796617377,0.0,0.0,0.0,0.0,0.23008237047683838,0.23008237047683838,0.23008237047683838,0.805003189165674,0.805003189165674,0.805003189165674
