Name,FitNum,RedChiSq,lf,AlignMag,Temp,pA,pB,pC,dwB,dwC,kexAB,kexAC,kexBC,k12,k21,k13,k31,k23,k32,tau1,tau2,tau3,dG12,dG13,ddG12,ddG21,ddG13,ddG31,ddG23,ddG32,R1,R1b,R1c,R2,R2b,R2c,pA_err,pB_err,pC_err,dwB_err,dwC_err,kexAB_err,kexAC_err,kexBC_err,k12_err,k21_err,k13_err,k31_err,k23_err,k32_err,tau1_err,tau2_err,tau3_err,dG12_err,dG13_err,ddG12_err,ddG21_err,ddG13_err,ddG31_err,ddG23_err,ddG32_err,R1_err,R1b_err,R1c_err,R2_err,R2b_err,R2c_err
A21_C1p_Off,1,0.4949819116795879,150.88,avg,298.15,0.97,0.03,0.0,0.6531383945524317,0.0,3694.8992809780184,0.0,0.0,110.846978429,3584.05230255,0.0,0.0,0.0,0.0,0.00902144572788,0.000279013785398,0.0,2.05953545938,0.0,14.663655978,12.6041205187,0.0,0.0,0.0,0.0,2.528142543249484,2.528142543249484,2.528142543249484,13.078788756273724,13.078788756273724,13.078788756273724,0.03,0.03,0.0,0.07760220970266603,0.0,926.9955092189073,0.0,0.0,111.109562013,905.597464902,0.0,0.0,0.0,0.0,0.00904281648226,7.04995785217e-05,0.0,0.612466366593,0.0,0.593888276268,0.149705596151,0.0,0.0,0.0,0.0,0.07056736461015044,0.07056736461015044,0.07056736461015044,0.29765162639953063,0.29765162639953063,0.29765162639953063
