Name,FitNum,N,DF,K,ChiSq,RedChiSq,Rsq,AdjRsq,AIC,BIC,RSS,TSS,SDR
G10_C1p_Off,1,87,83,4,26.665544026564373,0.321271614777884,0.9845867381923841,0.9838348717627443,-94.39281603282991,-85.01698843626036,26.66554402656438,1730.0389988437446,0.5668082698566457
