Name,FitNum,RedChiSq,lf,AlignMag,Temp,pA,pB,pC,dwB,dwC,kexAB,kexAC,kexBC,k12,k21,k13,k31,k23,k32,tau1,tau2,tau3,dG12,dG13,ddG12,ddG21,ddG13,ddG31,ddG23,ddG32,R1,R1b,R1c,R2,R2b,R2c,pA_err,pB_err,pC_err,dwB_err,dwC_err,kexAB_err,kexAC_err,kexBC_err,k12_err,k21_err,k13_err,k31_err,k23_err,k32_err,tau1_err,tau2_err,tau3_err,dG12_err,dG13_err,ddG12_err,ddG21_err,ddG13_err,ddG31_err,ddG23_err,ddG32_err,R1_err,R1b_err,R1c_err,R2_err,R2b_err,R2c_err
G10_C1p_Off,1,0.321271614777884,170.4,auto,298.15,0.9991,0.0009,0.0,3.4811946084786074,0.0,848.9424972177366,0.0,0.0,0.764048247496,848.17844897,0.0,0.0,0.0,0.0,1.30881787018,0.00117899718062,0.0,4.15463067417,0.0,17.6126155173,13.4579848432,0.0,0.0,0.0,0.0,1.4757788746017655,1.4757788746017655,1.4757788746017655,15.03463241130724,15.03463241130724,15.03463241130724,0.0009,0.0009,0.0,0.39472995236170855,0.0,211.43121604954186,0.0,0.0,0.786720689694,211.242307228,0.0,0.0,0.0,0.0,1.34765585928,0.000293634063625,0.0,0.627658299784,0.0,0.610066199104,0.147560746805,0.0,0.0,0.0,0.0,0.07888327217896283,0.07888327217896283,0.07888327217896283,0.13821506989260524,0.13821506989260524,0.13821506989260524
