Name,FitNum,RedChiSq,lf,AlignMag,Temp,pA,pB,pC,dwB,dwC,kexAB,kexAC,kexBC,k12,k21,k13,k31,k23,k32,tau1,tau2,tau3,dG12,dG13,ddG12,ddG21,ddG13,ddG31,ddG23,ddG32,R1,R1b,R1c,R2,R2b,R2c,pA_err,pB_err,pC_err,dwB_err,dwC_err,kexAB_err,kexAC_err,kexBC_err,k12_err,k21_err,k13_err,k31_err,k23_err,k32_err,tau1_err,tau2_err,tau3_err,dG12_err,dG13_err,ddG12_err,ddG21_err,ddG13_err,ddG31_err,ddG23_err,ddG32_err,R1_err,R1b_err,R1c_err,R2_err,R2b_err,R2c_err
ac1p,1,2.8151278100460497,176.04,auto,298.15,0.985,0.015,0.0,4.057737656413839,0.0,2729.6178961561372,0.0,0.0,40.9442684423,2688.67362771,0.0,0.0,0.0,0.0,0.0244234428418,0.000371930601651,0.0,2.47930660859,0.0,15.2537345526,12.774427944,0.0,0.0,0.0,0.0,1.694098608152708,1.694098608152708,1.694098608152708,21.56807948109426,21.56807948109426,21.56807948109426,0.015,0.015,0.0,0.14528819101385526,0.0,288.93584008793454,0.0,0.0,40.5669619464,287.44578706,0.0,0.0,0.0,0.0,0.0241983777964,3.97630576732e-05,0.0,0.590432499248,0.0,0.587024928679,0.063342476086,0.0,0.0,0.0,0.0,0.6373691657132634,0.6373691657132634,0.6373691657132634,1.2938188546584681,1.2938188546584681,1.2938188546584681
