Name,FitNum,RedChiSq,lf,AlignMag,Temp,pA,pB,pC,dwB,dwC,kexAB,kexAC,kexBC,k12,k21,k13,k31,k23,k32,tau1,tau2,tau3,dG12,dG13,ddG12,ddG21,ddG13,ddG31,ddG23,ddG32,R1,R1b,R1c,R2,R2b,R2c,pA_err,pB_err,pC_err,dwB_err,dwC_err,kexAB_err,kexAC_err,kexBC_err,k12_err,k21_err,k13_err,k31_err,k23_err,k32_err,tau1_err,tau2_err,tau3_err,dG12_err,dG13_err,ddG12_err,ddG21_err,ddG13_err,ddG31_err,ddG23_err,ddG32_err,R1_err,R1b_err,R1c_err,R2_err,R2b_err,R2c_err
A16_C8_Off,1,0.6089277879987732,150.7,auto,298.15,0.99,0.01,0.0,1.777799145619806,0.0,2393.700347017641,0.0,0.0,23.9370034702,2369.76334355,0.0,0.0,0.0,0.0,0.0417763234753,0.000421983065407,0.0,2.72253843054,0.0,15.5717722557,12.8492338252,0.0,0.0,0.0,0.0,3.1025255653716792,3.1025255653716792,3.1025255653716792,27.90118447740837,27.90118447740837,27.90118447740837,0.01,0.01,0.0,0.08376107906506813,0.0,243.27692180945613,0.0,0.0,23.8233812572,242.007315935,0.0,0.0,0.0,0.0,0.0415780230351,4.30941719591e-05,0.0,0.592768540244,0.0,0.589672390679,0.0605063135112,0.0,0.0,0.0,0.0,0.08380103577327407,0.08380103577327407,0.08380103577327407,0.3440532104393355,0.3440532104393355,0.3440532104393355
