Name,FitNum,RedChiSq,lf,AlignMag,Temp,pA,pB,pC,dwB,dwC,kexAB,kexAC,kexBC,k12,k21,k13,k31,k23,k32,tau1,tau2,tau3,dG12,dG13,ddG12,ddG21,ddG13,ddG31,ddG23,ddG32,R1,R1b,R1c,R2,R2b,R2c,pA_err,pB_err,pC_err,dwB_err,dwC_err,kexAB_err,kexAC_err,kexBC_err,k12_err,k21_err,k13_err,k31_err,k23_err,k32_err,tau1_err,tau2_err,tau3_err,dG12_err,dG13_err,ddG12_err,ddG21_err,ddG13_err,ddG31_err,ddG23_err,ddG32_err,R1_err,R1b_err,R1c_err,R2_err,R2b_err,R2c_err
G_C1p_Off_clean,1,7.9812408905603665,150.88,avg,298.15,0.9,0.1,0.0,4.12,0.0,10.000000000000002,0.0,0.0,1.0,9.0,0.0,0.0,0.0,0.0,1.0,0.111111111111,0.0,1.30182205197,0.0,17.4531634499,16.151341398,0.0,0.0,0.0,0.0,2.0794988067242284,2.0794988067242284,2.0794988067242284,11.180019150667926,11.180019150667926,11.180019150667926,0.1,0.1,0.0,4.12,0.0,2.4904943645143183,0.0,0.0,0.939162191422,2.4174522468,0.0,0.0,0.0,0.0,0.939162191422,0.0298450894666,0.0,0.578750160262,0.0,0.556439275155,0.159144843045,0.0,0.0,0.0,0.0,0.26436204818988446,0.26436204818988446,0.26436204818988446,0.3335341562549061,0.3335341562549061,0.3335341562549061
