Name,FitNum,N,DF,K,ChiSq,RedChiSq,Rsq,AdjRsq,AIC,BIC,RSS,TSS,SDR
G_C1p_Off_clean,1,253,248,5,1979.3477408589708,7.9812408905603665,-0.8046726460592062,-0.8412044809996762,530.454688690771,548.1216361344086,1979.3477408589704,1096.790459577916,2.825109005075798
