Name,FitNum,N,DF,K,ChiSq,RedChiSq,Rsq,AdjRsq,AIC,BIC,RSS,TSS,SDR
G_C8_Off_clean,1,253,248,5,1979.3477408589708,7.9812408905603665,0.42913527446740873,0.4175793083635101,530.454688690771,548.1216361344086,1979.3477408589704,3467.2798166191255,2.825109005075798
