Name,FitNum,RedChiSq,lf,AlignMag,Temp,pA,pB,pC,dwB,dwC,kexAB,kexAC,kexBC,k12,k21,k13,k31,k23,k32,tau1,tau2,tau3,dG12,dG13,ddG12,ddG21,ddG13,ddG31,ddG23,ddG32,R1,R1b,R1c,R2,R2b,R2c,pA_err,pB_err,pC_err,dwB_err,dwC_err,kexAB_err,kexAC_err,kexBC_err,k12_err,k21_err,k13_err,k31_err,k23_err,k32_err,tau1_err,tau2_err,tau3_err,dG12_err,dG13_err,ddG12_err,ddG21_err,ddG13_err,ddG31_err,ddG23_err,ddG32_err,R1_err,R1b_err,R1c_err,R2_err,R2b_err,R2c_err
G10_C8_Off,1,0.23537319333111031,176.04,auto,298.15,0.977,0.023,0.0,3.4800328747935523,0.0,2889.243843085077,0.0,0.0,66.452608391,2822.79123469,0.0,0.0,0.0,0.0,0.0150483182559,0.000354259283403,0.0,2.22122084211,0.0,14.9668076961,12.745586854,0.0,0.0,0.0,0.0,0.2236975948040495,0.2236975948040495,0.2236975948040495,32.095654774394326,32.095654774394326,32.095654774394326,0.023,0.023,0.0,0.031550637082123745,0.0,107.77800503012091,0.0,0.0,64.9894798468,123.714955984,0.0,0.0,0.0,0.0,0.014716990043,1.55261824234e-05,0.0,0.580021189931,0.0,0.579439642478,0.0259669307916,0.0,0.0,0.0,0.0,0.2436324660610474,0.2436324660610474,0.2436324660610474,0.6078423283757791,0.6078423283757791,0.6078423283757791
