Name,FitNum,N,DF,K,ChiSq,RedChiSq,Rsq,AdjRsq,AIC,BIC,RSS,TSS,SDR
G10_C8_Off,1,97,93,4,21.88970697979326,0.23537319333111031,0.9994431418472833,0.9994189306232522,-135.9685793409047,-126.10451803558684,21.88970697979326,39309.30502319453,0.4851527525750115
