Name,FitNum,RedChiSq,lf,AlignMag,Temp,pA,pB,pC,dwB,dwC,kexAB,kexAC,kexBC,k12,k21,k13,k31,k23,k32,tau1,tau2,tau3,dG12,dG13,ddG12,ddG21,ddG13,ddG31,ddG23,ddG32,R1,R1b,R1c,R2,R2b,R2c,pA_err,pB_err,pC_err,dwB_err,dwC_err,kexAB_err,kexAC_err,kexBC_err,k12_err,k21_err,k13_err,k31_err,k23_err,k32_err,tau1_err,tau2_err,tau3_err,dG12_err,dG13_err,ddG12_err,ddG21_err,ddG13_err,ddG31_err,ddG23_err,ddG32_err,R1_err,R1b_err,R1c_err,R2_err,R2b_err,R2c_err
gc8,1,0.6168054997269885,150.7,auto,298.15,0.984,0.016,0.0,2.8985153033995754,0.0,418.7842833085731,0.0,0.0,6.70054853294,412.083734776,0.0,0.0,0.0,0.0,0.149241512853,0.0024266912659,0.0,2.4404667062,0.0,16.3261452447,13.8856785385,0.0,0.0,0.0,0.0,1.5967155626187854,1.5967155626187854,1.5967155626187854,22.456744139236104,22.456744139236104,22.456744139236104,0.016,0.016,0.0,0.0612080931651107,0.0,11.430111387787543,0.0,0.0,6.59674682033,13.0377834261,0.0,0.0,0.0,0.0,0.146929534281,7.6777296692e-05,0.0,0.583607385559,0.0,0.583306256815,0.0187454325115,0.0,0.0,0.0,0.0,0.11965138279785842,0.11965138279785842,0.11965138279785842,0.14375479914096642,0.14375479914096642,0.14375479914096642
