Name,FitNum,N,DF,K,ChiSq,RedChiSq,Rsq,AdjRsq,AIC,BIC,RSS,TSS,SDR
gc1p,1,220,213,7,131.37957144184855,0.6168054997269885,0.9671812293987139,0.9660975907467846,-98.88982070403777,-75.6627297663637,131.3795714418486,4003.1838193445337,0.7853696580127022
