Name,FitNum,N,DF,K,ChiSq,RedChiSq,Rsq,AdjRsq,AIC,BIC,RSS,TSS,SDR
ac8,1,219,212,7,1568.760463806782,7.3998135085225565,0.9070515588321643,0.9039679612578759,445.73509184736105,468.92778826887275,1568.7604638067817,16877.749041257106,2.720259823715844
