Name,FitNum,RedChiSq,lf,AlignMag,Temp,pA,pB,pC,dwB,dwC,kexAB,kexAC,kexBC,k12,k21,k13,k31,k23,k32,tau1,tau2,tau3,dG12,dG13,ddG12,ddG21,ddG13,ddG31,ddG23,ddG32,R1,R1b,R1c,R2,R2b,R2c,pA_err,pB_err,pC_err,dwB_err,dwC_err,kexAB_err,kexAC_err,kexBC_err,k12_err,k21_err,k13_err,k31_err,k23_err,k32_err,tau1_err,tau2_err,tau3_err,dG12_err,dG13_err,ddG12_err,ddG21_err,ddG13_err,ddG31_err,ddG23_err,ddG32_err,R1_err,R1b_err,R1c_err,R2_err,R2b_err,R2c_err
ac1p,1,7.3998135085225565,150.7,auto,298.15,0.9985,0.0015,0.0,6.767079196051611,0.0,4095.588083674779,0.0,0.0,6.14338212551,4089.44470155,0.0,0.0,0.0,0.0,0.162776786397,0.000244531977562,0.0,3.85161836479,0.0,16.3775811969,12.5259628322,0.0,0.0,0.0,0.0,4.7807431891481285,4.7807431891481285,4.7807431891481285,29.303502724814386,29.303502724814386,29.303502724814386,0.0015,0.0015,0.0,3.081188531944063,0.0,5535.847612012473,0.0,0.0,10.3237933971,5527.54724428,0.0,0.0,0.0,0.0,0.273542143118,0.000330524596212,0.0,1.27776075959,0.0,0.995655164133,0.800839155444,0.0,0.0,0.0,0.0,1.0847437672891806,1.0847437672891806,1.0847437672891806,2.814385119804203,2.814385119804203,2.814385119804203
