Name,FitNum,N,DF,K,ChiSq,RedChiSq,Rsq,AdjRsq,AIC,BIC,RSS,TSS,SDR
ac1p,1,219,212,7,1568.760463806782,7.3998135085225565,0.9019825919449438,0.8987308295924064,445.73509184736105,468.92778826887275,1568.7604638067817,16004.916829933014,2.720259823715844
