Name,FitNum,RedChiSq,lf,AlignMag,Temp,pA,pB,pC,dwB,dwC,kexAB,kexAC,kexBC,k12,k21,k13,k31,k23,k32,tau1,tau2,tau3,dG12,dG13,ddG12,ddG21,ddG13,ddG31,ddG23,ddG32,R1,R1b,R1c,R2,R2b,R2c,pA_err,pB_err,pC_err,dwB_err,dwC_err,kexAB_err,kexAC_err,kexBC_err,k12_err,k21_err,k13_err,k31_err,k23_err,k32_err,tau1_err,tau2_err,tau3_err,dG12_err,dG13_err,ddG12_err,ddG21_err,ddG13_err,ddG31_err,ddG23_err,ddG32_err,R1_err,R1b_err,R1c_err,R2_err,R2b_err,R2c_err
A21_C1p_Off,1,0.24642219631034573,150.7,avg,298.15,0.98,0.02,0.0,2.5279654327925143,0.0,84.99593821891898,0.0,0.0,1.69991876438,83.2960194545,0.0,0.0,0.0,0.0,0.588263404673,0.0120053756056,0.0,2.30584417206,0.0,17.1388026168,14.8329584447,0.0,0.0,0.0,0.0,1.6763066341230148,1.6763066341230148,1.6763066341230148,14.62995476956427,14.62995476956427,14.62995476956427,0.02,0.02,0.0,0.16478477675986528,0.0,9.083968622437864,0.0,0.0,1.67614260333,9.05688691123,0.0,0.0,0.0,0.0,0.580035573,0.00130536044697,0.0,0.587739148289,0.0,0.584197874776,0.0644216542699,0.0,0.0,0.0,0.0,0.07203160315965552,0.07203160315965552,0.07203160315965552,0.08463054774912632,0.08463054774912632,0.08463054774912632
