Name,FitNum,RedChiSq,lf,AlignMag,Temp,pA,pB,pC,dwB,dwC,kexAB,kexAC,kexBC,k12,k21,k13,k31,k23,k32,tau1,tau2,tau3,dG12,dG13,ddG12,ddG21,ddG13,ddG31,ddG23,ddG32,R1,R1b,R1c,R2,R2b,R2c,pA_err,pB_err,pC_err,dwB_err,dwC_err,kexAB_err,kexAC_err,kexBC_err,k12_err,k21_err,k13_err,k31_err,k23_err,k32_err,tau1_err,tau2_err,tau3_err,dG12_err,dG13_err,ddG12_err,ddG21_err,ddG13_err,ddG31_err,ddG23_err,ddG32_err,R1_err,R1b_err,R1c_err,R2_err,R2b_err,R2c_err
gc8,1,0.27756346311143876,150.88,auto,298.15,0.997,0.003,0.0,3.2510227856642024,0.0,3339.659563801175,0.0,0.0,10.0189786914,3329.64058511,0.0,0.0,0.0,0.0,0.0998105725944,0.000300332715931,0.0,3.44004850013,0.0,16.0877935065,12.6477450064,0.0,0.0,0.0,0.0,3.0555061222752418,3.0555061222752418,3.0555061222752418,18.82150522186284,18.82150522186284,18.82150522186284,0.003,0.003,0.0,0.07068502194241266,0.0,173.33366846028636,0.0,0.0,10.0024928043,173.102117608,0.0,0.0,0.0,0.0,0.0996463377071,1.56137660465e-05,0.0,0.592311288952,0.0,0.591509835481,0.0308022328724,0.0,0.0,0.0,0.0,0.054582455528392554,0.054582455528392554,0.054582455528392554,0.11455001561631437,0.11455001561631437,0.11455001561631437
