Name,FitNum,RedChiSq,lf,AlignMag,Temp,pA,pB,pC,dwB,dwC,kexAB,kexAC,kexBC,k12,k21,k13,k31,k23,k32,tau1,tau2,tau3,dG12,dG13,ddG12,ddG21,ddG13,ddG31,ddG23,ddG32,R1,R1b,R1c,R2,R2b,R2c,pA_err,pB_err,pC_err,dwB_err,dwC_err,kexAB_err,kexAC_err,kexBC_err,k12_err,k21_err,k13_err,k31_err,k23_err,k32_err,tau1_err,tau2_err,tau3_err,dG12_err,dG13_err,ddG12_err,ddG21_err,ddG13_err,ddG31_err,ddG23_err,ddG32_err,R1_err,R1b_err,R1c_err,R2_err,R2b_err,R2c_err
hpGBCm6A_m6AC2_55C,1,1.0635683871410113,150.7,auto,298.15,0.9,0.1,0.0,2.5288000397893495,0.0,43.3425664838261,0.0,0.0,4.33425664838,39.0083098354,0.0,0.0,0.0,0.0,0.23072007062,0.0256355634022,0.0,1.30182205197,0.0,16.5842548711,15.2824328191,0.0,0.0,0.0,0.0,4.484792299077516,4.484792299077516,4.484792299077516,14.225119526903658,14.225119526903658,14.225119526903658,0.1,0.1,0.0,0.0097806720763245,0.0,0.7258985348185607,0.0,0.0,3.92550754119,3.97883807188,0.0,0.0,0.0,0.0,0.20896163993,0.0026148212032,0.0,0.540001808583,0.0,0.536609513119,0.0604332996187,0.0,0.0,0.0,0.0,0.048069965670773464,0.048069965670773464,0.048069965670773464,0.05513878753011474,0.05513878753011474,0.05513878753011474
