Name,FitNum,RedChiSq,lf,AlignMag,Temp,pA,pB,pC,dwB,dwC,kexAB,kexAC,kexBC,k12,k21,k13,k31,k23,k32,tau1,tau2,tau3,dG12,dG13,ddG12,ddG21,ddG13,ddG31,ddG23,ddG32,R1,R1b,R1c,R2,R2b,R2c,pA_err,pB_err,pC_err,dwB_err,dwC_err,kexAB_err,kexAC_err,kexBC_err,k12_err,k21_err,k13_err,k31_err,k23_err,k32_err,tau1_err,tau2_err,tau3_err,dG12_err,dG13_err,ddG12_err,ddG21_err,ddG13_err,ddG31_err,ddG23_err,ddG32_err,R1_err,R1b_err,R1c_err,R2_err,R2b_err,R2c_err
A16_C8_Off,1,1.1309205732464065,176.04,auto,298.15,0.987,0.013,0.0,4.268333423552945,0.0,710.8555691079264,0.0,0.0,9.2411223984,701.61444671,0.0,0.0,0.0,0.0,0.108211963535,0.00142528422083,0.0,2.56529347104,0.0,16.1356768284,13.5703833574,0.0,0.0,0.0,0.0,0.10000000000000002,0.10000000000000002,0.10000000000000002,30.880116842217287,30.880116842217287,30.880116842217287,0.013,0.013,0.0,0.1720608400130534,0.0,45.62652880195281,0.0,0.0,9.14104325236,45.9479326941,0.0,0.0,0.0,0.0,0.107040053843,9.33402437132e-05,0.0,0.587351308104,0.0,0.586068280725,0.0388011528157,0.0,0.0,0.0,0.0,0.33803507905180336,0.33803507905180336,0.33803507905180336,0.504534290361005,0.504534290361005,0.504534290361005
