Name,FitNum,N,DF,K,ChiSq,RedChiSq,Rsq,AdjRsq,AIC,BIC,RSS,TSS,SDR
A16_C8_Off,1,95,91,4,102.913772165423,1.1309205732464065,0.9921985301298647,0.9918517981356364,16.04582978855534,25.81689291051306,102.91377216542296,13191.587467303481,1.0634474943533443
