Name,FitNum,RedChiSq,lf,AlignMag,Temp,pA,pB,pC,dwB,dwC,kexAB,kexAC,kexBC,k12,k21,k13,k31,k23,k32,tau1,tau2,tau3,dG12,dG13,ddG12,ddG21,ddG13,ddG31,ddG23,ddG32,R1,R1b,R1c,R2,R2b,R2c,pA_err,pB_err,pC_err,dwB_err,dwC_err,kexAB_err,kexAC_err,kexBC_err,k12_err,k21_err,k13_err,k31_err,k23_err,k32_err,tau1_err,tau2_err,tau3_err,dG12_err,dG13_err,ddG12_err,ddG21_err,ddG13_err,ddG31_err,ddG23_err,ddG32_err,R1_err,R1b_err,R1c_err,R2_err,R2b_err,R2c_err
T8_N3_Off,1,0.14375038568940515,176.04,auto,298.15,0.977,0.023,0.0,-0.5208626998032878,0.0,307.22669243818547,0.0,0.0,7.06621392608,300.160478512,0.0,0.0,0.0,0.0,0.141518500637,0.00333155119207,0.0,2.22122084211,0.0,16.2946633127,14.0734424705,0.0,0.0,0.0,0.0,1.4658829884075137,1.4658829884075137,1.4658829884075137,7.972997074520909,7.972997074520909,7.972997074520909,0.023,0.023,0.0,0.023571885506852876,0.0,37.73014185267594,0.0,0.0,6.9599158292,37.5036012508,0.0,0.0,0.0,0.0,0.139389616988,0.000416261221575,0.0,0.588248534877,0.0,0.583571913548,0.0740281061645,0.0,0.0,0.0,0.0,0.02637936023980049,0.02637936023980049,0.02637936023980049,0.037049060053359444,0.037049060053359444,0.037049060053359444
