Name,FitNum,N,DF,K,ChiSq,RedChiSq,Rsq,AdjRsq,AIC,BIC,RSS,TSS,SDR
c15_c6,1,138,134,4,165.38195641494954,1.2341937045891758,0.9914708190682237,0.991214302348471,33.27930400151463,44.68756686244421,165.38195641494957,19390.13344162995,1.110942709859143
