Name,FitNum,RedChiSq,lf,AlignMag,Temp,pA,pB,pC,dwB,dwC,kexAB,kexAC,kexBC,k12,k21,k13,k31,k23,k32,tau1,tau2,tau3,dG12,dG13,ddG12,ddG21,ddG13,ddG31,ddG23,ddG32,R1,R1b,R1c,R2,R2b,R2c,pA_err,pB_err,pC_err,dwB_err,dwC_err,kexAB_err,kexAC_err,kexBC_err,k12_err,k21_err,k13_err,k31_err,k23_err,k32_err,tau1_err,tau2_err,tau3_err,dG12_err,dG13_err,ddG12_err,ddG21_err,ddG13_err,ddG31_err,ddG23_err,ddG32_err,R1_err,R1b_err,R1c_err,R2_err,R2b_err,R2c_err
c15_c6,1,1.2341937045891758,176.002098,auto,298.15,0.9995,0.0005,0.0,11.21273021928179,0.0,8643.848346348677,0.0,0.0,4.32192417317,8639.52642218,0.0,0.0,0.0,0.0,0.231378423112,0.000115747085099,0.0,4.50312246865,0.0,16.5859431002,12.0828206316,0.0,0.0,0.0,0.0,1.8303593765305228,1.8303593765305228,1.8303593765305228,31.843106627079695,31.843106627079695,31.843106627079695,0.0005,0.0005,0.0,9.47685452894997,0.0,8732.083460670128,0.0,0.0,6.14187913107,8727.71848797,0.0,0.0,0.0,0.0,0.32881148566,0.000116928628397,0.0,1.03303934872,0.0,0.841979074342,0.598532818128,0.0,0.0,0.0,0.0,0.1167695608745382,0.1167695608745382,0.1167695608745382,2.5821283216725726,2.5821283216725726,2.5821283216725726
