Name,FitNum,N,DF,K,ChiSq,RedChiSq,Rsq,AdjRsq,AIC,BIC,RSS,TSS,SDR
ac8,1,219,212,7,20.78057283638433,0.09802156998294495,0.9987687592234257,0.998727912373018,-501.2258402527768,-478.0331438312651,20.780572836384337,16877.749041257106,0.3130839663460028
