Name,FitNum,RedChiSq,lf,AlignMag,Temp,pA,pB,pC,dwB,dwC,kexAB,kexAC,kexBC,k12,k21,k13,k31,k23,k32,tau1,tau2,tau3,dG12,dG13,ddG12,ddG21,ddG13,ddG31,ddG23,ddG32,R1,R1b,R1c,R2,R2b,R2c,pA_err,pB_err,pC_err,dwB_err,dwC_err,kexAB_err,kexAC_err,kexBC_err,k12_err,k21_err,k13_err,k31_err,k23_err,k32_err,tau1_err,tau2_err,tau3_err,dG12_err,dG13_err,ddG12_err,ddG21_err,ddG13_err,ddG31_err,ddG23_err,ddG32_err,R1_err,R1b_err,R1c_err,R2_err,R2b_err,R2c_err
ac1p,1,0.09802156998294495,150.7,auto,298.15,0.977,0.023,0.0,3.115907134929341,0.0,2352.771402757498,0.0,0.0,54.1137422634,2298.65766049,0.0,0.0,0.0,0.0,0.018479594243,0.000435036507257,0.0,2.22122084211,0.0,15.088504578,12.8672837359,0.0,0.0,0.0,0.0,1.1780570234195902,1.1780570234195902,1.1780570234195902,18.278101371518144,18.278101371518144,18.278101371518144,0.023,0.023,0.0,0.016702958477711347,0.0,40.52125698717057,0.0,0.0,52.8919859405,66.0606064174,0.0,0.0,0.0,0.0,0.0180623700747,1.2502416509e-05,0.0,0.579358157558,0.0,0.579107888268,0.0170272861756,0.0,0.0,0.0,0.0,0.11904170679047356,0.11904170679047356,0.11904170679047356,0.21283572267844225,0.21283572267844225,0.21283572267844225
