Name,FitNum,RedChiSq,lf,AlignMag,Temp,pA,pB,pC,dwB,dwC,kexAB,kexAC,kexBC,k12,k21,k13,k31,k23,k32,tau1,tau2,tau3,dG12,dG13,ddG12,ddG21,ddG13,ddG31,ddG23,ddG32,R1,R1b,R1c,R2,R2b,R2c,pA_err,pB_err,pC_err,dwB_err,dwC_err,kexAB_err,kexAC_err,kexBC_err,k12_err,k21_err,k13_err,k31_err,k23_err,k32_err,tau1_err,tau2_err,tau3_err,dG12_err,dG13_err,ddG12_err,ddG21_err,ddG13_err,ddG31_err,ddG23_err,ddG32_err,R1_err,R1b_err,R1c_err,R2_err,R2b_err,R2c_err
ra16_c8_15c,1,1.5243280146623988,150.784186,auto,298.15,0.99,0.01,0.0,4.384140489994262,0.0,116.71533784952224,0.0,0.0,1.1671533785,115.548184471,0.0,0.0,0.0,0.0,0.856785422058,0.0086543982026,0.0,2.72253843054,0.0,17.3615844009,14.6390459704,0.0,0.0,0.0,0.0,1.6364162778449256,1.6364162778449256,1.6364162778449256,35.143772268963914,35.143772268963914,35.143772268963914,0.01,0.01,0.0,0.2390533492697731,0.0,12.66981337457272,0.0,0.0,1.16246588563,12.5962301687,0.0,0.0,0.0,0.0,0.853344421391,0.000943440108822,0.0,0.593629380552,0.0,0.590105226129,0.0645884165352,0.0,0.0,0.0,0.0,0.07440775136635483,0.07440775136635483,0.07440775136635483,0.11799364181017312,0.11799364181017312,0.11799364181017312
