Name,FitNum,N,DF,K,ChiSq,RedChiSq,Rsq,AdjRsq,AIC,BIC,RSS,TSS,SDR
ra16_c8_15c,1,100,96,4,146.33548940759027,1.5243280146623988,0.9894997225974737,0.9890576056542094,46.49421986188602,56.493847974259445,146.33548940759033,13936.34508859575,1.234636794633304
