Name,FitNum,N,DF,K,ChiSq,RedChiSq,Rsq,AdjRsq,AIC,BIC,RSS,TSS,SDR
gc1p,1,190,183,7,219.47602812951595,1.1993225580847866,0.9351658501354725,0.9326722289868368,42.0169838111683,64.13076770090709,219.4760281295159,3385.1917328771365,1.0951358628429564
