Name,FitNum,RedChiSq,lf,AlignMag,Temp,pA,pB,pC,dwB,dwC,kexAB,kexAC,kexBC,k12,k21,k13,k31,k23,k32,tau1,tau2,tau3,dG12,dG13,ddG12,ddG21,ddG13,ddG31,ddG23,ddG32,R1,R1b,R1c,R2,R2b,R2c,pA_err,pB_err,pC_err,dwB_err,dwC_err,kexAB_err,kexAC_err,kexBC_err,k12_err,k21_err,k13_err,k31_err,k23_err,k32_err,tau1_err,tau2_err,tau3_err,dG12_err,dG13_err,ddG12_err,ddG21_err,ddG13_err,ddG31_err,ddG23_err,ddG32_err,R1_err,R1b_err,R1c_err,R2_err,R2b_err,R2c_err
gc1p,1,1.1993225580847866,176.04,auto,298.15,0.999,0.001,0.0,4.524404153818069,0.0,2574.901408064868,0.0,0.0,2.57490140806,2572.32650666,0.0,0.0,0.0,0.0,0.388364384309,0.000388753137447,0.0,4.0921468707,0.0,16.8927847118,12.8006378411,0.0,0.0,0.0,0.0,1.8095879558196244,1.8095879558196244,1.8095879558196244,18.831440966625863,18.831440966625863,18.831440966625863,0.001,0.001,0.0,0.6210020339324867,0.0,979.8726088172086,0.0,0.0,2.75263884599,978.896115975,0.0,0.0,0.0,0.0,0.415171970197,0.000147939592946,0.0,0.672316435901,0.0,0.633382128867,0.225469440977,0.0,0.0,0.0,0.0,0.17307428490374746,0.17307428490374746,0.17307428490374746,0.39501811452442315,0.39501811452442315,0.39501811452442315
