Name,FitNum,N,DF,K,ChiSq,RedChiSq,Rsq,AdjRsq,AIC,BIC,RSS,TSS,SDR
A16_C8_Off,1,104,100,4,55.654647804890004,0.5565464780489,0.9924469591411834,0.9921417857731504,-56.619391461636155,-46.44586826911107,55.65464780489001,7368.508769540807,0.7460204273670394
