Name,FitNum,RedChiSq,lf,AlignMag,Temp,pA,pB,pC,dwB,dwC,kexAB,kexAC,kexBC,k12,k21,k13,k31,k23,k32,tau1,tau2,tau3,dG12,dG13,ddG12,ddG21,ddG13,ddG31,ddG23,ddG32,R1,R1b,R1c,R2,R2b,R2c,pA_err,pB_err,pC_err,dwB_err,dwC_err,kexAB_err,kexAC_err,kexBC_err,k12_err,k21_err,k13_err,k31_err,k23_err,k32_err,tau1_err,tau2_err,tau3_err,dG12_err,dG13_err,ddG12_err,ddG21_err,ddG13_err,ddG31_err,ddG23_err,ddG32_err,R1_err,R1b_err,R1c_err,R2_err,R2b_err,R2c_err
A16_C8_Off,1,0.5565464780489,150.7,auto,298.15,0.9975,0.0025,0.0,4.106791341193565,0.0,3247.6340080643995,0.0,0.0,8.11908502016,3239.51492304,0.0,0.0,0.0,0.0,0.123166588047,0.000308688190595,0.0,3.54836830122,0.0,16.2123715407,12.6640032395,0.0,0.0,0.0,0.0,2.7644762432959795,2.7644762432959795,2.7644762432959795,24.329483572709922,24.329483572709922,24.329483572709922,0.0025,0.0025,0.0,0.1955158043661568,0.0,503.9817969257496,0.0,0.0,8.19623408486,502.787073847,0.0,0.0,0.0,0.0,0.124336940008,4.79097753112e-05,0.0,0.60514220468,0.0,0.598114649813,0.0919562589683,0.0,0.0,0.0,0.0,0.10935048567931631,0.10935048567931631,0.10935048567931631,0.32499861480540965,0.32499861480540965,0.32499861480540965
