Name,FitNum,RedChiSq,lf,AlignMag,Temp,pA,pB,pC,dwB,dwC,kexAB,kexAC,kexBC,k12,k21,k13,k31,k23,k32,tau1,tau2,tau3,dG12,dG13,ddG12,ddG21,ddG13,ddG31,ddG23,ddG32,R1,R1b,R1c,R2,R2b,R2c,pA_err,pB_err,pC_err,dwB_err,dwC_err,kexAB_err,kexAC_err,kexBC_err,k12_err,k21_err,k13_err,k31_err,k23_err,k32_err,tau1_err,tau2_err,tau3_err,dG12_err,dG13_err,ddG12_err,ddG21_err,ddG13_err,ddG31_err,ddG23_err,ddG32_err,R1_err,R1b_err,R1c_err,R2_err,R2b_err,R2c_err
G10_C1p_Off,1,0.3861701814885341,170.4,auto,298.15,0.9999,0.0001,0.0,4.794317050856929,0.0,3207.730871633419,0.0,0.0,0.320773087163,3207.41009855,0.0,0.0,0.0,0.0,3.11746851596,0.000311778029399,0.0,5.45692695108,0.0,18.126831229,12.6699042779,0.0,0.0,0.0,0.0,1.6769110582499827,1.6769110582499827,1.6769110582499827,15.327614921099682,15.327614921099682,15.327614921099682,0.0001,0.0001,0.0,3.1971445003415053,0.0,9243.170478192204,0.0,0.0,0.978384792053,9242.24616671,0.0,0.0,0.0,0.0,9.50854017304,0.0008983975259,0.0,2.4860523231,0.0,1.80712812589,1.70726216201,0.0,0.0,0.0,0.0,0.10450349136052191,0.10450349136052191,0.10450349136052191,0.3088882384183191,0.3088882384183191,0.3088882384183191
