Name,FitNum,RedChiSq,lf,AlignMag,Temp,pA,pB,pC,dwB,dwC,kexAB,kexAC,kexBC,k12,k21,k13,k31,k23,k32,tau1,tau2,tau3,dG12,dG13,ddG12,ddG21,ddG13,ddG31,ddG23,ddG32,R1,R1b,R1c,R2,R2b,R2c,pA_err,pB_err,pC_err,dwB_err,dwC_err,kexAB_err,kexAC_err,kexBC_err,k12_err,k21_err,k13_err,k31_err,k23_err,k32_err,tau1_err,tau2_err,tau3_err,dG12_err,dG13_err,ddG12_err,ddG21_err,ddG13_err,ddG31_err,ddG23_err,ddG32_err,R1_err,R1b_err,R1c_err,R2_err,R2b_err,R2c_err
A16_C8_Off,1,0.44961523083945854,150.7,auto,298.15,0.99,0.01,0.0,2.7302239720623196,0.0,311.5916132142413,0.0,0.0,3.11591613214,308.475697082,0.0,0.0,0.0,0.0,0.320932899857,0.0032417464632,0.0,2.72253843054,0.0,16.7797907798,14.0572523493,0.0,0.0,0.0,0.0,2.4144064091860664,2.4144064091860664,2.4144064091860664,30.153131530041534,30.153131530041534,30.153131530041534,0.01,0.01,0.0,0.06056901829481938,0.0,16.537410742241573,0.0,0.0,3.0893437908,16.6601404566,0.0,0.0,0.0,0.0,0.318196003805,0.000175080085441,0.0,0.588302959333,0.0,0.587432075356,0.0319988875245,0.0,0.0,0.0,0.0,0.08413173415442239,0.08413173415442239,0.08413173415442239,0.14587110340918077,0.14587110340918077,0.14587110340918077
