Name,FitNum,RedChiSq,lf,AlignMag,Temp,pA,pB,pC,dwB,dwC,kexAB,kexAC,kexBC,k12,k21,k13,k31,k23,k32,tau1,tau2,tau3,dG12,dG13,ddG12,ddG21,ddG13,ddG31,ddG23,ddG32,R1,R1b,R1c,R2,R2b,R2c,pA_err,pB_err,pC_err,dwB_err,dwC_err,kexAB_err,kexAC_err,kexBC_err,k12_err,k21_err,k13_err,k31_err,k23_err,k32_err,tau1_err,tau2_err,tau3_err,dG12_err,dG13_err,ddG12_err,ddG21_err,ddG13_err,ddG31_err,ddG23_err,ddG32_err,R1_err,R1b_err,R1c_err,R2_err,R2b_err,R2c_err
A6RNAm6A_C2_37,1,0.37880095516993517,150.88,auto,298.15,0.98,0.02,0.0,1.7777264135793878,0.0,54.33597968718177,0.0,0.0,1.08671959374,53.2492600934,0.0,0.0,0.0,0.0,0.920200579576,0.0187796036648,0.0,2.30584417206,0.0,17.4038902785,15.0980461064,0.0,0.0,0.0,0.0,4.560253868091161,4.560253868091161,4.560253868091161,21.040770017533507,21.040770017533507,21.040770017533507,0.02,0.02,0.0,0.05074819824912232,0.0,2.8404452415177004,0.0,0.0,1.06672072993,2.98048605414,0.0,0.0,0.0,0.0,0.903266159529,0.00105113848957,0.0,0.582526003626,0.0,0.58158127216,0.0331627618537,0.0,0.0,0.0,0.0,0.029913564967581137,0.029913564967581137,0.029913564967581137,0.03172313560142933,0.03172313560142933,0.03172313560142933
