Name,FitNum,N,DF,K,ChiSq,RedChiSq,Rsq,AdjRsq,AIC,BIC,RSS,TSS,SDR
ac1p,1,209,202,7,44.86764034990865,0.22211703143519132,0.9914627226735573,0.991165404557711,-307.0138272574193,-284.17470142401385,44.86764034990866,5255.497582459783,0.4712929359063123
