Name,FitNum,RedChiSq,lf,AlignMag,Temp,pA,pB,pC,dwB,dwC,kexAB,kexAC,kexBC,k12,k21,k13,k31,k23,k32,tau1,tau2,tau3,dG12,dG13,ddG12,ddG21,ddG13,ddG31,ddG23,ddG32,R1,R1b,R1c,R2,R2b,R2c,pA_err,pB_err,pC_err,dwB_err,dwC_err,kexAB_err,kexAC_err,kexBC_err,k12_err,k21_err,k13_err,k31_err,k23_err,k32_err,tau1_err,tau2_err,tau3_err,dG12_err,dG13_err,ddG12_err,ddG21_err,ddG13_err,ddG31_err,ddG23_err,ddG32_err,R1_err,R1b_err,R1c_err,R2_err,R2b_err,R2c_err
A16_C8_Off,1,1.1710346761416783,176.04,auto,298.15,0.984,0.016,0.0,4.365896180448092,0.0,547.5165334458161,0.0,0.0,8.76026453513,538.756268911,0.0,0.0,0.0,0.0,0.114151803977,0.00185612689393,0.0,2.4404667062,0.0,16.1673375825,13.7268708763,0.0,0.0,0.0,0.0,0.10000000000000002,0.10000000000000002,0.10000000000000002,31.030120154184914,31.030120154184914,31.030120154184914,0.016,0.016,0.0,0.17496378622932635,0.0,35.44067430491857,0.0,0.0,8.63986816078,35.9234657623,0.0,0.0,0.0,0.0,0.112582962845,0.000123763777375,0.0,0.585675888353,0.0,0.584341956476,0.0395060008018,0.0,0.0,0.0,0.0,0.3486514275421943,0.3486514275421943,0.3486514275421943,0.5076521766231119,0.5076521766231119,0.5076521766231119
