Name,FitNum,N,DF,K,ChiSq,RedChiSq,Rsq,AdjRsq,AIC,BIC,RSS,TSS,SDR
A16_C8_Off,1,111,107,4,28.6325807854523,0.26759421294815233,0.9946450712705418,0.9944429984882981,-142.02597024532886,-131.56520793064556,28.632580785452294,5346.958331665673,0.517295092716094
