Name,FitNum,RedChiSq,lf,AlignMag,Temp,pA,pB,pC,dwB,dwC,kexAB,kexAC,kexBC,k12,k21,k13,k31,k23,k32,tau1,tau2,tau3,dG12,dG13,ddG12,ddG21,ddG13,ddG31,ddG23,ddG32,R1,R1b,R1c,R2,R2b,R2c,pA_err,pB_err,pC_err,dwB_err,dwC_err,kexAB_err,kexAC_err,kexBC_err,k12_err,k21_err,k13_err,k31_err,k23_err,k32_err,tau1_err,tau2_err,tau3_err,dG12_err,dG13_err,ddG12_err,ddG21_err,ddG13_err,ddG31_err,ddG23_err,ddG32_err,R1_err,R1b_err,R1c_err,R2_err,R2b_err,R2c_err
A16_C8_Off,1,0.26759421294815233,150.7,auto,298.15,0.98,0.02,0.0,1.7807142415762869,0.0,60.18730008542586,0.0,0.0,1.20374600171,58.9835540837,0.0,0.0,0.0,0.0,0.830740038663,0.0169538783401,0.0,2.30584417206,0.0,17.3432940482,15.0374498762,0.0,0.0,0.0,0.0,2.0925907284485805,2.0925907284485805,2.0925907284485805,22.882046994269302,22.882046994269302,22.882046994269302,0.02,0.02,0.0,0.13314804513110784,0.0,10.265416621945775,0.0,0.0,1.19764559619,10.1290662087,0.0,0.0,0.0,0.0,0.826529971833,0.00291143792312,0.0,0.598198414089,0.0,0.589482124399,0.101745602522,0.0,0.0,0.0,0.0,0.06035974052270858,0.06035974052270858,0.06035974052270858,0.07816333749127065,0.07816333749127065,0.07816333749127065
