Name,FitNum,N,DF,K,ChiSq,RedChiSq,Rsq,AdjRsq,AIC,BIC,RSS,TSS,SDR
A16_C8_Off,1,106,102,4,75.04650369720932,0.7357500362471502,0.9910146244835795,0.9906587680274836,-28.20905947970141,-17.951342707213538,75.04650369720937,8352.072048637714,0.8577587284587378
