Name,FitNum,N,DF,K,ChiSq,RedChiSq,Rsq,AdjRsq,AIC,BIC,RSS,TSS,SDR
G10_C8_Off,1,97,93,4,17.917971698925598,0.1926663623540387,0.9995441798910372,0.9995243616254301,-155.38917348053982,-145.52511217522195,17.917971698925598,39309.30502319453,0.43893776592364286
