Name,FitNum,RedChiSq,lf,AlignMag,Temp,pA,pB,pC,dwB,dwC,kexAB,kexAC,kexBC,k12,k21,k13,k31,k23,k32,tau1,tau2,tau3,dG12,dG13,ddG12,ddG21,ddG13,ddG31,ddG23,ddG32,R1,R1b,R1c,R2,R2b,R2c,pA_err,pB_err,pC_err,dwB_err,dwC_err,kexAB_err,kexAC_err,kexBC_err,k12_err,k21_err,k13_err,k31_err,k23_err,k32_err,tau1_err,tau2_err,tau3_err,dG12_err,dG13_err,ddG12_err,ddG21_err,ddG13_err,ddG31_err,ddG23_err,ddG32_err,R1_err,R1b_err,R1c_err,R2_err,R2b_err,R2c_err
G10_C8_Off,1,0.1926663623540387,176.04,auto,298.15,0.976,0.024,0.0,3.399259767583226,0.0,2913.654245552454,0.0,0.0,69.9277018933,2843.72654366,0.0,0.0,0.0,0.0,0.0143004842562,0.000351651252203,0.0,2.19539817638,0.0,14.9366070656,12.7412088892,0.0,0.0,0.0,0.0,0.32053546803304284,0.32053546803304284,0.32053546803304284,31.693727089338243,31.693727089338243,31.693727089338243,0.024,0.024,0.0,0.027508145411983875,0.0,95.16812899733269,0.0,0.0,68.3082648481,115.274702906,0.0,0.0,0.0,0.0,0.0139693031457,1.42547087429e-05,0.0,0.579261666151,0.0,0.578763552213,0.024017254246,0.0,0.0,0.0,0.0,0.21780334984387364,0.21780334984387364,0.21780334984387364,0.5466162932874057,0.5466162932874057,0.5466162932874057
