Name,FitNum,RedChiSq,lf,AlignMag,Temp,pA,pB,pC,dwB,dwC,kexAB,kexAC,kexBC,k12,k21,k13,k31,k23,k32,tau1,tau2,tau3,dG12,dG13,ddG12,ddG21,ddG13,ddG31,ddG23,ddG32,R1,R1b,R1c,R2,R2b,R2c,pA_err,pB_err,pC_err,dwB_err,dwC_err,kexAB_err,kexAC_err,kexBC_err,k12_err,k21_err,k13_err,k31_err,k23_err,k32_err,tau1_err,tau2_err,tau3_err,dG12_err,dG13_err,ddG12_err,ddG21_err,ddG13_err,ddG31_err,ddG23_err,ddG32_err,R1_err,R1b_err,R1c_err,R2_err,R2b_err,R2c_err
gc1p,1,0.3911564537319219,150.88,auto,298.15,0.996,0.004,0.0,2.9229341745884985,0.0,4065.4777446799485,0.0,0.0,16.2619109787,4049.2158337,0.0,0.0,0.0,0.0,0.0614933879117,0.000246961397236,0.0,3.26900669389,0.0,15.8008268006,12.5318201068,0.0,0.0,0.0,0.0,2.6750337356935594,2.6750337356935594,2.6750337356935594,12.479359662661269,12.479359662661269,12.479359662661269,0.004,0.004,0.0,0.10214095629998496,0.0,237.24077275083167,0.0,0.0,16.22476946,236.846283326,0.0,0.0,0.0,0.0,0.0613529396076,1.44452386493e-05,0.0,0.592146521874,0.0,0.591131538719,0.0346555522022,0.0,0.0,0.0,0.0,0.07766563890075298,0.07766563890075298,0.07766563890075298,0.20506615138530343,0.20506615138530343,0.20506615138530343
