Name,FitNum,RedChiSq,lf,AlignMag,Temp,pA,pB,pC,dwB,dwC,kexAB,kexAC,kexBC,k12,k21,k13,k31,k23,k32,tau1,tau2,tau3,dG12,dG13,ddG12,ddG21,ddG13,ddG31,ddG23,ddG32,R1,R1b,R1c,R2,R2b,R2c,pA_err,pB_err,pC_err,dwB_err,dwC_err,kexAB_err,kexAC_err,kexBC_err,k12_err,k21_err,k13_err,k31_err,k23_err,k32_err,tau1_err,tau2_err,tau3_err,dG12_err,dG13_err,ddG12_err,ddG21_err,ddG13_err,ddG31_err,ddG23_err,ddG32_err,R1_err,R1b_err,R1c_err,R2_err,R2b_err,R2c_err
T8_N3_Off,1,1.5489982437528729,176.04,auto,298.15,0.999,0.001,0.0,1.5915522823549098,0.0,2073.3187809518104,0.0,0.0,2.07331878095,2071.24546217,0.0,0.0,0.0,0.0,0.482318497853,0.000482801299153,0.0,4.0921468707,0.0,17.0211528403,12.9290059696,0.0,0.0,0.0,0.0,1.4969578271343669,1.4969578271343669,1.4969578271343669,8.134155896623222,8.134155896623222,8.134155896623222,0.001,0.001,0.0,0.399531668852905,0.0,1464.5199740748437,0.0,0.0,2.53670668736,1463.05692023,0.0,0.0,0.0,0.0,0.590116951711,0.00034103431714,0.0,0.837041986819,0.0,0.724905421435,0.41851095287,0.0,0.0,0.0,0.0,0.0849065385595516,0.0849065385595516,0.0849065385595516,0.22992247075296104,0.22992247075296104,0.22992247075296104
