Name,FitNum,RedChiSq,lf,AlignMag,Temp,pA,pB,pC,dwB,dwC,kexAB,kexAC,kexBC,k12,k21,k13,k31,k23,k32,tau1,tau2,tau3,dG12,dG13,ddG12,ddG21,ddG13,ddG31,ddG23,ddG32,R1,R1b,R1c,R2,R2b,R2c,pA_err,pB_err,pC_err,dwB_err,dwC_err,kexAB_err,kexAC_err,kexBC_err,k12_err,k21_err,k13_err,k31_err,k23_err,k32_err,tau1_err,tau2_err,tau3_err,dG12_err,dG13_err,ddG12_err,ddG21_err,ddG13_err,ddG31_err,ddG23_err,ddG32_err,R1_err,R1b_err,R1c_err,R2_err,R2b_err,R2c_err
A16_C8_Off,1,1.068762547865311,176.04,auto,298.15,0.95,0.05,0.0,4.314887417307484,0.0,146.22620333541877,0.0,0.0,7.31131016677,138.914893169,0.0,0.0,0.0,0.0,0.136774391619,0.00719865219049,0.0,1.7445351892,0.0,16.2744609672,14.529925778,0.0,0.0,0.0,0.0,0.10000000000000002,0.10000000000000002,0.10000000000000002,31.48032088332231,31.48032088332231,31.48032088332231,0.05,0.05,0.0,0.15331550707753008,0.0,9.887381439408445,0.0,0.0,6.97290526111,11.6878436136,0.0,0.0,0.0,0.0,0.130443771794,0.000605670991151,0.0,0.567256127608,0.0,0.565061518175,0.0498497240328,0.0,0.0,0.0,0.0,0.33827067463580074,0.33827067463580074,0.33827067463580074,0.46208452669085787,0.46208452669085787,0.46208452669085787
