Name,FitNum,RedChiSq,lf,AlignMag,Temp,pA,pB,pC,dwB,dwC,kexAB,kexAC,kexBC,k12,k21,k13,k31,k23,k32,tau1,tau2,tau3,dG12,dG13,ddG12,ddG21,ddG13,ddG31,ddG23,ddG32,R1,R1b,R1c,R2,R2b,R2c,pA_err,pB_err,pC_err,dwB_err,dwC_err,kexAB_err,kexAC_err,kexBC_err,k12_err,k21_err,k13_err,k31_err,k23_err,k32_err,tau1_err,tau2_err,tau3_err,dG12_err,dG13_err,ddG12_err,ddG21_err,ddG13_err,ddG31_err,ddG23_err,ddG32_err,R1_err,R1b_err,R1c_err,R2_err,R2b_err,R2c_err
A21_C1p_Off,1,0.20877134650492596,150.88,avg,298.15,0.998,0.002,0.0,2.977849180634646,0.0,1493.7877727736593,0.0,0.0,2.98757554555,1490.80019723,0.0,0.0,0.0,0.0,0.334719569348,0.000670780700096,0.0,3.68087436261,0.0,16.8047112857,13.1238369231,0.0,0.0,0.0,0.0,2.2163759502236378,2.2163759502236378,2.2163759502236378,13.341789029642603,13.341789029642603,13.341789029642603,0.002,0.002,0.0,0.13911883496977873,0.0,203.20889907062954,0.0,0.0,3.0091779677,202.824397908,0.0,0.0,0.0,0.0,0.337139844025,9.12601781771e-05,0.0,0.602188272465,0.0,0.59676886003,0.0806079598645,0.0,0.0,0.0,0.0,0.057647180487969324,0.057647180487969324,0.057647180487969324,0.11581608481123787,0.11581608481123787,0.11581608481123787
