Name,FitNum,N,DF,K,ChiSq,RedChiSq,Rsq,AdjRsq,AIC,BIC,RSS,TSS,SDR
A16_C8_Off,1,95,91,4,90.8676818636344,0.998545954545433,0.9931116947002127,0.9928055477979999,4.219558019064837,13.990621141022554,90.86768186363439,13191.587467303481,0.9992727127993803
