Name,FitNum,RedChiSq,lf,AlignMag,Temp,pA,pB,pC,dwB,dwC,kexAB,kexAC,kexBC,k12,k21,k13,k31,k23,k32,tau1,tau2,tau3,dG12,dG13,ddG12,ddG21,ddG13,ddG31,ddG23,ddG32,R1,R1b,R1c,R2,R2b,R2c,pA_err,pB_err,pC_err,dwB_err,dwC_err,kexAB_err,kexAC_err,kexBC_err,k12_err,k21_err,k13_err,k31_err,k23_err,k32_err,tau1_err,tau2_err,tau3_err,dG12_err,dG13_err,ddG12_err,ddG21_err,ddG13_err,ddG31_err,ddG23_err,ddG32_err,R1_err,R1b_err,R1c_err,R2_err,R2b_err,R2c_err
G_C1p_Off,1,0.2184451371437154,150.88,auto,298.15,0.9993,0.0007,0.0,4.064914451976582,0.0,2182.6986106450595,0.0,0.0,1.52788902745,2181.17072162,0.0,0.0,0.0,0.0,0.654497795346,0.000458469385312,0.0,4.30364923193,0.0,17.2020168304,12.8983675985,0.0,0.0,0.0,0.0,2.157878148510537,2.157878148510537,2.157878148510537,13.930566119647562,13.930566119647562,13.930566119647562,0.0007,0.0007,0.0,0.2705545513903238,0.0,312.1263652322639,0.0,0.0,1.54237354438,311.911613721,0.0,0.0,0.0,0.0,0.660702489681,6.55620050265e-05,0.0,0.604072878315,0.0,0.598101554315,0.0847264601074,0.0,0.0,0.0,0.0,0.03245592935379977,0.03245592935379977,0.03245592935379977,0.07490198838504868,0.07490198838504868,0.07490198838504868
