Name,FitNum,RedChiSq,lf,AlignMag,Temp,pA,pB,pC,dwB,dwC,kexAB,kexAC,kexBC,k12,k21,k13,k31,k23,k32,tau1,tau2,tau3,dG12,dG13,ddG12,ddG21,ddG13,ddG31,ddG23,ddG32,R1,R1b,R1c,R2,R2b,R2c,pA_err,pB_err,pC_err,dwB_err,dwC_err,kexAB_err,kexAC_err,kexBC_err,k12_err,k21_err,k13_err,k31_err,k23_err,k32_err,tau1_err,tau2_err,tau3_err,dG12_err,dG13_err,ddG12_err,ddG21_err,ddG13_err,ddG31_err,ddG23_err,ddG32_err,R1_err,R1b_err,R1c_err,R2_err,R2b_err,R2c_err
G_C8_Off,1,0.4099605837978757,150.88,auto,298.15,0.965,0.035,0.0,0.3621161424283411,0.0,3877.302339437028,0.0,0.0,135.70558188,3741.59675756,0.0,0.0,0.0,0.0,0.00736889364567,0.000267265572641,0.0,1.96514158904,0.0,14.5437743781,12.578632789,0.0,0.0,0.0,0.0,2.5582927887652436,2.5582927887652436,2.5582927887652436,20.206077044127763,20.206077044127763,20.206077044127763,0.035,0.035,0.0,0.05228356463418852,0.0,820.2984462100089,0.0,0.0,134.150264653,802.361244391,0.0,0.0,0.0,0.0,0.00728443899704,5.7313374835e-05,0.0,0.599316832892,0.0,0.585694300599,0.127054525436,0.0,0.0,0.0,0.0,0.04473044500391063,0.04473044500391063,0.04473044500391063,0.1353828160966791,0.1353828160966791,0.1353828160966791
