Name,FitNum,N,DF,K,ChiSq,RedChiSq,Rsq,AdjRsq,AIC,BIC,RSS,TSS,SDR
G_C8_Off,1,199,192,7,78.71243208919213,0.4099605837978757,0.9800451376970987,0.9793138076650552,-169.986851587827,-147.52010524931055,78.71243208919213,3944.5239408015236,0.6402816441206758
