Name,FitNum,RedChiSq,lf,AlignMag,Temp,pA,pB,pC,dwB,dwC,kexAB,kexAC,kexBC,k12,k21,k13,k31,k23,k32,tau1,tau2,tau3,dG12,dG13,ddG12,ddG21,ddG13,ddG31,ddG23,ddG32,R1,R1b,R1c,R2,R2b,R2c,pA_err,pB_err,pC_err,dwB_err,dwC_err,kexAB_err,kexAC_err,kexBC_err,k12_err,k21_err,k13_err,k31_err,k23_err,k32_err,tau1_err,tau2_err,tau3_err,dG12_err,dG13_err,ddG12_err,ddG21_err,ddG13_err,ddG31_err,ddG23_err,ddG32_err,R1_err,R1b_err,R1c_err,R2_err,R2b_err,R2c_err
A16_C8_Off,1,0.2233178566250783,170.4,auto,298.15,0.998,0.002,0.0,3.408828166812296,0.0,3145.954756124731,0.0,0.0,6.29190951225,3139.66284661,0.0,0.0,0.0,0.0,0.158934262811,0.000318505536694,0.0,3.68087436261,0.0,16.3634272231,12.6825528605,0.0,0.0,0.0,0.0,1.6277381517692548,1.6277381517692548,1.6277381517692548,23.734307337400608,23.734307337400608,23.734307337400608,0.002,0.002,0.0,0.1402953313941933,0.0,431.9610312648123,0.0,0.0,6.33848963431,431.142839036,0.0,0.0,0.0,0.0,0.160110881347,4.37376202631e-05,0.0,0.60239073409,0.0,0.596871018573,0.0813608241404,0.0,0.0,0.0,0.0,0.08375925970229169,0.08375925970229169,0.08375925970229169,0.21150002691948167,0.21150002691948167,0.21150002691948167
