Name,FitNum,RedChiSq,lf,AlignMag,Temp,pA,pB,pC,dwB,dwC,kexAB,kexAC,kexBC,k12,k21,k13,k31,k23,k32,tau1,tau2,tau3,dG12,dG13,ddG12,ddG21,ddG13,ddG31,ddG23,ddG32,R1,R1b,R1c,R2,R2b,R2c,pA_err,pB_err,pC_err,dwB_err,dwC_err,kexAB_err,kexAC_err,kexBC_err,k12_err,k21_err,k13_err,k31_err,k23_err,k32_err,tau1_err,tau2_err,tau3_err,dG12_err,dG13_err,ddG12_err,ddG21_err,ddG13_err,ddG31_err,ddG23_err,ddG32_err,R1_err,R1b_err,R1c_err,R2_err,R2b_err,R2c_err
c15_c6,1,0.4177735408262135,176.002098,auto,298.15,0.9935,0.0065,0.0,2.283501457222833,0.0,4953.524139462133,0.0,0.0,32.1979069065,4921.32623256,0.0,0.0,0.0,0.0,0.0310579194761,0.000203197258776,0.0,2.97986168751,0.0,15.3961147926,12.4162531051,0.0,0.0,0.0,0.0,1.8971131522544886,1.8971131522544886,1.8971131522544886,29.660975338374218,29.660975338374218,29.660975338374218,0.0065,0.0065,0.0,0.140222523069347,0.0,518.3315277563943,0.0,0.0,32.1662377032,515.954999074,0.0,0.0,0.0,0.0,0.0310273715411,2.13033309538e-05,0.0,0.595152439755,0.0,0.591901993,0.0621164811315,0.0,0.0,0.0,0.0,0.05491334391813803,0.05491334391813803,0.05491334391813803,0.35430103622232534,0.35430103622232534,0.35430103622232534
