Name,FitNum,RedChiSq,lf,AlignMag,Temp,pA,pB,pC,dwB,dwC,kexAB,kexAC,kexBC,k12,k21,k13,k31,k23,k32,tau1,tau2,tau3,dG12,dG13,ddG12,ddG21,ddG13,ddG31,ddG23,ddG32,R1,R1b,R1c,R2,R2b,R2c,pA_err,pB_err,pC_err,dwB_err,dwC_err,kexAB_err,kexAC_err,kexBC_err,k12_err,k21_err,k13_err,k31_err,k23_err,k32_err,tau1_err,tau2_err,tau3_err,dG12_err,dG13_err,ddG12_err,ddG21_err,ddG13_err,ddG31_err,ddG23_err,ddG32_err,R1_err,R1b_err,R1c_err,R2_err,R2b_err,R2c_err
A16_C8_Off,1,0.273673763235824,150.7,auto,298.15,0.9965,0.0035,0.0,3.3900611648481456,0.0,268.2087012034038,0.0,0.0,0.938730454212,267.269970749,0.0,0.0,0.0,0.0,1.06526851826,0.00374153518705,0.0,3.34841936499,0.0,17.4906244223,14.1422050573,0.0,0.0,0.0,0.0,1.9643645770686753,1.9643645770686753,1.9643645770686753,22.777849140854762,22.777849140854762,22.777849140854762,0.0035,0.0035,0.0,0.23270385621010323,0.0,28.697688542906672,0.0,0.0,0.940827576463,28.6125424061,0.0,0.0,0.0,0.0,1.06764832633,0.000400549429116,0.0,0.597186338946,0.0,0.593808358823,0.0634283565608,0.0,0.0,0.0,0.0,0.0638690341428235,0.0638690341428235,0.0638690341428235,0.08816776232435669,0.08816776232435669,0.08816776232435669
