Name,FitNum,RedChiSq,lf,AlignMag,Temp,pA,pB,pC,dwB,dwC,kexAB,kexAC,kexBC,k12,k21,k13,k31,k23,k32,tau1,tau2,tau3,dG12,dG13,ddG12,ddG21,ddG13,ddG31,ddG23,ddG32,R1,R1b,R1c,R2,R2b,R2c,pA_err,pB_err,pC_err,dwB_err,dwC_err,kexAB_err,kexAC_err,kexBC_err,k12_err,k21_err,k13_err,k31_err,k23_err,k32_err,tau1_err,tau2_err,tau3_err,dG12_err,dG13_err,ddG12_err,ddG21_err,ddG13_err,ddG31_err,ddG23_err,ddG32_err,R1_err,R1b_err,R1c_err,R2_err,R2b_err,R2c_err
A21_C1p_Off,1,0.2268378740383376,150.88,avg,298.15,0.9985,0.0015,0.0,3.4047246413303243,0.0,1677.3130703424122,0.0,0.0,2.51596960551,1674.79710074,0.0,0.0,0.0,0.0,0.39746108133,0.000597087252874,0.0,3.85161836479,0.0,16.9065025035,13.0548841387,0.0,0.0,0.0,0.0,2.255762194400552,2.255762194400552,2.255762194400552,13.367074405846985,13.367074405846985,13.367074405846985,0.0015,0.0015,0.0,0.20969995107949407,0.0,300.5636869087415,0.0,0.0,2.55233283966,300.123355808,0.0,0.0,0.0,0.0,0.403205574559,0.000106997934236,0.0,0.610353451255,0.0,0.601047913411,0.106173166305,0.0,0.0,0.0,0.0,0.060141650136620144,0.060141650136620144,0.060141650136620144,0.12983866670848307,0.12983866670848307,0.12983866670848307
