Name,FitNum,RedChiSq,lf,AlignMag,Temp,pA,pB,pC,dwB,dwC,kexAB,kexAC,kexBC,k12,k21,k13,k31,k23,k32,tau1,tau2,tau3,dG12,dG13,ddG12,ddG21,ddG13,ddG31,ddG23,ddG32,R1,R1b,R1c,R2,R2b,R2c,pA_err,pB_err,pC_err,dwB_err,dwC_err,kexAB_err,kexAC_err,kexBC_err,k12_err,k21_err,k13_err,k31_err,k23_err,k32_err,tau1_err,tau2_err,tau3_err,dG12_err,dG13_err,ddG12_err,ddG21_err,ddG13_err,ddG31_err,ddG23_err,ddG32_err,R1_err,R1b_err,R1c_err,R2_err,R2b_err,R2c_err
A16_C8_Off,1,0.2713636021390966,150.7,auto,298.15,0.998,0.002,0.0,3.276853447281221,0.0,539.0520501585421,0.0,0.0,1.07810410032,537.973946058,0.0,0.0,0.0,0.0,0.92755421272,0.0018588260776,0.0,3.68087436261,0.0,17.4086062057,13.727731843,0.0,0.0,0.0,0.0,1.9688690151317687,1.9688690151317687,1.9688690151317687,22.738726599488782,22.738726599488782,22.738726599488782,0.002,0.002,0.0,0.23346033175101208,0.0,62.993096125246154,0.0,0.0,1.08330099069,62.8763165257,0.0,0.0,0.0,0.0,0.932025392779,0.000217252410972,0.0,0.599354497887,0.0,0.595340760928,0.0692473285761,0.0,0.0,0.0,0.0,0.06291606909019341,0.06291606909019341,0.06291606909019341,0.0926853420377967,0.0926853420377967,0.0926853420377967
