Name,FitNum,N,DF,K,ChiSq,RedChiSq,Rsq,AdjRsq,AIC,BIC,RSS,TSS,SDR
A16_C8_Off,1,111,107,4,29.03590542888334,0.2713636021390966,0.9945696406016619,0.994364721379083,-140.47331061008933,-130.01254829540602,29.035905428883336,5346.958331665673,0.5209257165269311
