Name,FitNum,RedChiSq,lf,AlignMag,Temp,pA,pB,pC,dwB,dwC,kexAB,kexAC,kexBC,k12,k21,k13,k31,k23,k32,tau1,tau2,tau3,dG12,dG13,ddG12,ddG21,ddG13,ddG31,ddG23,ddG32,R1,R1b,R1c,R2,R2b,R2c,pA_err,pB_err,pC_err,dwB_err,dwC_err,kexAB_err,kexAC_err,kexBC_err,k12_err,k21_err,k13_err,k31_err,k23_err,k32_err,tau1_err,tau2_err,tau3_err,dG12_err,dG13_err,ddG12_err,ddG21_err,ddG13_err,ddG31_err,ddG23_err,ddG32_err,R1_err,R1b_err,R1c_err,R2_err,R2b_err,R2c_err
gc8,1,0.4224447224310034,176.04,auto,298.15,0.991,0.009,0.0,2.9246695711914263,0.0,676.9067950298106,0.0,0.0,6.09216115527,670.814633875,0.0,0.0,0.0,0.0,0.164145362296,0.00149072478372,0.0,2.78556109659,0.0,16.3825417974,13.5969807008,0.0,0.0,0.0,0.0,0.7147798572651732,0.7147798572651732,0.7147798572651732,30.655125500914142,30.655125500914142,30.655125500914142,0.009,0.009,0.0,0.11275895783026946,0.0,23.97272123876917,0.0,0.0,6.04143446408,24.5121571762,0.0,0.0,0.0,0.0,0.162778597549,5.44723957407e-05,0.0,0.587950133764,0.0,0.587551394353,0.0216499142326,0.0,0.0,0.0,0.0,0.17857694822059028,0.17857694822059028,0.17857694822059028,0.20588637502802393,0.20588637502802393,0.20588637502802393
