Name,FitNum,N,DF,K,ChiSq,RedChiSq,Rsq,AdjRsq,AIC,BIC,RSS,TSS,SDR
gc8,1,196,189,7,79.84205253945964,0.4224447224310034,0.9926156878247719,0.9923407400310134,-161.42486192119475,-139.0738039874322,79.84205253945966,10812.388567117056,0.6499574774021786
