Name,FitNum,N,DF,K,ChiSq,RedChiSq,Rsq,AdjRsq,AIC,BIC,RSS,TSS,SDR
gc1p,1,196,189,7,79.84205253945964,0.4224447224310034,0.9873307906393821,0.9868590647589336,-161.42486192119475,-139.0738039874322,79.84205253945966,6302.054869157659,0.6499574774021786
