Name,FitNum,RedChiSq,lf,AlignMag,Temp,pA,pB,pC,dwB,dwC,kexAB,kexAC,kexBC,k12,k21,k13,k31,k23,k32,tau1,tau2,tau3,dG12,dG13,ddG12,ddG21,ddG13,ddG31,ddG23,ddG32,R1,R1b,R1c,R2,R2b,R2c,pA_err,pB_err,pC_err,dwB_err,dwC_err,kexAB_err,kexAC_err,kexBC_err,k12_err,k21_err,k13_err,k31_err,k23_err,k32_err,tau1_err,tau2_err,tau3_err,dG12_err,dG13_err,ddG12_err,ddG21_err,ddG13_err,ddG31_err,ddG23_err,ddG32_err,R1_err,R1b_err,R1c_err,R2_err,R2b_err,R2c_err
g10c1p,1,0.9039657451819395,176.04,gs,298.15,0.989856606067,0.010143393932847185,0.0,3.8749705679969377,0.0,2339.617262411935,0.0,0.0,23.7316595447,2315.88560287,0.0,0.0,0.0,0.0,0.0421378032208,0.000431800257647,0.0,2.71401707232,0.0,15.5768768208,12.8628597485,0.0,0.0,0.0,0.0,1.186073958434646,1.186073958434646,1.186073958434646,15.777083314676226,15.777083314676226,15.777083314676226,0.000236981234272,0.00023698123427210195,0.0,0.06847532779530165,0.0,134.06367411993284,0.0,0.0,1.46644386201,132.704948452,0.0,0.0,0.0,0.0,0.0026038095977,2.47430317205e-05,0.0,0.0499302029732,0.0,0.036611245906,0.0339505794083,0.0,0.0,0.0,0.0,0.19431305654545825,0.19431305654545825,0.19431305654545825,0.38875299114633655,0.38875299114633655,0.38875299114633655
