Name,FitNum,N,DF,K,ChiSq,RedChiSq,Rsq,AdjRsq,AIC,BIC,RSS,TSS,SDR
A16_C8_Off,1,111,107,4,31.767010070524314,0.29688794458433937,0.9940588633574355,0.993834669521867,-130.4949489888389,-120.03418667415559,31.76701007052431,5346.958331665673,0.5448742465783636
