Name,FitNum,RedChiSq,lf,AlignMag,Temp,pA,pB,pC,dwB,dwC,kexAB,kexAC,kexBC,k12,k21,k13,k31,k23,k32,tau1,tau2,tau3,dG12,dG13,ddG12,ddG21,ddG13,ddG31,ddG23,ddG32,R1,R1b,R1c,R2,R2b,R2c,pA_err,pB_err,pC_err,dwB_err,dwC_err,kexAB_err,kexAC_err,kexBC_err,k12_err,k21_err,k13_err,k31_err,k23_err,k32_err,tau1_err,tau2_err,tau3_err,dG12_err,dG13_err,ddG12_err,ddG21_err,ddG13_err,ddG31_err,ddG23_err,ddG32_err,R1_err,R1b_err,R1c_err,R2_err,R2b_err,R2c_err
A16_C8_Off,1,0.29688794458433937,150.7,auto,298.15,0.9995,0.0005,0.0,4.733776250822714,0.0,3228.005535334181,0.0,0.0,1.61400276767,3226.39153257,0.0,0.0,0.0,0.0,0.619577624049,0.000309943783917,0.0,4.50312246865,0.0,17.1695307598,12.6664082911,0.0,0.0,0.0,0.0,2.111812223680927,2.111812223680927,2.111812223680927,22.52448842749558,22.52448842749558,22.52448842749558,0.0005,0.0005,0.0,0.609785481802456,0.0,1466.3227289101067,0.0,0.0,1.77198386503,1465.59045538,0.0,0.0,0.0,0.0,0.680222844064,0.000140792165745,0.0,0.703957547028,0.0,0.650478076214,0.269136583137,0.0,0.0,0.0,0.0,0.07564180609514501,0.07564180609514501,0.07564180609514501,0.21047160314618277,0.21047160314618277,0.21047160314618277
