Name,FitNum,RedChiSq,lf,AlignMag,Temp,pA,pB,pC,dwB,dwC,kexAB,kexAC,kexBC,k12,k21,k13,k31,k23,k32,tau1,tau2,tau3,dG12,dG13,ddG12,ddG21,ddG13,ddG31,ddG23,ddG32,R1,R1b,R1c,R2,R2b,R2c,pA_err,pB_err,pC_err,dwB_err,dwC_err,kexAB_err,kexAC_err,kexBC_err,k12_err,k21_err,k13_err,k31_err,k23_err,k32_err,tau1_err,tau2_err,tau3_err,dG12_err,dG13_err,ddG12_err,ddG21_err,ddG13_err,ddG31_err,ddG23_err,ddG32_err,R1_err,R1b_err,R1c_err,R2_err,R2b_err,R2c_err
A16_C8_Off,1,0.26591611252840364,150.7,auto,298.15,0.996,0.004,0.0,3.245516873626931,0.0,2839.7863490287336,0.0,0.0,11.3591453961,2828.42720363,0.0,0.0,0.0,0.0,0.0880347918024,0.000353553380732,0.0,3.26900669389,0.0,16.0134117756,12.7444050817,0.0,0.0,0.0,0.0,2.8353331447815737,2.8353331447815737,2.8353331447815737,25.060314500550568,25.060314500550568,25.060314500550568,0.004,0.004,0.0,0.08270179967017867,0.0,239.80929548338113,0.0,0.0,11.3543915554,239.117863035,0.0,0.0,0.0,0.0,0.0879979489449,2.9889731212e-05,0.0,0.594351198274,0.0,0.592236792027,0.0500892110124,0.0,0.0,0.0,0.0,0.07585192959005566,0.07585192959005566,0.07585192959005566,0.20789715373270107,0.20789715373270107,0.20789715373270107
