Name,FitNum,RedChiSq,lf,AlignMag,Temp,pA,pB,pC,dwB,dwC,kexAB,kexAC,kexBC,k12,k21,k13,k31,k23,k32,tau1,tau2,tau3,dG12,dG13,ddG12,ddG21,ddG13,ddG31,ddG23,ddG32,R1,R1b,R1c,R2,R2b,R2c,pA_err,pB_err,pC_err,dwB_err,dwC_err,kexAB_err,kexAC_err,kexBC_err,k12_err,k21_err,k13_err,k31_err,k23_err,k32_err,tau1_err,tau2_err,tau3_err,dG12_err,dG13_err,ddG12_err,ddG21_err,ddG13_err,ddG31_err,ddG23_err,ddG32_err,R1_err,R1b_err,R1c_err,R2_err,R2b_err,R2c_err
hpGBCm6A_m6A_C2_65C,1,19.039458791632452,150.88,auto,298.15,0.9925,0.0075,0.0,3.6339572369289894,0.0,2134.631597130418,0.0,0.0,16.0097369785,2118.62186015,0.0,0.0,0.0,0.0,0.0624619880604,0.00047200494756,0.0,2.89447995867,0.0,15.8100864635,12.9156065048,0.0,0.0,0.0,0.0,5.202562800766391,5.202562800766391,5.202562800766391,11.696202511700278,11.696202511700278,11.696202511700278,0.0075,0.0075,0.0,0.19419443314578808,0.0,303.49388354398644,0.0,0.0,16.0523189365,301.636513426,0.0,0.0,0.0,0.0,0.0626281215675,6.72011978067e-05,0.0,0.600019726924,0.0,0.594060612427,0.0843543802108,0.0,0.0,0.0,0.0,0.28615991096159976,0.28615991096159976,0.28615991096159976,0.6250128681355045,0.6250128681355045,0.6250128681355045
