Name,FitNum,RedChiSq,lf,AlignMag,Temp,pA,pB,pC,dwB,dwC,kexAB,kexAC,kexBC,k12,k21,k13,k31,k23,k32,tau1,tau2,tau3,dG12,dG13,ddG12,ddG21,ddG13,ddG31,ddG23,ddG32,R1,R1b,R1c,R2,R2b,R2c,pA_err,pB_err,pC_err,dwB_err,dwC_err,kexAB_err,kexAC_err,kexBC_err,k12_err,k21_err,k13_err,k31_err,k23_err,k32_err,tau1_err,tau2_err,tau3_err,dG12_err,dG13_err,ddG12_err,ddG21_err,ddG13_err,ddG31_err,ddG23_err,ddG32_err,R1_err,R1b_err,R1c_err,R2_err,R2b_err,R2c_err
A21_C1p_Off,1,0.22811646982626757,150.7,avg,298.15,0.99,0.01,0.0,2.64840652532939,0.0,164.751864609743,0.0,0.0,1.6475186461,163.104345964,0.0,0.0,0.0,0.0,0.606973403529,0.0061310444801,0.0,2.72253843054,0.0,17.1573534086,14.434814978,0.0,0.0,0.0,0.0,1.6549560111508173,1.6549560111508173,1.6549560111508173,14.640869846902286,14.640869846902286,14.640869846902286,0.01,0.01,0.0,0.15727874328340688,0.0,16.152875258422362,0.0,0.0,1.63910516347,16.0743191852,0.0,0.0,0.0,0.0,0.603873735917,0.000604228939025,0.0,0.592344054817,0.0,0.589459071366,0.0583907737702,0.0,0.0,0.0,0.0,0.06951626340567792,0.06951626340567792,0.06951626340567792,0.08160774851584866,0.08160774851584866,0.08160774851584866
