Name,FitNum,RedChiSq,lf,AlignMag,Temp,pA,pB,pC,dwB,dwC,kexAB,kexAC,kexBC,k12,k21,k13,k31,k23,k32,tau1,tau2,tau3,dG12,dG13,ddG12,ddG21,ddG13,ddG31,ddG23,ddG32,R1,R1b,R1c,R2,R2b,R2c,pA_err,pB_err,pC_err,dwB_err,dwC_err,kexAB_err,kexAC_err,kexBC_err,k12_err,k21_err,k13_err,k31_err,k23_err,k32_err,tau1_err,tau2_err,tau3_err,dG12_err,dG13_err,ddG12_err,ddG21_err,ddG13_err,ddG31_err,ddG23_err,ddG32_err,R1_err,R1b_err,R1c_err,R2_err,R2b_err,R2c_err
T8_N3_Off,1,1.457620256579896,176.04,auto,298.15,0.9,0.1,0.0,-1.5697665863639287,0.0,10.000000000000002,0.0,0.0,1.0,9.0,0.0,0.0,0.0,0.0,1.0,0.111111111111,0.0,1.30182205197,0.0,17.4531634499,16.151341398,0.0,0.0,0.0,0.0,1.2000006909590157,1.2000006909590157,1.2000006909590157,7.924695099358262,7.924695099358262,7.924695099358262,0.1,0.1,0.0,0.007056386967691998,0.0,1.516229614916462,0.0,0.0,0.918144608682,1.63772748605,0.0,0.0,0.0,0.0,0.918144608682,0.0202188578525,0.0,0.554567782735,0.0,0.543986677923,0.107814284259,0.0,0.0,0.0,0.0,0.09018068338967568,0.09018068338967568,0.09018068338967568,0.10524056889604859,0.10524056889604859,0.10524056889604859
