Name,FitNum,RedChiSq,lf,AlignMag,Temp,pA,pB,pC,dwB,dwC,kexAB,kexAC,kexBC,k12,k21,k13,k31,k23,k32,tau1,tau2,tau3,dG12,dG13,ddG12,ddG21,ddG13,ddG31,ddG23,ddG32,R1,R1b,R1c,R2,R2b,R2c,pA_err,pB_err,pC_err,dwB_err,dwC_err,kexAB_err,kexAC_err,kexBC_err,k12_err,k21_err,k13_err,k31_err,k23_err,k32_err,tau1_err,tau2_err,tau3_err,dG12_err,dG13_err,ddG12_err,ddG21_err,ddG13_err,ddG31_err,ddG23_err,ddG32_err,R1_err,R1b_err,R1c_err,R2_err,R2b_err,R2c_err
ac1p,1,0.37922358523837707,176.04,auto,298.15,0.997,0.003,0.0,4.295512378386799,0.0,3070.3552790392455,0.0,0.0,9.21106583712,3061.1442132,0.0,0.0,0.0,0.0,0.108565069199,0.000326675233296,0.0,3.44004850013,0.0,16.1376070136,12.6975585134,0.0,0.0,0.0,0.0,1.3960587125271162,1.3960587125271162,1.3960587125271162,19.110414114952164,19.110414114952164,19.110414114952164,0.003,0.003,0.0,0.14722376683935595,0.0,330.1732890279207,0.0,0.0,9.23673796569,329.310843598,0.0,0.0,0.0,0.0,0.108867650514,3.51429691536e-05,0.0,0.597545153166,0.0,0.594136061013,0.0637381445916,0.0,0.0,0.0,0.0,0.13297629643619605,0.13297629643619605,0.13297629643619605,0.3102248596288389,0.3102248596288389,0.3102248596288389
