Name,FitNum,N,DF,K,ChiSq,RedChiSq,Rsq,AdjRsq,AIC,BIC,RSS,TSS,SDR
G_C8_Off,1,98,95,3,17.2007991268388,0.1810610434404084,0.9987017552860299,0.9986603219440947,-164.2658210877,-156.76623780062445,17.2007991268388,13249.273377927046,0.42551268305469864
