Name,FitNum,RedChiSq,lf,AlignMag,Temp,pA,pB,pC,dwB,dwC,kexAB,kexAC,kexBC,k12,k21,k13,k31,k23,k32,tau1,tau2,tau3,dG12,dG13,ddG12,ddG21,ddG13,ddG31,ddG23,ddG32,R1,R1b,R1c,R2,R2b,R2c,pA_err,pB_err,pC_err,dwB_err,dwC_err,kexAB_err,kexAC_err,kexBC_err,k12_err,k21_err,k13_err,k31_err,k23_err,k32_err,tau1_err,tau2_err,tau3_err,dG12_err,dG13_err,ddG12_err,ddG21_err,ddG13_err,ddG31_err,ddG23_err,ddG32_err,R1_err,R1b_err,R1c_err,R2_err,R2b_err,R2c_err
G_C8_Off,1,0.1810610434404084,150.88,auto,298.15,0.9999,0.0001,0.0,4.27,0.0,10924.15163400064,0.0,0.0,1.0924151634,10923.0592188,0.0,0.0,0.0,0.0,0.915402892145,9.1549444159e-05,0.0,5.45692695108,0.0,17.4007931356,11.9438661846,0.0,0.0,0.0,0.0,0.9784830826014443,0.9784830826014443,0.9784830826014443,32.187169973534914,32.187169973534914,32.187169973534914,0.0001,0.0001,0.0,4.27,0.0,37353.73751090566,0.0,0.0,3.89180540357,37350.0021531,0.0,0.0,0.0,0.0,3.26118681016,0.000313041600155,0.0,2.92569958214,0.0,2.11076834571,2.02592572314,0.0,0.0,0.0,0.0,0.09595640533540498,0.09595640533540498,0.09595640533540498,0.27433986434991525,0.27433986434991525,0.27433986434991525
