Name,FitNum,N,DF,K,ChiSq,RedChiSq,Rsq,AdjRsq,AIC,BIC,RSS,TSS,SDR
A16_C8_Off,1,106,102,4,144.72713320530863,1.4188934627971435,0.9826717092043148,0.9819854402619114,41.40560936269434,51.66332613518222,144.7271332053086,8352.072048637714,1.191173145599389
