Name,FitNum,RedChiSq,lf,AlignMag,Temp,pA,pB,pC,dwB,dwC,kexAB,kexAC,kexBC,k12,k21,k13,k31,k23,k32,tau1,tau2,tau3,dG12,dG13,ddG12,ddG21,ddG13,ddG31,ddG23,ddG32,R1,R1b,R1c,R2,R2b,R2c,pA_err,pB_err,pC_err,dwB_err,dwC_err,kexAB_err,kexAC_err,kexBC_err,k12_err,k21_err,k13_err,k31_err,k23_err,k32_err,tau1_err,tau2_err,tau3_err,dG12_err,dG13_err,ddG12_err,ddG21_err,ddG13_err,ddG31_err,ddG23_err,ddG32_err,R1_err,R1b_err,R1c_err,R2_err,R2b_err,R2c_err
A16_C8_Off,1,1.4188934627971435,150.7,auto,298.15,0.999,0.001,0.0,5.60135205906368,0.0,3524.5753749885475,0.0,0.0,3.52457537499,3521.05079961,0.0,0.0,0.0,0.0,0.283722120712,0.000284006126839,0.0,4.0921468707,0.0,16.7067748816,12.6146280109,0.0,0.0,0.0,0.0,2.9091793856831276,2.9091793856831276,2.9091793856831276,26.802710491107174,26.802710491107174,26.802710491107174,0.001,0.001,0.0,0.8587730895371484,0.0,1970.4093961431277,0.0,0.0,4.03488839307,1968.44213589,0.0,0.0,0.0,0.0,0.324801421425,0.000158773519252,0.0,0.754825098223,0.0,0.678268892572,0.331228377825,0.0,0.0,0.0,0.0,0.20302982694497562,0.20302982694497562,0.20302982694497562,0.6187207059026304,0.6187207059026304,0.6187207059026304
