Name,FitNum,RedChiSq,lf,AlignMag,Temp,pA,pB,pC,dwB,dwC,kexAB,kexAC,kexBC,k12,k21,k13,k31,k23,k32,tau1,tau2,tau3,dG12,dG13,ddG12,ddG21,ddG13,ddG31,ddG23,ddG32,R1,R1b,R1c,R2,R2b,R2c,pA_err,pB_err,pC_err,dwB_err,dwC_err,kexAB_err,kexAC_err,kexBC_err,k12_err,k21_err,k13_err,k31_err,k23_err,k32_err,tau1_err,tau2_err,tau3_err,dG12_err,dG13_err,ddG12_err,ddG21_err,ddG13_err,ddG31_err,ddG23_err,ddG32_err,R1_err,R1b_err,R1c_err,R2_err,R2b_err,R2c_err
ra16_c8_15c,1,1.658149326122829,150.784186,auto,298.15,0.9995,0.0005,0.0,7.151996356647082,0.0,5092.636021638781,0.0,0.0,2.54631801082,5090.08970363,0.0,0.0,0.0,0.0,0.392723923623,0.000196460191907,0.0,4.50312246865,0.0,16.8993985283,12.3962760597,0.0,0.0,0.0,0.0,1.8049851965592139,1.8049851965592139,1.8049851965592139,34.67572555738689,34.67572555738689,34.67572555738689,0.0005,0.0005,0.0,1.1395048706604076,0.0,2171.134160130362,0.0,0.0,2.76689551736,2170.05008547,0.0,0.0,0.0,0.0,0.426744051299,8.37565703285e-05,0.0,0.691587871508,0.0,0.643809370571,0.252593108342,0.0,0.0,0.0,0.0,0.08170561334620269,0.08170561334620269,0.08170561334620269,0.3401132036425871,0.3401132036425871,0.3401132036425871
