Name,FitNum,RedChiSq,lf,AlignMag,Temp,pA,pB,pC,dwB,dwC,kexAB,kexAC,kexBC,k12,k21,k13,k31,k23,k32,tau1,tau2,tau3,dG12,dG13,ddG12,ddG21,ddG13,ddG31,ddG23,ddG32,R1,R1b,R1c,R2,R2b,R2c,pA_err,pB_err,pC_err,dwB_err,dwC_err,kexAB_err,kexAC_err,kexBC_err,k12_err,k21_err,k13_err,k31_err,k23_err,k32_err,tau1_err,tau2_err,tau3_err,dG12_err,dG13_err,ddG12_err,ddG21_err,ddG13_err,ddG31_err,ddG23_err,ddG32_err,R1_err,R1b_err,R1c_err,R2_err,R2b_err,R2c_err
hpGBCm6A_m6A_C2_65C,1,1.2457030403463902,150.88,auto,298.15,0.987,0.013,0.0,2.760424771753466,0.0,1393.143518489362,0.0,0.0,18.1108657404,1375.03265275,0.0,0.0,0.0,0.0,0.0552154719899,0.000727255456807,0.0,2.56529347104,0.0,15.7370242203,13.1717307493,0.0,0.0,0.0,0.0,4.950499760092332,4.950499760092332,4.950499760092332,11.71803896473822,11.71803896473822,11.71803896473822,0.013,0.013,0.0,0.029129351583186316,0.0,35.43350253980662,0.0,0.0,17.8829085505,39.2770627696,0.0,0.0,0.0,0.0,0.054520487884,2.0773658116e-05,0.0,0.58527202578,0.0,0.585027283284,0.0169240058596,0.0,0.0,0.0,0.0,0.07183169688273315,0.07183169688273315,0.07183169688273315,0.12087018178000161,0.12087018178000161,0.12087018178000161
