Name,FitNum,N,DF,K,ChiSq,RedChiSq,Rsq,AdjRsq,AIC,BIC,RSS,TSS,SDR
G_C8_Off_clean,1,253,248,5,68.41749232659038,0.2758769851878644,0.9802676749656442,0.9798682351876207,-320.86352313931684,-303.19657569567926,68.4174923265904,3467.2798166191255,0.5252399310675689
