Name,FitNum,RedChiSq,lf,AlignMag,Temp,pA,pB,pC,dwB,dwC,kexAB,kexAC,kexBC,k12,k21,k13,k31,k23,k32,tau1,tau2,tau3,dG12,dG13,ddG12,ddG21,ddG13,ddG31,ddG23,ddG32,R1,R1b,R1c,R2,R2b,R2c,pA_err,pB_err,pC_err,dwB_err,dwC_err,kexAB_err,kexAC_err,kexBC_err,k12_err,k21_err,k13_err,k31_err,k23_err,k32_err,tau1_err,tau2_err,tau3_err,dG12_err,dG13_err,ddG12_err,ddG21_err,ddG13_err,ddG31_err,ddG23_err,ddG32_err,R1_err,R1b_err,R1c_err,R2_err,R2b_err,R2c_err
G_C8_Off_clean,1,0.2758769851878644,150.88,avg,298.15,0.995,0.005,0.0,4.27,0.0,21756.694937204164,0.0,0.0,108.783474686,21647.9114625,0.0,0.0,0.0,0.0,0.00919257270359,4.61938326813e-05,0.0,3.13620237989,0.0,14.6747895021,11.5385871223,0.0,0.0,0.0,0.0,2.7191245488835767,2.7191245488835767,2.7191245488835767,13.587191723818728,13.587191723818728,13.587191723818728,0.005,0.005,0.0,4.27,0.0,1026.1991562373298,0.0,0.0,108.3624692,1026.78930941,0.0,0.0,0.0,0.0,0.00915699631155,2.19103508622e-06,0.0,0.590860436018,0.0,0.590191759718,0.0281023417526,0.0,0.0,0.0,0.0,0.039852219222351895,0.039852219222351895,0.039852219222351895,0.14618607825069546,0.14618607825069546,0.14618607825069546
