Name,FitNum,N,DF,K,ChiSq,RedChiSq,Rsq,AdjRsq,AIC,BIC,RSS,TSS,SDR
G_C8_Off,1,190,185,5,1257.3081550154363,6.796260297380737,0.6549534276231,0.64557716206938,369.36989589120134,385.27892929548204,1257.3081550154366,3643.8795677763133,2.6069638082222655
