Name,FitNum,RedChiSq,lf,AlignMag,Temp,pA,pB,pC,dwB,dwC,kexAB,kexAC,kexBC,k12,k21,k13,k31,k23,k32,tau1,tau2,tau3,dG12,dG13,ddG12,ddG21,ddG13,ddG31,ddG23,ddG32,R1,R1b,R1c,R2,R2b,R2c,pA_err,pB_err,pC_err,dwB_err,dwC_err,kexAB_err,kexAC_err,kexBC_err,k12_err,k21_err,k13_err,k31_err,k23_err,k32_err,tau1_err,tau2_err,tau3_err,dG12_err,dG13_err,ddG12_err,ddG21_err,ddG13_err,ddG31_err,ddG23_err,ddG32_err,R1_err,R1b_err,R1c_err,R2_err,R2b_err,R2c_err
ac8,1,8.416159825980193,150.7,auto,298.15,0.9993,0.0007,0.0,6.797062809176261,0.0,4323.49388512939,0.0,0.0,3.02644571959,4320.46743941,0.0,0.0,0.0,0.0,0.330420596519,0.000231456437069,0.0,4.30364923193,0.0,16.7970524149,12.493403183,0.0,0.0,0.0,0.0,4.074584749376835,4.074584749376835,4.074584749376835,36.341057448327064,36.341057448327064,36.341057448327064,0.0007,0.0007,0.0,8.700217994959214,0.0,12965.365231785681,0.0,0.0,9.56639432532,12956.2898291,0.0,0.0,0.0,0.0,1.04443760516,0.00069409542452,0.0,2.58152094659,0.0,1.87280502107,1.77675314851,0.0,0.0,0.0,0.0,1.31322640181164,1.31322640181164,1.31322640181164,3.4198288928922045,3.4198288928922045,3.4198288928922045
