Name,FitNum,N,DF,K,ChiSq,RedChiSq,Rsq,AdjRsq,AIC,BIC,RSS,TSS,SDR
ac1p,1,219,212,7,1784.225883107801,8.416159825980193,0.8885201402752139,0.8848217563033015,473.92013960383224,497.112836025344,1784.2258831078016,16004.916829933014,2.901061844563159
