Name,FitNum,RedChiSq,lf,AlignMag,Temp,pA,pB,pC,dwB,dwC,kexAB,kexAC,kexBC,k12,k21,k13,k31,k23,k32,tau1,tau2,tau3,dG12,dG13,ddG12,ddG21,ddG13,ddG31,ddG23,ddG32,R1,R1b,R1c,R2,R2b,R2c,pA_err,pB_err,pC_err,dwB_err,dwC_err,kexAB_err,kexAC_err,kexBC_err,k12_err,k21_err,k13_err,k31_err,k23_err,k32_err,tau1_err,tau2_err,tau3_err,dG12_err,dG13_err,ddG12_err,ddG21_err,ddG13_err,ddG31_err,ddG23_err,ddG32_err,R1_err,R1b_err,R1c_err,R2_err,R2b_err,R2c_err
A16_C8_Off,1,0.6149302636329106,150.7,auto,298.15,0.92,0.08,0.0,1.8785141105962635,0.0,50.07789866412465,0.0,0.0,4.00623189313,46.071666771,0.0,0.0,0.0,0.0,0.249611112556,0.0217053141353,0.0,1.44705336996,0.0,16.6308828264,15.1838294564,0.0,0.0,0.0,0.0,2.317484468271003,2.317484468271003,2.317484468271003,28.038830662649456,28.038830662649456,28.038830662649456,0.08,0.08,0.0,0.025868525960269614,0.0,3.6037861088368834,0.0,0.0,3.71085814106,4.96787465325,0.0,0.0,0.0,0.0,0.231207641953,0.00234046839394,0.0,0.552507805694,0.0,0.548801695093,0.0638872038447,0.0,0.0,0.0,0.0,0.09561390728243223,0.09561390728243223,0.09561390728243223,0.13115954429827986,0.13115954429827986,0.13115954429827986
