Name,FitNum,RedChiSq,lf,AlignMag,Temp,pA,pB,pC,dwB,dwC,kexAB,kexAC,kexBC,k12,k21,k13,k31,k23,k32,tau1,tau2,tau3,dG12,dG13,ddG12,ddG21,ddG13,ddG31,ddG23,ddG32,R1,R1b,R1c,R2,R2b,R2c,pA_err,pB_err,pC_err,dwB_err,dwC_err,kexAB_err,kexAC_err,kexBC_err,k12_err,k21_err,k13_err,k31_err,k23_err,k32_err,tau1_err,tau2_err,tau3_err,dG12_err,dG13_err,ddG12_err,ddG21_err,ddG13_err,ddG31_err,ddG23_err,ddG32_err,R1_err,R1b_err,R1c_err,R2_err,R2b_err,R2c_err
hpGBCm6A_m6AC2_55C,1,8.090046340258072,150.7,auto,298.15,0.995,0.005,0.0,3.1135966038620118,0.0,1441.0504156601319,0.0,0.0,7.2052520783,1433.84516358,0.0,0.0,0.0,0.0,0.1387876495,0.00069742537437,0.0,3.13620237989,0.0,16.2831185153,13.1469161355,0.0,0.0,0.0,0.0,4.858142202727431,4.858142202727431,4.858142202727431,13.406547761642692,13.406547761642692,13.406547761642692,0.005,0.005,0.0,0.16122681415536994,0.0,161.62263885057794,0.0,0.0,7.21471715692,160.974254956,0.0,0.0,0.0,0.0,0.138969965954,7.82982241587e-05,0.0,0.596980352118,0.0,0.593263058197,0.0665167993369,0.0,0.0,0.0,0.0,0.1396142973901675,0.1396142973901675,0.1396142973901675,0.2582959338279799,0.2582959338279799,0.2582959338279799
