Name,FitNum,N,DF,K,ChiSq,RedChiSq,Rsq,AdjRsq,AIC,BIC,RSS,TSS,SDR
ac8,1,219,212,7,731.1154881666758,3.4486579630503575,0.9566816945565734,0.9552445943759857,278.5352408638252,301.7279372853369,731.1154881666761,16877.749041257106,1.857056262758444
