Name,FitNum,RedChiSq,lf,AlignMag,Temp,pA,pB,pC,dwB,dwC,kexAB,kexAC,kexBC,k12,k21,k13,k31,k23,k32,tau1,tau2,tau3,dG12,dG13,ddG12,ddG21,ddG13,ddG31,ddG23,ddG32,R1,R1b,R1c,R2,R2b,R2c,pA_err,pB_err,pC_err,dwB_err,dwC_err,kexAB_err,kexAC_err,kexBC_err,k12_err,k21_err,k13_err,k31_err,k23_err,k32_err,tau1_err,tau2_err,tau3_err,dG12_err,dG13_err,ddG12_err,ddG21_err,ddG13_err,ddG31_err,ddG23_err,ddG32_err,R1_err,R1b_err,R1c_err,R2_err,R2b_err,R2c_err
ac8,1,3.4486579630503575,150.7,auto,298.15,0.994,0.006,0.0,4.702999441190336,0.0,3182.944434515714,0.0,0.0,19.0976666071,3163.84676791,0.0,0.0,0.0,0.0,0.0523624179107,0.000316070933063,0.0,3.02758387661,0.0,15.705590484,12.6780066074,0.0,0.0,0.0,0.0,2.5980080211337513,2.5980080211337513,2.5980080211337513,29.3946567082319,29.3946567082319,29.3946567082319,0.006,0.006,0.0,0.535278313577488,0.0,842.3582667978943,0.0,0.0,19.6447170376,837.519286437,0.0,0.0,0.0,0.0,0.053862333259,8.36688758151e-05,0.0,0.629313803768,0.0,0.609456405359,0.156839897922,0.0,0.0,0.0,0.0,0.8278932996404957,0.8278932996404957,0.8278932996404957,1.797058141877204,1.797058141877204,1.797058141877204
