Name,FitNum,N,DF,K,ChiSq,RedChiSq,Rsq,AdjRsq,AIC,BIC,RSS,TSS,SDR
ac8,1,219,212,7,1842.0505800110077,8.688917830240602,0.8908592268134705,0.8872384428688938,480.905090841738,504.09778726324976,1842.0505800110068,16877.749041257106,2.9476970384082213
