Name,FitNum,N,DF,K,ChiSq,RedChiSq,Rsq,AdjRsq,AIC,BIC,RSS,TSS,SDR
ac1p,1,219,212,7,1842.0505800110077,8.688917830240602,0.8849072069799243,0.8810889626617228,480.905090841738,504.09778726324976,1842.0505800110068,16004.916829933014,2.9476970384082213
