Name,FitNum,RedChiSq,lf,AlignMag,Temp,pA,pB,pC,dwB,dwC,kexAB,kexAC,kexBC,k12,k21,k13,k31,k23,k32,tau1,tau2,tau3,dG12,dG13,ddG12,ddG21,ddG13,ddG31,ddG23,ddG32,R1,R1b,R1c,R2,R2b,R2c,pA_err,pB_err,pC_err,dwB_err,dwC_err,kexAB_err,kexAC_err,kexBC_err,k12_err,k21_err,k13_err,k31_err,k23_err,k32_err,tau1_err,tau2_err,tau3_err,dG12_err,dG13_err,ddG12_err,ddG21_err,ddG13_err,ddG31_err,ddG23_err,ddG32_err,R1_err,R1b_err,R1c_err,R2_err,R2b_err,R2c_err
G_C8_Off,1,0.19445653973394708,150.88,auto,298.15,0.97,0.03,0.0,4.27,0.0,10.000000000006338,0.0,0.0,0.3,9.70000000001,0.0,0.0,0.0,0.0,3.33333333333,0.103092783505,0.0,2.05953545938,0.0,18.1664989746,16.1069635152,0.0,0.0,0.0,0.0,0.9876217835621167,0.9876217835621167,0.9876217835621167,31.82062252706746,31.82062252706746,31.82062252706746,0.03,0.03,0.0,4.27,0.0,6.240626075752133,0.0,0.0,0.346139960761,6.06040443046,0.0,0.0,0.0,0.0,3.84599956401,0.0644107177219,0.0,0.777399854768,0.0,0.683608825778,0.370174968781,0.0,0.0,0.0,0.0,0.10457149354769134,0.10457149354769134,0.10457149354769134,0.1859728179284341,0.1859728179284341,0.1859728179284341
