Name,FitNum,N,DF,K,ChiSq,RedChiSq,Rsq,AdjRsq,AIC,BIC,RSS,TSS,SDR
gc8,1,220,213,7,117.96558790162015,0.5538290511813153,0.9809475987549284,0.9803185100345723,-122.58330843477667,-99.35621749710259,117.96558790162017,6191.638858757249,0.7441969169388672
