Name,FitNum,RedChiSq,lf,AlignMag,Temp,pA,pB,pC,dwB,dwC,kexAB,kexAC,kexBC,k12,k21,k13,k31,k23,k32,tau1,tau2,tau3,dG12,dG13,ddG12,ddG21,ddG13,ddG31,ddG23,ddG32,R1,R1b,R1c,R2,R2b,R2c,pA_err,pB_err,pC_err,dwB_err,dwC_err,kexAB_err,kexAC_err,kexBC_err,k12_err,k21_err,k13_err,k31_err,k23_err,k32_err,tau1_err,tau2_err,tau3_err,dG12_err,dG13_err,ddG12_err,ddG21_err,ddG13_err,ddG31_err,ddG23_err,ddG32_err,R1_err,R1b_err,R1c_err,R2_err,R2b_err,R2c_err
ra16_c8_10c,1,0.6959301373252144,150.784186,auto,298.15,0.997,0.003,0.0,2.811177657582523,0.0,2834.418457243047,0.0,0.0,8.50325537173,2825.91520187,0.0,0.0,0.0,0.0,0.117602019025,0.000353867660055,0.0,3.44004850013,0.0,16.1849800172,12.744931517,0.0,0.0,0.0,0.0,1.7355540364827222,1.7355540364827222,1.7355540364827222,41.60303726346619,41.60303726346619,41.60303726346619,0.003,0.003,0.0,0.09764798514546578,0.0,229.8935295066409,0.0,0.0,8.50579100471,229.360583318,0.0,0.0,0.0,0.0,0.117637087425,2.87210645507e-05,0.0,0.594609133762,0.0,0.592661425214,0.0480880132297,0.0,0.0,0.0,0.0,0.03832342798612087,0.03832342798612087,0.03832342798612087,0.15167179492025984,0.15167179492025984,0.15167179492025984
