Name,FitNum,N,DF,K,ChiSq,RedChiSq,Rsq,AdjRsq,AIC,BIC,RSS,TSS,SDR
ra16_c8_15c,1,100,96,4,60.04217868031708,0.6254393612533029,0.9956916839889786,0.9955102812095671,-42.59123664182171,-32.59160852944829,60.042178680317065,13936.34508859575,0.7908472426792059
