Name,FitNum,RedChiSq,lf,AlignMag,Temp,pA,pB,pC,dwB,dwC,kexAB,kexAC,kexBC,k12,k21,k13,k31,k23,k32,tau1,tau2,tau3,dG12,dG13,ddG12,ddG21,ddG13,ddG31,ddG23,ddG32,R1,R1b,R1c,R2,R2b,R2c,pA_err,pB_err,pC_err,dwB_err,dwC_err,kexAB_err,kexAC_err,kexBC_err,k12_err,k21_err,k13_err,k31_err,k23_err,k32_err,tau1_err,tau2_err,tau3_err,dG12_err,dG13_err,ddG12_err,ddG21_err,ddG13_err,ddG31_err,ddG23_err,ddG32_err,R1_err,R1b_err,R1c_err,R2_err,R2b_err,R2c_err
ra16_c8_15c,1,0.6254393612533029,150.784186,auto,298.15,0.9925,0.0075,0.0,1.7626153030311276,0.0,5119.647828628275,0.0,0.0,38.3973587147,5081.25046991,0.0,0.0,0.0,0.0,0.0260434580261,0.000196801949819,0.0,2.89447995867,0.0,15.2917857966,12.3973058379,0.0,0.0,0.0,0.0,1.873585328209939,1.873585328209939,1.873585328209939,33.622338069262554,33.622338069262554,33.622338069262554,0.0075,0.0075,0.0,0.11820753648768305,0.0,540.3021959701564,0.0,0.0,38.3252987939,537.602450286,0.0,0.0,0.0,0.0,0.0259945825413,2.08218845086e-05,0.0,0.594685899929,0.0,0.591372838973,0.0626856036025,0.0,0.0,0.0,0.0,0.04387150382792678,0.04387150382792678,0.04387150382792678,0.2076012892899433,0.2076012892899433,0.2076012892899433
