Name,FitNum,RedChiSq,lf,AlignMag,Temp,pA,pB,pC,dwB,dwC,kexAB,kexAC,kexBC,k12,k21,k13,k31,k23,k32,tau1,tau2,tau3,dG12,dG13,ddG12,ddG21,ddG13,ddG31,ddG23,ddG32,R1,R1b,R1c,R2,R2b,R2c,pA_err,pB_err,pC_err,dwB_err,dwC_err,kexAB_err,kexAC_err,kexBC_err,k12_err,k21_err,k13_err,k31_err,k23_err,k32_err,tau1_err,tau2_err,tau3_err,dG12_err,dG13_err,ddG12_err,ddG21_err,ddG13_err,ddG31_err,ddG23_err,ddG32_err,R1_err,R1b_err,R1c_err,R2_err,R2b_err,R2c_err
ra16_c8_10c,1,1.7297374257338172,150.784186,auto,298.15,0.95,0.05,0.0,0.6600582506395741,0.0,5071.0688323014165,0.0,0.0,253.553441615,4817.51539069,0.0,0.0,0.0,0.0,0.00394394173327,0.000207575880698,0.0,1.7445351892,0.0,14.1734199137,12.4288847245,0.0,0.0,0.0,0.0,1.9274453801554856,1.9274453801554856,1.9274453801554856,41.65800807689142,41.65800807689142,41.65800807689142,0.05,0.05,0.0,0.08668680620272562,0.0,959.0841727847676,0.0,0.0,245.92979861,942.517729956,0.0,0.0,0.0,0.0,0.00382535843337,4.06109647823e-05,0.0,0.586244478098,0.0,0.574670389196,0.115916055326,0.0,0.0,0.0,0.0,0.055942570884631664,0.055942570884631664,0.055942570884631664,0.41206369102956714,0.41206369102956714,0.41206369102956714
