Name,FitNum,N,DF,K,ChiSq,RedChiSq,Rsq,AdjRsq,AIC,BIC,RSS,TSS,SDR
ac8,1,196,189,7,20.87579337465835,0.11045393319925054,0.9978669255874978,0.9977875026040536,-424.3510344350022,-401.99997650123964,20.87579337465835,9786.715949665248,0.3323461045344906
