Name,FitNum,N,DF,K,ChiSq,RedChiSq,Rsq,AdjRsq,AIC,BIC,RSS,TSS,SDR
ac1p,1,196,189,7,20.87579337465835,0.11045393319925054,0.9959899365657484,0.9958406256931964,-424.3510344350022,-401.99997650123964,20.87579337465835,5205.8511584503685,0.3323461045344906
