Name,FitNum,RedChiSq,lf,AlignMag,Temp,pA,pB,pC,dwB,dwC,kexAB,kexAC,kexBC,k12,k21,k13,k31,k23,k32,tau1,tau2,tau3,dG12,dG13,ddG12,ddG21,ddG13,ddG31,ddG23,ddG32,R1,R1b,R1c,R2,R2b,R2c,pA_err,pB_err,pC_err,dwB_err,dwC_err,kexAB_err,kexAC_err,kexBC_err,k12_err,k21_err,k13_err,k31_err,k23_err,k32_err,tau1_err,tau2_err,tau3_err,dG12_err,dG13_err,ddG12_err,ddG21_err,ddG13_err,ddG31_err,ddG23_err,ddG32_err,R1_err,R1b_err,R1c_err,R2_err,R2b_err,R2c_err
hpGBCm6A_m6A_C2_65C,1,1.136985016925758,150.88,auto,298.15,0.982,0.018,0.0,2.4271786946345904,0.0,950.2398146337026,0.0,0.0,17.1043166634,933.13549797,0.0,0.0,0.0,0.0,0.0584647735235,0.0010716557265,0.0,2.36947659112,0.0,15.7709032135,13.4014266224,0.0,0.0,0.0,0.0,4.817979560286778,4.817979560286778,4.817979560286778,12.268197991443778,12.268197991443778,12.268197991443778,0.018,0.018,0.0,0.023085962701839217,0.0,18.6970884934373,0.0,0.0,16.8026311872,24.8862333971,0.0,0.0,0.0,0.0,0.0574335734243,2.85804951038e-05,0.0,0.582248968115,0.0,0.582034518866,0.0158012569206,0.0,0.0,0.0,0.0,0.06711932126565476,0.06711932126565476,0.06711932126565476,0.09706218571737221,0.09706218571737221,0.09706218571737221
