Name,FitNum,RedChiSq,lf,AlignMag,Temp,pA,pB,pC,dwB,dwC,kexAB,kexAC,kexBC,k12,k21,k13,k31,k23,k32,tau1,tau2,tau3,dG12,dG13,ddG12,ddG21,ddG13,ddG31,ddG23,ddG32,R1,R1b,R1c,R2,R2b,R2c,pA_err,pB_err,pC_err,dwB_err,dwC_err,kexAB_err,kexAC_err,kexBC_err,k12_err,k21_err,k13_err,k31_err,k23_err,k32_err,tau1_err,tau2_err,tau3_err,dG12_err,dG13_err,ddG12_err,ddG21_err,ddG13_err,ddG31_err,ddG23_err,ddG32_err,R1_err,R1b_err,R1c_err,R2_err,R2b_err,R2c_err
gc8,1,0.44098362365805216,150.88,auto,298.15,0.995,0.005,0.0,3.862608470353405,0.0,1054.6352266460908,0.0,0.0,5.27317613323,1049.36205051,0.0,0.0,0.0,0.0,0.189639028687,0.00095295994315,0.0,3.13620237989,0.0,16.4680788357,13.3318764558,0.0,0.0,0.0,0.0,3.077797769857734,3.077797769857734,3.077797769857734,19.61890884506564,19.61890884506564,19.61890884506564,0.005,0.005,0.0,0.04191879900661276,0.0,26.743305919202626,0.0,0.0,5.24858010288,27.121946104,0.0,0.0,0.0,0.0,0.188754482602,2.46303248767e-05,0.0,0.58991997281,0.0,0.589721182402,0.0153134367867,0.0,0.0,0.0,0.0,0.03986883637808343,0.03986883637808343,0.03986883637808343,0.10367001309353417,0.10367001309353417,0.10367001309353417
