Name,FitNum,N,DF,K,ChiSq,RedChiSq,Rsq,AdjRsq,AIC,BIC,RSS,TSS,SDR
gc1p,1,308,301,7,132.7360707210737,0.44098362365805216,0.9524308040993874,0.9513208561950398,-245.25501355961433,-219.1443150787993,132.7360707210737,2790.378693774901,0.6640659783922469
