Name,FitNum,N,DF,K,ChiSq,RedChiSq,Rsq,AdjRsq,AIC,BIC,RSS,TSS,SDR
gc8,1,308,301,7,132.7360707210737,0.44098362365805216,0.9770536689865099,0.9765182545961952,-245.25501355961433,-219.1443150787993,132.7360707210737,5784.631566721444,0.6640659783922469
