Name,FitNum,N,DF,K,ChiSq,RedChiSq,Rsq,AdjRsq,AIC,BIC,RSS,TSS,SDR
ac1p,1,219,212,7,1700.5258627273665,8.02134840909135,0.8937497844695464,0.8902248958026593,463.3978229541974,486.59051937570916,1700.5258627273665,16004.916829933014,2.832198511596839
