Name,FitNum,RedChiSq,lf,AlignMag,Temp,pA,pB,pC,dwB,dwC,kexAB,kexAC,kexBC,k12,k21,k13,k31,k23,k32,tau1,tau2,tau3,dG12,dG13,ddG12,ddG21,ddG13,ddG31,ddG23,ddG32,R1,R1b,R1c,R2,R2b,R2c,pA_err,pB_err,pC_err,dwB_err,dwC_err,kexAB_err,kexAC_err,kexBC_err,k12_err,k21_err,k13_err,k31_err,k23_err,k32_err,tau1_err,tau2_err,tau3_err,dG12_err,dG13_err,ddG12_err,ddG21_err,ddG13_err,ddG31_err,ddG23_err,ddG32_err,R1_err,R1b_err,R1c_err,R2_err,R2b_err,R2c_err
gc8,1,0.1869729873612127,176.04,auto,298.15,0.995,0.005,0.0,3.037028386349194,0.0,2457.416565175982,0.0,0.0,12.2870828259,2445.12948235,0.0,0.0,0.0,0.0,0.0813862829909,0.000408976296437,0.0,3.13620237989,0.0,15.9668867018,12.8306843219,0.0,0.0,0.0,0.0,1.2454089696118298,1.2454089696118298,1.2454089696118298,28.937941660418108,28.937941660418108,28.937941660418108,0.005,0.005,0.0,0.07964312915925077,0.0,140.20065746588364,0.0,0.0,12.245882351,140.034366299,0.0,0.0,0.0,0.0,0.0811133822909,2.34223737092e-05,0.0,0.591472178572,0.0,0.590498056581,0.0339320379359,0.0,0.0,0.0,0.0,0.12302846402959267,0.12302846402959267,0.12302846402959267,0.23130372350510353,0.23130372350510353,0.23130372350510353
