Name,FitNum,RedChiSq,lf,AlignMag,Temp,pA,pB,pC,dwB,dwC,kexAB,kexAC,kexBC,k12,k21,k13,k31,k23,k32,tau1,tau2,tau3,dG12,dG13,ddG12,ddG21,ddG13,ddG31,ddG23,ddG32,R1,R1b,R1c,R2,R2b,R2c,pA_err,pB_err,pC_err,dwB_err,dwC_err,kexAB_err,kexAC_err,kexBC_err,k12_err,k21_err,k13_err,k31_err,k23_err,k32_err,tau1_err,tau2_err,tau3_err,dG12_err,dG13_err,ddG12_err,ddG21_err,ddG13_err,ddG31_err,ddG23_err,ddG32_err,R1_err,R1b_err,R1c_err,R2_err,R2b_err,R2c_err
ra16_c8_15c,1,3.1298464685070595,150.784186,auto,298.15,0.9999,0.0001,0.0,9.505650043030162,0.0,6233.066000086277,0.0,0.0,0.623306600009,6232.44269349,0.0,0.0,0.0,0.0,1.60434688159,0.000160450733233,0.0,5.45692695108,0.0,17.7332409127,12.2763139617,0.0,0.0,0.0,0.0,1.8853134366268387,1.8853134366268387,1.8853134366268387,35.58122028221135,35.58122028221135,35.58122028221135,0.0001,0.0001,0.0,8.650920860988396,0.0,18643.89905077282,0.0,0.0,1.96580343405,18642.0346713,0.0,0.0,0.0,0.0,5.059838303,0.000479928701965,0.0,2.57533261141,0.0,1.86859653657,1.77219780017,0.0,0.0,0.0,0.0,0.11206976274450707,0.11206976274450707,0.11206976274450707,0.6080281414278523,0.6080281414278523,0.6080281414278523
