Name,FitNum,RedChiSq,lf,AlignMag,Temp,pA,pB,pC,dwB,dwC,kexAB,kexAC,kexBC,k12,k21,k13,k31,k23,k32,tau1,tau2,tau3,dG12,dG13,ddG12,ddG21,ddG13,ddG31,ddG23,ddG32,R1,R1b,R1c,R2,R2b,R2c,pA_err,pB_err,pC_err,dwB_err,dwC_err,kexAB_err,kexAC_err,kexBC_err,k12_err,k21_err,k13_err,k31_err,k23_err,k32_err,tau1_err,tau2_err,tau3_err,dG12_err,dG13_err,ddG12_err,ddG21_err,ddG13_err,ddG31_err,ddG23_err,ddG32_err,R1_err,R1b_err,R1c_err,R2_err,R2b_err,R2c_err
G_C1p_Off_reduce_new_trunc,1,0.35910664730864433,150.88,auto,298.15,0.95,0.05,0.0,4.12,0.0,10.000000000000009,0.0,0.0,0.5,9.5,0.0,0.0,0.0,0.0,2.0,0.105263157895,0.0,1.7445351892,0.0,17.8638425832,16.119307394,0.0,0.0,0.0,0.0,1.924831987867305,1.924831987867305,1.924831987867305,14.255538183706424,14.255538183706424,14.255538183706424,0.05,0.05,0.0,4.12,0.0,1.1993048849136658,0.0,0.0,0.479422392591,1.2346435991,0.0,0.0,0.0,0.0,1.91768957036,0.0136802614859,0.0,0.573295532501,0.0,0.568100911776,0.0770007897669,0.0,0.0,0.0,0.0,0.06166620265093642,0.06166620265093642,0.06166620265093642,0.07876841562666041,0.07876841562666041,0.07876841562666041
