Name,FitNum,N,DF,K,ChiSq,RedChiSq,Rsq,AdjRsq,AIC,BIC,RSS,TSS,SDR
G_C1p_Off_reduce_new_trunc,1,190,185,5,66.4347297520992,0.35910664730864433,0.9655093734187234,0.9645721281311888,-189.32669469963912,-173.41766129535844,66.43472975209922,1926.1676674834212,0.5992550769986387
