Name,FitNum,RedChiSq,lf,AlignMag,Temp,pA,pB,pC,dwB,dwC,kexAB,kexAC,kexBC,k12,k21,k13,k31,k23,k32,tau1,tau2,tau3,dG12,dG13,ddG12,ddG21,ddG13,ddG31,ddG23,ddG32,R1,R1b,R1c,R2,R2b,R2c,pA_err,pB_err,pC_err,dwB_err,dwC_err,kexAB_err,kexAC_err,kexBC_err,k12_err,k21_err,k13_err,k31_err,k23_err,k32_err,tau1_err,tau2_err,tau3_err,dG12_err,dG13_err,ddG12_err,ddG21_err,ddG13_err,ddG31_err,ddG23_err,ddG32_err,R1_err,R1b_err,R1c_err,R2_err,R2b_err,R2c_err
A16_C8_Off,1,1.9967749180244558,150.7,auto,298.15,0.9995,0.0005,0.0,6.813779751649922,0.0,4335.201395679431,0.0,0.0,2.16760069784,4333.03379498,0.0,0.0,0.0,0.0,0.461339582053,0.000230785183619,0.0,4.50312246865,0.0,16.9948048732,12.4916824045,0.0,0.0,0.0,0.0,2.9387629507985937,2.9387629507985937,2.9387629507985937,26.29689538274043,26.29689538274043,26.29689538274043,0.0005,0.0005,0.0,2.175115320958635,0.0,4977.451264512927,0.0,0.0,3.29962905709,4974.96301062,0.0,0.0,0.0,0.0,0.702273943557,0.000264975489744,0.0,1.12968785548,0.0,0.901909606912,0.680260032478,0.0,0.0,0.0,0.0,0.23013611848790028,0.23013611848790028,0.23013611848790028,0.8043891788994074,0.8043891788994074,0.8043891788994074
