Name,FitNum,N,DF,K,ChiSq,RedChiSq,Rsq,AdjRsq,AIC,BIC,RSS,TSS,SDR
A16_C8_Off,1,104,100,4,199.6774918024456,1.9967749180244558,0.972901234422377,0.9718063348030791,76.24455339107054,86.41807658359562,199.6774918024455,7368.508769540807,1.4130728636643104
