Name,FitNum,N,DF,K,ChiSq,RedChiSq,Rsq,AdjRsq,AIC,BIC,RSS,TSS,SDR
G_C8_Off,1,199,192,7,77.3671007105579,0.40295364953415574,0.9803862007502895,0.9796673704112949,-173.41750735745956,-150.9507610189431,77.3671007105579,3944.5239408015236,0.6347863022578195
