Name,FitNum,RedChiSq,lf,AlignMag,Temp,pA,pB,pC,dwB,dwC,kexAB,kexAC,kexBC,k12,k21,k13,k31,k23,k32,tau1,tau2,tau3,dG12,dG13,ddG12,ddG21,ddG13,ddG31,ddG23,ddG32,R1,R1b,R1c,R2,R2b,R2c,pA_err,pB_err,pC_err,dwB_err,dwC_err,kexAB_err,kexAC_err,kexBC_err,k12_err,k21_err,k13_err,k31_err,k23_err,k32_err,tau1_err,tau2_err,tau3_err,dG12_err,dG13_err,ddG12_err,ddG21_err,ddG13_err,ddG31_err,ddG23_err,ddG32_err,R1_err,R1b_err,R1c_err,R2_err,R2b_err,R2c_err
G_C8_Off,1,0.40295364953415574,150.88,auto,298.15,0.977,0.023,0.0,0.445950333321693,0.0,3836.078230617621,0.0,0.0,88.2297993042,3747.84843131,0.0,0.0,0.0,0.0,0.0113340391555,0.000266819754941,0.0,2.22122084211,0.0,14.7988644999,12.5776436578,0.0,0.0,0.0,0.0,2.55810167976909,2.55810167976909,2.55810167976909,20.1990437263874,20.1990437263874,20.1990437263874,0.023,0.023,0.0,0.062359060855311864,0.0,789.3412348301607,0.0,0.0,88.1149540075,775.991681149,0.0,0.0,0.0,0.0,0.0113192860778,5.52450063004e-05,0.0,0.604296116286,0.0,0.59171353455,0.122673914054,0.0,0.0,0.0,0.0,0.044345096668191114,0.044345096668191114,0.044345096668191114,0.13313210845961712,0.13313210845961712,0.13313210845961712
