param,fit_val,fit_err
kex(s-1),52.2534632508,2.0045378298
tau_ex(s),0.019137487504,0.000734148806269
R1n(s-1),49.6844923376,2.11252684173
