Name,FitNum,RedChiSq,lf,AlignMag,Temp,pA,pB,pC,dwB,dwC,kexAB,kexAC,kexBC,k12,k21,k13,k31,k23,k32,tau1,tau2,tau3,dG12,dG13,ddG12,ddG21,ddG13,ddG31,ddG23,ddG32,R1,R1b,R1c,R2,R2b,R2c,pA_err,pB_err,pC_err,dwB_err,dwC_err,kexAB_err,kexAC_err,kexBC_err,k12_err,k21_err,k13_err,k31_err,k23_err,k32_err,tau1_err,tau2_err,tau3_err,dG12_err,dG13_err,ddG12_err,ddG21_err,ddG13_err,ddG31_err,ddG23_err,ddG32_err,R1_err,R1b_err,R1c_err,R2_err,R2b_err,R2c_err
ac8,1,8.55156528216692,150.7,auto,298.15,0.9994,0.0006,0.0,6.855225794158555,0.0,4356.173817726556,0.0,0.0,2.61370429064,4353.56011344,0.0,0.0,0.0,0.0,0.382598752117,0.000229697069512,0.0,4.39504044577,0.0,16.8839227762,12.4888823304,0.0,0.0,0.0,0.0,4.116297256474968,4.116297256474968,4.116297256474968,36.56636142333667,36.56636142333667,36.56636142333667,0.0006,0.0006,0.0,10.277370543503737,0.0,15300.348790499467,0.0,0.0,9.54460578638,15291.1688043,0.0,0.0,0.0,0.0,1.39715662418,0.000806773438806,0.0,3.00196406075,0.0,2.16360870772,2.08100590626,0.0,0.0,0.0,0.0,1.3237793655801242,1.3237793655801242,1.3237793655801242,3.4652207588875936,3.4652207588875936,3.4652207588875936
