Name,FitNum,N,DF,K,ChiSq,RedChiSq,Rsq,AdjRsq,AIC,BIC,RSS,TSS,SDR
ac1p,1,219,212,7,1812.931839819387,8.55156528216692,0.8867265691485023,0.8829686828169361,477.4155314991036,500.6082279206154,1812.9318398193877,16004.916829933014,2.9243059487965555
