Name,FitNum,N,DF,K,ChiSq,RedChiSq,Rsq,AdjRsq,AIC,BIC,RSS,TSS,SDR
gc8,1,308,301,7,59.150427237646355,0.19651304730115068,0.9897745558113097,0.9895359621135735,-494.20491864378033,-468.0942201629653,59.150427237646326,5784.631566721444,0.44329792160707293
