Name,FitNum,RedChiSq,lf,AlignMag,Temp,pA,pB,pC,dwB,dwC,kexAB,kexAC,kexBC,k12,k21,k13,k31,k23,k32,tau1,tau2,tau3,dG12,dG13,ddG12,ddG21,ddG13,ddG31,ddG23,ddG32,R1,R1b,R1c,R2,R2b,R2c,pA_err,pB_err,pC_err,dwB_err,dwC_err,kexAB_err,kexAC_err,kexBC_err,k12_err,k21_err,k13_err,k31_err,k23_err,k32_err,tau1_err,tau2_err,tau3_err,dG12_err,dG13_err,ddG12_err,ddG21_err,ddG13_err,ddG31_err,ddG23_err,ddG32_err,R1_err,R1b_err,R1c_err,R2_err,R2b_err,R2c_err
gc8,1,0.19651304730115068,150.88,auto,298.15,0.991,0.009,0.0,3.7369458132104922,0.0,522.9432140866035,0.0,0.0,4.70648892678,518.23672516,0.0,0.0,0.0,0.0,0.21247261293,0.00192962009725,0.0,2.78556109659,0.0,16.5354388318,13.7498777352,0.0,0.0,0.0,0.0,2.777035092225088,2.777035092225088,2.777035092225088,19.90051300472094,19.90051300472094,19.90051300472094,0.009,0.009,0.0,0.017527272148983888,0.0,5.933000961914929,0.0,0.0,4.66462849992,7.5050416687,0.0,0.0,0.0,0.0,0.210582840233,2.7944525217e-05,0.0,0.587277758017,0.0,0.587215074433,0.00858029258182,0.0,0.0,0.0,0.0,0.02633444961567573,0.02633444961567573,0.02633444961567573,0.05958569500122398,0.05958569500122398,0.05958569500122398
