Name,FitNum,N,DF,K,ChiSq,RedChiSq,Rsq,AdjRsq,AIC,BIC,RSS,TSS,SDR
gc1p,1,220,213,7,477.9157776127313,2.243736045130194,0.8806160798054525,0.8766741579122364,185.20583598014284,208.4329269178169,477.9157776127313,4003.1838193445337,1.4979105597899343
