Name,FitNum,RedChiSq,lf,AlignMag,Temp,pA,pB,pC,dwB,dwC,kexAB,kexAC,kexBC,k12,k21,k13,k31,k23,k32,tau1,tau2,tau3,dG12,dG13,ddG12,ddG21,ddG13,ddG31,ddG23,ddG32,R1,R1b,R1c,R2,R2b,R2c,pA_err,pB_err,pC_err,dwB_err,dwC_err,kexAB_err,kexAC_err,kexBC_err,k12_err,k21_err,k13_err,k31_err,k23_err,k32_err,tau1_err,tau2_err,tau3_err,dG12_err,dG13_err,ddG12_err,ddG21_err,ddG13_err,ddG31_err,ddG23_err,ddG32_err,R1_err,R1b_err,R1c_err,R2_err,R2b_err,R2c_err
gc8,1,2.243736045130194,150.7,auto,298.15,0.92,0.08,0.0,0.9711056789305845,0.0,4594.846962051367,0.0,0.0,367.587756964,4227.25920509,0.0,0.0,0.0,0.0,0.00272043880966,0.000236559896492,0.0,1.44705336996,0.0,13.9533785025,12.5063251326,0.0,0.0,0.0,0.0,3.095797788919464,3.095797788919464,3.095797788919464,18.227074138933986,18.227074138933986,18.227074138933986,0.08,0.08,0.0,0.05527162733396577,0.0,412.1568936020093,0.0,0.0,341.054500757,508.931968576,0.0,0.0,0.0,0.0,0.00252407182364,2.84801304976e-05,0.0,0.554326560399,0.0,0.54971795554,0.0713309534563,0.0,0.0,0.0,0.0,0.19905598471182906,0.19905598471182906,0.19905598471182906,0.7064718828512891,0.7064718828512891,0.7064718828512891
