Name,FitNum,RedChiSq,lf,AlignMag,Temp,pA,pB,pC,dwB,dwC,kexAB,kexAC,kexBC,k12,k21,k13,k31,k23,k32,tau1,tau2,tau3,dG12,dG13,ddG12,ddG21,ddG13,ddG31,ddG23,ddG32,R1,R1b,R1c,R2,R2b,R2c,pA_err,pB_err,pC_err,dwB_err,dwC_err,kexAB_err,kexAC_err,kexBC_err,k12_err,k21_err,k13_err,k31_err,k23_err,k32_err,tau1_err,tau2_err,tau3_err,dG12_err,dG13_err,ddG12_err,ddG21_err,ddG13_err,ddG31_err,ddG23_err,ddG32_err,R1_err,R1b_err,R1c_err,R2_err,R2b_err,R2c_err
gc1p,1,0.22970540609288975,150.88,auto,298.15,0.9985,0.0015,0.0,4.72063095376425,0.0,2787.652679555557,0.0,0.0,4.18147901933,2783.47120054,0.0,0.0,0.0,0.0,0.239149830808,0.000359263641674,0.0,3.85161836479,0.0,16.605516247,12.7538978822,0.0,0.0,0.0,0.0,2.4569536204968454,2.4569536204968454,2.4569536204968454,13.47714608058784,13.47714608058784,13.47714608058784,0.0015,0.0015,0.0,0.17169653092016315,0.0,224.293306452248,0.0,0.0,4.18874480205,223.995782193,0.0,0.0,0.0,0.0,0.239565380114,2.89112171934e-05,0.0,0.59542631192,0.0,0.593514256737,0.0476793453945,0.0,0.0,0.0,0.0,0.0672449554947999,0.0672449554947999,0.0672449554947999,0.13552721146410504,0.13552721146410504,0.13552721146410504
