Name,FitNum,N,DF,K,ChiSq,RedChiSq,Rsq,AdjRsq,AIC,BIC,RSS,TSS,SDR
ac1p,1,219,212,7,1871.587070905508,8.82824090049768,0.8830617434134245,0.8791822751854339,484.3888060098669,507.5815024313787,1871.587070905507,16004.916829933014,2.9712355848195
