Name,FitNum,RedChiSq,lf,AlignMag,Temp,pA,pB,pC,dwB,dwC,kexAB,kexAC,kexBC,k12,k21,k13,k31,k23,k32,tau1,tau2,tau3,dG12,dG13,ddG12,ddG21,ddG13,ddG31,ddG23,ddG32,R1,R1b,R1c,R2,R2b,R2c,pA_err,pB_err,pC_err,dwB_err,dwC_err,kexAB_err,kexAC_err,kexBC_err,k12_err,k21_err,k13_err,k31_err,k23_err,k32_err,tau1_err,tau2_err,tau3_err,dG12_err,dG13_err,ddG12_err,ddG21_err,ddG13_err,ddG31_err,ddG23_err,ddG32_err,R1_err,R1b_err,R1c_err,R2_err,R2b_err,R2c_err
ac8,1,8.82824090049768,150.7,auto,298.15,0.9996,0.0004,0.0,6.967406002951353,0.0,4412.6468093829335,0.0,0.0,1.76505872375,4410.88175066,0.0,0.0,0.0,0.0,0.566553388022,0.000226712040025,0.0,4.63539089476,0.0,17.1165231184,12.4811322237,0.0,0.0,0.0,0.0,4.20173297618492,4.20173297618492,4.20173297618492,37.034622588192725,37.034622588192725,37.034622588192725,0.0004,0.0004,0.0,15.794435385438614,0.0,23458.244175437914,0.0,0.0,9.54773355915,23448.8609441,0.0,0.0,0.0,0.0,3.06465769273,0.00120523274062,0.0,4.49359237528,0.0,3.20492822373,3.14973134028,0.0,0.0,0.0,0.0,1.3449996079266486,1.3449996079266486,1.3449996079266486,3.5553051066006054,3.5553051066006054,3.5553051066006054
