Name,FitNum,N,DF,K,ChiSq,RedChiSq,Rsq,AdjRsq,AIC,BIC,RSS,TSS,SDR
G10_C8_Off,1,97,93,4,17.764947924918093,0.19102094542922682,0.9995480727040471,0.9995284236911797,-156.2211343867035,-146.35707308138564,17.76494792491809,39309.30502319453,0.43705943008843406
