Name,FitNum,RedChiSq,lf,AlignMag,Temp,pA,pB,pC,dwB,dwC,kexAB,kexAC,kexBC,k12,k21,k13,k31,k23,k32,tau1,tau2,tau3,dG12,dG13,ddG12,ddG21,ddG13,ddG31,ddG23,ddG32,R1,R1b,R1c,R2,R2b,R2c,pA_err,pB_err,pC_err,dwB_err,dwC_err,kexAB_err,kexAC_err,kexBC_err,k12_err,k21_err,k13_err,k31_err,k23_err,k32_err,tau1_err,tau2_err,tau3_err,dG12_err,dG13_err,ddG12_err,ddG21_err,ddG13_err,ddG31_err,ddG23_err,ddG32_err,R1_err,R1b_err,R1c_err,R2_err,R2b_err,R2c_err
G10_C8_Off,1,0.19102094542922682,176.04,auto,298.15,0.972,0.028,0.0,3.1284803952526263,0.0,3164.2127014635003,0.0,0.0,88.597955641,3075.61474582,0.0,0.0,0.0,0.0,0.0112869421508,0.000325138251258,0.0,2.10163304388,0.0,14.7963973834,12.6947643396,0.0,0.0,0.0,0.0,0.8800406376430965,0.8800406376430965,0.8800406376430965,29.80907728061287,29.80907728061287,29.80907728061287,0.028,0.028,0.0,0.025962165120556498,0.0,90.97533531669141,0.0,0.0,86.1905866351,123.457864103,0.0,0.0,0.0,0.0,0.0109802552244,1.30513335888e-05,0.0,0.576876307126,0.0,0.576385851231,0.0237828556751,0.0,0.0,0.0,0.0,0.20496029742257169,0.20496029742257169,0.20496029742257169,0.5488368347521744,0.5488368347521744,0.5488368347521744
