Name,FitNum,N,DF,K,ChiSq,RedChiSq,Rsq,AdjRsq,AIC,BIC,RSS,TSS,SDR
g10c8,1,180,173,7,178.6856223626345,1.0328648691481763,0.9817596398567954,0.9810172996184092,13.331962806342082,35.03149797187588,178.6856223626344,9796.167452823202,1.0162995961566528
