Name,FitNum,N,DF,K,ChiSq,RedChiSq,Rsq,AdjRsq,AIC,BIC,RSS,TSS,SDR
g10c1p,1,180,173,7,178.6856223626345,1.0328648691481763,0.9735970537101927,0.9725225151983982,13.331962806342082,35.03149797187588,178.6856223626344,6767.639505126548,1.0162995961566528
