Name,FitNum,RedChiSq,lf,AlignMag,Temp,pA,pB,pC,dwB,dwC,kexAB,kexAC,kexBC,k12,k21,k13,k31,k23,k32,tau1,tau2,tau3,dG12,dG13,ddG12,ddG21,ddG13,ddG31,ddG23,ddG32,R1,R1b,R1c,R2,R2b,R2c,pA_err,pB_err,pC_err,dwB_err,dwC_err,kexAB_err,kexAC_err,kexBC_err,k12_err,k21_err,k13_err,k31_err,k23_err,k32_err,tau1_err,tau2_err,tau3_err,dG12_err,dG13_err,ddG12_err,ddG21_err,ddG13_err,ddG31_err,ddG23_err,ddG32_err,R1_err,R1b_err,R1c_err,R2_err,R2b_err,R2c_err
A16_C8_Off,1,0.4638296442482186,170.4,auto,298.15,0.992,0.008,0.0,2.265964980203053,0.0,357.5335816364688,0.0,0.0,2.86026865309,354.673312983,0.0,0.0,0.0,0.0,0.349617508453,0.00281949603591,0.0,2.85594331299,0.0,16.8305120112,13.9745686982,0.0,0.0,0.0,0.0,1.5367286983906727,1.5367286983906727,1.5367286983906727,24.921257865859715,24.921257865859715,24.921257865859715,0.008,0.008,0.0,0.13315727305491792,0.0,37.73988603351534,0.0,0.0,2.85349625914,37.545341319,0.0,0.0,0.0,0.0,0.348789702472,0.00029846886456,0.0,0.59440018545,0.0,0.591081894611,0.0627198080859,0.0,0.0,0.0,0.0,0.11639624115337184,0.11639624115337184,0.11639624115337184,0.1358990776688418,0.1358990776688418,0.1358990776688418
