Name,FitNum,N,DF,K,ChiSq,RedChiSq,Rsq,AdjRsq,AIC,BIC,RSS,TSS,SDR
A16_C8_Off,1,93,89,4,41.280838338091456,0.4638296442482186,0.9925054990288946,0.9921648398938443,-67.08015346103278,-57.40430094296521,41.280838338091456,5508.15037548826,0.6810503977300201
