Name,FitNum,RedChiSq,lf,AlignMag,Temp,pA,pB,pC,dwB,dwC,kexAB,kexAC,kexBC,k12,k21,k13,k31,k23,k32,tau1,tau2,tau3,dG12,dG13,ddG12,ddG21,ddG13,ddG31,ddG23,ddG32,R1,R1b,R1c,R2,R2b,R2c,pA_err,pB_err,pC_err,dwB_err,dwC_err,kexAB_err,kexAC_err,kexBC_err,k12_err,k21_err,k13_err,k31_err,k23_err,k32_err,tau1_err,tau2_err,tau3_err,dG12_err,dG13_err,ddG12_err,ddG21_err,ddG13_err,ddG31_err,ddG23_err,ddG32_err,R1_err,R1b_err,R1c_err,R2_err,R2b_err,R2c_err
G10_C1p_Off,1,0.33529606130846734,170.4,auto,298.15,0.9985,0.0015,0.0,1.9741812898942985,0.0,3748.4933762319088,0.0,0.0,5.62274006435,3742.87063617,0.0,0.0,0.0,0.0,0.177849231612,0.000267174609332,0.0,3.85161836479,0.0,16.4300494685,12.5784311037,0.0,0.0,0.0,0.0,1.670466853215018,1.670466853215018,1.670466853215018,14.64422459538299,14.64422459538299,14.64422459538299,0.0015,0.0015,0.0,0.3543837433784089,0.0,1203.0954022169876,0.0,0.0,5.89722300855,1201.30387847,0.0,0.0,0.0,0.0,0.186531222983,8.5751800054e-05,0.0,0.649853464693,0.0,0.621407828461,0.190162657481,0.0,0.0,0.0,0.0,0.07446601404171885,0.07446601404171885,0.07446601404171885,0.2531730897537561,0.2531730897537561,0.2531730897537561
