param,fitval,fiterror
pB,0.00750,0.00000
pC,0.00000,0.00000
dwB,3.82988,0.08551
dwC,-0.00000,0.00000
kexAB,58.77265,17.40142
kexAC,0.00000,0.00000
kexBC,-0.00000,0.00000
R1,2.25173,0.01985
R2,13.10245,0.26992
rchi2,16.34420,0.0