Name,FitNum,RedChiSq,lf,AlignMag,Temp,pA,pB,pC,dwB,dwC,kexAB,kexAC,kexBC,k12,k21,k13,k31,k23,k32,tau1,tau2,tau3,dG12,dG13,ddG12,ddG21,ddG13,ddG31,ddG23,ddG32,R1,R1b,R1c,R2,R2b,R2c,pA_err,pB_err,pC_err,dwB_err,dwC_err,kexAB_err,kexAC_err,kexBC_err,k12_err,k21_err,k13_err,k31_err,k23_err,k32_err,tau1_err,tau2_err,tau3_err,dG12_err,dG13_err,ddG12_err,ddG21_err,ddG13_err,ddG31_err,ddG23_err,ddG32_err,R1_err,R1b_err,R1c_err,R2_err,R2b_err,R2c_err
A6RNAm6A_C2_37,1,1.8415321147245718,150.88,auto,298.15,0.92,0.08,0.0,0.228748028824594,0.0,1584.945846456381,0.0,0.0,126.795667717,1458.15017874,0.0,0.0,0.0,0.0,0.00788670479054,0.000685800416569,0.0,1.44705336996,0.0,14.5840105061,13.1369571361,0.0,0.0,0.0,0.0,4.730031634980976,4.730031634980976,4.730031634980976,20.899225613323146,20.899225613323146,20.899225613323146,0.08,0.08,0.0,0.017721908461759188,0.0,458.7168717976641,0.0,0.0,122.708115554,437.96239923,0.0,0.0,0.0,0.0,0.00763245858641,0.000205983444101,0.0,0.600365007591,0.0,0.573384630097,0.177955635788,0.0,0.0,0.0,0.0,0.06143241806252953,0.06143241806252953,0.06143241806252953,0.10790427112820133,0.10790427112820133,0.10790427112820133
