Name,FitNum,RedChiSq,lf,AlignMag,Temp,pA,pB,pC,dwB,dwC,kexAB,kexAC,kexBC,k12,k21,k13,k31,k23,k32,tau1,tau2,tau3,dG12,dG13,ddG12,ddG21,ddG13,ddG31,ddG23,ddG32,R1,R1b,R1c,R2,R2b,R2c,pA_err,pB_err,pC_err,dwB_err,dwC_err,kexAB_err,kexAC_err,kexBC_err,k12_err,k21_err,k13_err,k31_err,k23_err,k32_err,tau1_err,tau2_err,tau3_err,dG12_err,dG13_err,ddG12_err,ddG21_err,ddG13_err,ddG31_err,ddG23_err,ddG32_err,R1_err,R1b_err,R1c_err,R2_err,R2b_err,R2c_err
T8_N3_Off,1,0.15018780789495367,176.04,auto,298.15,0.96,0.04,0.0,-0.4804991271511593,0.0,182.38859155287105,0.0,0.0,7.29554366211,175.093047891,0.0,0.0,0.0,0.0,0.13706997673,0.00571124903042,0.0,1.88294842564,0.0,16.275740013,14.3927915873,0.0,0.0,0.0,0.0,1.4709389790289882,1.4709389790289882,1.4709389790289882,8.0077428388939,8.0077428388939,8.0077428388939,0.04,0.04,0.0,0.025576935159588168,0.0,21.899362163788567,0.0,0.0,7.06431963492,22.1612298853,0.0,0.0,0.0,0.0,0.132725698429,0.000722863096053,0.0,0.578586852907,0.0,0.573706613084,0.0749897890405,0.0,0.0,0.0,0.0,0.02702947301963491,0.02702947301963491,0.02702947301963491,0.034322804434218125,0.034322804434218125,0.034322804434218125
