Name,FitNum,N,DF,K,ChiSq,RedChiSq,Rsq,AdjRsq,AIC,BIC,RSS,TSS,SDR
T8_N3_Off,1,97,93,4,13.967466134230692,0.15018780789495367,0.9753298315583748,0.9742572155391738,-179.54929686572672,-169.68523556040884,13.967466134230694,566.1682516388443,0.38754071772518783
