Name,FitNum,RedChiSq,lf,AlignMag,Temp,pA,pB,pC,dwB,dwC,kexAB,kexAC,kexBC,k12,k21,k13,k31,k23,k32,tau1,tau2,tau3,dG12,dG13,ddG12,ddG21,ddG13,ddG31,ddG23,ddG32,R1,R1b,R1c,R2,R2b,R2c,pA_err,pB_err,pC_err,dwB_err,dwC_err,kexAB_err,kexAC_err,kexBC_err,k12_err,k21_err,k13_err,k31_err,k23_err,k32_err,tau1_err,tau2_err,tau3_err,dG12_err,dG13_err,ddG12_err,ddG21_err,ddG13_err,ddG31_err,ddG23_err,ddG32_err,R1_err,R1b_err,R1c_err,R2_err,R2b_err,R2c_err
ra16_c8_15c,1,4.701769738985605,150.784186,auto,298.15,0.92,0.08,0.0,1.8370777723187899,0.0,7.571891767458976,0.0,0.0,0.605751341397,6.96614042606,0.0,0.0,0.0,0.0,1.65084240291,0.143551513297,0.0,1.44705336996,0.0,17.7501675849,16.3031142149,0.0,0.0,0.0,0.0,1.839513890521887,1.839513890521887,1.839513890521887,35.278678695711044,35.278678695711044,35.278678695711044,0.08,0.08,0.0,0.00842583084897049,0.0,3.0780905272740147,0.0,0.0,0.611195227297,2.88656513748,0.0,0.0,0.0,0.0,1.66567851976,0.0594835545039,0.0,0.646258810976,0.0,0.597809407958,0.245508375663,0.0,0.0,0.0,0.0,0.12318003717145296,0.12318003717145296,0.12318003717145296,0.17260103969278154,0.17260103969278154,0.17260103969278154
