Name,FitNum,N,DF,K,ChiSq,RedChiSq,Rsq,AdjRsq,AIC,BIC,RSS,TSS,SDR
ra16_c8_15c,1,100,96,4,451.3698949426181,4.701769738985605,0.9676120322743745,0.9662483283701376,159.13275098477763,169.13237909715104,451.36989494261803,13936.34508859575,2.1683564603140337
