Name,FitNum,N,DF,K,ChiSq,RedChiSq,Rsq,AdjRsq,AIC,BIC,RSS,TSS,SDR
A21_C1p_Off,1,117,113,4,36.36429775064234,0.3218079446959499,0.9823918846624539,0.9817630234003986,-128.3674744266303,-117.67592154458214,36.364297750642365,2065.201019731054,0.5672811866226044
