Name,FitNum,RedChiSq,lf,AlignMag,Temp,pA,pB,pC,dwB,dwC,kexAB,kexAC,kexBC,k12,k21,k13,k31,k23,k32,tau1,tau2,tau3,dG12,dG13,ddG12,ddG21,ddG13,ddG31,ddG23,ddG32,R1,R1b,R1c,R2,R2b,R2c,pA_err,pB_err,pC_err,dwB_err,dwC_err,kexAB_err,kexAC_err,kexBC_err,k12_err,k21_err,k13_err,k31_err,k23_err,k32_err,tau1_err,tau2_err,tau3_err,dG12_err,dG13_err,ddG12_err,ddG21_err,ddG13_err,ddG31_err,ddG23_err,ddG32_err,R1_err,R1b_err,R1c_err,R2_err,R2b_err,R2c_err
gc8,1,0.9958555820602069,176.04,auto,298.15,0.992,0.008,0.0,1.7988779018253833,0.0,3830.0137925998984,0.0,0.0,30.6401103408,3799.37368226,0.0,0.0,0.0,0.0,0.0326369581858,0.000263201275692,0.0,2.85594331299,0.0,15.4254970009,12.5695536879,0.0,0.0,0.0,0.0,2.2772767261543847,2.2772767261543847,2.2772767261543847,25.570651559920798,25.570651559920798,25.570651559920798,0.008,0.008,0.0,0.11240137285027249,0.0,368.42310714991083,0.0,0.0,30.538541974,366.737534285,0.0,0.0,0.0,0.0,0.032528770503,2.54057102408e-05,0.0,0.593283605839,0.0,0.590520731545,0.0571900565942,0.0,0.0,0.0,0.0,0.1251767722732433,0.1251767722732433,0.1251767722732433,0.43495388189416073,0.43495388189416073,0.43495388189416073
