Name,FitNum,N,DF,K,ChiSq,RedChiSq,Rsq,AdjRsq,AIC,BIC,RSS,TSS,SDR
ac8,1,219,212,7,1962.7629746244872,9.258315918040035,0.8837070648564226,0.8798490053966831,494.8058453242725,517.9985417457842,1962.762974624488,16877.749041257106,3.0427480865231082
