Name,FitNum,N,DF,K,ChiSq,RedChiSq,Rsq,AdjRsq,AIC,BIC,RSS,TSS,SDR
ac1p,1,219,212,7,1962.7629746244872,9.258315918040035,0.877365000050881,0.8732965403369293,494.8058453242725,517.9985417457842,1962.762974624488,16004.916829933014,3.0427480865231082
