Name,FitNum,RedChiSq,lf,AlignMag,Temp,pA,pB,pC,dwB,dwC,kexAB,kexAC,kexBC,k12,k21,k13,k31,k23,k32,tau1,tau2,tau3,dG12,dG13,ddG12,ddG21,ddG13,ddG31,ddG23,ddG32,R1,R1b,R1c,R2,R2b,R2c,pA_err,pB_err,pC_err,dwB_err,dwC_err,kexAB_err,kexAC_err,kexBC_err,k12_err,k21_err,k13_err,k31_err,k23_err,k32_err,tau1_err,tau2_err,tau3_err,dG12_err,dG13_err,ddG12_err,ddG21_err,ddG13_err,ddG31_err,ddG23_err,ddG32_err,R1_err,R1b_err,R1c_err,R2_err,R2b_err,R2c_err
ac8,1,9.258315918040035,150.7,auto,298.15,0.9999,0.0001,0.0,7.134317714671389,0.0,4491.714828509261,0.0,0.0,0.449171482851,4491.26565703,0.0,0.0,0.0,0.0,2.22632121179,0.000222654386617,0.0,5.45692695108,0.0,17.9273589401,12.470431989,0.0,0.0,0.0,0.0,4.335058529098286,4.335058529098286,4.335058529098286,37.77515212022169,37.77515212022169,37.77515212022169,0.0001,0.0001,0.0,65.49444022211536,0.0,96900.37596709687,0.0,0.0,9.70044036628,96890.6859305,0.0,0.0,0.0,0.0,48.0802922172,0.00480335341799,0.0,18.085835601,0.0,12.7954761021,12.7817542108,0.0,0.0,0.0,0.0,1.376796904810363,1.376796904810363,1.376796904810363,3.694049100733113,3.694049100733113,3.694049100733113
