Name,FitNum,RedChiSq,lf,AlignMag,Temp,pA,pB,pC,dwB,dwC,kexAB,kexAC,kexBC,k12,k21,k13,k31,k23,k32,tau1,tau2,tau3,dG12,dG13,ddG12,ddG21,ddG13,ddG31,ddG23,ddG32,R1,R1b,R1c,R2,R2b,R2c,pA_err,pB_err,pC_err,dwB_err,dwC_err,kexAB_err,kexAC_err,kexBC_err,k12_err,k21_err,k13_err,k31_err,k23_err,k32_err,tau1_err,tau2_err,tau3_err,dG12_err,dG13_err,ddG12_err,ddG21_err,ddG13_err,ddG31_err,ddG23_err,ddG32_err,R1_err,R1b_err,R1c_err,R2_err,R2b_err,R2c_err
G10_C1p_Off,1,0.3146893930467957,170.4,auto,298.15,0.9993,0.0007,0.0,2.9675997025493457,0.0,2179.1461513618465,0.0,0.0,1.52540230595,2177.62074906,0.0,0.0,0.0,0.0,0.655564762225,0.000459216785307,0.0,4.30364923193,0.0,17.2029819167,12.8993326848,0.0,0.0,0.0,0.0,1.559884210489085,1.559884210489085,1.559884210489085,14.843980246803056,14.843980246803056,14.843980246803056,0.0007,0.0007,0.0,0.37178231422812524,0.0,969.3970851786358,0.0,0.0,1.66855174614,968.719706533,0.0,0.0,0.0,0.0,0.717085403928,0.000204283665873,0.0,0.69963084744,0.0,0.648085726938,0.263568232587,0.0,0.0,0.0,0.0,0.09535009570421892,0.09535009570421892,0.09535009570421892,0.1889536410471249,0.1889536410471249,0.1889536410471249
