Name,FitNum,N,DF,K,ChiSq,RedChiSq,Rsq,AdjRsq,AIC,BIC,RSS,TSS,SDR
G10_C1p_Off,1,87,83,4,26.119219622884046,0.3146893930467957,0.9849025255266843,0.9841660633572543,-96.19378726549242,-86.81795966892287,26.11921962288404,1730.0389988437446,0.5609718291026704
