Name,FitNum,N,DF,K,ChiSq,RedChiSq,Rsq,AdjRsq,AIC,BIC,RSS,TSS,SDR
gc8,1,220,213,7,342.9821518992735,1.6102448445975281,0.9446055947830079,0.9427765342333903,112.21949200652668,135.44658294420077,342.98215189927345,6191.638858757249,1.268954232664649
