Name,FitNum,RedChiSq,lf,AlignMag,Temp,pA,pB,pC,dwB,dwC,kexAB,kexAC,kexBC,k12,k21,k13,k31,k23,k32,tau1,tau2,tau3,dG12,dG13,ddG12,ddG21,ddG13,ddG31,ddG23,ddG32,R1,R1b,R1c,R2,R2b,R2c,pA_err,pB_err,pC_err,dwB_err,dwC_err,kexAB_err,kexAC_err,kexBC_err,k12_err,k21_err,k13_err,k31_err,k23_err,k32_err,tau1_err,tau2_err,tau3_err,dG12_err,dG13_err,ddG12_err,ddG21_err,ddG13_err,ddG31_err,ddG23_err,ddG32_err,R1_err,R1b_err,R1c_err,R2_err,R2b_err,R2c_err
gc8,1,1.6102448445975281,150.7,auto,298.15,0.997,0.003,0.0,4.354451600809052,0.0,2533.23203351835,0.0,0.0,7.59969610056,2525.63233742,0.0,0.0,0.0,0.0,0.131584208996,0.000395940448332,0.0,3.44004850013,0.0,16.2515402369,12.8114917368,0.0,0.0,0.0,0.0,2.243240198681417,2.243240198681417,2.243240198681417,21.624384839425783,21.624384839425783,21.624384839425783,0.003,0.003,0.0,0.2591591199883678,0.0,448.2236292458581,0.0,0.0,7.69532506975,446.943188013,0.0,0.0,0.0,0.0,0.133239967608,7.00667645165e-05,0.0,0.609033032729,0.0,0.599940139879,0.104847811218,0.0,0.0,0.0,0.0,0.20592076152590025,0.20592076152590025,0.20592076152590025,0.4497744873997151,0.4497744873997151,0.4497744873997151
