Name,FitNum,N,DF,K,ChiSq,RedChiSq,Rsq,AdjRsq,AIC,BIC,RSS,TSS,SDR
gc1p,1,220,213,7,342.9821518992735,1.6102448445975281,0.9143226573204345,0.9114936884583734,112.21949200652668,135.44658294420077,342.98215189927345,4003.1838193445337,1.268954232664649
