Name,FitNum,RedChiSq,lf,AlignMag,Temp,pA,pB,pC,dwB,dwC,kexAB,kexAC,kexBC,k12,k21,k13,k31,k23,k32,tau1,tau2,tau3,dG12,dG13,ddG12,ddG21,ddG13,ddG31,ddG23,ddG32,R1,R1b,R1c,R2,R2b,R2c,pA_err,pB_err,pC_err,dwB_err,dwC_err,kexAB_err,kexAC_err,kexBC_err,k12_err,k21_err,k13_err,k31_err,k23_err,k32_err,tau1_err,tau2_err,tau3_err,dG12_err,dG13_err,ddG12_err,ddG21_err,ddG13_err,ddG31_err,ddG23_err,ddG32_err,R1_err,R1b_err,R1c_err,R2_err,R2b_err,R2c_err
G_C8_Off,1,0.26499394205900373,150.88,auto,298.15,0.999,0.001,0.0,4.27,0.0,595.6041796140032,0.0,0.0,0.595604179614,595.008575434,0.0,0.0,0.0,0.0,1.67896739853,0.00168064804658,0.0,4.0921468707,0.0,17.7601765814,13.6680297107,0.0,0.0,0.0,0.0,2.332169230623197,2.332169230623197,2.332169230623197,20.84524857975419,20.84524857975419,20.84524857975419,0.001,0.001,0.0,4.27,0.0,75.5856358181973,0.0,0.0,0.599790586727,75.5123944403,0.0,0.0,0.0,0.0,1.69076859352,0.000213290637224,0.0,0.60136856837,0.0,0.596649230024,0.0751920962242,0.0,0.0,0.0,0.0,0.0502417868996286,0.0502417868996286,0.0502417868996286,0.07387065274102171,0.07387065274102171,0.07387065274102171
