Name,FitNum,N,DF,K,ChiSq,RedChiSq,Rsq,AdjRsq,AIC,BIC,RSS,TSS,SDR
ac1p,1,195,188,7,1847.8137849751497,9.828796728591222,0.9219073661286966,0.9189841124543697,453.1069204379284,475.4189868665912,1847.8137849751495,23661.819218703065,3.1350911834572246
