Name,FitNum,RedChiSq,lf,AlignMag,Temp,pA,pB,pC,dwB,dwC,kexAB,kexAC,kexBC,k12,k21,k13,k31,k23,k32,tau1,tau2,tau3,dG12,dG13,ddG12,ddG21,ddG13,ddG31,ddG23,ddG32,R1,R1b,R1c,R2,R2b,R2c,pA_err,pB_err,pC_err,dwB_err,dwC_err,kexAB_err,kexAC_err,kexBC_err,k12_err,k21_err,k13_err,k31_err,k23_err,k32_err,tau1_err,tau2_err,tau3_err,dG12_err,dG13_err,ddG12_err,ddG21_err,ddG13_err,ddG31_err,ddG23_err,ddG32_err,R1_err,R1b_err,R1c_err,R2_err,R2b_err,R2c_err
ac8,1,9.828796728591222,176.04,auto,298.15,0.9925,0.0075,0.0,4.5230691301180626,0.0,3529.2432373055053,0.0,0.0,26.4693242798,3502.77391303,0.0,0.0,0.0,0.0,0.0377795817313,0.000285488023158,0.0,2.89447995867,0.0,15.5121914181,12.6177114595,0.0,0.0,0.0,0.0,1.8200309434804758,1.8200309434804758,1.8200309434804758,34.33930055320088,34.33930055320088,34.33930055320088,0.0075,0.0075,0.0,0.6805999757097227,0.0,1235.5048807746266,0.0,0.0,27.8578290378,1226.5199894,0.0,0.0,0.0,0.0,0.0397613901233,9.99655632458e-05,0.0,0.657171031247,0.0,0.62356479779,0.207462544251,0.0,0.0,0.0,0.0,1.478320556782845,1.478320556782845,1.478320556782845,3.172622205141001,3.172622205141001,3.172622205141001
