Name,FitNum,N,DF,K,ChiSq,RedChiSq,Rsq,AdjRsq,AIC,BIC,RSS,TSS,SDR
c15_c6,1,138,134,4,55.8294716926877,0.41663784845289326,0.9971207278247594,0.9970341331728725,-116.58259495609417,-105.1743320951646,55.829471692687676,19390.13344162995,0.6454749014895104
