Name,FitNum,RedChiSq,lf,AlignMag,Temp,pA,pB,pC,dwB,dwC,kexAB,kexAC,kexBC,k12,k21,k13,k31,k23,k32,tau1,tau2,tau3,dG12,dG13,ddG12,ddG21,ddG13,ddG31,ddG23,ddG32,R1,R1b,R1c,R2,R2b,R2c,pA_err,pB_err,pC_err,dwB_err,dwC_err,kexAB_err,kexAC_err,kexBC_err,k12_err,k21_err,k13_err,k31_err,k23_err,k32_err,tau1_err,tau2_err,tau3_err,dG12_err,dG13_err,ddG12_err,ddG21_err,ddG13_err,ddG31_err,ddG23_err,ddG32_err,R1_err,R1b_err,R1c_err,R2_err,R2b_err,R2c_err
A16_C8_Off,1,0.4519766581457508,170.4,auto,298.15,0.97,0.03,0.0,2.4669441985427367,0.0,68.09520435985209,0.0,0.0,2.0428561308,66.0523482291,0.0,0.0,0.0,0.0,0.489510732021,0.0151395071759,0.0,2.05953545938,0.0,17.0299226256,14.9703871662,0.0,0.0,0.0,0.0,1.4776999650663962,1.4776999650663962,1.4776999650663962,24.982606040768562,24.982606040768562,24.982606040768562,0.03,0.03,0.0,0.124450245566931,0.0,6.722478015572991,0.0,0.0,1.99274933461,6.81551597021,0.0,0.0,0.0,0.0,0.477504103599,0.00156214814015,0.0,0.581176752565,0.0,0.577952392889,0.0611346814528,0.0,0.0,0.0,0.0,0.11245139248330611,0.11245139248330611,0.11245139248330611,0.13051839261092435,0.13051839261092435,0.13051839261092435
