Name,FitNum,N,DF,K,ChiSq,RedChiSq,Rsq,AdjRsq,AIC,BIC,RSS,TSS,SDR
G_C1p_Off_reduce_new_trunc,1,190,184,6,46.36514330840689,0.2519844745022114,0.9759288123816428,0.9751395931154672,-255.53144584384253,-236.50831780432225,46.365143308406886,1926.1676674834212,0.5019805519163181
