Name,FitNum,RedChiSq,lf,AlignMag,Temp,pA,pB,pC,dwB,dwC,kexAB,kexAC,kexBC,k12,k21,k13,k31,k23,k32,tau1,tau2,tau3,dG12,dG13,ddG12,ddG21,ddG13,ddG31,ddG23,ddG32,R1,R1b,R1c,R2,R2b,R2c,pA_err,pB_err,pC_err,dwB_err,dwC_err,kexAB_err,kexAC_err,kexBC_err,k12_err,k21_err,k13_err,k31_err,k23_err,k32_err,tau1_err,tau2_err,tau3_err,dG12_err,dG13_err,ddG12_err,ddG21_err,ddG13_err,ddG31_err,ddG23_err,ddG32_err,R1_err,R1b_err,R1c_err,R2_err,R2b_err,R2c_err
A16_C8_Off,1,0.2160663203996813,150.7,auto,298.15,0.994,0.006,0.0,2.6807642272782273,0.0,3147.0729170922004,0.0,0.0,18.8824375026,3128.19047959,0.0,0.0,0.0,0.0,0.0529592643887,0.000319673628101,0.0,3.02758387661,0.0,15.7123056487,12.6847217721,0.0,0.0,0.0,0.0,2.982110320304305,2.982110320304305,2.982110320304305,24.557782474970136,24.557782474970136,24.557782474970136,0.006,0.006,0.0,0.06282840978646746,0.0,193.18296643305104,0.0,0.0,18.8052404328,192.939005091,0.0,0.0,0.0,0.0,0.0527427510267,1.97166739564e-05,0.0,0.591192976928,0.0,0.590062493479,0.0365429850672,0.0,0.0,0.0,0.0,0.06402617562587833,0.06402617562587833,0.06402617562587833,0.1938514167391688,0.1938514167391688,0.1938514167391688
