Name,FitNum,N,DF,K,ChiSq,RedChiSq,Rsq,AdjRsq,AIC,BIC,RSS,TSS,SDR
hpGBCm6A_m6AC2_55C,1,91,87,4,4521.378012101813,51.969862208066814,-1.8482606620881579,-1.9807379021852816,363.8849619490553,373.46328369605294,4521.378012101813,1587.4172165082093,7.209012568172344
