Name,FitNum,RedChiSq,lf,AlignMag,Temp,pA,pB,pC,dwB,dwC,kexAB,kexAC,kexBC,k12,k21,k13,k31,k23,k32,tau1,tau2,tau3,dG12,dG13,ddG12,ddG21,ddG13,ddG31,ddG23,ddG32,R1,R1b,R1c,R2,R2b,R2c,pA_err,pB_err,pC_err,dwB_err,dwC_err,kexAB_err,kexAC_err,kexBC_err,k12_err,k21_err,k13_err,k31_err,k23_err,k32_err,tau1_err,tau2_err,tau3_err,dG12_err,dG13_err,ddG12_err,ddG21_err,ddG13_err,ddG31_err,ddG23_err,ddG32_err,R1_err,R1b_err,R1c_err,R2_err,R2b_err,R2c_err
hpGBCm6A_m6AC2_55C,1,51.969862208066814,150.7,auto,298.15,0.999,0.001,0.0,5.198536504021753,0.0,3153.448876787978,0.0,0.0,3.15344887679,3150.29542791,0.0,0.0,0.0,0.0,0.31711311617,0.000317430546716,0.0,4.0921468707,0.0,16.7726966501,12.6805497794,0.0,0.0,0.0,0.0,5.352614441189093,5.352614441189093,5.352614441189093,14.93237156919492,14.93237156919492,14.93237156919492,0.001,0.001,0.0,2.0550217442782612,0.0,3954.1757330537785,0.0,0.0,5.05567769495,3950.2228135,0.0,0.0,0.0,0.0,0.508402631797,0.000398032951523,0.0,1.20591224263,0.0,0.949884411201,0.742929298311,0.0,0.0,0.0,0.0,0.37367966607006453,0.37367966607006453,0.37367966607006453,1.2693871749486552,1.2693871749486552,1.2693871749486552
