Name,FitNum,RedChiSq,lf,AlignMag,Temp,pA,pB,pC,dwB,dwC,kexAB,kexAC,kexBC,k12,k21,k13,k31,k23,k32,tau1,tau2,tau3,dG12,dG13,ddG12,ddG21,ddG13,ddG31,ddG23,ddG32,R1,R1b,R1c,R2,R2b,R2c,pA_err,pB_err,pC_err,dwB_err,dwC_err,kexAB_err,kexAC_err,kexBC_err,k12_err,k21_err,k13_err,k31_err,k23_err,k32_err,tau1_err,tau2_err,tau3_err,dG12_err,dG13_err,ddG12_err,ddG21_err,ddG13_err,ddG31_err,ddG23_err,ddG32_err,R1_err,R1b_err,R1c_err,R2_err,R2b_err,R2c_err
ra16_c8_10c,1,1.7937515097991286,150.784186,auto,298.15,0.92,0.08,0.0,0.5237974612049099,0.0,5193.124487374507,0.0,0.0,415.44995899,4777.67452838,0.0,0.0,0.0,0.0,0.00240702876089,0.000209306848773,0.0,1.44705336996,0.0,13.8808583178,12.4338049479,0.0,0.0,0.0,0.0,1.9288526648620814,1.9288526648620814,1.9288526648620814,41.74333852542521,41.74333852542521,41.74333852542521,0.08,0.08,0.0,0.0747873378744938,0.0,1055.7962731666169,0.0,0.0,392.843812938,1044.35583425,0.0,0.0,0.0,0.0,0.00227605355547,4.57525575184e-05,0.0,0.575020263376,0.0,0.560245494857,0.129511732232,0.0,0.0,0.0,0.0,0.05697029929935807,0.05697029929935807,0.05697029929935807,0.43060798031709907,0.43060798031709907,0.43060798031709907
