Name,FitNum,N,DF,K,ChiSq,RedChiSq,Rsq,AdjRsq,AIC,BIC,RSS,TSS,SDR
A16_C8_Off,1,95,91,4,163.88968528358478,1.8009855525668657,0.9875761968989858,0.9870240278722741,60.24952706681233,70.02059018877004,163.88968528358478,13191.587467303481,1.342008029993437
