Name,FitNum,RedChiSq,lf,AlignMag,Temp,pA,pB,pC,dwB,dwC,kexAB,kexAC,kexBC,k12,k21,k13,k31,k23,k32,tau1,tau2,tau3,dG12,dG13,ddG12,ddG21,ddG13,ddG31,ddG23,ddG32,R1,R1b,R1c,R2,R2b,R2c,pA_err,pB_err,pC_err,dwB_err,dwC_err,kexAB_err,kexAC_err,kexBC_err,k12_err,k21_err,k13_err,k31_err,k23_err,k32_err,tau1_err,tau2_err,tau3_err,dG12_err,dG13_err,ddG12_err,ddG21_err,ddG13_err,ddG31_err,ddG23_err,ddG32_err,R1_err,R1b_err,R1c_err,R2_err,R2b_err,R2c_err
ac1p,1,8.93235288046921,150.7,auto,298.15,0.999,0.001,0.0,-0.9999999999999999,0.0,3692.5919687925666,0.0,0.0,3.69259196879,3688.89937682,0.0,0.0,0.0,0.0,0.270812483061,0.000271083566628,0.0,4.0921468707,0.0,16.6791836525,12.5870367818,0.0,0.0,0.0,0.0,5.564262725286989,5.564262725286989,5.564262725286989,32.45546619582428,32.45546619582428,32.45546619582428,0.001,0.001,0.0,9.780852656137723,0.0,13845.5607531171,0.0,0.0,14.3285569691,13831.7156843,0.0,0.0,0.0,0.0,1.05084778504,0.00101644160961,0.0,3.19701738383,0.0,2.29904943454,2.22155167621,0.0,0.0,0.0,0.0,0.9530298623149377,0.9530298623149377,0.9530298623149377,1.8851889932272023,1.8851889932272023,1.8851889932272023
