Name,FitNum,RedChiSq,lf,AlignMag,Temp,pA,pB,pC,dwB,dwC,kexAB,kexAC,kexBC,k12,k21,k13,k31,k23,k32,tau1,tau2,tau3,dG12,dG13,ddG12,ddG21,ddG13,ddG31,ddG23,ddG32,R1,R1b,R1c,R2,R2b,R2c,pA_err,pB_err,pC_err,dwB_err,dwC_err,kexAB_err,kexAC_err,kexBC_err,k12_err,k21_err,k13_err,k31_err,k23_err,k32_err,tau1_err,tau2_err,tau3_err,dG12_err,dG13_err,ddG12_err,ddG21_err,ddG13_err,ddG31_err,ddG23_err,ddG32_err,R1_err,R1b_err,R1c_err,R2_err,R2b_err,R2c_err
A21_C1p_Off,1,0.8208297132648452,150.88,auto,298.15,0.999,0.001,0.0,5.392894701502171,0.0,3559.442026655248,0.0,0.0,3.55944202666,3555.88258463,0.0,0.0,0.0,0.0,0.280942909735,0.000281224133868,0.0,4.0921468707,0.0,16.7009425622,12.6087956915,0.0,0.0,0.0,0.0,1.953418666453804,1.953418666453804,1.953418666453804,15.857558907318674,15.857558907318674,15.857558907318674,0.001,0.001,0.0,0.831028913750832,0.0,1881.5712831970548,0.0,0.0,4.02301182189,1879.69307532,0.0,0.0,0.0,0.0,0.317531972335,0.000148659311567,0.0,0.739270161277,0.0,0.669647976069,0.313196359334,0.0,0.0,0.0,0.0,0.13110776241704578,0.13110776241704578,0.13110776241704578,0.6112822007199004,0.6112822007199004,0.6112822007199004
