Name,FitNum,N,DF,K,ChiSq,RedChiSq,Rsq,AdjRsq,AIC,BIC,RSS,TSS,SDR
A16_C8_Off,1,104,100,4,29.346788624909376,0.29346788624909376,0.9960172689559358,0.9958563505299131,-123.1775682356337,-113.00404504310862,29.34678862490938,7368.508769540807,0.541726763460228
