Name,FitNum,N,DF,K,ChiSq,RedChiSq,Rsq,AdjRsq,AIC,BIC,RSS,TSS,SDR
ac1p,1,209,202,7,113.98986009570584,0.5643062380975536,0.9783103581902222,0.9775549975301802,-112.14375966718629,-89.30463383378087,113.98986009570578,5255.497582459783,0.7512031936151186
