Name,FitNum,RedChiSq,lf,AlignMag,Temp,pA,pB,pC,dwB,dwC,kexAB,kexAC,kexBC,k12,k21,k13,k31,k23,k32,tau1,tau2,tau3,dG12,dG13,ddG12,ddG21,ddG13,ddG31,ddG23,ddG32,R1,R1b,R1c,R2,R2b,R2c,pA_err,pB_err,pC_err,dwB_err,dwC_err,kexAB_err,kexAC_err,kexBC_err,k12_err,k21_err,k13_err,k31_err,k23_err,k32_err,tau1_err,tau2_err,tau3_err,dG12_err,dG13_err,ddG12_err,ddG21_err,ddG13_err,ddG31_err,ddG23_err,ddG32_err,R1_err,R1b_err,R1c_err,R2_err,R2b_err,R2c_err
A16_C8_Off,1,0.2934678862714447,150.7,auto,298.15,0.9935,0.0065,0.0,2.588604126693341,0.0,3682.698098133665,0.0,0.0,23.9375376379,3658.7605605,0.0,0.0,0.0,0.0,0.041775391234,0.000273316600927,0.0,2.97986168751,0.0,15.5717590343,12.5918973467,0.0,0.0,0.0,0.0,2.9933587928533716,2.9933587928533716,2.9933587928533716,23.30524014756655,23.30524014756655,23.30524014756655,0.0065,0.0065,0.0,0.08229077759545698,0.0,262.6547901340653,0.0,0.0,23.8436527498,262.029045246,0.0,0.0,0.0,0.0,0.041611544894,1.95740843946e-05,0.0,0.591684414806,0.0,0.590160977536,0.0424319138978,0.0,0.0,0.0,0.0,0.06957084418985456,0.06957084418985456,0.06957084418985456,0.2420311729051994,0.2420311729051994,0.2420311729051994
