Name,FitNum,N,DF,K,ChiSq,RedChiSq,Rsq,AdjRsq,AIC,BIC,RSS,TSS,SDR
A16_C8_Off,1,104,100,4,29.34678862714447,0.2934678862714447,0.9960172689556325,0.9958563505295974,-123.17756822771291,-113.00404503518783,29.34678862714447,7368.508769540807,0.5417267634808574
