Name,FitNum,RedChiSq,lf,AlignMag,Temp,pA,pB,pC,dwB,dwC,kexAB,kexAC,kexBC,k12,k21,k13,k31,k23,k32,tau1,tau2,tau3,dG12,dG13,ddG12,ddG21,ddG13,ddG31,ddG23,ddG32,R1,R1b,R1c,R2,R2b,R2c,pA_err,pB_err,pC_err,dwB_err,dwC_err,kexAB_err,kexAC_err,kexBC_err,k12_err,k21_err,k13_err,k31_err,k23_err,k32_err,tau1_err,tau2_err,tau3_err,dG12_err,dG13_err,ddG12_err,ddG21_err,ddG13_err,ddG31_err,ddG23_err,ddG32_err,R1_err,R1b_err,R1c_err,R2_err,R2b_err,R2c_err
ra16_c8_10c,1,0.7013851731833819,150.784186,auto,298.15,0.999,0.001,0.0,5.179618695811286,0.0,3021.675952809065,0.0,0.0,3.02167595281,3018.65427686,0.0,0.0,0.0,0.0,0.330942171039,0.000331273444484,0.0,4.0921468707,0.0,16.7979869248,12.7058400541,0.0,0.0,0.0,0.0,1.697206817953144,1.697206817953144,1.697206817953144,42.49638115671012,42.49638115671012,42.49638115671012,0.001,0.001,0.0,0.2736644884689261,0.0,489.45533373033805,0.0,0.0,3.0580793478,488.975196221,0.0,0.0,0.0,0.0,0.334929169897,5.36611624461e-05,0.0,0.607254656631,0.0,0.59962266066,0.0959733443373,0.0,0.0,0.0,0.0,0.043299092079166136,0.043299092079166136,0.043299092079166136,0.18817377651186581,0.18817377651186581,0.18817377651186581
