Name,FitNum,RedChiSq,lf,AlignMag,Temp,pA,pB,pC,dwB,dwC,kexAB,kexAC,kexBC,k12,k21,k13,k31,k23,k32,tau1,tau2,tau3,dG12,dG13,ddG12,ddG21,ddG13,ddG31,ddG23,ddG32,R1,R1b,R1c,R2,R2b,R2c,pA_err,pB_err,pC_err,dwB_err,dwC_err,kexAB_err,kexAC_err,kexBC_err,k12_err,k21_err,k13_err,k31_err,k23_err,k32_err,tau1_err,tau2_err,tau3_err,dG12_err,dG13_err,ddG12_err,ddG21_err,ddG13_err,ddG31_err,ddG23_err,ddG32_err,R1_err,R1b_err,R1c_err,R2_err,R2b_err,R2c_err
ra16_c8_15c,1,0.8004676261587934,150.784186,auto,298.15,0.97,0.03,0.0,0.8475885120313814,0.0,5093.354606266348,0.0,0.0,152.800638188,4940.55396808,0.0,0.0,0.0,0.0,0.006544475284,0.000202406452082,0.0,2.05953545938,0.0,14.4734782232,12.4139427638,0.0,0.0,0.0,0.0,1.8945472067587972,1.8945472067587972,1.8945472067587972,33.721824462828685,33.721824462828685,33.721824462828685,0.03,0.03,0.0,0.06769601880057452,0.0,634.095513569906,0.0,0.0,149.502671549,632.695457475,0.0,0.0,0.0,0.0,0.0064032228559,2.59205027662e-05,0.0,0.584641274628,0.0,0.579696877328,0.075874570275,0.0,0.0,0.0,0.0,0.04971896568812913,0.04971896568812913,0.04971896568812913,0.23315113005309226,0.23315113005309226,0.23315113005309226
